date,agent_id,breed,home_city,action,reward,cum_reward,capital,current_city,is_away,away_city,source_city,wolf_status,is_bankrupt,ask_price,trade_count,has_stock
2026-07-01,1,TraderAgent,Abuja,4,-10.0,-10.0,488269.15625,Abuja,False,,,losing,False,307.53,0.0,False
2026-07-01,2,TraderAgent,Abuja,2,-33.5225,-33.5225,430645.53125,Abuja,False,,,losing,False,307.53,0.0,False
2026-07-01,3,TraderAgent,Abuja,1,134.1141569160651,134.1141569160651,461394.3125,Onitsha,True,Onitsha,Onitsha,winning,False,307.53,0.0,True
2026-07-01,4,TraderAgent,Abuja,0,768.8250732421875,768.8250732421875,463274.625,Abuja,False,,Abuja,losing,False,307.53,1.0,False
2026-07-01,5,TraderAgent,Abuja,0,768.8250732421875,768.8250732421875,482717.8125,Abuja,False,,Abuja,losing,False,307.53,1.0,False
2026-07-01,6,TraderAgent,Abuja,2,-33.5225,-33.5225,467595.84375,Abuja,False,,,losing,False,307.53,0.0,False
2026-07-01,7,TraderAgent,Abuja,1,134.1141569160651,134.1141569160651,386085.8125,Onitsha,True,Onitsha,Onitsha,winning,False,307.53,0.0,True
2026-07-01,8,TraderAgent,Abuja,0,768.8250732421875,768.8250732421875,466337.53125,Abuja,False,,Abuja,losing,False,307.53,1.0,False
2026-07-01,9,TraderAgent,Abuja,0,768.8250732421875,768.8250732421875,418681.75,Abuja,False,,Abuja,losing,False,307.53,1.0,False
2026-07-01,10,TraderAgent,Abuja,0,768.8250732421875,768.8250732421875,444357.90625,Abuja,False,,Abuja,losing,False,307.53,1.0,False
2026-07-01,11,TraderAgent,Abuja,4,-10.0,-10.0,481281.6875,Abuja,False,,,losing,False,307.53,0.0,False
2026-07-01,12,TraderAgent,Abuja,1,134.1141569160651,134.1141569160651,448151.53125,Onitsha,True,Onitsha,Onitsha,winning,False,307.53,0.0,True
2026-07-01,13,TraderAgent,Abuja,2,-33.5225,-33.5225,493937.75,Abuja,False,,,losing,False,307.53,0.0,False
2026-07-01,14,TraderAgent,Abuja,1,134.1141569160651,134.1141569160651,468528.28125,Onitsha,True,Onitsha,Onitsha,winning,False,307.53,0.0,True
2026-07-01,15,TraderAgent,Abuja,4,-10.0,-10.0,477822.5625,Abuja,False,,,losing,False,307.53,0.0,False
2026-07-01,16,TraderAgent,Abuja,4,-10.0,-10.0,392684.09375,Abuja,False,,,losing,False,307.53,0.0,False
2026-07-01,17,TraderAgent,Abuja,2,-33.5225,-33.5225,444173.0,Abuja,False,,,losing,False,307.53,0.0,False
2026-07-01,18,TraderAgent,Abuja,4,-10.0,-10.0,479786.875,Abuja,False,,,losing,False,307.53,0.0,False
2026-07-01,19,TraderAgent,Abuja,0,768.8250732421875,768.8250732421875,468167.09375,Abuja,False,,Abuja,losing,False,307.53,1.0,False
2026-07-01,20,TraderAgent,Abuja,1,134.1141569160651,134.1141569160651,474933.90625,Onitsha,True,Onitsha,Onitsha,winning,False,307.53,0.0,True
2026-07-01,21,BuyerAgent,Abuja,1,85.42510986328125,85.42510986328125,,,,,,,,,,
2026-07-01,22,BuyerAgent,Abuja,2,0.0,0.0,,,,,,,,,,
2026-07-01,23,BuyerAgent,Abuja,1,85.42510986328125,85.42510986328125,,,,,,,,,,
2026-07-01,24,BuyerAgent,Abuja,1,85.42510986328125,85.42510986328125,,,,,,,,,,
2026-07-01,25,BuyerAgent,Abuja,0,85.42510986328125,85.42510986328125,,,,,,,,,,
2026-07-01,26,BuyerAgent,Abuja,1,85.42510986328125,85.42510986328125,,,,,,,,,,
2026-07-01,27,BuyerAgent,Abuja,2,0.0,0.0,,,,,,,,,,
2026-07-01,28,BuyerAgent,Abuja,2,0.0,0.0,,,,,,,,,,
2026-07-01,29,BuyerAgent,Abuja,2,0.0,0.0,,,,,,,,,,
2026-07-01,30,BuyerAgent,Abuja,2,0.0,0.0,,,,,,,,,,
2026-07-01,31,BuyerAgent,Abuja,2,0.0,0.0,,,,,,,,,,
2026-07-01,32,BuyerAgent,Abuja,0,85.42510986328125,85.42510986328125,,,,,,,,,,
2026-07-01,33,BuyerAgent,Abuja,0,0.0,0.0,,,,,,,,,,
2026-07-01,34,BuyerAgent,Abuja,1,0.0,0.0,,,,,,,,,,
2026-07-01,35,BuyerAgent,Abuja,1,0.0,0.0,,,,,,,,,,
2026-07-01,36,BuyerAgent,Abuja,1,0.0,0.0,,,,,,,,,,
2026-07-01,37,BuyerAgent,Abuja,0,0.0,0.0,,,,,,,,,,
2026-07-01,38,BuyerAgent,Abuja,1,0.0,0.0,,,,,,,,,,
2026-07-01,39,BuyerAgent,Abuja,2,0.0,0.0,,,,,,,,,,
2026-07-01,40,BuyerAgent,Abuja,0,0.0,0.0,,,,,,,,,,
2026-07-01,41,BuyerAgent,Abuja,0,0.0,0.0,,,,,,,,,,
2026-07-01,42,BuyerAgent,Abuja,1,0.0,0.0,,,,,,,,,,
2026-07-01,43,BuyerAgent,Abuja,1,0.0,0.0,,,,,,,,,,
2026-07-01,44,BuyerAgent,Abuja,0,0.0,0.0,,,,,,,,,,
2026-07-01,45,BuyerAgent,Abuja,1,0.0,0.0,,,,,,,,,,
2026-07-01,46,BuyerAgent,Abuja,0,0.0,0.0,,,,,,,,,,
2026-07-01,47,BuyerAgent,Abuja,1,0.0,0.0,,,,,,,,,,
2026-07-01,48,BuyerAgent,Abuja,0,0.0,0.0,,,,,,,,,,
2026-07-01,49,BuyerAgent,Abuja,2,0.0,0.0,,,,,,,,,,
2026-07-01,50,BuyerAgent,Abuja,2,0.0,0.0,,,,,,,,,,
2026-07-01,51,TransporterAgent,Abuja,2,100.0,100.0,,,,,,,,,,
2026-07-01,52,TransporterAgent,Abuja,3,50.0,50.0,,,,,,,,,,
2026-07-01,53,TransporterAgent,Abuja,0,8.097556399109317,8.097556399109317,,,,,,,,,,
2026-07-01,54,TransporterAgent,Abuja,0,8.097556399109317,8.097556399109317,,,,,,,,,,
2026-07-01,55,TransporterAgent,Abuja,0,8.097556399109317,8.097556399109317,,,,,,,,,,
2026-07-01,56,TransporterAgent,Abuja,2,100.0,100.0,,,,,,,,,,
2026-07-01,57,TransporterAgent,Abuja,2,100.0,100.0,,,,,,,,,,
2026-07-01,58,TransporterAgent,Abuja,0,8.097556399109317,8.097556399109317,,,,,,,,,,
2026-07-01,59,TransporterAgent,Abuja,2,100.0,100.0,,,,,,,,,,
2026-07-01,60,TransporterAgent,Abuja,2,100.0,100.0,,,,,,,,,,
2026-07-01,61,BankingAgent,Abuja,2,-1.3250000000000006,-2.6500000000000012,,,,,,,,,,
2026-07-01,62,BankingAgent,Abuja,2,-1.3250000000000006,-2.6500000000000012,,,,,,,,,,
2026-07-01,63,BankingAgent,Abuja,1,-2.6500000000000012,-5.3000000000000025,,,,,,,,,,
2026-07-01,65,TraderAgent,Bauchi,1,135.37495516232073,135.37495516232073,476053.09375,Onitsha,True,Onitsha,Onitsha,winning,False,222.51,0.0,True
2026-07-01,66,TraderAgent,Bauchi,3,20.0,20.0,324212.15625,Bauchi,False,,,winning,False,211.38,0.0,False
2026-07-01,67,TraderAgent,Bauchi,2,-22.98875,-22.98875,485983.96875,Bauchi,False,,,losing,False,222.51,0.0,False
2026-07-01,68,TraderAgent,Bauchi,3,20.0,20.0,290825.71875,Bauchi,False,,,winning,False,211.38,0.0,False
2026-07-01,69,TraderAgent,Bauchi,3,20.0,20.0,249637.234375,Bauchi,False,,,winning,False,211.38,0.0,False
2026-07-01,70,TraderAgent,Bauchi,2,-22.98875,-22.98875,449964.1875,Bauchi,False,,,losing,False,222.51,0.0,False
2026-07-01,71,TraderAgent,Bauchi,2,-22.98875,-22.98875,382351.8125,Bauchi,False,,,losing,False,222.51,0.0,False
2026-07-01,72,TraderAgent,Bauchi,4,-10.0,-10.0,324295.0,Bauchi,False,,,losing,False,222.51,0.0,False
2026-07-01,73,TraderAgent,Bauchi,2,-22.98875,-22.98875,495105.25,Bauchi,False,,,losing,False,222.51,0.0,False
2026-07-01,74,TraderAgent,Bauchi,2,-22.98875,-22.98875,268582.34375,Bauchi,False,,,losing,False,222.51,0.0,False
2026-07-01,75,TraderAgent,Bauchi,4,-10.0,-10.0,516023.28125,Bauchi,False,,,losing,False,222.51,0.0,False
2026-07-01,76,TraderAgent,Bauchi,2,-22.98875,-22.98875,446495.09375,Bauchi,False,,,losing,False,222.51,0.0,False
2026-07-01,77,TraderAgent,Bauchi,1,135.37495516232073,135.37495516232073,392961.53125,Onitsha,True,Onitsha,Onitsha,winning,False,222.51,0.0,True
2026-07-01,78,TraderAgent,Bauchi,1,135.37495516232073,135.37495516232073,485018.26,Onitsha,True,Onitsha,Onitsha,winning,False,222.51,0.0,True
2026-07-01,79,TraderAgent,Bauchi,0,556.267578125,556.267578125,484814.09375,Bauchi,False,,Bauchi,losing,False,222.51,1.0,False
2026-07-01,80,TraderAgent,Bauchi,4,-10.0,-10.0,516387.09375,Bauchi,False,,,losing,False,222.51,0.0,False
2026-07-01,81,TraderAgent,Bauchi,2,-22.98875,-22.98875,327329.71875,Bauchi,False,,,losing,False,222.51,0.0,False
2026-07-01,82,TraderAgent,Bauchi,0,556.267578125,556.267578125,445558.96875,Bauchi,False,,Bauchi,losing,False,222.51,1.0,False
2026-07-01,83,TraderAgent,Bauchi,0,556.267578125,556.267578125,516530.3125,Bauchi,False,,Bauchi,losing,False,222.51,1.0,False
2026-07-01,84,TraderAgent,Bauchi,0,556.267578125,556.267578125,402994.03125,Bauchi,False,,Bauchi,losing,False,222.51,1.0,False
2026-07-01,85,BuyerAgent,Bauchi,0,61.807403564453125,61.807403564453125,,,,,,,,,,
2026-07-01,86,BuyerAgent,Bauchi,2,0.0,0.0,,,,,,,,,,
2026-07-01,87,BuyerAgent,Bauchi,0,61.807403564453125,61.807403564453125,,,,,,,,,,
2026-07-01,88,BuyerAgent,Bauchi,2,0.0,0.0,,,,,,,,,,
2026-07-01,89,BuyerAgent,Bauchi,0,61.807403564453125,61.807403564453125,,,,,,,,,,
2026-07-01,90,BuyerAgent,Bauchi,1,61.807403564453125,61.807403564453125,,,,,,,,,,
2026-07-01,91,BuyerAgent,Bauchi,1,0.0,0.0,,,,,,,,,,
2026-07-01,92,BuyerAgent,Bauchi,1,0.0,0.0,,,,,,,,,,
2026-07-01,93,BuyerAgent,Bauchi,0,0.0,0.0,,,,,,,,,,
2026-07-01,94,BuyerAgent,Bauchi,2,0.0,0.0,,,,,,,,,,
2026-07-01,95,BuyerAgent,Bauchi,0,0.0,0.0,,,,,,,,,,
2026-07-01,96,BuyerAgent,Bauchi,0,0.0,0.0,,,,,,,,,,
2026-07-01,97,BuyerAgent,Bauchi,1,0.0,0.0,,,,,,,,,,
2026-07-01,98,BuyerAgent,Bauchi,1,0.0,0.0,,,,,,,,,,
2026-07-01,99,BuyerAgent,Bauchi,0,0.0,0.0,,,,,,,,,,
2026-07-01,100,BuyerAgent,Bauchi,1,0.0,0.0,,,,,,,,,,
2026-07-01,101,BuyerAgent,Bauchi,2,0.0,0.0,,,,,,,,,,
2026-07-01,102,BuyerAgent,Bauchi,1,0.0,0.0,,,,,,,,,,
2026-07-01,103,BuyerAgent,Bauchi,1,0.0,0.0,,,,,,,,,,
2026-07-01,104,BuyerAgent,Bauchi,2,0.0,0.0,,,,,,,,,,
2026-07-01,105,BuyerAgent,Bauchi,0,0.0,0.0,,,,,,,,,,
2026-07-01,106,BuyerAgent,Bauchi,2,0.0,0.0,,,,,,,,,,
2026-07-01,107,BuyerAgent,Bauchi,2,0.0,0.0,,,,,,,,,,
2026-07-01,108,BuyerAgent,Bauchi,0,0.0,0.0,,,,,,,,,,
2026-07-01,109,BuyerAgent,Bauchi,1,0.0,0.0,,,,,,,,,,
2026-07-01,110,BuyerAgent,Bauchi,2,0.0,0.0,,,,,,,,,,
2026-07-01,111,BuyerAgent,Bauchi,2,0.0,0.0,,,,,,,,,,
2026-07-01,112,BuyerAgent,Bauchi,2,0.0,0.0,,,,,,,,,,
2026-07-01,113,BuyerAgent,Bauchi,2,0.0,0.0,,,,,,,,,,
2026-07-01,114,BuyerAgent,Bauchi,2,0.0,0.0,,,,,,,,,,
2026-07-01,115,TransporterAgent,Bauchi,2,100.0,100.0,,,,,,,,,,
2026-07-01,116,TransporterAgent,Bauchi,0,0.0,0.0,,,,,,,,,,
2026-07-01,117,TransporterAgent,Bauchi,2,100.0,100.0,,,,,,,,,,
2026-07-01,118,TransporterAgent,Bauchi,3,50.0,50.0,,,,,,,,,,
2026-07-01,119,TransporterAgent,Bauchi,2,100.0,100.0,,,,,,,,,,
2026-07-01,120,TransporterAgent,Bauchi,2,100.0,100.0,,,,,,,,,,
2026-07-01,121,TransporterAgent,Bauchi,0,0.0,0.0,,,,,,,,,,
2026-07-01,122,TransporterAgent,Bauchi,2,100.0,100.0,,,,,,,,,,
2026-07-01,123,TransporterAgent,Bauchi,0,0.0,0.0,,,,,,,,,,
2026-07-01,124,TransporterAgent,Bauchi,3,50.0,50.0,,,,,,,,,,
2026-07-01,125,BankingAgent,Bauchi,1,-2.6500000000000012,-5.3000000000000025,,,,,,,,,,
2026-07-01,126,BankingAgent,Bauchi,0,-0.0,0.0,,,,,,,,,,
2026-07-01,127,BankingAgent,Bauchi,2,-1.3250000000000006,-2.6500000000000012,,,,,,,,,,
2026-07-01,129,TraderAgent,Kano,1,126.0657634347087,126.0657634347087,413910.6875,Onitsha,True,Onitsha,Onitsha,winning,False,289.44,0.0,True
2026-07-01,130,TraderAgent,Kano,0,723.5999755859375,723.5999755859375,451317.0,Kano,False,,Kano,losing,False,289.44,1.0,False
2026-07-01,131,TraderAgent,Kano,0,723.5999755859375,723.5999755859375,427816.90625,Kano,False,,Kano,losing,False,289.44,1.0,False
2026-07-01,132,TraderAgent,Kano,0,723.5999755859375,723.5999755859375,464045.53125,Kano,False,,Kano,losing,False,289.44,1.0,False
2026-07-01,133,TraderAgent,Kano,3,20.0,20.0,405992.375,Kano,False,,,winning,False,274.97,0.0,False
2026-07-01,134,TraderAgent,Kano,2,-33.5225,-33.5225,394523.5625,Kano,False,,,losing,False,289.44,0.0,False
2026-07-01,135,TraderAgent,Kano,3,20.0,20.0,442732.4375,Kano,False,,,winning,False,274.97,0.0,False
2026-07-01,136,TraderAgent,Kano,0,723.5999755859375,723.5999755859375,463867.75,Kano,False,,Kano,losing,False,289.44,1.0,False
2026-07-01,137,TraderAgent,Kano,4,-10.0,-10.0,428054.46875,Kano,False,,,losing,False,289.44,0.0,False
2026-07-01,138,TraderAgent,Kano,0,723.5999755859375,723.5999755859375,450029.40625,Kano,False,,Kano,losing,False,289.44,1.0,False
2026-07-01,139,TraderAgent,Kano,0,723.5999755859375,723.5999755859375,450006.6875,Kano,False,,Kano,losing,False,289.44,1.0,False
2026-07-01,140,TraderAgent,Kano,1,126.0657634347087,126.0657634347087,428568.46875,Onitsha,True,Onitsha,Onitsha,winning,False,289.44,0.0,True
2026-07-01,141,TraderAgent,Kano,1,126.0657634347087,126.0657634347087,446580.625,Onitsha,True,Onitsha,Onitsha,winning,False,289.44,0.0,True
2026-07-01,142,TraderAgent,Kano,2,-33.5225,-33.5225,476319.84375,Kano,False,,,losing,False,289.44,0.0,False
2026-07-01,143,TraderAgent,Kano,0,723.5999755859375,723.5999755859375,466592.8125,Kano,False,,Kano,losing,False,289.44,1.0,False
2026-07-01,144,TraderAgent,Kano,0,723.5999755859375,723.5999755859375,427602.1875,Kano,False,,Kano,losing,False,289.44,1.0,False
2026-07-01,145,TraderAgent,Kano,0,723.5999755859375,723.5999755859375,406626.375,Kano,False,,Kano,losing,False,289.44,1.0,False
2026-07-01,146,TraderAgent,Kano,0,723.5999755859375,723.5999755859375,429589.625,Kano,False,,Kano,losing,False,289.44,1.0,False
2026-07-01,147,TraderAgent,Kano,3,20.0,20.0,406967.8125,Kano,False,,,winning,False,274.97,0.0,False
2026-07-01,148,TraderAgent,Kano,0,723.5999755859375,723.5999755859375,468614.6875,Kano,False,,Kano,losing,False,289.44,1.0,False
2026-07-01,149,BuyerAgent,Kano,0,80.40008544921875,80.40008544921875,,,,,,,,,,
2026-07-01,150,BuyerAgent,Kano,0,80.40008544921875,80.40008544921875,,,,,,,,,,
2026-07-01,151,BuyerAgent,Kano,1,80.40008544921875,80.40008544921875,,,,,,,,,,
2026-07-01,152,BuyerAgent,Kano,2,0.0,0.0,,,,,,,,,,
2026-07-01,153,BuyerAgent,Kano,1,80.40008544921875,80.40008544921875,,,,,,,,,,
2026-07-01,154,BuyerAgent,Kano,1,80.40008544921875,80.40008544921875,,,,,,,,,,
2026-07-01,155,BuyerAgent,Kano,1,80.40008544921875,80.40008544921875,,,,,,,,,,
2026-07-01,156,BuyerAgent,Kano,2,0.0,0.0,,,,,,,,,,
2026-07-01,157,BuyerAgent,Kano,2,0.0,0.0,,,,,,,,,,
2026-07-01,158,BuyerAgent,Kano,0,80.40008544921875,80.40008544921875,,,,,,,,,,
2026-07-01,159,BuyerAgent,Kano,2,0.0,0.0,,,,,,,,,,
2026-07-01,160,BuyerAgent,Kano,2,0.0,0.0,,,,,,,,,,
2026-07-01,161,BuyerAgent,Kano,1,80.40008544921875,80.40008544921875,,,,,,,,,,
2026-07-01,162,BuyerAgent,Kano,0,80.40008544921875,80.40008544921875,,,,,,,,,,
2026-07-01,163,BuyerAgent,Kano,2,0.0,0.0,,,,,,,,,,
2026-07-01,164,BuyerAgent,Kano,2,0.0,0.0,,,,,,,,,,
2026-07-01,165,BuyerAgent,Kano,1,80.40008544921875,80.40008544921875,,,,,,,,,,
2026-07-01,166,BuyerAgent,Kano,0,80.40008544921875,80.40008544921875,,,,,,,,,,
2026-07-01,167,BuyerAgent,Kano,1,0.0,0.0,,,,,,,,,,
2026-07-01,168,BuyerAgent,Kano,1,0.0,0.0,,,,,,,,,,
2026-07-01,169,BuyerAgent,Kano,0,0.0,0.0,,,,,,,,,,
2026-07-01,170,BuyerAgent,Kano,1,0.0,0.0,,,,,,,,,,
2026-07-01,171,BuyerAgent,Kano,1,0.0,0.0,,,,,,,,,,
2026-07-01,172,BuyerAgent,Kano,0,0.0,0.0,,,,,,,,,,
2026-07-01,173,BuyerAgent,Kano,2,0.0,0.0,,,,,,,,,,
2026-07-01,174,BuyerAgent,Kano,0,0.0,0.0,,,,,,,,,,
2026-07-01,175,BuyerAgent,Kano,1,0.0,0.0,,,,,,,,,,
2026-07-01,176,BuyerAgent,Kano,2,0.0,0.0,,,,,,,,,,
2026-07-01,177,BuyerAgent,Kano,2,0.0,0.0,,,,,,,,,,
2026-07-01,178,BuyerAgent,Kano,0,0.0,0.0,,,,,,,,,,
2026-07-01,179,TransporterAgent,Kano,0,0.0,0.0,,,,,,,,,,
2026-07-01,180,TransporterAgent,Kano,2,100.0,100.0,,,,,,,,,,
2026-07-01,181,TransporterAgent,Kano,3,50.0,50.0,,,,,,,,,,
2026-07-01,182,TransporterAgent,Kano,1,-200.0,-200.0,,,,,,,,,,
2026-07-01,183,TransporterAgent,Kano,2,100.0,100.0,,,,,,,,,,
2026-07-01,184,TransporterAgent,Kano,3,50.0,50.0,,,,,,,,,,
2026-07-01,185,TransporterAgent,Kano,3,50.0,50.0,,,,,,,,,,
2026-07-01,186,TransporterAgent,Kano,3,50.0,50.0,,,,,,,,,,
2026-07-01,187,TransporterAgent,Kano,3,50.0,50.0,,,,,,,,,,
2026-07-01,188,TransporterAgent,Kano,2,100.0,100.0,,,,,,,,,,
2026-07-01,189,BankingAgent,Kano,0,-0.0,0.0,,,,,,,,,,
2026-07-01,190,BankingAgent,Kano,1,-2.6500000000000012,-5.3000000000000025,,,,,,,,,,
2026-07-01,191,BankingAgent,Kano,1,-2.6500000000000012,-5.3000000000000025,,,,,,,,,,
2026-07-01,193,TraderAgent,Lagos,0,2600.43701171875,2600.43701171875,505815.375,Lagos,False,,Lagos,losing,False,1040.17,1.0,False
2026-07-01,194,TraderAgent,Lagos,4,-10.0,-10.0,499240.53125,Lagos,False,,,losing,False,1040.17,0.0,False
2026-07-01,195,TraderAgent,Lagos,1,157.98178232851438,157.98178232851438,487127.09375,Onitsha,True,Onitsha,Onitsha,winning,False,1040.17,0.0,True
2026-07-01,196,TraderAgent,Lagos,1,157.98178232851438,157.98178232851438,474462.53125,Onitsha,True,Onitsha,Onitsha,winning,False,1040.17,0.0,True
2026-07-01,197,TraderAgent,Lagos,2,-33.5225,-33.5225,443647.59375,Lagos,False,,,losing,False,1040.17,0.0,False
2026-07-01,198,TraderAgent,Lagos,3,20.0,20.0,488783.03125,Lagos,False,,,winning,False,988.17,0.0,False
2026-07-01,199,TraderAgent,Lagos,2,-33.5225,-33.5225,501414.1875,Lagos,False,,,losing,False,1040.17,0.0,False
2026-07-01,200,TraderAgent,Lagos,3,20.0,20.0,499358.8125,Lagos,False,,,winning,False,988.17,0.0,False
2026-07-01,201,TraderAgent,Lagos,3,20.0,20.0,498331.875,Lagos,False,,,winning,False,988.17,0.0,False
2026-07-01,202,TraderAgent,Lagos,3,20.0,20.0,502628.5625,Lagos,False,,,winning,False,988.17,0.0,False
2026-07-01,203,TraderAgent,Lagos,0,2600.43701171875,2600.43701171875,495894.71875,Lagos,False,,Lagos,losing,False,1040.17,1.0,False
2026-07-01,204,TraderAgent,Lagos,3,20.0,20.0,441409.90625,Lagos,False,,,winning,False,988.17,0.0,False
2026-07-01,205,TraderAgent,Lagos,4,-10.0,-10.0,477681.53125,Lagos,False,,,losing,False,1040.17,0.0,False
2026-07-01,206,TraderAgent,Lagos,1,157.98178232851438,157.98178232851438,478011.46875,Onitsha,True,Onitsha,Onitsha,winning,False,1040.17,0.0,True
2026-07-01,207,TraderAgent,Lagos,2,-33.5225,-33.5225,429061.75,Lagos,False,,,losing,False,1040.17,0.0,False
2026-07-01,208,TraderAgent,Lagos,0,2600.43701171875,2600.43701171875,490946.84375,Lagos,False,,Lagos,losing,False,1040.17,1.0,False
2026-07-01,209,TraderAgent,Lagos,0,2600.43701171875,2600.43701171875,502070.8125,Lagos,False,,Lagos,losing,False,1040.17,1.0,False
2026-07-01,210,TraderAgent,Lagos,0,2600.43701171875,2600.43701171875,500441.40625,Lagos,False,,Lagos,losing,False,1040.17,1.0,False
2026-07-01,211,TraderAgent,Lagos,0,2600.43701171875,2600.43701171875,503597.09375,Lagos,False,,Lagos,losing,False,1040.17,1.0,False
2026-07-01,212,TraderAgent,Lagos,0,2600.43701171875,2600.43701171875,496267.4375,Lagos,False,,Lagos,losing,False,1040.17,1.0,False
2026-07-01,213,BuyerAgent,Lagos,2,0.0,0.0,,,,,,,,,,
2026-07-01,214,BuyerAgent,Lagos,2,0.0,0.0,,,,,,,,,,
2026-07-01,215,BuyerAgent,Lagos,0,288.93798828125,288.93798828125,,,,,,,,,,
2026-07-01,216,BuyerAgent,Lagos,1,288.93798828125,288.93798828125,,,,,,,,,,
2026-07-01,217,BuyerAgent,Lagos,0,288.93798828125,288.93798828125,,,,,,,,,,
2026-07-01,218,BuyerAgent,Lagos,2,0.0,0.0,,,,,,,,,,
2026-07-01,219,BuyerAgent,Lagos,2,0.0,0.0,,,,,,,,,,
2026-07-01,220,BuyerAgent,Lagos,1,288.93798828125,288.93798828125,,,,,,,,,,
2026-07-01,221,BuyerAgent,Lagos,0,288.93798828125,288.93798828125,,,,,,,,,,
2026-07-01,222,BuyerAgent,Lagos,1,288.93798828125,288.93798828125,,,,,,,,,,
2026-07-01,223,BuyerAgent,Lagos,0,288.93798828125,288.93798828125,,,,,,,,,,
2026-07-01,224,BuyerAgent,Lagos,1,0.0,0.0,,,,,,,,,,
2026-07-01,225,BuyerAgent,Lagos,1,0.0,0.0,,,,,,,,,,
2026-07-01,226,BuyerAgent,Lagos,0,0.0,0.0,,,,,,,,,,
2026-07-01,227,BuyerAgent,Lagos,1,0.0,0.0,,,,,,,,,,
2026-07-01,228,BuyerAgent,Lagos,2,0.0,0.0,,,,,,,,,,
2026-07-01,229,BuyerAgent,Lagos,2,0.0,0.0,,,,,,,,,,
2026-07-01,230,BuyerAgent,Lagos,0,0.0,0.0,,,,,,,,,,
2026-07-01,231,BuyerAgent,Lagos,1,0.0,0.0,,,,,,,,,,
2026-07-01,232,BuyerAgent,Lagos,0,0.0,0.0,,,,,,,,,,
2026-07-01,233,BuyerAgent,Lagos,2,0.0,0.0,,,,,,,,,,
2026-07-01,234,BuyerAgent,Lagos,1,0.0,0.0,,,,,,,,,,
2026-07-01,235,BuyerAgent,Lagos,0,0.0,0.0,,,,,,,,,,
2026-07-01,236,BuyerAgent,Lagos,2,0.0,0.0,,,,,,,,,,
2026-07-01,237,BuyerAgent,Lagos,1,0.0,0.0,,,,,,,,,,
2026-07-01,238,BuyerAgent,Lagos,2,0.0,0.0,,,,,,,,,,
2026-07-01,239,BuyerAgent,Lagos,1,0.0,0.0,,,,,,,,,,
2026-07-01,240,BuyerAgent,Lagos,0,0.0,0.0,,,,,,,,,,
2026-07-01,241,BuyerAgent,Lagos,1,0.0,0.0,,,,,,,,,,
2026-07-01,242,BuyerAgent,Lagos,0,0.0,0.0,,,,,,,,,,
2026-07-01,243,TransporterAgent,Lagos,3,50.0,50.0,,,,,,,,,,
2026-07-01,244,TransporterAgent,Lagos,1,-200.0,-200.0,,,,,,,,,,
2026-07-01,245,TransporterAgent,Lagos,3,50.0,50.0,,,,,,,,,,
2026-07-01,246,TransporterAgent,Lagos,1,-200.0,-200.0,,,,,,,,,,
2026-07-01,247,TransporterAgent,Lagos,2,100.0,100.0,,,,,,,,,,
2026-07-01,248,TransporterAgent,Lagos,1,-200.0,-200.0,,,,,,,,,,
2026-07-01,249,TransporterAgent,Lagos,3,50.0,50.0,,,,,,,,,,
2026-07-01,250,TransporterAgent,Lagos,2,100.0,100.0,,,,,,,,,,
2026-07-01,251,TransporterAgent,Lagos,2,100.0,100.0,,,,,,,,,,
2026-07-01,252,TransporterAgent,Lagos,3,50.0,50.0,,,,,,,,,,
2026-07-01,253,BankingAgent,Lagos,0,-0.0,0.0,,,,,,,,,,
2026-07-01,254,BankingAgent,Lagos,1,-2.6500000000000012,-5.3000000000000025,,,,,,,,,,
2026-07-01,255,BankingAgent,Lagos,1,-2.6500000000000012,-5.3000000000000025,,,,,,,,,,
2026-07-01,257,TraderAgent,Onitsha,0,1939.3634033203125,1939.3634033203125,483343.875,Onitsha,False,,Onitsha,losing,False,775.75,1.0,False
2026-07-01,258,TraderAgent,Onitsha,0,1939.3634033203125,1939.3634033203125,490815.625,Onitsha,False,,Onitsha,losing,False,775.75,1.0,False
2026-07-01,259,TraderAgent,Onitsha,0,1939.3634033203125,1939.3634033203125,463723.46875,Onitsha,False,,Onitsha,losing,False,775.75,1.0,False
2026-07-01,260,TraderAgent,Onitsha,4,-10.0,-10.0,458342.09375,Onitsha,False,,,losing,False,775.75,0.0,False
2026-07-01,261,TraderAgent,Onitsha,2,-22.98875,-22.98875,503477.3125,Onitsha,False,,,losing,False,775.75,0.0,False
2026-07-01,262,TraderAgent,Onitsha,0,1939.3634033203125,1939.3634033203125,470130.96875,Onitsha,False,,Onitsha,losing,False,775.75,1.0,False
2026-07-01,263,TraderAgent,Onitsha,0,1939.3634033203125,1939.3634033203125,454623.8125,Onitsha,False,,Onitsha,losing,False,775.75,1.0,False
2026-07-01,264,TraderAgent,Onitsha,2,-22.98875,-22.98875,481795.0,Onitsha,False,,,losing,False,775.75,0.0,False
2026-07-01,265,TraderAgent,Onitsha,1,134.0474638127378,134.0474638127378,477401.4375,Port_Harcourt,True,Port_Harcourt,Port_Harcourt,winning,False,775.75,0.0,True
2026-07-01,266,TraderAgent,Onitsha,0,1939.3634033203125,1939.3634033203125,509123.71875,Onitsha,False,,Onitsha,losing,False,775.75,1.0,False
2026-07-01,267,TraderAgent,Onitsha,3,20.0,20.0,496072.15625,Onitsha,False,,,winning,False,736.96,0.0,False
2026-07-01,268,TraderAgent,Onitsha,3,20.0,20.0,481406.96875,Onitsha,False,,,winning,False,736.96,0.0,False
2026-07-01,269,TraderAgent,Onitsha,4,-10.0,-10.0,478147.15625,Onitsha,False,,,losing,False,775.75,0.0,False
2026-07-01,270,TraderAgent,Onitsha,3,20.0,20.0,433361.375,Onitsha,False,,,winning,False,736.96,0.0,False
2026-07-01,271,TraderAgent,Onitsha,4,-10.0,-10.0,493132.8125,Onitsha,False,,,losing,False,775.75,0.0,False
2026-07-01,272,TraderAgent,Onitsha,2,-22.98875,-22.98875,473055.1875,Onitsha,False,,,losing,False,775.75,0.0,False
2026-07-01,273,TraderAgent,Onitsha,4,-10.0,-10.0,492776.03125,Onitsha,False,,,losing,False,775.75,0.0,False
2026-07-01,274,TraderAgent,Onitsha,3,20.0,20.0,469427.1875,Onitsha,False,,,winning,False,736.96,0.0,False
2026-07-01,275,TraderAgent,Onitsha,0,1939.3634033203125,1939.3634033203125,445480.8125,Onitsha,False,,Onitsha,losing,False,775.75,1.0,False
2026-07-01,276,TraderAgent,Onitsha,4,-10.0,-10.0,429547.09375,Onitsha,False,,,losing,False,775.75,0.0,False
2026-07-01,277,BuyerAgent,Onitsha,1,215.484619140625,215.484619140625,,,,,,,,,,
2026-07-01,278,BuyerAgent,Onitsha,0,215.484619140625,215.484619140625,,,,,,,,,,
2026-07-01,279,BuyerAgent,Onitsha,0,215.484619140625,215.484619140625,,,,,,,,,,
2026-07-01,280,BuyerAgent,Onitsha,1,215.484619140625,215.484619140625,,,,,,,,,,
2026-07-01,281,BuyerAgent,Onitsha,1,215.484619140625,215.484619140625,,,,,,,,,,
2026-07-01,282,BuyerAgent,Onitsha,2,0.0,0.0,,,,,,,,,,
2026-07-01,283,BuyerAgent,Onitsha,1,215.484619140625,215.484619140625,,,,,,,,,,
2026-07-01,284,BuyerAgent,Onitsha,2,0.0,0.0,,,,,,,,,,
2026-07-01,285,BuyerAgent,Onitsha,2,0.0,0.0,,,,,,,,,,
2026-07-01,286,BuyerAgent,Onitsha,0,215.484619140625,215.484619140625,,,,,,,,,,
2026-07-01,287,BuyerAgent,Onitsha,1,0.0,0.0,,,,,,,,,,
2026-07-01,288,BuyerAgent,Onitsha,0,0.0,0.0,,,,,,,,,,
2026-07-01,289,BuyerAgent,Onitsha,1,0.0,0.0,,,,,,,,,,
2026-07-01,290,BuyerAgent,Onitsha,1,0.0,0.0,,,,,,,,,,
2026-07-01,291,BuyerAgent,Onitsha,0,0.0,0.0,,,,,,,,,,
2026-07-01,292,BuyerAgent,Onitsha,1,0.0,0.0,,,,,,,,,,
2026-07-01,293,BuyerAgent,Onitsha,0,0.0,0.0,,,,,,,,,,
2026-07-01,294,BuyerAgent,Onitsha,2,0.0,0.0,,,,,,,,,,
2026-07-01,295,BuyerAgent,Onitsha,1,0.0,0.0,,,,,,,,,,
2026-07-01,296,BuyerAgent,Onitsha,0,0.0,0.0,,,,,,,,,,
2026-07-01,297,BuyerAgent,Onitsha,1,0.0,0.0,,,,,,,,,,
2026-07-01,298,BuyerAgent,Onitsha,2,0.0,0.0,,,,,,,,,,
2026-07-01,299,BuyerAgent,Onitsha,0,0.0,0.0,,,,,,,,,,
2026-07-01,300,BuyerAgent,Onitsha,2,0.0,0.0,,,,,,,,,,
2026-07-01,301,BuyerAgent,Onitsha,2,0.0,0.0,,,,,,,,,,
2026-07-01,302,BuyerAgent,Onitsha,0,0.0,0.0,,,,,,,,,,
2026-07-01,303,BuyerAgent,Onitsha,1,0.0,0.0,,,,,,,,,,
2026-07-01,304,BuyerAgent,Onitsha,2,0.0,0.0,,,,,,,,,,
2026-07-01,305,BuyerAgent,Onitsha,1,0.0,0.0,,,,,,,,,,
2026-07-01,306,BuyerAgent,Onitsha,1,0.0,0.0,,,,,,,,,,
2026-07-01,307,TransporterAgent,Onitsha,3,50.0,50.0,,,,,,,,,,
2026-07-01,308,TransporterAgent,Onitsha,3,50.0,50.0,,,,,,,,,,
2026-07-01,309,TransporterAgent,Onitsha,2,100.0,100.0,,,,,,,,,,
2026-07-01,310,TransporterAgent,Onitsha,2,100.0,100.0,,,,,,,,,,
2026-07-01,311,TransporterAgent,Onitsha,0,0.0,0.0,,,,,,,,,,
2026-07-01,312,TransporterAgent,Onitsha,1,-200.0,-200.0,,,,,,,,,,
2026-07-01,313,TransporterAgent,Onitsha,0,0.0,0.0,,,,,,,,,,
2026-07-01,314,TransporterAgent,Onitsha,3,50.0,50.0,,,,,,,,,,
2026-07-01,315,TransporterAgent,Onitsha,2,100.0,100.0,,,,,,,,,,
2026-07-01,316,TransporterAgent,Onitsha,3,50.0,50.0,,,,,,,,,,
2026-07-01,317,BankingAgent,Onitsha,1,-2.6500000000000012,-5.3000000000000025,,,,,,,,,,
2026-07-01,318,BankingAgent,Onitsha,1,-2.6500000000000012,-5.3000000000000025,,,,,,,,,,
2026-07-01,319,BankingAgent,Onitsha,2,-1.3250000000000006,-2.6500000000000012,,,,,,,,,,
2026-07-01,321,TraderAgent,Port_Harcourt,3,20.0,20.0,539120.0,Port_Harcourt,False,,,winning,False,1138.54,0.0,False
2026-07-01,322,TraderAgent,Port_Harcourt,2,-33.5225,-33.5225,565563.125,Port_Harcourt,False,,,losing,False,1198.46,0.0,False
2026-07-01,323,TraderAgent,Port_Harcourt,0,2996.156005859375,2996.156005859375,542537.75,Port_Harcourt,False,,Port_Harcourt,losing,False,1198.46,1.0,False
2026-07-01,324,TraderAgent,Port_Harcourt,2,-33.5225,-33.5225,520615.46875,Port_Harcourt,False,,,losing,False,1198.46,0.0,False
2026-07-01,325,TraderAgent,Port_Harcourt,0,2996.156005859375,2996.156005859375,549221.75,Port_Harcourt,False,,Port_Harcourt,losing,False,1198.46,1.0,False
2026-07-01,326,TraderAgent,Port_Harcourt,2,-33.5225,-33.5225,547550.4375,Port_Harcourt,False,,,losing,False,1198.46,0.0,False
2026-07-01,327,TraderAgent,Port_Harcourt,1,135.81421688707576,135.81421688707576,529223.625,Onitsha,True,Onitsha,Onitsha,winning,False,1198.46,0.0,True
2026-07-01,328,TraderAgent,Port_Harcourt,0,2996.156005859375,2996.156005859375,563510.0,Port_Harcourt,False,,Port_Harcourt,losing,False,1198.46,1.0,False
2026-07-01,329,TraderAgent,Port_Harcourt,3,20.0,20.0,537176.3125,Port_Harcourt,False,,,winning,False,1138.54,0.0,False
2026-07-01,330,TraderAgent,Port_Harcourt,4,-10.0,-10.0,560255.125,Port_Harcourt,False,,,losing,False,1198.46,0.0,False
2026-07-01,331,TraderAgent,Port_Harcourt,0,2996.156005859375,2996.156005859375,545523.375,Port_Harcourt,False,,Port_Harcourt,losing,False,1198.46,1.0,False
2026-07-01,332,TraderAgent,Port_Harcourt,2,-33.5225,-33.5225,492764.875,Port_Harcourt,False,,,losing,False,1198.46,0.0,False
2026-07-01,333,TraderAgent,Port_Harcourt,4,-10.0,-10.0,536094.1875,Port_Harcourt,False,,,losing,False,1198.46,0.0,False
2026-07-01,334,TraderAgent,Port_Harcourt,3,20.0,20.0,553449.75,Port_Harcourt,False,,,winning,False,1138.54,0.0,False
2026-07-01,335,TraderAgent,Port_Harcourt,3,20.0,20.0,525795.1875,Port_Harcourt,False,,,winning,False,1138.54,0.0,False
2026-07-01,336,TraderAgent,Port_Harcourt,1,135.81421688707576,135.81421688707576,546655.4375,Onitsha,True,Onitsha,Onitsha,winning,False,1198.46,0.0,True
2026-07-01,337,TraderAgent,Port_Harcourt,3,20.0,20.0,547344.8125,Port_Harcourt,False,,,winning,False,1138.54,0.0,False
2026-07-01,338,TraderAgent,Port_Harcourt,2,-33.5225,-33.5225,504458.3125,Port_Harcourt,False,,,losing,False,1198.46,0.0,False
2026-07-01,339,TraderAgent,Port_Harcourt,4,-10.0,-10.0,540964.125,Port_Harcourt,False,,,losing,False,1198.46,0.0,False
2026-07-01,340,TraderAgent,Port_Harcourt,4,-10.0,-10.0,539825.6875,Port_Harcourt,False,,,losing,False,1198.46,0.0,False
2026-07-01,341,BuyerAgent,Port_Harcourt,2,0.0,0.0,,,,,,,,,,
2026-07-01,342,BuyerAgent,Port_Harcourt,1,332.906494140625,332.906494140625,,,,,,,,,,
2026-07-01,343,BuyerAgent,Port_Harcourt,0,332.906494140625,332.906494140625,,,,,,,,,,
2026-07-01,344,BuyerAgent,Port_Harcourt,1,332.906494140625,332.906494140625,,,,,,,,,,
2026-07-01,345,BuyerAgent,Port_Harcourt,1,332.906494140625,332.906494140625,,,,,,,,,,
2026-07-01,346,BuyerAgent,Port_Harcourt,2,0.0,0.0,,,,,,,,,,
2026-07-01,347,BuyerAgent,Port_Harcourt,2,0.0,0.0,,,,,,,,,,
2026-07-01,348,BuyerAgent,Port_Harcourt,2,0.0,0.0,,,,,,,,,,
2026-07-01,349,BuyerAgent,Port_Harcourt,2,0.0,0.0,,,,,,,,,,
2026-07-01,350,BuyerAgent,Port_Harcourt,0,0.0,0.0,,,,,,,,,,
2026-07-01,351,BuyerAgent,Port_Harcourt,0,0.0,0.0,,,,,,,,,,
2026-07-01,352,BuyerAgent,Port_Harcourt,2,0.0,0.0,,,,,,,,,,
2026-07-01,353,BuyerAgent,Port_Harcourt,2,0.0,0.0,,,,,,,,,,
2026-07-01,354,BuyerAgent,Port_Harcourt,2,0.0,0.0,,,,,,,,,,
2026-07-01,355,BuyerAgent,Port_Harcourt,0,0.0,0.0,,,,,,,,,,
2026-07-01,356,BuyerAgent,Port_Harcourt,2,0.0,0.0,,,,,,,,,,
2026-07-01,357,BuyerAgent,Port_Harcourt,1,0.0,0.0,,,,,,,,,,
2026-07-01,358,BuyerAgent,Port_Harcourt,0,0.0,0.0,,,,,,,,,,
2026-07-01,359,BuyerAgent,Port_Harcourt,2,0.0,0.0,,,,,,,,,,
2026-07-01,360,BuyerAgent,Port_Harcourt,0,0.0,0.0,,,,,,,,,,
2026-07-01,361,BuyerAgent,Port_Harcourt,0,0.0,0.0,,,,,,,,,,
2026-07-01,362,BuyerAgent,Port_Harcourt,1,0.0,0.0,,,,,,,,,,
2026-07-01,363,BuyerAgent,Port_Harcourt,2,0.0,0.0,,,,,,,,,,
2026-07-01,364,BuyerAgent,Port_Harcourt,1,0.0,0.0,,,,,,,,,,
2026-07-01,365,BuyerAgent,Port_Harcourt,1,0.0,0.0,,,,,,,,,,
2026-07-01,366,BuyerAgent,Port_Harcourt,2,0.0,0.0,,,,,,,,,,
2026-07-01,367,BuyerAgent,Port_Harcourt,2,0.0,0.0,,,,,,,,,,
2026-07-01,368,BuyerAgent,Port_Harcourt,2,0.0,0.0,,,,,,,,,,
2026-07-01,369,BuyerAgent,Port_Harcourt,2,0.0,0.0,,,,,,,,,,
2026-07-01,370,BuyerAgent,Port_Harcourt,0,0.0,0.0,,,,,,,,,,
2026-07-01,371,TransporterAgent,Port_Harcourt,0,0.505508962847257,0.505508962847257,,,,,,,,,,
2026-07-01,372,TransporterAgent,Port_Harcourt,3,50.0,50.0,,,,,,,,,,
2026-07-01,373,TransporterAgent,Port_Harcourt,1,-200.0,-200.0,,,,,,,,,,
2026-07-01,374,TransporterAgent,Port_Harcourt,2,100.0,100.0,,,,,,,,,,
2026-07-01,375,TransporterAgent,Port_Harcourt,2,100.0,100.0,,,,,,,,,,
2026-07-01,376,TransporterAgent,Port_Harcourt,2,100.0,100.0,,,,,,,,,,
2026-07-01,377,TransporterAgent,Port_Harcourt,0,0.505508962847257,0.505508962847257,,,,,,,,,,
2026-07-01,378,TransporterAgent,Port_Harcourt,0,0.505508962847257,0.505508962847257,,,,,,,,,,
2026-07-01,379,TransporterAgent,Port_Harcourt,0,0.505508962847257,0.505508962847257,,,,,,,,,,
2026-07-01,380,TransporterAgent,Port_Harcourt,0,0.505508962847257,0.505508962847257,,,,,,,,,,
2026-07-01,381,BankingAgent,Port_Harcourt,1,-2.6500000000000012,-5.3000000000000025,,,,,,,,,,
2026-07-01,382,BankingAgent,Port_Harcourt,0,-0.0,0.0,,,,,,,,,,
2026-07-01,383,BankingAgent,Port_Harcourt,1,-2.6500000000000012,-5.3000000000000025,,,,,,,,,,
2026-08-01,1,TraderAgent,Abuja,3,20.0,10.0,488269.15625,Abuja,False,,,losing,False,256.5,0.0,False
2026-08-01,2,TraderAgent,Abuja,1,131.5009235925734,97.97842359257339,415690.125,Onitsha,True,Onitsha,Onitsha,losing,False,270.0,0.0,True
2026-08-01,3,TraderAgent,Abuja,0,0.0,134.1141569160651,464394.3125,Abuja,False,Onitsha,Onitsha,losing,False,285.0,1.0,False
2026-08-01,4,TraderAgent,Abuja,4,-10.0,758.8250732421875,463274.625,Abuja,False,,Abuja,winning,False,278.14,1.0,False
2026-08-01,5,TraderAgent,Abuja,1,131.5009235925734,900.3259887695312,467762.40625,Onitsha,True,Onitsha,Onitsha,winning,False,278.14,1.0,True
2026-08-01,6,TraderAgent,Abuja,2,-33.5225,-67.045,467562.3125,Abuja,False,,,losing,False,270.0,0.0,False
2026-08-01,7,TraderAgent,Abuja,0,0.0,134.1141569160651,389085.8125,Abuja,False,Onitsha,Onitsha,losing,False,285.0,1.0,False
2026-08-01,8,TraderAgent,Abuja,3,20.0,788.8250732421875,466337.53125,Abuja,False,,Abuja,winning,False,264.23,1.0,False
2026-08-01,9,TraderAgent,Abuja,1,131.5009235925734,900.3259887695312,403726.375,Onitsha,True,Onitsha,Onitsha,winning,False,278.14,1.0,True
2026-08-01,10,TraderAgent,Abuja,2,-33.5225,735.3025512695312,444324.375,Abuja,False,,Abuja,winning,False,278.14,1.0,False
2026-08-01,11,TraderAgent,Abuja,4,-10.0,-20.0,481281.6875,Abuja,False,,,losing,False,270.0,0.0,False
2026-08-01,12,TraderAgent,Abuja,0,0.0,134.1141569160651,451151.53125,Abuja,False,Onitsha,Onitsha,losing,False,285.0,1.0,False
2026-08-01,13,TraderAgent,Abuja,3,20.0,-13.5225,493937.75,Abuja,False,,,losing,False,256.5,0.0,False
2026-08-01,14,TraderAgent,Abuja,0,0.0,134.1141569160651,471528.28125,Abuja,False,Onitsha,Onitsha,losing,False,285.0,1.0,False
2026-08-01,15,TraderAgent,Abuja,1,131.5009235925734,121.5009235925734,462867.1875,Onitsha,True,Onitsha,Onitsha,losing,False,270.0,0.0,True
2026-08-01,16,TraderAgent,Abuja,4,-10.0,-20.0,392684.09375,Abuja,False,,,losing,False,270.0,0.0,False
2026-08-01,17,TraderAgent,Abuja,4,-10.0,-43.5225,444173.0,Abuja,False,,,losing,False,270.0,0.0,False
2026-08-01,18,TraderAgent,Abuja,1,131.5009235925734,121.5009235925734,464831.53125,Onitsha,True,Onitsha,Onitsha,losing,False,270.0,0.0,True
2026-08-01,19,TraderAgent,Abuja,3,20.0,788.8250732421875,468167.09375,Abuja,False,,Abuja,winning,False,264.23,1.0,False
2026-08-01,20,TraderAgent,Abuja,0,0.0,134.1141569160651,477933.90625,Abuja,False,Onitsha,Onitsha,losing,False,285.0,1.0,False
2026-08-01,21,BuyerAgent,Abuja,0,0.0,85.42510986328125,,,,,,,,,,
2026-08-01,22,BuyerAgent,Abuja,0,0.0,0.0,,,,,,,,,,
2026-08-01,23,BuyerAgent,Abuja,2,0.0,85.42510986328125,,,,,,,,,,
2026-08-01,24,BuyerAgent,Abuja,0,0.0,85.42510986328125,,,,,,,,,,
2026-08-01,25,BuyerAgent,Abuja,0,0.0,85.42510986328125,,,,,,,,,,
2026-08-01,26,BuyerAgent,Abuja,1,0.0,85.42510986328125,,,,,,,,,,
2026-08-01,27,BuyerAgent,Abuja,2,0.0,0.0,,,,,,,,,,
2026-08-01,28,BuyerAgent,Abuja,2,0.0,0.0,,,,,,,,,,
2026-08-01,29,BuyerAgent,Abuja,2,0.0,0.0,,,,,,,,,,
2026-08-01,30,BuyerAgent,Abuja,2,0.0,0.0,,,,,,,,,,
2026-08-01,31,BuyerAgent,Abuja,2,0.0,0.0,,,,,,,,,,
2026-08-01,32,BuyerAgent,Abuja,2,0.0,85.42510986328125,,,,,,,,,,
2026-08-01,33,BuyerAgent,Abuja,0,0.0,0.0,,,,,,,,,,
2026-08-01,34,BuyerAgent,Abuja,0,0.0,0.0,,,,,,,,,,
2026-08-01,35,BuyerAgent,Abuja,0,0.0,0.0,,,,,,,,,,
2026-08-01,36,BuyerAgent,Abuja,0,0.0,0.0,,,,,,,,,,
2026-08-01,37,BuyerAgent,Abuja,1,0.0,0.0,,,,,,,,,,
2026-08-01,38,BuyerAgent,Abuja,2,0.0,0.0,,,,,,,,,,
2026-08-01,39,BuyerAgent,Abuja,2,0.0,0.0,,,,,,,,,,
2026-08-01,40,BuyerAgent,Abuja,2,0.0,0.0,,,,,,,,,,
2026-08-01,41,BuyerAgent,Abuja,0,0.0,0.0,,,,,,,,,,
2026-08-01,42,BuyerAgent,Abuja,2,0.0,0.0,,,,,,,,,,
2026-08-01,43,BuyerAgent,Abuja,1,0.0,0.0,,,,,,,,,,
2026-08-01,44,BuyerAgent,Abuja,1,0.0,0.0,,,,,,,,,,
2026-08-01,45,BuyerAgent,Abuja,1,0.0,0.0,,,,,,,,,,
2026-08-01,46,BuyerAgent,Abuja,1,0.0,0.0,,,,,,,,,,
2026-08-01,47,BuyerAgent,Abuja,0,0.0,0.0,,,,,,,,,,
2026-08-01,48,BuyerAgent,Abuja,1,0.0,0.0,,,,,,,,,,
2026-08-01,49,BuyerAgent,Abuja,1,0.0,0.0,,,,,,,,,,
2026-08-01,50,BuyerAgent,Abuja,1,0.0,0.0,,,,,,,,,,
2026-08-01,51,TransporterAgent,Abuja,2,100.0,200.0,,,,,,,,,,
2026-08-01,52,TransporterAgent,Abuja,0,7.812129899284432,57.81212989928443,,,,,,,,,,
2026-08-01,53,TransporterAgent,Abuja,2,100.0,108.09755639910932,,,,,,,,,,
2026-08-01,54,TransporterAgent,Abuja,1,-200.0,-191.90244360089068,,,,,,,,,,
2026-08-01,55,TransporterAgent,Abuja,2,100.0,108.09755639910932,,,,,,,,,,
2026-08-01,56,TransporterAgent,Abuja,3,50.0,150.0,,,,,,,,,,
2026-08-01,57,TransporterAgent,Abuja,3,50.0,150.0,,,,,,,,,,
2026-08-01,58,TransporterAgent,Abuja,1,-200.0,-191.90244360089068,,,,,,,,,,
2026-08-01,59,TransporterAgent,Abuja,3,50.0,150.0,,,,,,,,,,
2026-08-01,60,TransporterAgent,Abuja,0,7.812129899284432,107.81212989928443,,,,,,,,,,
2026-08-01,61,BankingAgent,Abuja,2,-1.3250000000000006,-5.3000000000000025,,,,,,,,,,
2026-08-01,62,BankingAgent,Abuja,2,-1.3250000000000006,-5.3000000000000025,,,,,,,,,,
2026-08-01,63,BankingAgent,Abuja,1,-2.6500000000000012,-10.600000000000005,,,,,,,,,,
2026-08-01,65,TraderAgent,Bauchi,0,0.0,135.37495516232073,478887.1875,Bauchi,False,Onitsha,Onitsha,winning,False,269.24,1.0,False
2026-08-01,66,TraderAgent,Bauchi,1,134.887885071278,154.887885071278,309091.46875,Onitsha,True,Onitsha,Onitsha,winning,False,255.07,0.0,True
2026-08-01,67,TraderAgent,Bauchi,1,134.887885071278,111.899135071278,470863.28125,Onitsha,True,Onitsha,Onitsha,winning,False,255.07,0.0,True
2026-08-01,68,TraderAgent,Bauchi,2,-26.5,-6.5,290799.21875,Bauchi,False,,,losing,False,255.07,0.0,False
2026-08-01,69,TraderAgent,Bauchi,4,-10.0,10.0,249637.234375,Bauchi,False,,,losing,False,255.07,0.0,False
2026-08-01,70,TraderAgent,Bauchi,2,-26.5,-49.488749999999996,449937.71875,Bauchi,False,,,losing,False,255.07,0.0,False
2026-08-01,71,TraderAgent,Bauchi,1,134.887885071278,111.899135071278,367231.125,Onitsha,True,Onitsha,Onitsha,winning,False,255.07,0.0,True
2026-08-01,72,TraderAgent,Bauchi,2,-26.5,-36.5,324268.5,Bauchi,False,,,losing,False,255.07,0.0,False
2026-08-01,73,TraderAgent,Bauchi,0,637.6727294921875,614.6839599609375,495716.4375,Bauchi,False,,Bauchi,losing,False,255.07,1.0,False
2026-08-01,74,TraderAgent,Bauchi,1,134.887885071278,111.899135071278,253461.625,Onitsha,True,Onitsha,Onitsha,winning,False,255.07,0.0,True
2026-08-01,75,TraderAgent,Bauchi,4,-10.0,-20.0,516023.28125,Bauchi,False,,,losing,False,255.07,0.0,False
2026-08-01,76,TraderAgent,Bauchi,1,134.887885071278,111.899135071278,431374.40625,Onitsha,True,Onitsha,Onitsha,winning,False,255.07,0.0,True
2026-08-01,77,TraderAgent,Bauchi,0,0.0,135.37495516232073,395795.59375,Bauchi,False,Onitsha,Onitsha,winning,False,269.24,1.0,False
2026-08-01,78,TraderAgent,Bauchi,0,0.0,135.37495516232073,487852.375,Bauchi,False,Onitsha,Onitsha,winning,False,269.24,1.0,False
2026-08-01,79,TraderAgent,Bauchi,4,-10.0,546.267578125,484814.09375,Bauchi,False,,Bauchi,winning,False,234.42,1.0,False
2026-08-01,80,TraderAgent,Bauchi,3,20.0,10.0,516387.09375,Bauchi,False,,,losing,False,242.32,0.0,False
2026-08-01,81,TraderAgent,Bauchi,2,-26.5,-49.488749999999996,327303.21875,Bauchi,False,,,losing,False,255.07,0.0,False
2026-08-01,82,TraderAgent,Bauchi,3,20.0,576.267578125,445558.96875,Bauchi,False,,Bauchi,winning,False,222.7,1.0,False
2026-08-01,83,TraderAgent,Bauchi,0,534.4088745117188,1090.676513671875,517038.1875,Bauchi,False,,Bauchi,winning,False,234.42,2.0,False
2026-08-01,84,TraderAgent,Bauchi,0,534.4088745117188,1090.676513671875,403501.90625,Bauchi,False,,Bauchi,winning,False,234.42,2.0,False
2026-08-01,85,BuyerAgent,Bauchi,1,174.1162109375,235.92361450195312,,,,,,,,,,
2026-08-01,86,BuyerAgent,Bauchi,2,0.0,0.0,,,,,,,,,,
2026-08-01,87,BuyerAgent,Bauchi,1,174.1162109375,235.92361450195312,,,,,,,,,,
2026-08-01,88,BuyerAgent,Bauchi,0,70.85235595703125,70.85235595703125,,,,,,,,,,
2026-08-01,89,BuyerAgent,Bauchi,0,0.0,61.807403564453125,,,,,,,,,,
2026-08-01,90,BuyerAgent,Bauchi,1,0.0,61.807403564453125,,,,,,,,,,
2026-08-01,91,BuyerAgent,Bauchi,0,0.0,0.0,,,,,,,,,,
2026-08-01,92,BuyerAgent,Bauchi,1,0.0,0.0,,,,,,,,,,
2026-08-01,93,BuyerAgent,Bauchi,2,0.0,0.0,,,,,,,,,,
2026-08-01,94,BuyerAgent,Bauchi,1,0.0,0.0,,,,,,,,,,
2026-08-01,95,BuyerAgent,Bauchi,0,0.0,0.0,,,,,,,,,,
2026-08-01,96,BuyerAgent,Bauchi,1,0.0,0.0,,,,,,,,,,
2026-08-01,97,BuyerAgent,Bauchi,2,0.0,0.0,,,,,,,,,,
2026-08-01,98,BuyerAgent,Bauchi,2,0.0,0.0,,,,,,,,,,
2026-08-01,99,BuyerAgent,Bauchi,2,0.0,0.0,,,,,,,,,,
2026-08-01,100,BuyerAgent,Bauchi,0,0.0,0.0,,,,,,,,,,
2026-08-01,101,BuyerAgent,Bauchi,1,0.0,0.0,,,,,,,,,,
2026-08-01,102,BuyerAgent,Bauchi,2,0.0,0.0,,,,,,,,,,
2026-08-01,103,BuyerAgent,Bauchi,1,0.0,0.0,,,,,,,,,,
2026-08-01,104,BuyerAgent,Bauchi,1,0.0,0.0,,,,,,,,,,
2026-08-01,105,BuyerAgent,Bauchi,0,0.0,0.0,,,,,,,,,,
2026-08-01,106,BuyerAgent,Bauchi,1,0.0,0.0,,,,,,,,,,
2026-08-01,107,BuyerAgent,Bauchi,1,0.0,0.0,,,,,,,,,,
2026-08-01,108,BuyerAgent,Bauchi,2,0.0,0.0,,,,,,,,,,
2026-08-01,109,BuyerAgent,Bauchi,0,0.0,0.0,,,,,,,,,,
2026-08-01,110,BuyerAgent,Bauchi,2,0.0,0.0,,,,,,,,,,
2026-08-01,111,BuyerAgent,Bauchi,0,0.0,0.0,,,,,,,,,,
2026-08-01,112,BuyerAgent,Bauchi,0,0.0,0.0,,,,,,,,,,
2026-08-01,113,BuyerAgent,Bauchi,0,0.0,0.0,,,,,,,,,,
2026-08-01,114,BuyerAgent,Bauchi,2,0.0,0.0,,,,,,,,,,
2026-08-01,115,TransporterAgent,Bauchi,2,100.0,200.0,,,,,,,,,,
2026-08-01,116,TransporterAgent,Bauchi,0,0.0,0.0,,,,,,,,,,
2026-08-01,117,TransporterAgent,Bauchi,3,50.0,150.0,,,,,,,,,,
2026-08-01,118,TransporterAgent,Bauchi,3,50.0,100.0,,,,,,,,,,
2026-08-01,119,TransporterAgent,Bauchi,1,-200.0,-100.0,,,,,,,,,,
2026-08-01,120,TransporterAgent,Bauchi,1,-200.0,-100.0,,,,,,,,,,
2026-08-01,121,TransporterAgent,Bauchi,3,50.0,50.0,,,,,,,,,,
2026-08-01,122,TransporterAgent,Bauchi,2,100.0,200.0,,,,,,,,,,
2026-08-01,123,TransporterAgent,Bauchi,1,-200.0,-200.0,,,,,,,,,,
2026-08-01,124,TransporterAgent,Bauchi,2,100.0,150.0,,,,,,,,,,
2026-08-01,125,BankingAgent,Bauchi,1,-2.6500000000000012,-10.600000000000005,,,,,,,,,,
2026-08-01,126,BankingAgent,Bauchi,1,-2.6500000000000012,-5.3000000000000025,,,,,,,,,,
2026-08-01,127,BankingAgent,Bauchi,0,-0.0,-2.6500000000000012,,,,,,,,,,
2026-08-01,129,TraderAgent,Kano,0,0.0,126.0657634347087,417528.6875,Kano,False,Onitsha,Onitsha,losing,False,343.71,1.0,False
2026-08-01,130,TraderAgent,Kano,0,693.4500122070312,1417.050048828125,451987.4375,Kano,False,,Kano,winning,False,301.5,2.0,False
2026-08-01,131,TraderAgent,Kano,1,124.49681459554137,848.0968017578125,409732.09375,Onitsha,True,Onitsha,Onitsha,winning,False,301.5,1.0,True
2026-08-01,132,TraderAgent,Kano,2,-22.98875,700.6112060546875,464022.53125,Kano,False,,Kano,winning,False,301.5,1.0,False
2026-08-01,133,TraderAgent,Kano,3,20.0,40.0,405992.375,Kano,False,,,losing,False,309.34,0.0,False
2026-08-01,134,TraderAgent,Kano,0,814.0499877929688,780.5274658203125,395314.625,Kano,False,,Kano,losing,False,325.62,1.0,False
2026-08-01,135,TraderAgent,Kano,4,-10.0,10.0,442732.4375,Kano,False,,,losing,False,325.62,0.0,False
2026-08-01,136,TraderAgent,Kano,0,693.4500122070312,1417.050048828125,464538.1875,Kano,False,,Kano,winning,False,301.5,2.0,False
2026-08-01,137,TraderAgent,Kano,1,124.49681459554137,114.49681459554137,409969.625,Onitsha,True,Onitsha,Onitsha,losing,False,325.62,0.0,True
2026-08-01,138,TraderAgent,Kano,4,-10.0,713.5999755859375,450029.40625,Kano,False,,Kano,winning,False,301.5,1.0,False
2026-08-01,139,TraderAgent,Kano,2,-22.98875,700.6112060546875,449983.6875,Kano,False,,Kano,winning,False,301.5,1.0,False
2026-08-01,140,TraderAgent,Kano,0,0.0,126.0657634347087,432186.46875,Kano,False,Onitsha,Onitsha,losing,False,343.71,1.0,False
2026-08-01,141,TraderAgent,Kano,0,0.0,126.0657634347087,450198.625,Kano,False,Onitsha,Onitsha,losing,False,343.71,1.0,False
2026-08-01,142,TraderAgent,Kano,0,814.0499877929688,780.5274658203125,477110.90625,Kano,False,,Kano,losing,False,325.62,1.0,False
2026-08-01,143,TraderAgent,Kano,3,20.0,743.5999755859375,466592.8125,Kano,False,,Kano,winning,False,286.43,1.0,False
2026-08-01,144,TraderAgent,Kano,1,124.49681459554137,848.0968017578125,409517.375,Onitsha,True,Onitsha,Onitsha,winning,False,301.5,1.0,True
2026-08-01,145,TraderAgent,Kano,1,124.49681459554137,848.0968017578125,388541.53125,Onitsha,True,Onitsha,Onitsha,winning,False,301.5,1.0,True
2026-08-01,146,TraderAgent,Kano,3,20.0,743.5999755859375,429589.625,Kano,False,,Kano,winning,False,286.43,1.0,False
2026-08-01,147,TraderAgent,Kano,3,20.0,40.0,406967.8125,Kano,False,,,losing,False,309.34,0.0,False
2026-08-01,148,TraderAgent,Kano,4,-10.0,713.5999755859375,468614.6875,Kano,False,,Kano,winning,False,301.5,1.0,False
2026-08-01,149,BuyerAgent,Kano,2,0.0,80.40008544921875,,,,,,,,,,
2026-08-01,150,BuyerAgent,Kano,2,0.0,80.40008544921875,,,,,,,,,,
2026-08-01,151,BuyerAgent,Kano,2,0.0,80.40008544921875,,,,,,,,,,
2026-08-01,152,BuyerAgent,Kano,2,0.0,0.0,,,,,,,,,,
2026-08-01,153,BuyerAgent,Kano,2,0.0,80.40008544921875,,,,,,,,,,
2026-08-01,154,BuyerAgent,Kano,2,0.0,80.40008544921875,,,,,,,,,,
2026-08-01,155,BuyerAgent,Kano,1,211.0498046875,291.44989013671875,,,,,,,,,,
2026-08-01,156,BuyerAgent,Kano,1,211.0498046875,211.0498046875,,,,,,,,,,
2026-08-01,157,BuyerAgent,Kano,0,90.4498291015625,90.4498291015625,,,,,,,,,,
2026-08-01,158,BuyerAgent,Kano,2,0.0,80.40008544921875,,,,,,,,,,
2026-08-01,159,BuyerAgent,Kano,0,90.4498291015625,90.4498291015625,,,,,,,,,,
2026-08-01,160,BuyerAgent,Kano,1,0.0,0.0,,,,,,,,,,
2026-08-01,161,BuyerAgent,Kano,0,0.0,80.40008544921875,,,,,,,,,,
2026-08-01,162,BuyerAgent,Kano,0,0.0,80.40008544921875,,,,,,,,,,
2026-08-01,163,BuyerAgent,Kano,0,0.0,0.0,,,,,,,,,,
2026-08-01,164,BuyerAgent,Kano,2,0.0,0.0,,,,,,,,,,
2026-08-01,165,BuyerAgent,Kano,2,0.0,80.40008544921875,,,,,,,,,,
2026-08-01,166,BuyerAgent,Kano,0,0.0,80.40008544921875,,,,,,,,,,
2026-08-01,167,BuyerAgent,Kano,2,0.0,0.0,,,,,,,,,,
2026-08-01,168,BuyerAgent,Kano,2,0.0,0.0,,,,,,,,,,
2026-08-01,169,BuyerAgent,Kano,1,0.0,0.0,,,,,,,,,,
2026-08-01,170,BuyerAgent,Kano,0,0.0,0.0,,,,,,,,,,
2026-08-01,171,BuyerAgent,Kano,0,0.0,0.0,,,,,,,,,,
2026-08-01,172,BuyerAgent,Kano,0,0.0,0.0,,,,,,,,,,
2026-08-01,173,BuyerAgent,Kano,0,0.0,0.0,,,,,,,,,,
2026-08-01,174,BuyerAgent,Kano,1,0.0,0.0,,,,,,,,,,
2026-08-01,175,BuyerAgent,Kano,1,0.0,0.0,,,,,,,,,,
2026-08-01,176,BuyerAgent,Kano,0,0.0,0.0,,,,,,,,,,
2026-08-01,177,BuyerAgent,Kano,1,0.0,0.0,,,,,,,,,,
2026-08-01,178,BuyerAgent,Kano,1,0.0,0.0,,,,,,,,,,
2026-08-01,179,TransporterAgent,Kano,3,50.0,50.0,,,,,,,,,,
2026-08-01,180,TransporterAgent,Kano,2,100.0,200.0,,,,,,,,,,
2026-08-01,181,TransporterAgent,Kano,0,0.0,50.0,,,,,,,,,,
2026-08-01,182,TransporterAgent,Kano,0,0.0,-200.0,,,,,,,,,,
2026-08-01,183,TransporterAgent,Kano,2,100.0,200.0,,,,,,,,,,
2026-08-01,184,TransporterAgent,Kano,0,0.0,50.0,,,,,,,,,,
2026-08-01,185,TransporterAgent,Kano,0,0.0,50.0,,,,,,,,,,
2026-08-01,186,TransporterAgent,Kano,3,50.0,100.0,,,,,,,,,,
2026-08-01,187,TransporterAgent,Kano,3,50.0,100.0,,,,,,,,,,
2026-08-01,188,TransporterAgent,Kano,1,-200.0,-100.0,,,,,,,,,,
2026-08-01,189,BankingAgent,Kano,2,-1.3250000000000006,-2.6500000000000012,,,,,,,,,,
2026-08-01,190,BankingAgent,Kano,0,-0.0,-5.3000000000000025,,,,,,,,,,
2026-08-01,191,BankingAgent,Kano,2,-1.3250000000000006,-7.950000000000005,,,,,,,,,,
2026-08-01,193,TraderAgent,Lagos,0,2481.09375,5081.53076171875,508273.46875,Lagos,False,,Lagos,winning,False,1061.53,2.0,False
2026-08-01,194,TraderAgent,Lagos,1,161.0266859299187,151.0266859299187,486152.59375,Onitsha,True,Onitsha,Onitsha,losing,False,1130.62,0.0,True
2026-08-01,195,TraderAgent,Lagos,0,4887.52978515625,5045.51171875,498479.15625,Lagos,False,Onitsha,Onitsha,losing,False,951.35,1.0,False
2026-08-01,196,TraderAgent,Lagos,0,4887.52978515625,5045.51171875,485814.59375,Lagos,False,Onitsha,Onitsha,losing,False,951.35,1.0,False
2026-08-01,197,TraderAgent,Lagos,1,161.0266859299187,127.50418592991869,430559.625,Onitsha,True,Onitsha,Onitsha,losing,False,1130.62,0.0,True
2026-08-01,198,TraderAgent,Lagos,2,-22.98875,-2.9887499999999996,488760.03125,Lagos,False,,,losing,False,1130.62,0.0,False
2026-08-01,199,TraderAgent,Lagos,1,161.0266859299187,127.50418592991869,488326.28125,Onitsha,True,Onitsha,Onitsha,losing,False,1130.62,0.0,True
2026-08-01,200,TraderAgent,Lagos,3,20.0,40.0,499358.8125,Lagos,False,,,losing,False,1074.09,0.0,False
2026-08-01,201,TraderAgent,Lagos,1,161.0266859299187,181.0266859299187,485243.90625,Onitsha,True,Onitsha,Onitsha,losing,False,1130.62,0.0,True
2026-08-01,202,TraderAgent,Lagos,3,20.0,40.0,502628.5625,Lagos,False,,,losing,False,1074.09,0.0,False
2026-08-01,203,TraderAgent,Lagos,1,161.0266859299187,2761.463623046875,482806.8125,Onitsha,True,Onitsha,Onitsha,winning,False,1061.53,1.0,True
2026-08-01,204,TraderAgent,Lagos,4,-10.0,10.0,441409.90625,Lagos,False,,,losing,False,1130.62,0.0,False
2026-08-01,205,TraderAgent,Lagos,1,161.0266859299187,151.0266859299187,464593.5625,Onitsha,True,Onitsha,Onitsha,losing,False,1130.62,0.0,True
2026-08-01,206,TraderAgent,Lagos,0,4887.52978515625,5045.51171875,489363.53125,Lagos,False,Onitsha,Onitsha,losing,False,951.35,1.0,False
2026-08-01,207,TraderAgent,Lagos,0,2826.5625,2793.0400390625,431865.3125,Lagos,False,,Lagos,losing,False,1130.62,1.0,False
2026-08-01,208,TraderAgent,Lagos,3,20.0,2620.43701171875,490946.84375,Lagos,False,,Lagos,winning,False,1008.45,1.0,False
2026-08-01,209,TraderAgent,Lagos,4,-10.0,2590.43701171875,502070.8125,Lagos,False,,Lagos,winning,False,1061.53,1.0,False
2026-08-01,210,TraderAgent,Lagos,0,2481.09375,5081.53076171875,502899.53125,Lagos,False,,Lagos,winning,False,1061.53,2.0,False
2026-08-01,211,TraderAgent,Lagos,3,20.0,2620.43701171875,503597.09375,Lagos,False,,Lagos,winning,False,1008.45,1.0,False
2026-08-01,212,TraderAgent,Lagos,3,20.0,2620.43701171875,496267.4375,Lagos,False,,Lagos,winning,False,1008.45,1.0,False
2026-08-01,213,BuyerAgent,Lagos,2,0.0,0.0,,,,,,,,,,
2026-08-01,214,BuyerAgent,Lagos,1,1210.426025390625,1210.426025390625,,,,,,,,,,
2026-08-01,215,BuyerAgent,Lagos,1,1210.426025390625,1499.364013671875,,,,,,,,,,
2026-08-01,216,BuyerAgent,Lagos,0,1210.426025390625,1499.364013671875,,,,,,,,,,
2026-08-01,217,BuyerAgent,Lagos,1,659.53125,948.46923828125,,,,,,,,,,
2026-08-01,218,BuyerAgent,Lagos,0,659.53125,659.53125,,,,,,,,,,
2026-08-01,219,BuyerAgent,Lagos,1,314.0625,314.0625,,,,,,,,,,
2026-08-01,220,BuyerAgent,Lagos,1,0.0,288.93798828125,,,,,,,,,,
2026-08-01,221,BuyerAgent,Lagos,1,0.0,288.93798828125,,,,,,,,,,
2026-08-01,222,BuyerAgent,Lagos,2,0.0,288.93798828125,,,,,,,,,,
2026-08-01,223,BuyerAgent,Lagos,2,0.0,288.93798828125,,,,,,,,,,
2026-08-01,224,BuyerAgent,Lagos,1,0.0,0.0,,,,,,,,,,
2026-08-01,225,BuyerAgent,Lagos,2,0.0,0.0,,,,,,,,,,
2026-08-01,226,BuyerAgent,Lagos,0,0.0,0.0,,,,,,,,,,
2026-08-01,227,BuyerAgent,Lagos,1,0.0,0.0,,,,,,,,,,
2026-08-01,228,BuyerAgent,Lagos,2,0.0,0.0,,,,,,,,,,
2026-08-01,229,BuyerAgent,Lagos,1,0.0,0.0,,,,,,,,,,
2026-08-01,230,BuyerAgent,Lagos,2,0.0,0.0,,,,,,,,,,
2026-08-01,231,BuyerAgent,Lagos,0,0.0,0.0,,,,,,,,,,
2026-08-01,232,BuyerAgent,Lagos,2,0.0,0.0,,,,,,,,,,
2026-08-01,233,BuyerAgent,Lagos,1,0.0,0.0,,,,,,,,,,
2026-08-01,234,BuyerAgent,Lagos,1,0.0,0.0,,,,,,,,,,
2026-08-01,235,BuyerAgent,Lagos,0,0.0,0.0,,,,,,,,,,
2026-08-01,236,BuyerAgent,Lagos,0,0.0,0.0,,,,,,,,,,
2026-08-01,237,BuyerAgent,Lagos,0,0.0,0.0,,,,,,,,,,
2026-08-01,238,BuyerAgent,Lagos,0,0.0,0.0,,,,,,,,,,
2026-08-01,239,BuyerAgent,Lagos,2,0.0,0.0,,,,,,,,,,
2026-08-01,240,BuyerAgent,Lagos,0,0.0,0.0,,,,,,,,,,
2026-08-01,241,BuyerAgent,Lagos,2,0.0,0.0,,,,,,,,,,
2026-08-01,242,BuyerAgent,Lagos,1,0.0,0.0,,,,,,,,,,
2026-08-01,243,TransporterAgent,Lagos,1,-200.0,-150.0,,,,,,,,,,
2026-08-01,244,TransporterAgent,Lagos,0,10.018361448263176,-189.98163855173684,,,,,,,,,,
2026-08-01,245,TransporterAgent,Lagos,0,10.018361448263176,60.01836144826318,,,,,,,,,,
2026-08-01,246,TransporterAgent,Lagos,0,10.018361448263176,-189.98163855173684,,,,,,,,,,
2026-08-01,247,TransporterAgent,Lagos,1,-200.0,-100.0,,,,,,,,,,
2026-08-01,248,TransporterAgent,Lagos,2,100.0,-100.0,,,,,,,,,,
2026-08-01,249,TransporterAgent,Lagos,0,10.018361448263176,60.01836144826318,,,,,,,,,,
2026-08-01,250,TransporterAgent,Lagos,1,-200.0,-100.0,,,,,,,,,,
2026-08-01,251,TransporterAgent,Lagos,3,50.0,150.0,,,,,,,,,,
2026-08-01,252,TransporterAgent,Lagos,0,10.018361448263176,60.01836144826318,,,,,,,,,,
2026-08-01,253,BankingAgent,Lagos,0,-0.0,0.0,,,,,,,,,,
2026-08-01,254,BankingAgent,Lagos,0,-0.0,-5.3000000000000025,,,,,,,,,,
2026-08-01,255,BankingAgent,Lagos,2,-1.3250000000000006,-7.950000000000005,,,,,,,,,,
2026-08-01,257,TraderAgent,Onitsha,2,-33.5225,1905.8409423828125,483310.375,Onitsha,False,,Onitsha,winning,False,762.88,1.0,False
2026-08-01,258,TraderAgent,Onitsha,1,135.7384354593267,2075.101806640625,478404.15625,Port_Harcourt,True,Port_Harcourt,Port_Harcourt,winning,False,762.88,1.0,True
2026-08-01,259,TraderAgent,Onitsha,1,135.7384354593267,2075.101806640625,451311.96875,Port_Harcourt,True,Port_Harcourt,Port_Harcourt,winning,False,762.88,1.0,True
2026-08-01,260,TraderAgent,Onitsha,1,135.7384354593267,125.7384354593267,445930.59375,Port_Harcourt,True,Port_Harcourt,Port_Harcourt,losing,False,791.37,0.0,True
2026-08-01,261,TraderAgent,Onitsha,1,135.7384354593267,112.7496854593267,491065.8125,Port_Harcourt,True,Port_Harcourt,Port_Harcourt,losing,False,791.37,0.0,True
2026-08-01,262,TraderAgent,Onitsha,0,1835.960693359375,3775.32421875,471933.40625,Onitsha,False,,Onitsha,winning,False,762.88,2.0,False
2026-08-01,263,TraderAgent,Onitsha,0,1835.960693359375,3775.32421875,456426.25,Onitsha,False,,Onitsha,winning,False,762.88,2.0,False
2026-08-01,264,TraderAgent,Onitsha,0,1978.419189453125,1955.430419921875,483739.90625,Onitsha,False,,Onitsha,losing,False,791.37,1.0,False
2026-08-01,265,TraderAgent,Onitsha,0,0.0,134.0474638127378,486194.40625,Onitsha,False,Port_Harcourt,Port_Harcourt,losing,False,835.33,1.0,False
2026-08-01,266,TraderAgent,Onitsha,3,20.0,1959.3634033203125,509123.71875,Onitsha,False,,Onitsha,winning,False,724.73,1.0,False
2026-08-01,267,TraderAgent,Onitsha,3,20.0,40.0,496072.15625,Onitsha,False,,,losing,False,751.8,0.0,False
2026-08-01,268,TraderAgent,Onitsha,3,20.0,40.0,481406.96875,Onitsha,False,,,losing,False,751.8,0.0,False
2026-08-01,269,TraderAgent,Onitsha,3,20.0,10.0,478147.15625,Onitsha,False,,,losing,False,751.8,0.0,False
2026-08-01,270,TraderAgent,Onitsha,4,-10.0,10.0,433361.375,Onitsha,False,,,losing,False,791.37,0.0,False
2026-08-01,271,TraderAgent,Onitsha,3,20.0,10.0,493132.8125,Onitsha,False,,,losing,False,751.8,0.0,False
2026-08-01,272,TraderAgent,Onitsha,1,135.7384354593267,112.7496854593267,460643.6875,Port_Harcourt,True,Port_Harcourt,Port_Harcourt,losing,False,791.37,0.0,True
2026-08-01,273,TraderAgent,Onitsha,0,1978.419189453125,1968.419189453125,494720.90625,Onitsha,False,,Onitsha,losing,False,791.37,1.0,False
2026-08-01,274,TraderAgent,Onitsha,2,-33.5225,-13.5225,469393.625,Onitsha,False,,,losing,False,791.37,0.0,False
2026-08-01,275,TraderAgent,Onitsha,0,1835.960693359375,3775.32421875,447283.25,Onitsha,False,,Onitsha,winning,False,762.88,2.0,False
2026-08-01,276,TraderAgent,Onitsha,1,135.7384354593267,125.7384354593267,417135.5625,Port_Harcourt,True,Port_Harcourt,Port_Harcourt,losing,False,791.37,0.0,True
2026-08-01,277,BuyerAgent,Onitsha,1,362.28271484375,577.767333984375,,,,,,,,,,
2026-08-01,278,BuyerAgent,Onitsha,0,362.28271484375,577.767333984375,,,,,,,,,,
2026-08-01,279,BuyerAgent,Onitsha,2,0.0,215.484619140625,,,,,,,,,,
2026-08-01,280,BuyerAgent,Onitsha,2,0.0,215.484619140625,,,,,,,,,,
2026-08-01,281,BuyerAgent,Onitsha,2,0.0,215.484619140625,,,,,,,,,,
2026-08-01,282,BuyerAgent,Onitsha,2,0.0,0.0,,,,,,,,,,
2026-08-01,283,BuyerAgent,Onitsha,1,362.28271484375,577.767333984375,,,,,,,,,,
2026-08-01,284,BuyerAgent,Onitsha,0,219.82421875,219.82421875,,,,,,,,,,
2026-08-01,285,BuyerAgent,Onitsha,0,219.82421875,219.82421875,,,,,,,,,,
2026-08-01,286,BuyerAgent,Onitsha,2,0.0,215.484619140625,,,,,,,,,,
2026-08-01,287,BuyerAgent,Onitsha,1,0.0,0.0,,,,,,,,,,
2026-08-01,288,BuyerAgent,Onitsha,1,0.0,0.0,,,,,,,,,,
2026-08-01,289,BuyerAgent,Onitsha,1,0.0,0.0,,,,,,,,,,
2026-08-01,290,BuyerAgent,Onitsha,2,0.0,0.0,,,,,,,,,,
2026-08-01,291,BuyerAgent,Onitsha,0,0.0,0.0,,,,,,,,,,
2026-08-01,292,BuyerAgent,Onitsha,2,0.0,0.0,,,,,,,,,,
2026-08-01,293,BuyerAgent,Onitsha,2,0.0,0.0,,,,,,,,,,
2026-08-01,294,BuyerAgent,Onitsha,0,0.0,0.0,,,,,,,,,,
2026-08-01,295,BuyerAgent,Onitsha,1,0.0,0.0,,,,,,,,,,
2026-08-01,296,BuyerAgent,Onitsha,0,0.0,0.0,,,,,,,,,,
2026-08-01,297,BuyerAgent,Onitsha,0,0.0,0.0,,,,,,,,,,
2026-08-01,298,BuyerAgent,Onitsha,1,0.0,0.0,,,,,,,,,,
2026-08-01,299,BuyerAgent,Onitsha,0,0.0,0.0,,,,,,,,,,
2026-08-01,300,BuyerAgent,Onitsha,1,0.0,0.0,,,,,,,,,,
2026-08-01,301,BuyerAgent,Onitsha,2,0.0,0.0,,,,,,,,,,
2026-08-01,302,BuyerAgent,Onitsha,0,0.0,0.0,,,,,,,,,,
2026-08-01,303,BuyerAgent,Onitsha,1,0.0,0.0,,,,,,,,,,
2026-08-01,304,BuyerAgent,Onitsha,2,0.0,0.0,,,,,,,,,,
2026-08-01,305,BuyerAgent,Onitsha,1,0.0,0.0,,,,,,,,,,
2026-08-01,306,BuyerAgent,Onitsha,0,0.0,0.0,,,,,,,,,,
2026-08-01,307,TransporterAgent,Onitsha,1,-200.0,-150.0,,,,,,,,,,
2026-08-01,308,TransporterAgent,Onitsha,3,50.0,100.0,,,,,,,,,,
2026-08-01,309,TransporterAgent,Onitsha,3,50.0,150.0,,,,,,,,,,
2026-08-01,310,TransporterAgent,Onitsha,1,-200.0,-100.0,,,,,,,,,,
2026-08-01,311,TransporterAgent,Onitsha,0,0.0,0.0,,,,,,,,,,
2026-08-01,312,TransporterAgent,Onitsha,2,100.0,-100.0,,,,,,,,,,
2026-08-01,313,TransporterAgent,Onitsha,1,-200.0,-200.0,,,,,,,,,,
2026-08-01,314,TransporterAgent,Onitsha,3,50.0,100.0,,,,,,,,,,
2026-08-01,315,TransporterAgent,Onitsha,1,-200.0,-100.0,,,,,,,,,,
2026-08-01,316,TransporterAgent,Onitsha,0,0.0,50.0,,,,,,,,,,
2026-08-01,317,BankingAgent,Onitsha,1,-2.6500000000000012,-10.600000000000005,,,,,,,,,,
2026-08-01,318,BankingAgent,Onitsha,0,-0.0,-5.3000000000000025,,,,,,,,,,
2026-08-01,319,BankingAgent,Onitsha,1,-2.6500000000000012,-7.950000000000004,,,,,,,,,,
2026-08-01,321,TraderAgent,Port_Harcourt,3,20.0,40.0,539120.0,Port_Harcourt,False,,,losing,False,1164.32,0.0,False
2026-08-01,322,TraderAgent,Port_Harcourt,2,-22.98875,-56.511250000000004,565540.125,Port_Harcourt,False,,,losing,False,1225.6,0.0,False
2026-08-01,323,TraderAgent,Port_Harcourt,0,2837.24072265625,5833.396484375,545352.0,Port_Harcourt,False,,Port_Harcourt,winning,False,1180.25,2.0,False
2026-08-01,324,TraderAgent,Port_Harcourt,1,135.21494797231102,101.69244797231102,511696.125,Onitsha,True,Onitsha,Onitsha,losing,False,1225.6,0.0,True
2026-08-01,325,TraderAgent,Port_Harcourt,0,2837.24072265625,5833.396484375,552036.0,Port_Harcourt,False,,Port_Harcourt,winning,False,1180.25,2.0,False
2026-08-01,326,TraderAgent,Port_Harcourt,2,-22.98875,-56.511250000000004,547527.4375,Port_Harcourt,False,,,losing,False,1225.6,0.0,False
2026-08-01,327,TraderAgent,Port_Harcourt,0,5705.3486328125,5841.1630859375,541393.5,Port_Harcourt,False,Onitsha,Onitsha,losing,False,1004.11,1.0,False
2026-08-01,328,TraderAgent,Port_Harcourt,2,-22.98875,2973.167236328125,563487.0,Port_Harcourt,False,,Port_Harcourt,winning,False,1180.25,1.0,False
2026-08-01,329,TraderAgent,Port_Harcourt,0,3063.99462890625,3083.99462890625,540217.3125,Port_Harcourt,False,,Port_Harcourt,losing,False,1225.6,1.0,False
2026-08-01,330,TraderAgent,Port_Harcourt,1,135.21494797231102,125.21494797231102,551335.75,Onitsha,True,Onitsha,Onitsha,losing,False,1225.6,0.0,True
2026-08-01,331,TraderAgent,Port_Harcourt,3,20.0,3016.156005859375,545523.375,Port_Harcourt,False,,Port_Harcourt,winning,False,1121.23,1.0,False
2026-08-01,332,TraderAgent,Port_Harcourt,4,-10.0,-43.5225,492764.875,Port_Harcourt,False,,,losing,False,1225.6,0.0,False
2026-08-01,333,TraderAgent,Port_Harcourt,0,3063.99462890625,3053.99462890625,539135.1875,Port_Harcourt,False,,Port_Harcourt,losing,False,1225.6,1.0,False
2026-08-01,334,TraderAgent,Port_Harcourt,0,3063.99462890625,3083.99462890625,556490.75,Port_Harcourt,False,,Port_Harcourt,losing,False,1225.6,1.0,False
2026-08-01,335,TraderAgent,Port_Harcourt,2,-22.98875,-2.9887499999999996,525772.1875,Port_Harcourt,False,,,losing,False,1225.6,0.0,False
2026-08-01,336,TraderAgent,Port_Harcourt,0,5705.3486328125,5841.1630859375,558825.3125,Port_Harcourt,False,Onitsha,Onitsha,losing,False,1004.11,1.0,False
2026-08-01,337,TraderAgent,Port_Harcourt,3,20.0,40.0,547344.8125,Port_Harcourt,False,,,losing,False,1164.32,0.0,False
2026-08-01,338,TraderAgent,Port_Harcourt,0,3063.99462890625,3030.47216796875,507499.3125,Port_Harcourt,False,,Port_Harcourt,losing,False,1225.6,1.0,False
2026-08-01,339,TraderAgent,Port_Harcourt,2,-22.98875,-32.988749999999996,540941.125,Port_Harcourt,False,,,losing,False,1225.6,0.0,False
2026-08-01,340,TraderAgent,Port_Harcourt,1,135.21494797231102,125.21494797231102,530906.3125,Onitsha,True,Onitsha,Onitsha,losing,False,1225.6,0.0,True
2026-08-01,341,BuyerAgent,Port_Harcourt,0,1447.857666015625,1447.857666015625,,,,,,,,,,
2026-08-01,342,BuyerAgent,Port_Harcourt,1,1447.857666015625,1780.76416015625,,,,,,,,,,
2026-08-01,343,BuyerAgent,Port_Harcourt,0,567.197265625,900.103759765625,,,,,,,,,,
2026-08-01,344,BuyerAgent,Port_Harcourt,1,567.197265625,900.103759765625,,,,,,,,,,
2026-08-01,345,BuyerAgent,Port_Harcourt,1,340.443115234375,673.349609375,,,,,,,,,,
2026-08-01,346,BuyerAgent,Port_Harcourt,2,0.0,0.0,,,,,,,,,,
2026-08-01,347,BuyerAgent,Port_Harcourt,0,340.443115234375,340.443115234375,,,,,,,,,,
2026-08-01,348,BuyerAgent,Port_Harcourt,1,340.443115234375,340.443115234375,,,,,,,,,,
2026-08-01,349,BuyerAgent,Port_Harcourt,1,340.443115234375,340.443115234375,,,,,,,,,,
2026-08-01,350,BuyerAgent,Port_Harcourt,2,0.0,0.0,,,,,,,,,,
2026-08-01,351,BuyerAgent,Port_Harcourt,2,0.0,0.0,,,,,,,,,,
2026-08-01,352,BuyerAgent,Port_Harcourt,2,0.0,0.0,,,,,,,,,,
2026-08-01,353,BuyerAgent,Port_Harcourt,0,0.0,0.0,,,,,,,,,,
2026-08-01,354,BuyerAgent,Port_Harcourt,0,0.0,0.0,,,,,,,,,,
2026-08-01,355,BuyerAgent,Port_Harcourt,0,0.0,0.0,,,,,,,,,,
2026-08-01,356,BuyerAgent,Port_Harcourt,2,0.0,0.0,,,,,,,,,,
2026-08-01,357,BuyerAgent,Port_Harcourt,0,0.0,0.0,,,,,,,,,,
2026-08-01,358,BuyerAgent,Port_Harcourt,2,0.0,0.0,,,,,,,,,,
2026-08-01,359,BuyerAgent,Port_Harcourt,0,0.0,0.0,,,,,,,,,,
2026-08-01,360,BuyerAgent,Port_Harcourt,0,0.0,0.0,,,,,,,,,,
2026-08-01,361,BuyerAgent,Port_Harcourt,0,0.0,0.0,,,,,,,,,,
2026-08-01,362,BuyerAgent,Port_Harcourt,0,0.0,0.0,,,,,,,,,,
2026-08-01,363,BuyerAgent,Port_Harcourt,1,0.0,0.0,,,,,,,,,,
2026-08-01,364,BuyerAgent,Port_Harcourt,2,0.0,0.0,,,,,,,,,,
2026-08-01,365,BuyerAgent,Port_Harcourt,1,0.0,0.0,,,,,,,,,,
2026-08-01,366,BuyerAgent,Port_Harcourt,2,0.0,0.0,,,,,,,,,,
2026-08-01,367,BuyerAgent,Port_Harcourt,1,0.0,0.0,,,,,,,,,,
2026-08-01,368,BuyerAgent,Port_Harcourt,0,0.0,0.0,,,,,,,,,,
2026-08-01,369,BuyerAgent,Port_Harcourt,0,0.0,0.0,,,,,,,,,,
2026-08-01,370,BuyerAgent,Port_Harcourt,0,0.0,0.0,,,,,,,,,,
2026-08-01,371,TransporterAgent,Port_Harcourt,3,50.0,50.50550896284726,,,,,,,,,,
2026-08-01,372,TransporterAgent,Port_Harcourt,2,100.0,150.0,,,,,,,,,,
2026-08-01,373,TransporterAgent,Port_Harcourt,2,100.0,-100.0,,,,,,,,,,
2026-08-01,374,TransporterAgent,Port_Harcourt,1,-200.0,-100.0,,,,,,,,,,
2026-08-01,375,TransporterAgent,Port_Harcourt,0,0.6073892887607099,100.60738928876071,,,,,,,,,,
2026-08-01,376,TransporterAgent,Port_Harcourt,0,0.6073892887607099,100.60738928876071,,,,,,,,,,
2026-08-01,377,TransporterAgent,Port_Harcourt,0,0.6073892887607099,1.1128982516079668,,,,,,,,,,
2026-08-01,378,TransporterAgent,Port_Harcourt,1,-200.0,-199.49449103715276,,,,,,,,,,
2026-08-01,379,TransporterAgent,Port_Harcourt,2,100.0,100.50550896284726,,,,,,,,,,
2026-08-01,380,TransporterAgent,Port_Harcourt,1,-200.0,-199.49449103715276,,,,,,,,,,
2026-08-01,381,BankingAgent,Port_Harcourt,0,-0.0,-5.3000000000000025,,,,,,,,,,
2026-08-01,382,BankingAgent,Port_Harcourt,2,-1.3250000000000006,-2.6500000000000012,,,,,,,,,,
2026-08-01,383,BankingAgent,Port_Harcourt,2,-1.3250000000000006,-7.950000000000005,,,,,,,,,,
2026-09-01,1,TraderAgent,Abuja,3,20.0,30.0,488269.15625,Abuja,False,,,winning,False,256.5,0.0,False
2026-09-01,2,TraderAgent,Abuja,0,0.0,97.97842359257339,418690.125,Abuja,False,Onitsha,Onitsha,winning,False,285.0,1.0,False
2026-09-01,3,TraderAgent,Abuja,3,20.0,154.1141569160651,464394.3125,Abuja,False,Onitsha,Onitsha,winning,False,270.75,1.0,False
2026-09-01,4,TraderAgent,Abuja,0,715.6875610351562,1474.5126953125,463963.8125,Abuja,False,,Abuja,winning,False,278.14,2.0,False
2026-09-01,5,TraderAgent,Abuja,0,0.0,900.3259887695312,470762.40625,Abuja,False,Onitsha,Onitsha,winning,False,285.0,2.0,False
2026-09-01,6,TraderAgent,Abuja,0,675.0,607.9550170898438,468210.8125,Abuja,False,,Abuja,losing,False,270.0,1.0,False
2026-09-01,7,TraderAgent,Abuja,0,750.0,884.1141357421875,389809.3125,Abuja,False,Onitsha,Abuja,winning,False,285.0,2.0,False
2026-09-01,8,TraderAgent,Abuja,0,715.6875610351562,1504.5126953125,467026.71875,Abuja,False,,Abuja,winning,False,278.14,2.0,False
2026-09-01,9,TraderAgent,Abuja,0,0.0,900.3259887695312,406726.375,Abuja,False,Onitsha,Onitsha,winning,False,285.0,2.0,False
2026-09-01,10,TraderAgent,Abuja,0,715.6875610351562,1450.9901123046875,445013.5625,Abuja,False,,Abuja,winning,False,278.14,2.0,False
2026-09-01,11,TraderAgent,Abuja,0,675.0,655.0,481930.1875,Abuja,False,,Abuja,losing,False,270.0,1.0,False
2026-09-01,12,TraderAgent,Abuja,0,750.0,884.1141357421875,451875.03125,Abuja,False,Onitsha,Abuja,winning,False,285.0,2.0,False
2026-09-01,13,TraderAgent,Abuja,2,-26.5,-40.0225,493911.25,Abuja,False,,,losing,False,270.0,0.0,False
2026-09-01,14,TraderAgent,Abuja,2,-26.5,107.6141569160651,471501.8125,Abuja,False,Onitsha,Onitsha,winning,False,285.0,1.0,False
2026-09-01,15,TraderAgent,Abuja,0,0.0,121.5009235925734,465867.1875,Abuja,False,Onitsha,Onitsha,winning,False,285.0,1.0,False
2026-09-01,16,TraderAgent,Abuja,4,-10.0,-30.0,392684.09375,Abuja,False,,,losing,False,270.0,0.0,False
2026-09-01,17,TraderAgent,Abuja,0,675.0,631.4774780273438,444821.53125,Abuja,False,,Abuja,losing,False,270.0,1.0,False
2026-09-01,18,TraderAgent,Abuja,0,0.0,121.5009235925734,467831.53125,Abuja,False,Onitsha,Onitsha,winning,False,285.0,1.0,False
2026-09-01,19,TraderAgent,Abuja,3,20.0,808.8250732421875,468167.09375,Abuja,False,,Abuja,winning,False,264.23,1.0,False
2026-09-01,20,TraderAgent,Abuja,3,20.0,154.1141569160651,477933.90625,Abuja,False,Onitsha,Onitsha,winning,False,270.75,1.0,False
2026-09-01,21,BuyerAgent,Abuja,2,0.0,85.42510986328125,,,,,,,,,,
2026-09-01,22,BuyerAgent,Abuja,2,0.0,0.0,,,,,,,,,,
2026-09-01,23,BuyerAgent,Abuja,0,75.0,160.42510986328125,,,,,,,,,,
2026-09-01,24,BuyerAgent,Abuja,1,75.0,160.42510986328125,,,,,,,,,,
2026-09-01,25,BuyerAgent,Abuja,0,75.0,160.42510986328125,,,,,,,,,,
2026-09-01,26,BuyerAgent,Abuja,1,34.31243896484375,119.737548828125,,,,,,,,,,
2026-09-01,27,BuyerAgent,Abuja,1,34.31243896484375,34.31243896484375,,,,,,,,,,
2026-09-01,28,BuyerAgent,Abuja,0,34.31243896484375,34.31243896484375,,,,,,,,,,
2026-09-01,29,BuyerAgent,Abuja,1,0.0,0.0,,,,,,,,,,
2026-09-01,30,BuyerAgent,Abuja,1,0.0,0.0,,,,,,,,,,
2026-09-01,31,BuyerAgent,Abuja,1,0.0,0.0,,,,,,,,,,
2026-09-01,32,BuyerAgent,Abuja,1,0.0,85.42510986328125,,,,,,,,,,
2026-09-01,33,BuyerAgent,Abuja,2,0.0,0.0,,,,,,,,,,
2026-09-01,34,BuyerAgent,Abuja,1,0.0,0.0,,,,,,,,,,
2026-09-01,35,BuyerAgent,Abuja,0,0.0,0.0,,,,,,,,,,
2026-09-01,36,BuyerAgent,Abuja,2,0.0,0.0,,,,,,,,,,
2026-09-01,37,BuyerAgent,Abuja,2,0.0,0.0,,,,,,,,,,
2026-09-01,38,BuyerAgent,Abuja,2,0.0,0.0,,,,,,,,,,
2026-09-01,39,BuyerAgent,Abuja,2,0.0,0.0,,,,,,,,,,
2026-09-01,40,BuyerAgent,Abuja,0,0.0,0.0,,,,,,,,,,
2026-09-01,41,BuyerAgent,Abuja,1,0.0,0.0,,,,,,,,,,
2026-09-01,42,BuyerAgent,Abuja,2,0.0,0.0,,,,,,,,,,
2026-09-01,43,BuyerAgent,Abuja,2,0.0,0.0,,,,,,,,,,
2026-09-01,44,BuyerAgent,Abuja,0,0.0,0.0,,,,,,,,,,
2026-09-01,45,BuyerAgent,Abuja,1,0.0,0.0,,,,,,,,,,
2026-09-01,46,BuyerAgent,Abuja,2,0.0,0.0,,,,,,,,,,
2026-09-01,47,BuyerAgent,Abuja,1,0.0,0.0,,,,,,,,,,
2026-09-01,48,BuyerAgent,Abuja,0,0.0,0.0,,,,,,,,,,
2026-09-01,49,BuyerAgent,Abuja,0,0.0,0.0,,,,,,,,,,
2026-09-01,50,BuyerAgent,Abuja,2,0.0,0.0,,,,,,,,,,
2026-09-01,51,TransporterAgent,Abuja,3,50.0,250.0,,,,,,,,,,
2026-09-01,52,TransporterAgent,Abuja,3,50.0,107.81212989928443,,,,,,,,,,
2026-09-01,53,TransporterAgent,Abuja,0,7.697263694338267,115.79482009344758,,,,,,,,,,
2026-09-01,54,TransporterAgent,Abuja,0,7.697263694338267,-184.20517990655242,,,,,,,,,,
2026-09-01,55,TransporterAgent,Abuja,3,50.0,158.09755639910932,,,,,,,,,,
2026-09-01,56,TransporterAgent,Abuja,0,7.697263694338267,157.69726369433826,,,,,,,,,,
2026-09-01,57,TransporterAgent,Abuja,3,50.0,200.0,,,,,,,,,,
2026-09-01,58,TransporterAgent,Abuja,0,7.697263694338267,-184.20517990655242,,,,,,,,,,
2026-09-01,59,TransporterAgent,Abuja,0,7.697263694338267,157.69726369433826,,,,,,,,,,
2026-09-01,60,TransporterAgent,Abuja,1,-200.0,-92.18787010071557,,,,,,,,,,
2026-09-01,61,BankingAgent,Abuja,1,-2.6500000000000012,-10.600000000000005,,,,,,,,,,
2026-09-01,62,BankingAgent,Abuja,1,-2.6500000000000012,-10.600000000000005,,,,,,,,,,
2026-09-01,63,BankingAgent,Abuja,0,-0.0,-10.600000000000005,,,,,,,,,,
2026-09-01,65,TraderAgent,Bauchi,3,20.0,155.37495516232073,478887.1875,Bauchi,False,Onitsha,Onitsha,winning,False,288.43,1.0,False
2026-09-01,66,TraderAgent,Bauchi,0,0.0,154.887885071278,312287.375,Bauchi,False,Onitsha,Onitsha,winning,False,303.61,1.0,False
2026-09-01,67,TraderAgent,Bauchi,0,0.0,111.899135071278,474059.1875,Bauchi,False,Onitsha,Onitsha,winning,False,303.61,1.0,False
2026-09-01,68,TraderAgent,Bauchi,1,134.51194474594922,128.01194474594922,275597.71875,Onitsha,True,Onitsha,Onitsha,winning,False,287.63,0.0,True
2026-09-01,69,TraderAgent,Bauchi,4,-10.0,0.0,249637.234375,Bauchi,False,,,losing,False,287.63,0.0,False
2026-09-01,70,TraderAgent,Bauchi,4,-10.0,-59.488749999999996,449937.71875,Bauchi,False,,,losing,False,287.63,0.0,False
2026-09-01,71,TraderAgent,Bauchi,0,0.0,111.899135071278,370427.03125,Bauchi,False,Onitsha,Onitsha,winning,False,303.61,1.0,False
2026-09-01,72,TraderAgent,Bauchi,2,-33.5225,-70.02250000000001,324234.96875,Bauchi,False,,,losing,False,287.63,0.0,False
2026-09-01,73,TraderAgent,Bauchi,3,20.0,634.6839599609375,495716.4375,Bauchi,False,,Bauchi,winning,False,252.77,1.0,False
2026-09-01,74,TraderAgent,Bauchi,0,0.0,111.899135071278,256657.546875,Bauchi,False,Onitsha,Onitsha,winning,False,303.61,1.0,False
2026-09-01,75,TraderAgent,Bauchi,2,-33.5225,-53.5225,515989.75,Bauchi,False,,,losing,False,287.63,0.0,False
2026-09-01,76,TraderAgent,Bauchi,0,0.0,111.899135071278,434570.3125,Bauchi,False,Onitsha,Onitsha,winning,False,303.61,1.0,False
2026-09-01,77,TraderAgent,Bauchi,4,-10.0,125.37495516232073,395795.59375,Bauchi,False,Onitsha,Onitsha,winning,False,303.61,1.0,False
2026-09-01,78,TraderAgent,Bauchi,4,-10.0,125.37495516232073,487852.375,Bauchi,False,Onitsha,Onitsha,winning,False,303.61,1.0,False
2026-09-01,79,TraderAgent,Bauchi,1,134.51194474594922,680.779541015625,469612.5625,Onitsha,True,Onitsha,Onitsha,winning,False,252.51,1.0,True
2026-09-01,80,TraderAgent,Bauchi,4,-10.0,0.0,516387.09375,Bauchi,False,,,losing,False,287.63,0.0,False
2026-09-01,81,TraderAgent,Bauchi,0,719.0774536132812,669.5886840820312,327988.78125,Bauchi,False,,Bauchi,losing,False,287.63,1.0,False
2026-09-01,82,TraderAgent,Bauchi,0,543.4536743164062,1119.72119140625,446068.90625,Bauchi,False,,Bauchi,winning,False,252.51,2.0,False
2026-09-01,83,TraderAgent,Bauchi,4,-10.0,1080.676513671875,517038.1875,Bauchi,False,,Bauchi,winning,False,266.07,2.0,False
2026-09-01,84,TraderAgent,Bauchi,2,-33.5225,1057.154052734375,403468.40625,Bauchi,False,,Bauchi,winning,False,266.07,2.0,False
2026-09-01,85,BuyerAgent,Bauchi,2,0.0,235.92361450195312,,,,,,,,,,
2026-09-01,86,BuyerAgent,Bauchi,2,0.0,0.0,,,,,,,,,,
2026-09-01,87,BuyerAgent,Bauchi,2,0.0,235.92361450195312,,,,,,,,,,
2026-09-01,88,BuyerAgent,Bauchi,1,255.521240234375,326.37359619140625,,,,,,,,,,
2026-09-01,89,BuyerAgent,Bauchi,1,79.8974609375,141.70486450195312,,,,,,,,,,
2026-09-01,90,BuyerAgent,Bauchi,0,0.0,61.807403564453125,,,,,,,,,,
2026-09-01,91,BuyerAgent,Bauchi,1,0.0,0.0,,,,,,,,,,
2026-09-01,92,BuyerAgent,Bauchi,0,0.0,0.0,,,,,,,,,,
2026-09-01,93,BuyerAgent,Bauchi,2,0.0,0.0,,,,,,,,,,
2026-09-01,94,BuyerAgent,Bauchi,2,0.0,0.0,,,,,,,,,,
2026-09-01,95,BuyerAgent,Bauchi,0,0.0,0.0,,,,,,,,,,
2026-09-01,96,BuyerAgent,Bauchi,0,0.0,0.0,,,,,,,,,,
2026-09-01,97,BuyerAgent,Bauchi,2,0.0,0.0,,,,,,,,,,
2026-09-01,98,BuyerAgent,Bauchi,2,0.0,0.0,,,,,,,,,,
2026-09-01,99,BuyerAgent,Bauchi,2,0.0,0.0,,,,,,,,,,
2026-09-01,100,BuyerAgent,Bauchi,2,0.0,0.0,,,,,,,,,,
2026-09-01,101,BuyerAgent,Bauchi,1,0.0,0.0,,,,,,,,,,
2026-09-01,102,BuyerAgent,Bauchi,1,0.0,0.0,,,,,,,,,,
2026-09-01,103,BuyerAgent,Bauchi,1,0.0,0.0,,,,,,,,,,
2026-09-01,104,BuyerAgent,Bauchi,2,0.0,0.0,,,,,,,,,,
2026-09-01,105,BuyerAgent,Bauchi,1,0.0,0.0,,,,,,,,,,
2026-09-01,106,BuyerAgent,Bauchi,0,0.0,0.0,,,,,,,,,,
2026-09-01,107,BuyerAgent,Bauchi,0,0.0,0.0,,,,,,,,,,
2026-09-01,108,BuyerAgent,Bauchi,0,0.0,0.0,,,,,,,,,,
2026-09-01,109,BuyerAgent,Bauchi,1,0.0,0.0,,,,,,,,,,
2026-09-01,110,BuyerAgent,Bauchi,2,0.0,0.0,,,,,,,,,,
2026-09-01,111,BuyerAgent,Bauchi,1,0.0,0.0,,,,,,,,,,
2026-09-01,112,BuyerAgent,Bauchi,2,0.0,0.0,,,,,,,,,,
2026-09-01,113,BuyerAgent,Bauchi,0,0.0,0.0,,,,,,,,,,
2026-09-01,114,BuyerAgent,Bauchi,2,0.0,0.0,,,,,,,,,,
2026-09-01,115,TransporterAgent,Bauchi,2,100.0,300.0,,,,,,,,,,
2026-09-01,116,TransporterAgent,Bauchi,0,0.0,0.0,,,,,,,,,,
2026-09-01,117,TransporterAgent,Bauchi,3,50.0,200.0,,,,,,,,,,
2026-09-01,118,TransporterAgent,Bauchi,0,0.0,100.0,,,,,,,,,,
2026-09-01,119,TransporterAgent,Bauchi,1,-200.0,-300.0,,,,,,,,,,
2026-09-01,120,TransporterAgent,Bauchi,1,-200.0,-300.0,,,,,,,,,,
2026-09-01,121,TransporterAgent,Bauchi,1,-200.0,-150.0,,,,,,,,,,
2026-09-01,122,TransporterAgent,Bauchi,0,0.0,200.0,,,,,,,,,,
2026-09-01,123,TransporterAgent,Bauchi,2,100.0,-100.0,,,,,,,,,,
2026-09-01,124,TransporterAgent,Bauchi,3,50.0,200.0,,,,,,,,,,
2026-09-01,125,BankingAgent,Bauchi,0,-0.0,-10.600000000000005,,,,,,,,,,
2026-09-01,126,BankingAgent,Bauchi,1,-2.6500000000000012,-10.600000000000005,,,,,,,,,,
2026-09-01,127,BankingAgent,Bauchi,1,-2.6500000000000012,-7.950000000000004,,,,,,,,,,
2026-09-01,129,TraderAgent,Kano,0,1005.0,1131.0657958984375,418507.1875,Kano,False,Onitsha,Kano,winning,False,381.9,2.0,False
2026-09-01,130,TraderAgent,Kano,1,124.39207530486449,1541.442138671875,433817.125,Onitsha,True,Onitsha,Onitsha,winning,False,336.67,2.0,True
2026-09-01,131,TraderAgent,Kano,0,0.0,848.0968017578125,413752.09375,Kano,False,Onitsha,Onitsha,winning,False,381.9,2.0,False
2026-09-01,132,TraderAgent,Kano,2,-26.5,674.1112060546875,463996.03125,Kano,False,,Kano,winning,False,321.6,1.0,False
2026-09-01,133,TraderAgent,Kano,4,-10.0,30.0,405992.375,Kano,False,,,losing,False,361.8,0.0,False
2026-09-01,134,TraderAgent,Kano,0,778.8748168945312,1559.40234375,396067.0,Kano,False,,Kano,winning,False,336.67,2.0,False
2026-09-01,135,TraderAgent,Kano,3,20.0,30.0,442732.4375,Kano,False,,,losing,False,343.71,0.0,False
2026-09-01,136,TraderAgent,Kano,1,124.39207530486449,1541.442138671875,446367.875,Onitsha,True,Onitsha,Onitsha,winning,False,336.67,2.0,True
2026-09-01,137,TraderAgent,Kano,0,0.0,114.49681459554137,413989.625,Kano,False,Onitsha,Onitsha,winning,False,381.9,1.0,False
2026-09-01,138,TraderAgent,Kano,0,703.499755859375,1417.0997314453125,450706.40625,Kano,False,,Kano,winning,False,321.6,2.0,False
2026-09-01,139,TraderAgent,Kano,2,-26.5,674.1112060546875,449957.1875,Kano,False,,Kano,winning,False,321.6,1.0,False
2026-09-01,140,TraderAgent,Kano,4,-10.0,116.0657634347087,432186.46875,Kano,False,Onitsha,Onitsha,winning,False,381.9,1.0,False
2026-09-01,141,TraderAgent,Kano,3,20.0,146.06576343470869,450198.625,Kano,False,Onitsha,Onitsha,winning,False,362.8,1.0,False
2026-09-01,142,TraderAgent,Kano,3,20.0,800.5274658203125,477110.90625,Kano,False,,Kano,winning,False,319.84,1.0,False
2026-09-01,143,TraderAgent,Kano,3,20.0,763.5999755859375,466592.8125,Kano,False,,Kano,winning,False,305.52,1.0,False
2026-09-01,144,TraderAgent,Kano,0,0.0,848.0968017578125,413537.375,Kano,False,Onitsha,Onitsha,winning,False,381.9,2.0,False
2026-09-01,145,TraderAgent,Kano,0,0.0,848.0968017578125,392561.53125,Kano,False,Onitsha,Onitsha,winning,False,381.9,2.0,False
2026-09-01,146,TraderAgent,Kano,1,124.39207530486449,867.9920654296875,411419.3125,Onitsha,True,Onitsha,Onitsha,winning,False,321.6,1.0,True
2026-09-01,147,TraderAgent,Kano,1,124.39207530486449,164.39207530486448,388797.46875,Onitsha,True,Onitsha,Onitsha,winning,False,361.8,0.0,True
2026-09-01,148,TraderAgent,Kano,3,20.0,733.5999755859375,468614.6875,Kano,False,,Kano,winning,False,305.52,1.0,False
2026-09-01,149,BuyerAgent,Kano,0,301.500244140625,381.90032958984375,,,,,,,,,,
2026-09-01,150,BuyerAgent,Kano,2,0.0,80.40008544921875,,,,,,,,,,
2026-09-01,151,BuyerAgent,Kano,1,226.12518310546875,306.5252685546875,,,,,,,,,,
2026-09-01,152,BuyerAgent,Kano,0,0.0,0.0,,,,,,,,,,
2026-09-01,153,BuyerAgent,Kano,0,0.0,80.40008544921875,,,,,,,,,,
2026-09-01,154,BuyerAgent,Kano,0,0.0,80.40008544921875,,,,,,,,,,
2026-09-01,155,BuyerAgent,Kano,2,0.0,291.44989013671875,,,,,,,,,,
2026-09-01,156,BuyerAgent,Kano,0,0.0,211.0498046875,,,,,,,,,,
2026-09-01,157,BuyerAgent,Kano,1,0.0,90.4498291015625,,,,,,,,,,
2026-09-01,158,BuyerAgent,Kano,2,0.0,80.40008544921875,,,,,,,,,,
2026-09-01,159,BuyerAgent,Kano,1,0.0,90.4498291015625,,,,,,,,,,
2026-09-01,160,BuyerAgent,Kano,0,0.0,0.0,,,,,,,,,,
2026-09-01,161,BuyerAgent,Kano,1,0.0,80.40008544921875,,,,,,,,,,
2026-09-01,162,BuyerAgent,Kano,1,0.0,80.40008544921875,,,,,,,,,,
2026-09-01,163,BuyerAgent,Kano,1,0.0,0.0,,,,,,,,,,
2026-09-01,164,BuyerAgent,Kano,2,0.0,0.0,,,,,,,,,,
2026-09-01,165,BuyerAgent,Kano,0,0.0,80.40008544921875,,,,,,,,,,
2026-09-01,166,BuyerAgent,Kano,1,0.0,80.40008544921875,,,,,,,,,,
2026-09-01,167,BuyerAgent,Kano,0,0.0,0.0,,,,,,,,,,
2026-09-01,168,BuyerAgent,Kano,1,0.0,0.0,,,,,,,,,,
2026-09-01,169,BuyerAgent,Kano,0,0.0,0.0,,,,,,,,,,
2026-09-01,170,BuyerAgent,Kano,0,0.0,0.0,,,,,,,,,,
2026-09-01,171,BuyerAgent,Kano,0,0.0,0.0,,,,,,,,,,
2026-09-01,172,BuyerAgent,Kano,0,0.0,0.0,,,,,,,,,,
2026-09-01,173,BuyerAgent,Kano,0,0.0,0.0,,,,,,,,,,
2026-09-01,174,BuyerAgent,Kano,0,0.0,0.0,,,,,,,,,,
2026-09-01,175,BuyerAgent,Kano,2,0.0,0.0,,,,,,,,,,
2026-09-01,176,BuyerAgent,Kano,2,0.0,0.0,,,,,,,,,,
2026-09-01,177,BuyerAgent,Kano,0,0.0,0.0,,,,,,,,,,
2026-09-01,178,BuyerAgent,Kano,0,0.0,0.0,,,,,,,,,,
2026-09-01,179,TransporterAgent,Kano,2,100.0,150.0,,,,,,,,,,
2026-09-01,180,TransporterAgent,Kano,2,100.0,300.0,,,,,,,,,,
2026-09-01,181,TransporterAgent,Kano,1,-200.0,-150.0,,,,,,,,,,
2026-09-01,182,TransporterAgent,Kano,3,50.0,-150.0,,,,,,,,,,
2026-09-01,183,TransporterAgent,Kano,0,0.0,200.0,,,,,,,,,,
2026-09-01,184,TransporterAgent,Kano,2,100.0,150.0,,,,,,,,,,
2026-09-01,185,TransporterAgent,Kano,3,50.0,100.0,,,,,,,,,,
2026-09-01,186,TransporterAgent,Kano,2,100.0,200.0,,,,,,,,,,
2026-09-01,187,TransporterAgent,Kano,2,100.0,200.0,,,,,,,,,,
2026-09-01,188,TransporterAgent,Kano,1,-200.0,-300.0,,,,,,,,,,
2026-09-01,189,BankingAgent,Kano,1,-2.6500000000000012,-7.950000000000004,,,,,,,,,,
2026-09-01,190,BankingAgent,Kano,1,-2.6500000000000012,-10.600000000000005,,,,,,,,,,
2026-09-01,191,BankingAgent,Kano,0,-0.0,-7.950000000000005,,,,,,,,,,
2026-09-01,193,TraderAgent,Lagos,3,20.0,5101.53076171875,508273.46875,Lagos,False,,Lagos,winning,False,1092.0,2.0,False
2026-09-01,194,TraderAgent,Lagos,0,5568.7646484375,5719.79150390625,498316.09375,Lagos,False,Onitsha,Onitsha,losing,False,1008.11,1.0,False
2026-09-01,195,TraderAgent,Lagos,0,1955.323486328125,7000.8349609375,500400.90625,Lagos,False,Onitsha,Lagos,winning,False,1001.6,2.0,False
2026-09-01,196,TraderAgent,Lagos,2,-33.5225,5011.9892578125,485781.09375,Lagos,False,Onitsha,Onitsha,winning,False,1001.6,1.0,False
2026-09-01,197,TraderAgent,Lagos,0,5568.7646484375,5696.26904296875,442723.15625,Lagos,False,Onitsha,Onitsha,losing,False,1008.11,1.0,False
2026-09-01,198,TraderAgent,Lagos,0,3052.686767578125,3049.697998046875,491779.1875,Lagos,False,,Lagos,losing,False,1221.07,1.0,False
2026-09-01,199,TraderAgent,Lagos,0,5568.7646484375,5696.26904296875,500489.8125,Lagos,False,Onitsha,Onitsha,losing,False,1008.11,1.0,False
2026-09-01,200,TraderAgent,Lagos,3,20.0,60.0,499358.8125,Lagos,False,,,losing,False,1160.02,0.0,False
2026-09-01,201,TraderAgent,Lagos,0,5568.7646484375,5749.79150390625,497407.4375,Lagos,False,Onitsha,Onitsha,losing,False,1008.11,1.0,False
2026-09-01,202,TraderAgent,Lagos,0,3052.686767578125,3092.686767578125,505647.71875,Lagos,False,,Lagos,losing,False,1221.07,1.0,False
2026-09-01,203,TraderAgent,Lagos,0,5568.7646484375,8330.228515625,494970.28125,Lagos,False,Onitsha,Onitsha,winning,False,1008.11,2.0,False
2026-09-01,204,TraderAgent,Lagos,2,-33.5225,-23.5225,441376.40625,Lagos,False,,,losing,False,1221.07,0.0,False
2026-09-01,205,TraderAgent,Lagos,0,5568.7646484375,5719.79150390625,476757.09375,Lagos,False,Onitsha,Onitsha,losing,False,1008.11,1.0,False
2026-09-01,206,TraderAgent,Lagos,4,-10.0,5035.51171875,489363.53125,Lagos,False,Onitsha,Onitsha,winning,False,1001.6,1.0,False
2026-09-01,207,TraderAgent,Lagos,4,-10.0,2783.0400390625,431865.3125,Lagos,False,,Lagos,winning,False,1149.47,1.0,False
2026-09-01,208,TraderAgent,Lagos,0,2506.21826171875,5126.6552734375,493419.53125,Lagos,False,,Lagos,winning,False,1111.78,2.0,False
2026-09-01,209,TraderAgent,Lagos,1,163.5991350453016,2754.0361328125,488906.03125,Onitsha,True,Onitsha,Onitsha,winning,False,1111.78,1.0,True
2026-09-01,210,TraderAgent,Lagos,0,2694.65576171875,7776.1865234375,505560.625,Lagos,False,,Lagos,winning,False,1149.47,3.0,False
2026-09-01,211,TraderAgent,Lagos,3,20.0,2640.43701171875,503597.09375,Lagos,False,,Lagos,winning,False,1056.19,1.0,False
2026-09-01,212,TraderAgent,Lagos,4,-10.0,2610.43701171875,496267.4375,Lagos,False,,Lagos,winning,False,1111.78,1.0,False
2026-09-01,213,BuyerAgent,Lagos,0,1436.551513671875,1436.551513671875,,,,,,,,,,
2026-09-01,214,BuyerAgent,Lagos,1,1404.00634765625,2614.432373046875,,,,,,,,,,
2026-09-01,215,BuyerAgent,Lagos,1,1404.00634765625,2903.370361328125,,,,,,,,,,
2026-09-01,216,BuyerAgent,Lagos,1,1404.00634765625,2903.370361328125,,,,,,,,,,
2026-09-01,217,BuyerAgent,Lagos,1,1404.00634765625,2352.4755859375,,,,,,,,,,
2026-09-01,218,BuyerAgent,Lagos,0,1404.00634765625,2063.53759765625,,,,,,,,,,
2026-09-01,219,BuyerAgent,Lagos,2,0.0,314.0625,,,,,,,,,,
2026-09-01,220,BuyerAgent,Lagos,0,1404.00634765625,1692.9443359375,,,,,,,,,,
2026-09-01,221,BuyerAgent,Lagos,2,0.0,288.93798828125,,,,,,,,,,
2026-09-01,222,BuyerAgent,Lagos,0,885.65673828125,1174.5947265625,,,,,,,,,,
2026-09-01,223,BuyerAgent,Lagos,2,0.0,288.93798828125,,,,,,,,,,
2026-09-01,224,BuyerAgent,Lagos,1,697.21923828125,697.21923828125,,,,,,,,,,
2026-09-01,225,BuyerAgent,Lagos,0,339.188232421875,339.188232421875,,,,,,,,,,
2026-09-01,226,BuyerAgent,Lagos,0,339.188232421875,339.188232421875,,,,,,,,,,
2026-09-01,227,BuyerAgent,Lagos,0,0.0,0.0,,,,,,,,,,
2026-09-01,228,BuyerAgent,Lagos,1,0.0,0.0,,,,,,,,,,
2026-09-01,229,BuyerAgent,Lagos,0,0.0,0.0,,,,,,,,,,
2026-09-01,230,BuyerAgent,Lagos,0,0.0,0.0,,,,,,,,,,
2026-09-01,231,BuyerAgent,Lagos,1,0.0,0.0,,,,,,,,,,
2026-09-01,232,BuyerAgent,Lagos,0,0.0,0.0,,,,,,,,,,
2026-09-01,233,BuyerAgent,Lagos,2,0.0,0.0,,,,,,,,,,
2026-09-01,234,BuyerAgent,Lagos,2,0.0,0.0,,,,,,,,,,
2026-09-01,235,BuyerAgent,Lagos,2,0.0,0.0,,,,,,,,,,
2026-09-01,236,BuyerAgent,Lagos,0,0.0,0.0,,,,,,,,,,
2026-09-01,237,BuyerAgent,Lagos,2,0.0,0.0,,,,,,,,,,
2026-09-01,238,BuyerAgent,Lagos,0,0.0,0.0,,,,,,,,,,
2026-09-01,239,BuyerAgent,Lagos,0,0.0,0.0,,,,,,,,,,
2026-09-01,240,BuyerAgent,Lagos,1,0.0,0.0,,,,,,,,,,
2026-09-01,241,BuyerAgent,Lagos,2,0.0,0.0,,,,,,,,,,
2026-09-01,242,BuyerAgent,Lagos,1,0.0,0.0,,,,,,,,,,
2026-09-01,243,TransporterAgent,Lagos,0,9.765351959256968,-140.23464804074302,,,,,,,,,,
2026-09-01,244,TransporterAgent,Lagos,1,-200.0,-389.98163855173686,,,,,,,,,,
2026-09-01,245,TransporterAgent,Lagos,1,-200.0,-139.9816385517368,,,,,,,,,,
2026-09-01,246,TransporterAgent,Lagos,2,100.0,-89.98163855173684,,,,,,,,,,
2026-09-01,247,TransporterAgent,Lagos,3,50.0,-50.0,,,,,,,,,,
2026-09-01,248,TransporterAgent,Lagos,1,-200.0,-300.0,,,,,,,,,,
2026-09-01,249,TransporterAgent,Lagos,3,50.0,110.01836144826318,,,,,,,,,,
2026-09-01,250,TransporterAgent,Lagos,2,100.0,0.0,,,,,,,,,,
2026-09-01,251,TransporterAgent,Lagos,0,9.765351959256968,159.76535195925698,,,,,,,,,,
2026-09-01,252,TransporterAgent,Lagos,3,50.0,110.01836144826318,,,,,,,,,,
2026-09-01,253,BankingAgent,Lagos,1,-2.6500000000000012,-5.3000000000000025,,,,,,,,,,
2026-09-01,254,BankingAgent,Lagos,1,-2.6500000000000012,-10.600000000000005,,,,,,,,,,
2026-09-01,255,BankingAgent,Lagos,1,-2.6500000000000012,-13.250000000000007,,,,,,,,,,
2026-09-01,257,TraderAgent,Onitsha,0,1837.535400390625,3743.37646484375,485121.375,Onitsha,False,,Onitsha,winning,False,766.03,2.0,False
2026-09-01,258,TraderAgent,Onitsha,0,0.0,2075.101806640625,487260.15625,Onitsha,False,Port_Harcourt,Port_Harcourt,winning,False,841.32,2.0,False
2026-09-01,259,TraderAgent,Onitsha,0,0.0,2075.101806640625,460167.96875,Onitsha,False,Port_Harcourt,Port_Harcourt,winning,False,841.32,2.0,False
2026-09-01,260,TraderAgent,Onitsha,0,0.0,125.7384354593267,454786.59375,Onitsha,False,Port_Harcourt,Port_Harcourt,losing,False,841.32,1.0,False
2026-09-01,261,TraderAgent,Onitsha,0,0.0,112.7496854593267,499921.8125,Onitsha,False,Port_Harcourt,Port_Harcourt,losing,False,841.32,1.0,False
2026-09-01,262,TraderAgent,Onitsha,3,20.0,3795.32421875,471933.40625,Onitsha,False,,Onitsha,winning,False,733.91,2.0,False
2026-09-01,263,TraderAgent,Onitsha,0,1870.081787109375,5645.40625,458269.8125,Onitsha,False,,Onitsha,winning,False,772.54,3.0,False
2026-09-01,264,TraderAgent,Onitsha,1,136.39604289660429,2091.826416015625,471095.75,Port_Harcourt,True,Port_Harcourt,Port_Harcourt,winning,False,772.54,1.0,True
2026-09-01,265,TraderAgent,Onitsha,0,2213.99658203125,2348.0439453125,488381.90625,Onitsha,False,Port_Harcourt,Onitsha,losing,False,841.32,2.0,False
2026-09-01,266,TraderAgent,Onitsha,3,20.0,1979.3634033203125,509123.71875,Onitsha,False,,Onitsha,winning,False,727.73,1.0,False
2026-09-01,267,TraderAgent,Onitsha,2,-26.5,13.5,496045.625,Onitsha,False,,,losing,False,797.04,0.0,False
2026-09-01,268,TraderAgent,Onitsha,3,20.0,60.0,481406.96875,Onitsha,False,,,losing,False,757.19,0.0,False
2026-09-01,269,TraderAgent,Onitsha,0,1992.59765625,2002.59765625,480113.25,Onitsha,False,,Onitsha,losing,False,797.04,1.0,False
2026-09-01,270,TraderAgent,Onitsha,0,1992.59765625,2002.59765625,435327.46875,Onitsha,False,,Onitsha,losing,False,797.04,1.0,False
2026-09-01,271,TraderAgent,Onitsha,2,-26.5,-16.5,493106.28125,Onitsha,False,,,losing,False,797.04,0.0,False
2026-09-01,272,TraderAgent,Onitsha,0,0.0,112.7496854593267,469499.6875,Onitsha,False,Port_Harcourt,Port_Harcourt,losing,False,841.32,1.0,False
2026-09-01,273,TraderAgent,Onitsha,1,136.39604289660429,2104.815185546875,482076.8125,Port_Harcourt,True,Port_Harcourt,Port_Harcourt,winning,False,772.54,1.0,True
2026-09-01,274,TraderAgent,Onitsha,1,136.39604289660429,122.87354289660428,456749.53125,Port_Harcourt,True,Port_Harcourt,Port_Harcourt,losing,False,797.04,0.0,True
2026-09-01,275,TraderAgent,Onitsha,4,-10.0,3765.32421875,447283.25,Onitsha,False,,Onitsha,winning,False,772.54,2.0,False
2026-09-01,276,TraderAgent,Onitsha,0,0.0,125.7384354593267,425991.5625,Onitsha,False,Port_Harcourt,Port_Harcourt,losing,False,841.32,1.0,False
2026-09-01,277,BuyerAgent,Onitsha,0,376.4617919921875,954.2291259765625,,,,,,,,,,
2026-09-01,278,BuyerAgent,Onitsha,0,343.9154052734375,921.6827392578125,,,,,,,,,,
2026-09-01,279,BuyerAgent,Onitsha,0,221.3995361328125,436.8841552734375,,,,,,,,,,
2026-09-01,280,BuyerAgent,Onitsha,1,221.3995361328125,436.8841552734375,,,,,,,,,,
2026-09-01,281,BuyerAgent,Onitsha,1,0.0006103515625,215.4852294921875,,,,,,,,,,
2026-09-01,282,BuyerAgent,Onitsha,1,0.0006103515625,0.0006103515625,,,,,,,,,,
2026-09-01,283,BuyerAgent,Onitsha,0,0.0006103515625,577.7679443359375,,,,,,,,,,
2026-09-01,284,BuyerAgent,Onitsha,2,0.0,219.82421875,,,,,,,,,,
2026-09-01,285,BuyerAgent,Onitsha,0,0.0006103515625,219.8248291015625,,,,,,,,,,
2026-09-01,286,BuyerAgent,Onitsha,1,0.0006103515625,215.4852294921875,,,,,,,,,,
2026-09-01,287,BuyerAgent,Onitsha,0,0.0006103515625,0.0006103515625,,,,,,,,,,
2026-09-01,288,BuyerAgent,Onitsha,1,0.0006103515625,0.0006103515625,,,,,,,,,,
2026-09-01,289,BuyerAgent,Onitsha,0,0.0,0.0,,,,,,,,,,
2026-09-01,290,BuyerAgent,Onitsha,2,0.0,0.0,,,,,,,,,,
2026-09-01,291,BuyerAgent,Onitsha,0,0.0,0.0,,,,,,,,,,
2026-09-01,292,BuyerAgent,Onitsha,0,0.0,0.0,,,,,,,,,,
2026-09-01,293,BuyerAgent,Onitsha,0,0.0,0.0,,,,,,,,,,
2026-09-01,294,BuyerAgent,Onitsha,2,0.0,0.0,,,,,,,,,,
2026-09-01,295,BuyerAgent,Onitsha,2,0.0,0.0,,,,,,,,,,
2026-09-01,296,BuyerAgent,Onitsha,0,0.0,0.0,,,,,,,,,,
2026-09-01,297,BuyerAgent,Onitsha,2,0.0,0.0,,,,,,,,,,
2026-09-01,298,BuyerAgent,Onitsha,1,0.0,0.0,,,,,,,,,,
2026-09-01,299,BuyerAgent,Onitsha,2,0.0,0.0,,,,,,,,,,
2026-09-01,300,BuyerAgent,Onitsha,1,0.0,0.0,,,,,,,,,,
2026-09-01,301,BuyerAgent,Onitsha,1,0.0,0.0,,,,,,,,,,
2026-09-01,302,BuyerAgent,Onitsha,0,0.0,0.0,,,,,,,,,,
2026-09-01,303,BuyerAgent,Onitsha,0,0.0,0.0,,,,,,,,,,
2026-09-01,304,BuyerAgent,Onitsha,2,0.0,0.0,,,,,,,,,,
2026-09-01,305,BuyerAgent,Onitsha,1,0.0,0.0,,,,,,,,,,
2026-09-01,306,BuyerAgent,Onitsha,1,0.0,0.0,,,,,,,,,,
2026-09-01,307,TransporterAgent,Onitsha,3,50.0,-100.0,,,,,,,,,,
2026-09-01,308,TransporterAgent,Onitsha,0,0.0,100.0,,,,,,,,,,
2026-09-01,309,TransporterAgent,Onitsha,1,-200.0,-50.0,,,,,,,,,,
2026-09-01,310,TransporterAgent,Onitsha,1,-200.0,-300.0,,,,,,,,,,
2026-09-01,311,TransporterAgent,Onitsha,3,50.0,50.0,,,,,,,,,,
2026-09-01,312,TransporterAgent,Onitsha,0,0.0,-100.0,,,,,,,,,,
2026-09-01,313,TransporterAgent,Onitsha,1,-200.0,-400.0,,,,,,,,,,
2026-09-01,314,TransporterAgent,Onitsha,1,-200.0,-100.0,,,,,,,,,,
2026-09-01,315,TransporterAgent,Onitsha,1,-200.0,-300.0,,,,,,,,,,
2026-09-01,316,TransporterAgent,Onitsha,3,50.0,100.0,,,,,,,,,,
2026-09-01,317,BankingAgent,Onitsha,0,-0.0,-10.600000000000005,,,,,,,,,,
2026-09-01,318,BankingAgent,Onitsha,1,-2.6500000000000012,-10.600000000000005,,,,,,,,,,
2026-09-01,319,BankingAgent,Onitsha,0,-0.0,-7.950000000000004,,,,,,,,,,
2026-09-01,321,TraderAgent,Port_Harcourt,3,20.0,60.0,539120.0,Port_Harcourt,False,,,losing,False,1190.1,0.0,False
2026-09-01,322,TraderAgent,Port_Harcourt,4,-10.0,-66.51125,565540.125,Port_Harcourt,False,,,losing,False,1252.73,0.0,False
2026-09-01,323,TraderAgent,Port_Harcourt,0,2901.309814453125,8734.7060546875,548219.8125,Port_Harcourt,False,,Port_Harcourt,winning,False,1206.63,3.0,False
2026-09-01,324,TraderAgent,Port_Harcourt,0,5841.3720703125,5943.064453125,524132.1875,Port_Harcourt,False,Onitsha,Onitsha,losing,False,1025.7,1.0,False
2026-09-01,325,TraderAgent,Port_Harcourt,1,135.23541501244222,5968.6318359375,543061.875,Onitsha,True,Onitsha,Onitsha,winning,False,1206.63,2.0,True
2026-09-01,326,TraderAgent,Port_Harcourt,0,3131.832275390625,3075.321044921875,550625.75,Port_Harcourt,False,,Port_Harcourt,losing,False,1252.73,1.0,False
2026-09-01,327,TraderAgent,Port_Harcourt,3,20.0,5861.1630859375,541393.5,Port_Harcourt,False,Onitsha,Onitsha,winning,False,968.23,1.0,False
2026-09-01,328,TraderAgent,Port_Harcourt,0,2844.779052734375,5817.9462890625,566298.25,Port_Harcourt,False,,Port_Harcourt,winning,False,1195.32,2.0,False
2026-09-01,329,TraderAgent,Port_Harcourt,1,135.23541501244222,3219.22998046875,531243.1875,Onitsha,True,Onitsha,Onitsha,winning,False,1206.63,1.0,True
2026-09-01,330,TraderAgent,Port_Harcourt,0,5841.3720703125,5966.5869140625,563771.875,Port_Harcourt,False,Onitsha,Onitsha,losing,False,1025.7,1.0,False
2026-09-01,331,TraderAgent,Port_Harcourt,4,-10.0,3006.156005859375,545523.375,Port_Harcourt,False,,Port_Harcourt,winning,False,1195.32,1.0,False
2026-09-01,332,TraderAgent,Port_Harcourt,0,3131.832275390625,3088.309814453125,495863.1875,Port_Harcourt,False,,Port_Harcourt,losing,False,1252.73,1.0,False
2026-09-01,333,TraderAgent,Port_Harcourt,4,-10.0,3043.99462890625,539135.1875,Port_Harcourt,False,,Port_Harcourt,winning,False,1206.63,1.0,False
2026-09-01,334,TraderAgent,Port_Harcourt,4,-10.0,3073.99462890625,556490.75,Port_Harcourt,False,,Port_Harcourt,winning,False,1206.63,1.0,False
2026-09-01,335,TraderAgent,Port_Harcourt,3,20.0,17.01125,525772.1875,Port_Harcourt,False,,,losing,False,1190.1,0.0,False
2026-09-01,336,TraderAgent,Port_Harcourt,0,1964.117431640625,7805.2802734375,560755.9375,Port_Harcourt,False,Onitsha,Port_Harcourt,winning,False,1019.19,2.0,False
2026-09-01,337,TraderAgent,Port_Harcourt,2,-33.5225,6.477499999999999,547311.3125,Port_Harcourt,False,,,losing,False,1252.73,0.0,False
2026-09-01,338,TraderAgent,Port_Harcourt,2,-33.5225,2996.94970703125,507465.8125,Port_Harcourt,False,,Port_Harcourt,winning,False,1206.63,1.0,False
2026-09-01,339,TraderAgent,Port_Harcourt,3,20.0,-12.988749999999996,540941.125,Port_Harcourt,False,,,losing,False,1190.1,0.0,False
2026-09-01,340,TraderAgent,Port_Harcourt,0,5841.3720703125,5966.5869140625,543342.4375,Port_Harcourt,False,Onitsha,Onitsha,losing,False,1025.7,1.0,False
2026-09-01,341,BuyerAgent,Port_Harcourt,1,1515.69580078125,2963.553466796875,,,,,,,,,,
2026-09-01,342,BuyerAgent,Port_Harcourt,0,1483.1494140625,3263.91357421875,,,,,,,,,,
2026-09-01,343,BuyerAgent,Port_Harcourt,0,1483.1494140625,2383.253173828125,,,,,,,,,,
2026-09-01,344,BuyerAgent,Port_Harcourt,1,1483.1494140625,2383.253173828125,,,,,,,,,,
2026-09-01,345,BuyerAgent,Port_Harcourt,0,635.0341796875,1308.3837890625,,,,,,,,,,
2026-09-01,346,BuyerAgent,Port_Harcourt,1,578.50341796875,578.50341796875,,,,,,,,,,
2026-09-01,347,BuyerAgent,Port_Harcourt,1,347.98095703125,688.424072265625,,,,,,,,,,
2026-09-01,348,BuyerAgent,Port_Harcourt,0,347.98095703125,688.424072265625,,,,,,,,,,
2026-09-01,349,BuyerAgent,Port_Harcourt,0,0.0,340.443115234375,,,,,,,,,,
2026-09-01,350,BuyerAgent,Port_Harcourt,1,0.0,0.0,,,,,,,,,,
2026-09-01,351,BuyerAgent,Port_Harcourt,1,0.0,0.0,,,,,,,,,,
2026-09-01,352,BuyerAgent,Port_Harcourt,2,0.0,0.0,,,,,,,,,,
2026-09-01,353,BuyerAgent,Port_Harcourt,1,0.0,0.0,,,,,,,,,,
2026-09-01,354,BuyerAgent,Port_Harcourt,1,0.0,0.0,,,,,,,,,,
2026-09-01,355,BuyerAgent,Port_Harcourt,2,0.0,0.0,,,,,,,,,,
2026-09-01,356,BuyerAgent,Port_Harcourt,1,0.0,0.0,,,,,,,,,,
2026-09-01,357,BuyerAgent,Port_Harcourt,1,0.0,0.0,,,,,,,,,,
2026-09-01,358,BuyerAgent,Port_Harcourt,0,0.0,0.0,,,,,,,,,,
2026-09-01,359,BuyerAgent,Port_Harcourt,2,0.0,0.0,,,,,,,,,,
2026-09-01,360,BuyerAgent,Port_Harcourt,2,0.0,0.0,,,,,,,,,,
2026-09-01,361,BuyerAgent,Port_Harcourt,1,0.0,0.0,,,,,,,,,,
2026-09-01,362,BuyerAgent,Port_Harcourt,0,0.0,0.0,,,,,,,,,,
2026-09-01,363,BuyerAgent,Port_Harcourt,2,0.0,0.0,,,,,,,,,,
2026-09-01,364,BuyerAgent,Port_Harcourt,1,0.0,0.0,,,,,,,,,,
2026-09-01,365,BuyerAgent,Port_Harcourt,2,0.0,0.0,,,,,,,,,,
2026-09-01,366,BuyerAgent,Port_Harcourt,2,0.0,0.0,,,,,,,,,,
2026-09-01,367,BuyerAgent,Port_Harcourt,0,0.0,0.0,,,,,,,,,,
2026-09-01,368,BuyerAgent,Port_Harcourt,2,0.0,0.0,,,,,,,,,,
2026-09-01,369,BuyerAgent,Port_Harcourt,0,0.0,0.0,,,,,,,,,,
2026-09-01,370,BuyerAgent,Port_Harcourt,1,0.0,0.0,,,,,,,,,,
2026-09-01,371,TransporterAgent,Port_Harcourt,3,50.0,100.50550896284726,,,,,,,,,,
2026-09-01,372,TransporterAgent,Port_Harcourt,3,50.0,200.0,,,,,,,,,,
2026-09-01,373,TransporterAgent,Port_Harcourt,3,50.0,-50.0,,,,,,,,,,
2026-09-01,374,TransporterAgent,Port_Harcourt,3,50.0,-50.0,,,,,,,,,,
2026-09-01,375,TransporterAgent,Port_Harcourt,0,0.7092696146741583,101.31665890343487,,,,,,,,,,
2026-09-01,376,TransporterAgent,Port_Harcourt,0,0.7092696146741583,101.31665890343487,,,,,,,,,,
2026-09-01,377,TransporterAgent,Port_Harcourt,2,100.0,101.11289825160797,,,,,,,,,,
2026-09-01,378,TransporterAgent,Port_Harcourt,0,0.7092696146741583,-198.7852214224786,,,,,,,,,,
2026-09-01,379,TransporterAgent,Port_Harcourt,3,50.0,150.50550896284727,,,,,,,,,,
2026-09-01,380,TransporterAgent,Port_Harcourt,2,100.0,-99.49449103715276,,,,,,,,,,
2026-09-01,381,BankingAgent,Port_Harcourt,0,-0.0,-5.3000000000000025,,,,,,,,,,
2026-09-01,382,BankingAgent,Port_Harcourt,0,-0.0,-2.6500000000000012,,,,,,,,,,
2026-09-01,383,BankingAgent,Port_Harcourt,1,-2.6500000000000012,-13.250000000000007,,,,,,,,,,
2026-10-01,1,TraderAgent,Abuja,1,126.25176865642244,156.25176865642243,473168.0,Onitsha,True,Onitsha,Onitsha,winning,False,270.0,0.0,True
2026-10-01,2,TraderAgent,Abuja,4,-10.0,87.97842359257339,418690.125,Abuja,False,Onitsha,Onitsha,losing,False,285.0,1.0,False
2026-10-01,3,TraderAgent,Abuja,3,20.0,174.1141569160651,464394.3125,Abuja,False,Onitsha,Onitsha,winning,False,270.75,1.0,False
2026-10-01,4,TraderAgent,Abuja,0,637.5,2112.0126953125,464574.8125,Abuja,False,,Abuja,winning,False,262.5,3.0,False
2026-10-01,5,TraderAgent,Abuja,1,126.25176865642244,1026.5777587890625,455661.25,Onitsha,True,Onitsha,Onitsha,winning,False,285.0,2.0,True
2026-10-01,6,TraderAgent,Abuja,3,20.0,627.9550170898438,468210.8125,Abuja,False,,Abuja,winning,False,249.38,1.0,False
2026-10-01,7,TraderAgent,Abuja,1,126.25176865642244,1010.3659057617188,374708.15625,Onitsha,True,Onitsha,Onitsha,winning,False,262.5,2.0,True
2026-10-01,8,TraderAgent,Abuja,4,-10.0,1494.5126953125,467026.71875,Abuja,False,,Abuja,winning,False,262.5,2.0,False
2026-10-01,9,TraderAgent,Abuja,3,20.0,920.3259887695312,406726.375,Abuja,False,Onitsha,Onitsha,winning,False,270.75,2.0,False
2026-10-01,10,TraderAgent,Abuja,3,20.0,1470.9901123046875,445013.5625,Abuja,False,,Abuja,winning,False,249.38,2.0,False
2026-10-01,11,TraderAgent,Abuja,1,126.25176865642244,781.2517700195312,466829.03125,Onitsha,True,Onitsha,Onitsha,winning,False,262.5,1.0,True
2026-10-01,12,TraderAgent,Abuja,3,20.0,904.1141357421875,451875.03125,Abuja,False,Onitsha,Abuja,winning,False,249.38,2.0,False
2026-10-01,13,TraderAgent,Abuja,4,-10.0,-50.0225,493911.25,Abuja,False,,,losing,False,270.0,0.0,False
2026-10-01,14,TraderAgent,Abuja,0,750.0,857.6141357421875,472225.28125,Abuja,False,Onitsha,Abuja,losing,False,285.0,2.0,False
2026-10-01,15,TraderAgent,Abuja,4,-10.0,111.5009235925734,465867.1875,Abuja,False,Onitsha,Onitsha,losing,False,285.0,1.0,False
2026-10-01,16,TraderAgent,Abuja,2,-26.5,-56.5,392657.59375,Abuja,False,,,losing,False,270.0,0.0,False
2026-10-01,17,TraderAgent,Abuja,3,20.0,651.4774780273438,444821.53125,Abuja,False,,Abuja,winning,False,249.38,1.0,False
2026-10-01,18,TraderAgent,Abuja,0,750.0,871.5009155273438,468555.0,Abuja,False,Onitsha,Abuja,losing,False,285.0,2.0,False
2026-10-01,19,TraderAgent,Abuja,4,-10.0,798.8250732421875,468167.09375,Abuja,False,,Abuja,winning,False,278.14,1.0,False
2026-10-01,20,TraderAgent,Abuja,0,750.0,904.1141357421875,478657.4375,Abuja,False,Onitsha,Abuja,winning,False,285.0,2.0,False
2026-10-01,21,BuyerAgent,Abuja,1,112.5,197.92510986328125,,,,,,,,,,
2026-10-01,22,BuyerAgent,Abuja,0,0.0,0.0,,,,,,,,,,
2026-10-01,23,BuyerAgent,Abuja,2,0.0,160.42510986328125,,,,,,,,,,
2026-10-01,24,BuyerAgent,Abuja,0,0.0,160.42510986328125,,,,,,,,,,
2026-10-01,25,BuyerAgent,Abuja,0,0.0,160.42510986328125,,,,,,,,,,
2026-10-01,26,BuyerAgent,Abuja,2,0.0,119.737548828125,,,,,,,,,,
2026-10-01,27,BuyerAgent,Abuja,2,0.0,34.31243896484375,,,,,,,,,,
2026-10-01,28,BuyerAgent,Abuja,0,0.0,34.31243896484375,,,,,,,,,,
2026-10-01,29,BuyerAgent,Abuja,2,0.0,0.0,,,,,,,,,,
2026-10-01,30,BuyerAgent,Abuja,0,0.0,0.0,,,,,,,,,,
2026-10-01,31,BuyerAgent,Abuja,0,0.0,0.0,,,,,,,,,,
2026-10-01,32,BuyerAgent,Abuja,0,0.0,85.42510986328125,,,,,,,,,,
2026-10-01,33,BuyerAgent,Abuja,2,0.0,0.0,,,,,,,,,,
2026-10-01,34,BuyerAgent,Abuja,0,0.0,0.0,,,,,,,,,,
2026-10-01,35,BuyerAgent,Abuja,0,0.0,0.0,,,,,,,,,,
2026-10-01,36,BuyerAgent,Abuja,2,0.0,0.0,,,,,,,,,,
2026-10-01,37,BuyerAgent,Abuja,1,0.0,0.0,,,,,,,,,,
2026-10-01,38,BuyerAgent,Abuja,2,0.0,0.0,,,,,,,,,,
2026-10-01,39,BuyerAgent,Abuja,0,0.0,0.0,,,,,,,,,,
2026-10-01,40,BuyerAgent,Abuja,0,0.0,0.0,,,,,,,,,,
2026-10-01,41,BuyerAgent,Abuja,2,0.0,0.0,,,,,,,,,,
2026-10-01,42,BuyerAgent,Abuja,2,0.0,0.0,,,,,,,,,,
2026-10-01,43,BuyerAgent,Abuja,2,0.0,0.0,,,,,,,,,,
2026-10-01,44,BuyerAgent,Abuja,1,0.0,0.0,,,,,,,,,,
2026-10-01,45,BuyerAgent,Abuja,0,0.0,0.0,,,,,,,,,,
2026-10-01,46,BuyerAgent,Abuja,2,0.0,0.0,,,,,,,,,,
2026-10-01,47,BuyerAgent,Abuja,1,0.0,0.0,,,,,,,,,,
2026-10-01,48,BuyerAgent,Abuja,0,0.0,0.0,,,,,,,,,,
2026-10-01,49,BuyerAgent,Abuja,0,0.0,0.0,,,,,,,,,,
2026-10-01,50,BuyerAgent,Abuja,0,0.0,0.0,,,,,,,,,,
2026-10-01,51,TransporterAgent,Abuja,3,50.0,300.0,,,,,,,,,,
2026-10-01,52,TransporterAgent,Abuja,0,7.596147006886759,115.40827690617118,,,,,,,,,,
2026-10-01,53,TransporterAgent,Abuja,3,50.0,165.79482009344758,,,,,,,,,,
2026-10-01,54,TransporterAgent,Abuja,0,7.596147006886759,-176.60903289966566,,,,,,,,,,
2026-10-01,55,TransporterAgent,Abuja,2,100.0,258.0975563991093,,,,,,,,,,
2026-10-01,56,TransporterAgent,Abuja,3,50.0,207.69726369433826,,,,,,,,,,
2026-10-01,57,TransporterAgent,Abuja,0,7.596147006886759,207.59614700688675,,,,,,,,,,
2026-10-01,58,TransporterAgent,Abuja,3,50.0,-134.20517990655242,,,,,,,,,,
2026-10-01,59,TransporterAgent,Abuja,2,100.0,257.6972636943383,,,,,,,,,,
2026-10-01,60,TransporterAgent,Abuja,3,50.0,-42.18787010071557,,,,,,,,,,
2026-10-01,61,BankingAgent,Abuja,1,-2.6500000000000012,-15.90000000000001,,,,,,,,,,
2026-10-01,62,BankingAgent,Abuja,0,-0.0,-10.600000000000005,,,,,,,,,,
2026-10-01,63,BankingAgent,Abuja,0,-0.0,-10.600000000000005,,,,,,,,,,
2026-10-01,65,TraderAgent,Bauchi,3,20.0,175.37495516232073,478887.1875,Bauchi,False,Onitsha,Onitsha,winning,False,321.08,1.0,False
2026-10-01,66,TraderAgent,Bauchi,2,-33.5225,121.36538507127798,312253.84375,Bauchi,False,Onitsha,Onitsha,winning,False,337.98,1.0,False
2026-10-01,67,TraderAgent,Bauchi,3,20.0,131.899135071278,474059.1875,Bauchi,False,Onitsha,Onitsha,winning,False,321.08,1.0,False
2026-10-01,68,TraderAgent,Bauchi,0,0.0,128.01194474594922,279155.40625,Bauchi,False,Onitsha,Onitsha,winning,False,337.98,1.0,False
2026-10-01,69,TraderAgent,Bauchi,3,20.0,20.0,249637.234375,Bauchi,False,,,losing,False,304.18,0.0,False
2026-10-01,70,TraderAgent,Bauchi,1,134.19642799714077,74.70767799714078,434678.125,Onitsha,True,Onitsha,Onitsha,winning,False,320.19,0.0,True
2026-10-01,71,TraderAgent,Bauchi,2,-33.5225,78.376635071278,370393.53125,Bauchi,False,Onitsha,Onitsha,winning,False,337.98,1.0,False
2026-10-01,72,TraderAgent,Bauchi,3,20.0,-50.02250000000001,324234.96875,Bauchi,False,,,losing,False,304.18,0.0,False
2026-10-01,73,TraderAgent,Bauchi,4,-10.0,624.6839599609375,495716.4375,Bauchi,False,,Bauchi,winning,False,284.16,1.0,False
2026-10-01,74,TraderAgent,Bauchi,3,20.0,131.899135071278,256657.546875,Bauchi,False,Onitsha,Onitsha,winning,False,321.08,1.0,False
2026-10-01,75,TraderAgent,Bauchi,4,-10.0,-63.5225,515989.75,Bauchi,False,,,losing,False,320.19,0.0,False
2026-10-01,76,TraderAgent,Bauchi,0,889.4247436523438,1001.3238525390625,435426.1875,Bauchi,False,Onitsha,Bauchi,winning,False,337.98,2.0,False
2026-10-01,77,TraderAgent,Bauchi,4,-10.0,115.37495516232073,395795.59375,Bauchi,False,Onitsha,Onitsha,winning,False,337.98,1.0,False
2026-10-01,78,TraderAgent,Bauchi,0,889.4247436523438,1014.7996826171875,488708.1875,Bauchi,False,Onitsha,Bauchi,winning,False,337.98,2.0,False
2026-10-01,79,TraderAgent,Bauchi,0,0.0,680.779541015625,473170.25,Bauchi,False,Onitsha,Onitsha,winning,False,337.98,2.0,False
2026-10-01,80,TraderAgent,Bauchi,3,20.0,20.0,516387.09375,Bauchi,False,,,losing,False,304.18,0.0,False
2026-10-01,81,TraderAgent,Bauchi,3,20.0,689.5886840820312,327988.78125,Bauchi,False,,Bauchi,winning,False,282.84,1.0,False
2026-10-01,82,TraderAgent,Bauchi,3,20.0,1139.72119140625,446068.90625,Bauchi,False,,Bauchi,winning,False,282.84,2.0,False
2026-10-01,83,TraderAgent,Bauchi,3,20.0,1100.676513671875,517038.1875,Bauchi,False,,Bauchi,winning,False,269.96,2.0,False
2026-10-01,84,TraderAgent,Bauchi,2,-33.5225,1023.6315307617188,403434.875,Bauchi,False,,Bauchi,winning,False,284.16,2.0,False
2026-10-01,85,BuyerAgent,Bauchi,1,0.0,235.92361450195312,,,,,,,,,,
2026-10-01,86,BuyerAgent,Bauchi,1,0.0,0.0,,,,,,,,,,
2026-10-01,87,BuyerAgent,Bauchi,1,0.0,235.92361450195312,,,,,,,,,,
2026-10-01,88,BuyerAgent,Bauchi,1,0.0,326.37359619140625,,,,,,,,,,
2026-10-01,89,BuyerAgent,Bauchi,0,0.0,141.70486450195312,,,,,,,,,,
2026-10-01,90,BuyerAgent,Bauchi,0,0.0,61.807403564453125,,,,,,,,,,
2026-10-01,91,BuyerAgent,Bauchi,2,0.0,0.0,,,,,,,,,,
2026-10-01,92,BuyerAgent,Bauchi,1,0.0,0.0,,,,,,,,,,
2026-10-01,93,BuyerAgent,Bauchi,2,0.0,0.0,,,,,,,,,,
2026-10-01,94,BuyerAgent,Bauchi,0,0.0,0.0,,,,,,,,,,
2026-10-01,95,BuyerAgent,Bauchi,0,0.0,0.0,,,,,,,,,,
2026-10-01,96,BuyerAgent,Bauchi,1,0.0,0.0,,,,,,,,,,
2026-10-01,97,BuyerAgent,Bauchi,0,0.0,0.0,,,,,,,,,,
2026-10-01,98,BuyerAgent,Bauchi,1,0.0,0.0,,,,,,,,,,
2026-10-01,99,BuyerAgent,Bauchi,1,0.0,0.0,,,,,,,,,,
2026-10-01,100,BuyerAgent,Bauchi,1,0.0,0.0,,,,,,,,,,
2026-10-01,101,BuyerAgent,Bauchi,0,0.0,0.0,,,,,,,,,,
2026-10-01,102,BuyerAgent,Bauchi,1,0.0,0.0,,,,,,,,,,
2026-10-01,103,BuyerAgent,Bauchi,0,0.0,0.0,,,,,,,,,,
2026-10-01,104,BuyerAgent,Bauchi,2,0.0,0.0,,,,,,,,,,
2026-10-01,105,BuyerAgent,Bauchi,0,0.0,0.0,,,,,,,,,,
2026-10-01,106,BuyerAgent,Bauchi,2,0.0,0.0,,,,,,,,,,
2026-10-01,107,BuyerAgent,Bauchi,1,0.0,0.0,,,,,,,,,,
2026-10-01,108,BuyerAgent,Bauchi,0,0.0,0.0,,,,,,,,,,
2026-10-01,109,BuyerAgent,Bauchi,2,0.0,0.0,,,,,,,,,,
2026-10-01,110,BuyerAgent,Bauchi,1,0.0,0.0,,,,,,,,,,
2026-10-01,111,BuyerAgent,Bauchi,0,0.0,0.0,,,,,,,,,,
2026-10-01,112,BuyerAgent,Bauchi,2,0.0,0.0,,,,,,,,,,
2026-10-01,113,BuyerAgent,Bauchi,2,0.0,0.0,,,,,,,,,,
2026-10-01,114,BuyerAgent,Bauchi,1,0.0,0.0,,,,,,,,,,
2026-10-01,115,TransporterAgent,Bauchi,2,100.0,400.0,,,,,,,,,,
2026-10-01,116,TransporterAgent,Bauchi,3,50.0,50.0,,,,,,,,,,
2026-10-01,117,TransporterAgent,Bauchi,0,0.0,200.0,,,,,,,,,,
2026-10-01,118,TransporterAgent,Bauchi,1,-200.0,-100.0,,,,,,,,,,
2026-10-01,119,TransporterAgent,Bauchi,3,50.0,-250.0,,,,,,,,,,
2026-10-01,120,TransporterAgent,Bauchi,0,0.0,-300.0,,,,,,,,,,
2026-10-01,121,TransporterAgent,Bauchi,0,0.0,-150.0,,,,,,,,,,
2026-10-01,122,TransporterAgent,Bauchi,1,-200.0,0.0,,,,,,,,,,
2026-10-01,123,TransporterAgent,Bauchi,0,0.0,-100.0,,,,,,,,,,
2026-10-01,124,TransporterAgent,Bauchi,0,0.0,200.0,,,,,,,,,,
2026-10-01,125,BankingAgent,Bauchi,1,-2.6500000000000012,-15.90000000000001,,,,,,,,,,
2026-10-01,126,BankingAgent,Bauchi,2,-1.3250000000000006,-13.250000000000007,,,,,,,,,,
2026-10-01,127,BankingAgent,Bauchi,1,-2.6500000000000012,-13.250000000000007,,,,,,,,,,
2026-10-01,129,TraderAgent,Kano,3,20.0,1151.0657958984375,418507.1875,Kano,False,Onitsha,Kano,winning,False,353.26,2.0,False
2026-10-01,130,TraderAgent,Kano,0,0.0,1541.442138671875,438239.125,Kano,False,Onitsha,Onitsha,winning,False,420.09,3.0,False
2026-10-01,131,TraderAgent,Kano,1,124.17908166779621,972.27587890625,395519.03125,Onitsha,True,Onitsha,Onitsha,winning,False,420.09,2.0,True
2026-10-01,132,TraderAgent,Kano,0,713.5501098632812,1387.661376953125,464676.09375,Kano,False,,Kano,winning,False,341.7,2.0,False
2026-10-01,133,TraderAgent,Kano,0,994.9502563476562,1024.9501953125,406953.75,Kano,False,,Kano,losing,False,397.98,1.0,False
2026-10-01,134,TraderAgent,Kano,1,124.17908166779621,1683.5814208984375,377833.96875,Onitsha,True,Onitsha,Onitsha,winning,False,371.85,2.0,True
2026-10-01,135,TraderAgent,Kano,4,-10.0,20.0,442732.4375,Kano,False,,,losing,False,397.98,0.0,False
2026-10-01,136,TraderAgent,Kano,0,0.0,1541.442138671875,450789.875,Kano,False,Onitsha,Onitsha,winning,False,420.09,3.0,False
2026-10-01,137,TraderAgent,Kano,2,-33.5225,80.97431459554136,413956.09375,Kano,False,Onitsha,Onitsha,losing,False,420.09,1.0,False
2026-10-01,138,TraderAgent,Kano,0,864.3002319335938,2281.39990234375,451537.1875,Kano,False,,Kano,winning,False,371.85,3.0,False
2026-10-01,139,TraderAgent,Kano,1,124.17908166779621,798.290283203125,431724.15625,Onitsha,True,Onitsha,Onitsha,winning,False,341.7,1.0,True
2026-10-01,140,TraderAgent,Kano,2,-33.5225,82.5432634347087,432152.90625,Kano,False,Onitsha,Onitsha,losing,False,420.09,1.0,False
2026-10-01,141,TraderAgent,Kano,3,20.0,166.06576343470869,450198.625,Kano,False,Onitsha,Onitsha,winning,False,399.09,1.0,False
2026-10-01,142,TraderAgent,Kano,1,124.17908166779621,924.70654296875,458877.875,Onitsha,True,Onitsha,Onitsha,winning,False,356.77,1.0,True
2026-10-01,143,TraderAgent,Kano,0,713.5501098632812,1477.150146484375,467272.84375,Kano,False,,Kano,winning,False,341.7,2.0,False
2026-10-01,144,TraderAgent,Kano,2,-33.5225,814.5742797851562,413503.8125,Kano,False,Onitsha,Onitsha,winning,False,420.09,2.0,False
2026-10-01,145,TraderAgent,Kano,2,-33.5225,814.5742797851562,392527.96875,Kano,False,Onitsha,Onitsha,winning,False,420.09,2.0,False
2026-10-01,146,TraderAgent,Kano,0,0.0,867.9920654296875,415841.3125,Kano,False,Onitsha,Onitsha,winning,False,420.09,2.0,False
2026-10-01,147,TraderAgent,Kano,0,0.0,164.39207530486448,393219.46875,Kano,False,Onitsha,Onitsha,winning,False,420.09,1.0,False
2026-10-01,148,TraderAgent,Kano,0,713.5501098632812,1447.150146484375,469294.71875,Kano,False,,Kano,winning,False,341.7,2.0,False
2026-10-01,149,BuyerAgent,Kano,2,0.0,381.90032958984375,,,,,,,,,,
2026-10-01,150,BuyerAgent,Kano,2,0.0,80.40008544921875,,,,,,,,,,
2026-10-01,151,BuyerAgent,Kano,1,391.9500732421875,698.475341796875,,,,,,,,,,
2026-10-01,152,BuyerAgent,Kano,1,391.9500732421875,391.9500732421875,,,,,,,,,,
2026-10-01,153,BuyerAgent,Kano,0,391.9500732421875,472.35015869140625,,,,,,,,,,
2026-10-01,154,BuyerAgent,Kano,1,241.199951171875,321.60003662109375,,,,,,,,,,
2026-10-01,155,BuyerAgent,Kano,1,110.5499267578125,401.99981689453125,,,,,,,,,,
2026-10-01,156,BuyerAgent,Kano,1,0.0,211.0498046875,,,,,,,,,,
2026-10-01,157,BuyerAgent,Kano,0,0.0,90.4498291015625,,,,,,,,,,
2026-10-01,158,BuyerAgent,Kano,1,0.0,80.40008544921875,,,,,,,,,,
2026-10-01,159,BuyerAgent,Kano,2,0.0,90.4498291015625,,,,,,,,,,
2026-10-01,160,BuyerAgent,Kano,1,0.0,0.0,,,,,,,,,,
2026-10-01,161,BuyerAgent,Kano,2,0.0,80.40008544921875,,,,,,,,,,
2026-10-01,162,BuyerAgent,Kano,0,0.0,80.40008544921875,,,,,,,,,,
2026-10-01,163,BuyerAgent,Kano,2,0.0,0.0,,,,,,,,,,
2026-10-01,164,BuyerAgent,Kano,2,0.0,0.0,,,,,,,,,,
2026-10-01,165,BuyerAgent,Kano,0,0.0,80.40008544921875,,,,,,,,,,
2026-10-01,166,BuyerAgent,Kano,0,0.0,80.40008544921875,,,,,,,,,,
2026-10-01,167,BuyerAgent,Kano,2,0.0,0.0,,,,,,,,,,
2026-10-01,168,BuyerAgent,Kano,1,0.0,0.0,,,,,,,,,,
2026-10-01,169,BuyerAgent,Kano,2,0.0,0.0,,,,,,,,,,
2026-10-01,170,BuyerAgent,Kano,1,0.0,0.0,,,,,,,,,,
2026-10-01,171,BuyerAgent,Kano,1,0.0,0.0,,,,,,,,,,
2026-10-01,172,BuyerAgent,Kano,0,0.0,0.0,,,,,,,,,,
2026-10-01,173,BuyerAgent,Kano,1,0.0,0.0,,,,,,,,,,
2026-10-01,174,BuyerAgent,Kano,1,0.0,0.0,,,,,,,,,,
2026-10-01,175,BuyerAgent,Kano,2,0.0,0.0,,,,,,,,,,
2026-10-01,176,BuyerAgent,Kano,1,0.0,0.0,,,,,,,,,,
2026-10-01,177,BuyerAgent,Kano,0,0.0,0.0,,,,,,,,,,
2026-10-01,178,BuyerAgent,Kano,0,0.0,0.0,,,,,,,,,,
2026-10-01,179,TransporterAgent,Kano,3,50.0,200.0,,,,,,,,,,
2026-10-01,180,TransporterAgent,Kano,3,50.0,350.0,,,,,,,,,,
2026-10-01,181,TransporterAgent,Kano,1,-200.0,-350.0,,,,,,,,,,
2026-10-01,182,TransporterAgent,Kano,0,0.0,-150.0,,,,,,,,,,
2026-10-01,183,TransporterAgent,Kano,2,100.0,300.0,,,,,,,,,,
2026-10-01,184,TransporterAgent,Kano,2,100.0,250.0,,,,,,,,,,
2026-10-01,185,TransporterAgent,Kano,3,50.0,150.0,,,,,,,,,,
2026-10-01,186,TransporterAgent,Kano,0,0.0,200.0,,,,,,,,,,
2026-10-01,187,TransporterAgent,Kano,0,0.0,200.0,,,,,,,,,,
2026-10-01,188,TransporterAgent,Kano,1,-200.0,-500.0,,,,,,,,,,
2026-10-01,189,BankingAgent,Kano,2,-1.3250000000000006,-10.600000000000005,,,,,,,,,,
2026-10-01,190,BankingAgent,Kano,1,-2.6500000000000012,-15.90000000000001,,,,,,,,,,
2026-10-01,191,BankingAgent,Kano,1,-2.6500000000000012,-13.250000000000007,,,,,,,,,,
2026-10-01,193,TraderAgent,Lagos,1,165.72072832578485,5267.25146484375,495054.09375,Onitsha,True,Onitsha,Onitsha,winning,False,1199.72,2.0,True
2026-10-01,194,TraderAgent,Lagos,3,20.0,5739.79150390625,498316.09375,Lagos,False,Onitsha,Onitsha,winning,False,1005.44,1.0,False
2026-10-01,195,TraderAgent,Lagos,0,2908.2177734375,9909.052734375,503282.625,Lagos,False,Onitsha,Lagos,winning,False,1237.41,3.0,False
2026-10-01,196,TraderAgent,Lagos,3,20.0,5031.9892578125,485781.09375,Lagos,False,Onitsha,Onitsha,winning,False,999.26,1.0,False
2026-10-01,197,TraderAgent,Lagos,1,165.72072832578485,5861.98974609375,429503.75,Onitsha,True,Onitsha,Onitsha,winning,False,1058.36,1.0,True
2026-10-01,198,TraderAgent,Lagos,1,165.72072832578485,3215.418701171875,478559.8125,Onitsha,True,Onitsha,Onitsha,winning,False,1237.41,1.0,True
2026-10-01,199,TraderAgent,Lagos,2,-26.5,5669.76904296875,500463.28125,Lagos,False,Onitsha,Onitsha,winning,False,1058.36,1.0,False
2026-10-01,200,TraderAgent,Lagos,2,-26.5,33.5,499332.3125,Lagos,False,,,losing,False,1311.52,0.0,False
2026-10-01,201,TraderAgent,Lagos,3,20.0,5769.79150390625,497407.4375,Lagos,False,Onitsha,Onitsha,winning,False,1005.44,1.0,False
2026-10-01,202,TraderAgent,Lagos,3,20.0,3112.686767578125,505647.71875,Lagos,False,,Lagos,winning,False,1175.54,1.0,False
2026-10-01,203,TraderAgent,Lagos,0,2012.994384765625,10343.22265625,496956.8125,Lagos,False,Onitsha,Lagos,winning,False,1058.36,3.0,False
2026-10-01,204,TraderAgent,Lagos,2,-26.5,-50.0225,441349.90625,Lagos,False,,,losing,False,1311.52,0.0,False
2026-10-01,205,TraderAgent,Lagos,0,2012.994384765625,7732.7861328125,478743.5625,Lagos,False,Onitsha,Lagos,winning,False,1058.36,2.0,False
2026-10-01,206,TraderAgent,Lagos,4,-10.0,5025.51171875,489363.53125,Lagos,False,Onitsha,Onitsha,winning,False,1051.85,1.0,False
2026-10-01,207,TraderAgent,Lagos,2,-26.5,2756.5400390625,431838.8125,Lagos,False,,Lagos,winning,False,1199.72,1.0,False
2026-10-01,208,TraderAgent,Lagos,0,2908.2177734375,8034.873046875,496301.25,Lagos,False,,Lagos,winning,False,1237.41,3.0,False
2026-10-01,209,TraderAgent,Lagos,0,6312.1923828125,9066.228515625,501860.1875,Lagos,False,Onitsha,Onitsha,winning,False,1060.72,2.0,False
2026-10-01,210,TraderAgent,Lagos,0,2908.2177734375,10684.404296875,508442.375,Lagos,False,,Lagos,winning,False,1237.41,4.0,False
2026-10-01,211,TraderAgent,Lagos,3,20.0,2660.43701171875,503597.09375,Lagos,False,,Lagos,winning,False,1103.93,1.0,False
2026-10-01,212,TraderAgent,Lagos,4,-10.0,2600.43701171875,496267.4375,Lagos,False,,Lagos,winning,False,1162.03,1.0,False
2026-10-01,213,BuyerAgent,Lagos,1,1630.130615234375,3066.68212890625,,,,,,,,,,
2026-10-01,214,BuyerAgent,Lagos,2,0.0,2614.432373046875,,,,,,,,,,
2026-10-01,215,BuyerAgent,Lagos,1,1630.130615234375,4533.5009765625,,,,,,,,,,
2026-10-01,216,BuyerAgent,Lagos,1,1618.3154296875,4521.685546875,,,,,,,,,,
2026-10-01,217,BuyerAgent,Lagos,0,734.9072265625,3087.3828125,,,,,,,,,,
2026-10-01,218,BuyerAgent,Lagos,1,734.9072265625,2798.44482421875,,,,,,,,,,
2026-10-01,219,BuyerAgent,Lagos,0,734.9072265625,1048.9697265625,,,,,,,,,,
2026-10-01,220,BuyerAgent,Lagos,0,0.0,1692.9443359375,,,,,,,,,,
2026-10-01,221,BuyerAgent,Lagos,0,0.0,288.93798828125,,,,,,,,,,
2026-10-01,222,BuyerAgent,Lagos,1,0.0,1174.5947265625,,,,,,,,,,
2026-10-01,223,BuyerAgent,Lagos,2,0.0,288.93798828125,,,,,,,,,,
2026-10-01,224,BuyerAgent,Lagos,0,0.0,697.21923828125,,,,,,,,,,
2026-10-01,225,BuyerAgent,Lagos,0,0.0,339.188232421875,,,,,,,,,,
2026-10-01,226,BuyerAgent,Lagos,1,0.0,339.188232421875,,,,,,,,,,
2026-10-01,227,BuyerAgent,Lagos,0,0.0,0.0,,,,,,,,,,
2026-10-01,228,BuyerAgent,Lagos,1,0.0,0.0,,,,,,,,,,
2026-10-01,229,BuyerAgent,Lagos,1,0.0,0.0,,,,,,,,,,
2026-10-01,230,BuyerAgent,Lagos,1,0.0,0.0,,,,,,,,,,
2026-10-01,231,BuyerAgent,Lagos,2,0.0,0.0,,,,,,,,,,
2026-10-01,232,BuyerAgent,Lagos,0,0.0,0.0,,,,,,,,,,
2026-10-01,233,BuyerAgent,Lagos,2,0.0,0.0,,,,,,,,,,
2026-10-01,234,BuyerAgent,Lagos,0,0.0,0.0,,,,,,,,,,
2026-10-01,235,BuyerAgent,Lagos,0,0.0,0.0,,,,,,,,,,
2026-10-01,236,BuyerAgent,Lagos,1,0.0,0.0,,,,,,,,,,
2026-10-01,237,BuyerAgent,Lagos,0,0.0,0.0,,,,,,,,,,
2026-10-01,238,BuyerAgent,Lagos,0,0.0,0.0,,,,,,,,,,
2026-10-01,239,BuyerAgent,Lagos,0,0.0,0.0,,,,,,,,,,
2026-10-01,240,BuyerAgent,Lagos,0,0.0,0.0,,,,,,,,,,
2026-10-01,241,BuyerAgent,Lagos,1,0.0,0.0,,,,,,,,,,
2026-10-01,242,BuyerAgent,Lagos,0,0.0,0.0,,,,,,,,,,
2026-10-01,243,TransporterAgent,Lagos,3,50.0,-90.23464804074302,,,,,,,,,,
2026-10-01,244,TransporterAgent,Lagos,3,50.0,-339.98163855173686,,,,,,,,,,
2026-10-01,245,TransporterAgent,Lagos,1,-200.0,-339.9816385517368,,,,,,,,,,
2026-10-01,246,TransporterAgent,Lagos,2,100.0,10.018361448263164,,,,,,,,,,
2026-10-01,247,TransporterAgent,Lagos,1,-200.0,-250.0,,,,,,,,,,
2026-10-01,248,TransporterAgent,Lagos,3,50.0,-250.0,,,,,,,,,,
2026-10-01,249,TransporterAgent,Lagos,2,100.0,210.0183614482632,,,,,,,,,,
2026-10-01,250,TransporterAgent,Lagos,3,50.0,50.0,,,,,,,,,,
2026-10-01,251,TransporterAgent,Lagos,0,9.516410189174245,169.28176214843123,,,,,,,,,,
2026-10-01,252,TransporterAgent,Lagos,3,50.0,160.0183614482632,,,,,,,,,,
2026-10-01,253,BankingAgent,Lagos,1,-2.6500000000000012,-10.600000000000005,,,,,,,,,,
2026-10-01,254,BankingAgent,Lagos,2,-1.3250000000000006,-13.250000000000007,,,,,,,,,,
2026-10-01,255,BankingAgent,Lagos,0,-0.0,-13.250000000000007,,,,,,,,,,
2026-10-01,257,TraderAgent,Onitsha,2,-26.5,3716.87646484375,485094.875,Onitsha,False,,Onitsha,winning,False,776.54,2.0,False
2026-10-01,258,TraderAgent,Onitsha,4,-10.0,2065.101806640625,487260.15625,Onitsha,False,Port_Harcourt,Port_Harcourt,winning,False,844.43,2.0,False
2026-10-01,259,TraderAgent,Onitsha,4,-10.0,2065.101806640625,460167.96875,Onitsha,False,Port_Harcourt,Port_Harcourt,winning,False,844.43,2.0,False
2026-10-01,260,TraderAgent,Onitsha,4,-10.0,115.7384354593267,454786.59375,Onitsha,False,Port_Harcourt,Port_Harcourt,losing,False,844.43,1.0,False
2026-10-01,261,TraderAgent,Onitsha,0,2222.1806640625,2334.930419921875,502117.53125,Onitsha,False,Port_Harcourt,Onitsha,losing,False,844.43,2.0,False
2026-10-01,262,TraderAgent,Onitsha,4,-10.0,3785.32421875,471933.40625,Onitsha,False,,Onitsha,winning,False,774.17,2.0,False
2026-10-01,263,TraderAgent,Onitsha,0,1882.7154541015625,7528.12158203125,460126.03125,Onitsha,False,,Onitsha,winning,False,776.54,4.0,False
2026-10-01,264,TraderAgent,Onitsha,0,0.0,2091.826416015625,479984.46875,Onitsha,False,Port_Harcourt,Port_Harcourt,winning,False,844.43,2.0,False
2026-10-01,265,TraderAgent,Onitsha,2,-26.5,2321.5439453125,488355.40625,Onitsha,False,Port_Harcourt,Onitsha,winning,False,776.54,2.0,False
2026-10-01,266,TraderAgent,Onitsha,3,20.0,1999.3634033203125,509123.71875,Onitsha,False,,Onitsha,winning,False,729.28,1.0,False
2026-10-01,267,TraderAgent,Onitsha,4,-10.0,3.5,496045.625,Onitsha,False,,,losing,False,799.99,0.0,False
2026-10-01,268,TraderAgent,Onitsha,0,1999.9627685546875,2059.962890625,483380.4375,Onitsha,False,,Onitsha,losing,False,799.99,1.0,False
2026-10-01,269,TraderAgent,Onitsha,4,-10.0,1992.59765625,480113.25,Onitsha,False,,Onitsha,winning,False,776.54,1.0,False
2026-10-01,270,TraderAgent,Onitsha,0,1882.7154541015625,3885.31298828125,437183.6875,Onitsha,False,,Onitsha,winning,False,776.54,2.0,False
2026-10-01,271,TraderAgent,Onitsha,0,1999.9627685546875,1983.4627685546875,495079.75,Onitsha,False,,Onitsha,losing,False,799.99,1.0,False
2026-10-01,272,TraderAgent,Onitsha,1,136.85064675705817,249.60033221638486,456622.875,Port_Harcourt,True,Port_Harcourt,Port_Harcourt,winning,False,844.43,1.0,True
2026-10-01,273,TraderAgent,Onitsha,0,0.0,2104.815185546875,490965.53125,Onitsha,False,Port_Harcourt,Port_Harcourt,winning,False,844.43,2.0,False
2026-10-01,274,TraderAgent,Onitsha,0,0.0,122.87354289660428,465638.1875,Onitsha,False,Port_Harcourt,Port_Harcourt,losing,False,844.43,1.0,False
2026-10-01,275,TraderAgent,Onitsha,3,20.0,3785.32421875,447283.25,Onitsha,False,,Onitsha,winning,False,735.46,2.0,False
2026-10-01,276,TraderAgent,Onitsha,0,2222.1806640625,2347.919189453125,428187.25,Onitsha,False,Port_Harcourt,Onitsha,losing,False,844.43,2.0,False
2026-10-01,277,BuyerAgent,Onitsha,2,0.0,954.2291259765625,,,,,,,,,,
2026-10-01,278,BuyerAgent,Onitsha,2,0.0,921.6827392578125,,,,,,,,,,
2026-10-01,279,BuyerAgent,Onitsha,2,0.0,436.8841552734375,,,,,,,,,,
2026-10-01,280,BuyerAgent,Onitsha,1,339.4659423828125,776.35009765625,,,,,,,,,,
2026-10-01,281,BuyerAgent,Onitsha,1,339.4659423828125,554.951171875,,,,,,,,,,
2026-10-01,282,BuyerAgent,Onitsha,2,0.0,0.0006103515625,,,,,,,,,,
2026-10-01,283,BuyerAgent,Onitsha,2,0.0,577.7679443359375,,,,,,,,,,
2026-10-01,284,BuyerAgent,Onitsha,1,222.2186279296875,442.0428466796875,,,,,,,,,,
2026-10-01,285,BuyerAgent,Onitsha,2,0.0,219.8248291015625,,,,,,,,,,
2026-10-01,286,BuyerAgent,Onitsha,2,0.0,215.4852294921875,,,,,,,,,,
2026-10-01,287,BuyerAgent,Onitsha,0,222.2186279296875,222.21923828125,,,,,,,,,,
2026-10-01,288,BuyerAgent,Onitsha,2,0.0,0.0006103515625,,,,,,,,,,
2026-10-01,289,BuyerAgent,Onitsha,1,0.0006103515625,0.0006103515625,,,,,,,,,,
2026-10-01,290,BuyerAgent,Onitsha,2,0.0,0.0,,,,,,,,,,
2026-10-01,291,BuyerAgent,Onitsha,0,0.0006103515625,0.0006103515625,,,,,,,,,,
2026-10-01,292,BuyerAgent,Onitsha,0,0.0006103515625,0.0006103515625,,,,,,,,,,
2026-10-01,293,BuyerAgent,Onitsha,2,0.0,0.0,,,,,,,,,,
2026-10-01,294,BuyerAgent,Onitsha,0,0.0006103515625,0.0006103515625,,,,,,,,,,
2026-10-01,295,BuyerAgent,Onitsha,1,0.0006103515625,0.0006103515625,,,,,,,,,,
2026-10-01,296,BuyerAgent,Onitsha,1,0.0,0.0,,,,,,,,,,
2026-10-01,297,BuyerAgent,Onitsha,0,0.0,0.0,,,,,,,,,,
2026-10-01,298,BuyerAgent,Onitsha,2,0.0,0.0,,,,,,,,,,
2026-10-01,299,BuyerAgent,Onitsha,0,0.0,0.0,,,,,,,,,,
2026-10-01,300,BuyerAgent,Onitsha,1,0.0,0.0,,,,,,,,,,
2026-10-01,301,BuyerAgent,Onitsha,2,0.0,0.0,,,,,,,,,,
2026-10-01,302,BuyerAgent,Onitsha,0,0.0,0.0,,,,,,,,,,
2026-10-01,303,BuyerAgent,Onitsha,1,0.0,0.0,,,,,,,,,,
2026-10-01,304,BuyerAgent,Onitsha,0,0.0,0.0,,,,,,,,,,
2026-10-01,305,BuyerAgent,Onitsha,2,0.0,0.0,,,,,,,,,,
2026-10-01,306,BuyerAgent,Onitsha,1,0.0,0.0,,,,,,,,,,
2026-10-01,307,TransporterAgent,Onitsha,2,100.0,0.0,,,,,,,,,,
2026-10-01,308,TransporterAgent,Onitsha,0,0.0,100.0,,,,,,,,,,
2026-10-01,309,TransporterAgent,Onitsha,2,100.0,50.0,,,,,,,,,,
2026-10-01,310,TransporterAgent,Onitsha,0,0.0,-300.0,,,,,,,,,,
2026-10-01,311,TransporterAgent,Onitsha,1,-200.0,-150.0,,,,,,,,,,
2026-10-01,312,TransporterAgent,Onitsha,2,100.0,0.0,,,,,,,,,,
2026-10-01,313,TransporterAgent,Onitsha,1,-200.0,-600.0,,,,,,,,,,
2026-10-01,314,TransporterAgent,Onitsha,1,-200.0,-300.0,,,,,,,,,,
2026-10-01,315,TransporterAgent,Onitsha,2,100.0,-200.0,,,,,,,,,,
2026-10-01,316,TransporterAgent,Onitsha,3,50.0,150.0,,,,,,,,,,
2026-10-01,317,BankingAgent,Onitsha,0,-0.0,-10.600000000000005,,,,,,,,,,
2026-10-01,318,BankingAgent,Onitsha,0,-0.0,-10.600000000000005,,,,,,,,,,
2026-10-01,319,BankingAgent,Onitsha,0,-0.0,-7.950000000000004,,,,,,,,,,
2026-10-01,321,TraderAgent,Port_Harcourt,2,-33.5225,26.4775,539086.5,Port_Harcourt,False,,,losing,False,1279.87,0.0,False
2026-10-01,322,TraderAgent,Port_Harcourt,2,-33.5225,-100.03375,565506.625,Port_Harcourt,False,,,losing,False,1279.87,0.0,False
2026-10-01,323,TraderAgent,Port_Harcourt,1,135.25062340686299,8869.95703125,539213.5625,Onitsha,True,Onitsha,Onitsha,winning,False,1233.01,3.0,True
2026-10-01,324,TraderAgent,Port_Harcourt,1,135.25062340686299,6078.31494140625,515126.03125,Onitsha,True,Onitsha,Onitsha,winning,False,1040.77,1.0,True
2026-10-01,325,TraderAgent,Port_Harcourt,0,6039.5859375,12008.2177734375,555743.4375,Port_Harcourt,False,Onitsha,Onitsha,winning,False,1043.14,3.0,False
2026-10-01,326,TraderAgent,Port_Harcourt,3,20.0,3095.321044921875,550625.75,Port_Harcourt,False,,Port_Harcourt,winning,False,1171.36,1.0,False
2026-10-01,327,TraderAgent,Port_Harcourt,3,20.0,5881.1630859375,541393.5,Port_Harcourt,False,Onitsha,Onitsha,winning,False,982.55,1.0,False
2026-10-01,328,TraderAgent,Port_Harcourt,3,20.0,5837.9462890625,566298.25,Port_Harcourt,False,,Port_Harcourt,winning,False,1171.36,2.0,False
2026-10-01,329,TraderAgent,Port_Harcourt,0,6039.5859375,9258.81640625,543924.75,Port_Harcourt,False,Onitsha,Onitsha,winning,False,1043.14,2.0,False
2026-10-01,330,TraderAgent,Port_Harcourt,0,2004.200439453125,7970.787109375,565742.5625,Port_Harcourt,False,Onitsha,Port_Harcourt,winning,False,1040.77,2.0,False
2026-10-01,331,TraderAgent,Port_Harcourt,4,-10.0,2996.156005859375,545523.375,Port_Harcourt,False,,Port_Harcourt,winning,False,1210.4,1.0,False
2026-10-01,332,TraderAgent,Port_Harcourt,1,135.25062340686299,3223.560546875,486857.0,Onitsha,True,Onitsha,Onitsha,winning,False,1233.01,1.0,True
2026-10-01,333,TraderAgent,Port_Harcourt,3,20.0,3063.99462890625,539135.1875,Port_Harcourt,False,,Port_Harcourt,winning,False,1160.62,1.0,False
2026-10-01,334,TraderAgent,Port_Harcourt,1,135.25062340686299,3209.245361328125,547484.5,Onitsha,True,Onitsha,Onitsha,winning,False,1221.7,1.0,True
2026-10-01,335,TraderAgent,Port_Harcourt,4,-10.0,7.01125,525772.1875,Port_Harcourt,False,,,losing,False,1279.87,0.0,False
2026-10-01,336,TraderAgent,Port_Harcourt,3,20.0,7825.2802734375,560755.9375,Port_Harcourt,False,Onitsha,Port_Harcourt,winning,False,1171.36,2.0,False
2026-10-01,337,TraderAgent,Port_Harcourt,3,20.0,26.4775,547311.3125,Port_Harcourt,False,,,losing,False,1215.87,0.0,False
2026-10-01,338,TraderAgent,Port_Harcourt,1,135.25062340686299,3132.200439453125,498459.59375,Onitsha,True,Onitsha,Onitsha,winning,False,1221.7,1.0,True
2026-10-01,339,TraderAgent,Port_Harcourt,4,-10.0,-22.988749999999996,540941.125,Port_Harcourt,False,,,losing,False,1279.87,0.0,False
2026-10-01,340,TraderAgent,Port_Harcourt,4,-10.0,5956.5869140625,543342.4375,Port_Harcourt,False,Onitsha,Onitsha,winning,False,1040.77,1.0,False
2026-10-01,341,BuyerAgent,Port_Harcourt,0,1550.986328125,4514.5400390625,,,,,,,,,,
2026-10-01,342,BuyerAgent,Port_Harcourt,0,1539.171142578125,4803.0849609375,,,,,,,,,,
2026-10-01,343,BuyerAgent,Port_Harcourt,1,1539.171142578125,3922.42431640625,,,,,,,,,,
2026-10-01,344,BuyerAgent,Port_Harcourt,2,0.0,2383.253173828125,,,,,,,,,,
2026-10-01,345,BuyerAgent,Port_Harcourt,2,0.0,1308.3837890625,,,,,,,,,,
2026-10-01,346,BuyerAgent,Port_Harcourt,2,0.0,578.50341796875,,,,,,,,,,
2026-10-01,347,BuyerAgent,Port_Harcourt,2,0.0,688.424072265625,,,,,,,,,,
2026-10-01,348,BuyerAgent,Port_Harcourt,1,0.0,688.424072265625,,,,,,,,,,
2026-10-01,349,BuyerAgent,Port_Harcourt,1,0.0,340.443115234375,,,,,,,,,,
2026-10-01,350,BuyerAgent,Port_Harcourt,2,0.0,0.0,,,,,,,,,,
2026-10-01,351,BuyerAgent,Port_Harcourt,2,0.0,0.0,,,,,,,,,,
2026-10-01,352,BuyerAgent,Port_Harcourt,2,0.0,0.0,,,,,,,,,,
2026-10-01,353,BuyerAgent,Port_Harcourt,1,0.0,0.0,,,,,,,,,,
2026-10-01,354,BuyerAgent,Port_Harcourt,0,0.0,0.0,,,,,,,,,,
2026-10-01,355,BuyerAgent,Port_Harcourt,0,0.0,0.0,,,,,,,,,,
2026-10-01,356,BuyerAgent,Port_Harcourt,1,0.0,0.0,,,,,,,,,,
2026-10-01,357,BuyerAgent,Port_Harcourt,1,0.0,0.0,,,,,,,,,,
2026-10-01,358,BuyerAgent,Port_Harcourt,0,0.0,0.0,,,,,,,,,,
2026-10-01,359,BuyerAgent,Port_Harcourt,0,0.0,0.0,,,,,,,,,,
2026-10-01,360,BuyerAgent,Port_Harcourt,0,0.0,0.0,,,,,,,,,,
2026-10-01,361,BuyerAgent,Port_Harcourt,1,0.0,0.0,,,,,,,,,,
2026-10-01,362,BuyerAgent,Port_Harcourt,1,0.0,0.0,,,,,,,,,,
2026-10-01,363,BuyerAgent,Port_Harcourt,1,0.0,0.0,,,,,,,,,,
2026-10-01,364,BuyerAgent,Port_Harcourt,0,0.0,0.0,,,,,,,,,,
2026-10-01,365,BuyerAgent,Port_Harcourt,1,0.0,0.0,,,,,,,,,,
2026-10-01,366,BuyerAgent,Port_Harcourt,2,0.0,0.0,,,,,,,,,,
2026-10-01,367,BuyerAgent,Port_Harcourt,0,0.0,0.0,,,,,,,,,,
2026-10-01,368,BuyerAgent,Port_Harcourt,2,0.0,0.0,,,,,,,,,,
2026-10-01,369,BuyerAgent,Port_Harcourt,1,0.0,0.0,,,,,,,,,,
2026-10-01,370,BuyerAgent,Port_Harcourt,0,0.0,0.0,,,,,,,,,,
2026-10-01,371,TransporterAgent,Port_Harcourt,2,100.0,200.50550896284727,,,,,,,,,,
2026-10-01,372,TransporterAgent,Port_Harcourt,1,-200.0,0.0,,,,,,,,,,
2026-10-01,373,TransporterAgent,Port_Harcourt,3,50.0,0.0,,,,,,,,,,
2026-10-01,374,TransporterAgent,Port_Harcourt,1,-200.0,-250.0,,,,,,,,,,
2026-10-01,375,TransporterAgent,Port_Harcourt,3,50.0,151.31665890343487,,,,,,,,,,
2026-10-01,376,TransporterAgent,Port_Harcourt,1,-200.0,-98.68334109656513,,,,,,,,,,
2026-10-01,377,TransporterAgent,Port_Harcourt,2,100.0,201.112898251608,,,,,,,,,,
2026-10-01,378,TransporterAgent,Port_Harcourt,3,50.0,-148.7852214224786,,,,,,,,,,
2026-10-01,379,TransporterAgent,Port_Harcourt,1,-200.0,-49.49449103715273,,,,,,,,,,
2026-10-01,380,TransporterAgent,Port_Harcourt,3,50.0,-49.494491037152756,,,,,,,,,,
2026-10-01,381,BankingAgent,Port_Harcourt,0,-0.0,-5.3000000000000025,,,,,,,,,,
2026-10-01,382,BankingAgent,Port_Harcourt,0,-0.0,-2.6500000000000012,,,,,,,,,,
2026-10-01,383,BankingAgent,Port_Harcourt,1,-2.6500000000000012,-18.55000000000001,,,,,,,,,,
2026-11-01,1,TraderAgent,Abuja,0,0.0,156.25176865642243,476168.0,Abuja,False,Onitsha,Onitsha,winning,False,285.0,1.0,False
2026-11-01,2,TraderAgent,Abuja,1,123.8256918307491,211.8041154233225,403514.0,Onitsha,True,Onitsha,Onitsha,winning,False,285.0,1.0,True
2026-11-01,3,TraderAgent,Abuja,3,20.0,194.1141569160651,464394.3125,Abuja,False,Onitsha,Onitsha,winning,False,270.75,1.0,False
2026-11-01,4,TraderAgent,Abuja,3,20.0,2132.0126953125,464574.8125,Abuja,False,,Abuja,winning,False,249.38,3.0,False
2026-11-01,5,TraderAgent,Abuja,0,0.0,1026.5777587890625,458661.25,Abuja,False,Onitsha,Onitsha,winning,False,285.0,3.0,False
2026-11-01,6,TraderAgent,Abuja,4,-10.0,617.9550170898438,468210.8125,Abuja,False,,Abuja,winning,False,262.5,1.0,False
2026-11-01,7,TraderAgent,Abuja,0,0.0,1010.3659057617188,377708.15625,Abuja,False,Onitsha,Onitsha,winning,False,285.0,3.0,False
2026-11-01,8,TraderAgent,Abuja,4,-10.0,1484.5126953125,467026.71875,Abuja,False,,Abuja,winning,False,262.5,2.0,False
2026-11-01,9,TraderAgent,Abuja,3,20.0,940.3259887695312,406726.375,Abuja,False,Onitsha,Onitsha,winning,False,270.75,2.0,False
2026-11-01,10,TraderAgent,Abuja,1,123.8256918307491,1594.8157958984375,429837.4375,Onitsha,True,Onitsha,Onitsha,winning,False,262.5,2.0,True
2026-11-01,11,TraderAgent,Abuja,0,0.0,781.2517700195312,469829.03125,Abuja,False,Onitsha,Onitsha,winning,False,285.0,2.0,False
2026-11-01,12,TraderAgent,Abuja,4,-10.0,894.1141357421875,451875.03125,Abuja,False,Onitsha,Abuja,winning,False,262.5,2.0,False
2026-11-01,13,TraderAgent,Abuja,2,-26.5,-76.52250000000001,493884.75,Abuja,False,,,losing,False,270.0,0.0,False
2026-11-01,14,TraderAgent,Abuja,2,-26.5,831.1141357421875,472198.8125,Abuja,False,Onitsha,Abuja,winning,False,262.5,2.0,False
2026-11-01,15,TraderAgent,Abuja,1,123.8256918307491,235.3266154233225,450691.09375,Onitsha,True,Onitsha,Onitsha,winning,False,285.0,1.0,True
2026-11-01,16,TraderAgent,Abuja,4,-10.0,-66.5,392657.59375,Abuja,False,,,losing,False,270.0,0.0,False
2026-11-01,17,TraderAgent,Abuja,4,-10.0,641.4774780273438,444821.53125,Abuja,False,,Abuja,winning,False,262.5,1.0,False
2026-11-01,18,TraderAgent,Abuja,3,20.0,891.5009155273438,468555.0,Abuja,False,Onitsha,Abuja,winning,False,249.38,2.0,False
2026-11-01,19,TraderAgent,Abuja,3,20.0,818.8250732421875,468167.09375,Abuja,False,,Abuja,winning,False,264.23,1.0,False
2026-11-01,20,TraderAgent,Abuja,0,637.5,1541.6141357421875,479268.4375,Abuja,False,Onitsha,Abuja,winning,False,262.5,3.0,False
2026-11-01,21,BuyerAgent,Abuja,2,0.0,197.92510986328125,,,,,,,,,,
2026-11-01,22,BuyerAgent,Abuja,1,112.5,112.5,,,,,,,,,,
2026-11-01,23,BuyerAgent,Abuja,1,0.0,160.42510986328125,,,,,,,,,,
2026-11-01,24,BuyerAgent,Abuja,1,0.0,160.42510986328125,,,,,,,,,,
2026-11-01,25,BuyerAgent,Abuja,0,0.0,160.42510986328125,,,,,,,,,,
2026-11-01,26,BuyerAgent,Abuja,1,0.0,119.737548828125,,,,,,,,,,
2026-11-01,27,BuyerAgent,Abuja,0,0.0,34.31243896484375,,,,,,,,,,
2026-11-01,28,BuyerAgent,Abuja,0,0.0,34.31243896484375,,,,,,,,,,
2026-11-01,29,BuyerAgent,Abuja,2,0.0,0.0,,,,,,,,,,
2026-11-01,30,BuyerAgent,Abuja,0,0.0,0.0,,,,,,,,,,
2026-11-01,31,BuyerAgent,Abuja,1,0.0,0.0,,,,,,,,,,
2026-11-01,32,BuyerAgent,Abuja,0,0.0,85.42510986328125,,,,,,,,,,
2026-11-01,33,BuyerAgent,Abuja,1,0.0,0.0,,,,,,,,,,
2026-11-01,34,BuyerAgent,Abuja,0,0.0,0.0,,,,,,,,,,
2026-11-01,35,BuyerAgent,Abuja,2,0.0,0.0,,,,,,,,,,
2026-11-01,36,BuyerAgent,Abuja,2,0.0,0.0,,,,,,,,,,
2026-11-01,37,BuyerAgent,Abuja,1,0.0,0.0,,,,,,,,,,
2026-11-01,38,BuyerAgent,Abuja,0,0.0,0.0,,,,,,,,,,
2026-11-01,39,BuyerAgent,Abuja,0,0.0,0.0,,,,,,,,,,
2026-11-01,40,BuyerAgent,Abuja,2,0.0,0.0,,,,,,,,,,
2026-11-01,41,BuyerAgent,Abuja,2,0.0,0.0,,,,,,,,,,
2026-11-01,42,BuyerAgent,Abuja,1,0.0,0.0,,,,,,,,,,
2026-11-01,43,BuyerAgent,Abuja,0,0.0,0.0,,,,,,,,,,
2026-11-01,44,BuyerAgent,Abuja,2,0.0,0.0,,,,,,,,,,
2026-11-01,45,BuyerAgent,Abuja,2,0.0,0.0,,,,,,,,,,
2026-11-01,46,BuyerAgent,Abuja,0,0.0,0.0,,,,,,,,,,
2026-11-01,47,BuyerAgent,Abuja,1,0.0,0.0,,,,,,,,,,
2026-11-01,48,BuyerAgent,Abuja,2,0.0,0.0,,,,,,,,,,
2026-11-01,49,BuyerAgent,Abuja,1,0.0,0.0,,,,,,,,,,
2026-11-01,50,BuyerAgent,Abuja,2,0.0,0.0,,,,,,,,,,
2026-11-01,51,TransporterAgent,Abuja,3,50.0,350.0,,,,,,,,,,
2026-11-01,52,TransporterAgent,Abuja,0,7.470688955111227,122.87896586128241,,,,,,,,,,
2026-11-01,53,TransporterAgent,Abuja,1,-200.0,-34.20517990655242,,,,,,,,,,
2026-11-01,54,TransporterAgent,Abuja,1,-200.0,-376.60903289966564,,,,,,,,,,
2026-11-01,55,TransporterAgent,Abuja,2,100.0,358.0975563991093,,,,,,,,,,
2026-11-01,56,TransporterAgent,Abuja,3,50.0,257.6972636943383,,,,,,,,,,
2026-11-01,57,TransporterAgent,Abuja,3,50.0,257.5961470068868,,,,,,,,,,
2026-11-01,58,TransporterAgent,Abuja,2,100.0,-34.20517990655242,,,,,,,,,,
2026-11-01,59,TransporterAgent,Abuja,3,50.0,307.6972636943383,,,,,,,,,,
2026-11-01,60,TransporterAgent,Abuja,2,100.0,57.81212989928443,,,,,,,,,,
2026-11-01,61,BankingAgent,Abuja,0,-0.0,-15.90000000000001,,,,,,,,,,
2026-11-01,62,BankingAgent,Abuja,0,-0.0,-10.600000000000005,,,,,,,,,,
2026-11-01,63,BankingAgent,Abuja,0,-0.0,-10.600000000000005,,,,,,,,,,
2026-11-01,65,TraderAgent,Bauchi,2,-33.5225,141.85245516232072,478853.625,Bauchi,False,Onitsha,Onitsha,winning,False,372.35,1.0,False
2026-11-01,66,TraderAgent,Bauchi,3,20.0,141.36538507127798,312253.84375,Bauchi,False,Onitsha,Onitsha,winning,False,353.73,1.0,False
2026-11-01,67,TraderAgent,Bauchi,2,-33.5225,98.376635071278,474025.625,Bauchi,False,Onitsha,Onitsha,winning,False,372.35,1.0,False
2026-11-01,68,TraderAgent,Bauchi,1,133.93999388813555,261.95193863408474,263820.84375,Onitsha,True,Onitsha,Onitsha,winning,False,372.35,1.0,True
2026-11-01,69,TraderAgent,Bauchi,0,881.8875122070312,901.8875122070312,250485.625,Bauchi,False,,Bauchi,losing,False,352.75,1.0,False
2026-11-01,70,TraderAgent,Bauchi,0,0.0,74.70767799714078,438597.625,Bauchi,False,Onitsha,Onitsha,winning,False,372.35,1.0,False
2026-11-01,71,TraderAgent,Bauchi,1,133.93999388813555,212.31662895941355,355058.90625,Onitsha,True,Onitsha,Onitsha,winning,False,372.35,1.0,True
2026-11-01,72,TraderAgent,Bauchi,0,881.8875122070312,831.864990234375,325083.3125,Bauchi,False,,Bauchi,losing,False,352.75,1.0,False
2026-11-01,73,TraderAgent,Bauchi,3,20.0,644.6839599609375,495716.4375,Bauchi,False,,Bauchi,winning,False,287.14,1.0,False
2026-11-01,74,TraderAgent,Bauchi,3,20.0,151.899135071278,256657.546875,Bauchi,False,Onitsha,Onitsha,winning,False,353.73,1.0,False
2026-11-01,75,TraderAgent,Bauchi,0,881.8875122070312,818.364990234375,516838.09375,Bauchi,False,,Bauchi,losing,False,352.75,1.0,False
2026-11-01,76,TraderAgent,Bauchi,1,133.93999388813555,1135.2637939453125,420091.625,Onitsha,True,Onitsha,Onitsha,winning,False,329.39,2.0,True
2026-11-01,77,TraderAgent,Bauchi,1,133.93999388813555,249.31494905045628,380461.03125,Onitsha,True,Onitsha,Onitsha,winning,False,372.35,1.0,True
2026-11-01,78,TraderAgent,Bauchi,3,20.0,1034.7996826171875,488708.1875,Bauchi,False,Onitsha,Bauchi,winning,False,312.92,2.0,False
2026-11-01,79,TraderAgent,Bauchi,2,-33.5225,647.2570190429688,473136.71875,Bauchi,False,Onitsha,Onitsha,winning,False,372.35,2.0,False
2026-11-01,80,TraderAgent,Bauchi,3,20.0,40.0,516387.09375,Bauchi,False,,,losing,False,335.12,0.0,False
2026-11-01,81,TraderAgent,Bauchi,4,-10.0,679.5886840820312,327988.78125,Bauchi,False,,Bauchi,winning,False,315.82,1.0,False
2026-11-01,82,TraderAgent,Bauchi,1,133.93999388813555,1273.6611328125,430734.375,Onitsha,True,Onitsha,Onitsha,winning,False,315.82,2.0,True
2026-11-01,83,TraderAgent,Bauchi,0,629.3814086914062,1730.057861328125,517634.09375,Bauchi,False,,Bauchi,winning,False,302.25,3.0,False
2026-11-01,84,TraderAgent,Bauchi,4,-10.0,1013.6315307617188,403434.875,Bauchi,False,,Bauchi,winning,False,302.25,2.0,False
2026-11-01,85,BuyerAgent,Bauchi,1,350.4937744140625,586.4173583984375,,,,,,,,,,
2026-11-01,86,BuyerAgent,Bauchi,1,97.9876708984375,97.9876708984375,,,,,,,,,,
2026-11-01,87,BuyerAgent,Bauchi,0,97.9876708984375,333.9112854003906,,,,,,,,,,
2026-11-01,88,BuyerAgent,Bauchi,0,97.9876708984375,424.36126708984375,,,,,,,,,,
2026-11-01,89,BuyerAgent,Bauchi,2,0.0,141.70486450195312,,,,,,,,,,
2026-11-01,90,BuyerAgent,Bauchi,0,0.0,61.807403564453125,,,,,,,,,,
2026-11-01,91,BuyerAgent,Bauchi,1,0.0,0.0,,,,,,,,,,
2026-11-01,92,BuyerAgent,Bauchi,2,0.0,0.0,,,,,,,,,,
2026-11-01,93,BuyerAgent,Bauchi,0,0.0,0.0,,,,,,,,,,
2026-11-01,94,BuyerAgent,Bauchi,0,0.0,0.0,,,,,,,,,,
2026-11-01,95,BuyerAgent,Bauchi,2,0.0,0.0,,,,,,,,,,
2026-11-01,96,BuyerAgent,Bauchi,1,0.0,0.0,,,,,,,,,,
2026-11-01,97,BuyerAgent,Bauchi,0,0.0,0.0,,,,,,,,,,
2026-11-01,98,BuyerAgent,Bauchi,2,0.0,0.0,,,,,,,,,,
2026-11-01,99,BuyerAgent,Bauchi,0,0.0,0.0,,,,,,,,,,
2026-11-01,100,BuyerAgent,Bauchi,0,0.0,0.0,,,,,,,,,,
2026-11-01,101,BuyerAgent,Bauchi,2,0.0,0.0,,,,,,,,,,
2026-11-01,102,BuyerAgent,Bauchi,0,0.0,0.0,,,,,,,,,,
2026-11-01,103,BuyerAgent,Bauchi,1,0.0,0.0,,,,,,,,,,
2026-11-01,104,BuyerAgent,Bauchi,2,0.0,0.0,,,,,,,,,,
2026-11-01,105,BuyerAgent,Bauchi,0,0.0,0.0,,,,,,,,,,
2026-11-01,106,BuyerAgent,Bauchi,2,0.0,0.0,,,,,,,,,,
2026-11-01,107,BuyerAgent,Bauchi,1,0.0,0.0,,,,,,,,,,
2026-11-01,108,BuyerAgent,Bauchi,2,0.0,0.0,,,,,,,,,,
2026-11-01,109,BuyerAgent,Bauchi,1,0.0,0.0,,,,,,,,,,
2026-11-01,110,BuyerAgent,Bauchi,2,0.0,0.0,,,,,,,,,,
2026-11-01,111,BuyerAgent,Bauchi,0,0.0,0.0,,,,,,,,,,
2026-11-01,112,BuyerAgent,Bauchi,1,0.0,0.0,,,,,,,,,,
2026-11-01,113,BuyerAgent,Bauchi,1,0.0,0.0,,,,,,,,,,
2026-11-01,114,BuyerAgent,Bauchi,1,0.0,0.0,,,,,,,,,,
2026-11-01,115,TransporterAgent,Bauchi,0,0.0,400.0,,,,,,,,,,
2026-11-01,116,TransporterAgent,Bauchi,0,0.0,50.0,,,,,,,,,,
2026-11-01,117,TransporterAgent,Bauchi,3,50.0,250.0,,,,,,,,,,
2026-11-01,118,TransporterAgent,Bauchi,2,100.0,0.0,,,,,,,,,,
2026-11-01,119,TransporterAgent,Bauchi,2,100.0,-150.0,,,,,,,,,,
2026-11-01,120,TransporterAgent,Bauchi,2,100.0,-200.0,,,,,,,,,,
2026-11-01,121,TransporterAgent,Bauchi,3,50.0,-100.0,,,,,,,,,,
2026-11-01,122,TransporterAgent,Bauchi,2,100.0,100.0,,,,,,,,,,
2026-11-01,123,TransporterAgent,Bauchi,2,100.0,0.0,,,,,,,,,,
2026-11-01,124,TransporterAgent,Bauchi,1,-200.0,0.0,,,,,,,,,,
2026-11-01,125,BankingAgent,Bauchi,0,-0.0,-15.90000000000001,,,,,,,,,,
2026-11-01,126,BankingAgent,Bauchi,1,-2.6500000000000012,-18.55000000000001,,,,,,,,,,
2026-11-01,127,BankingAgent,Bauchi,1,-2.6500000000000012,-18.55000000000001,,,,,,,,,,
2026-11-01,129,TraderAgent,Kano,4,-10.0,1141.0657958984375,418507.1875,Kano,False,Onitsha,Kano,winning,False,391.95,2.0,False
2026-11-01,130,TraderAgent,Kano,4,-10.0,1531.442138671875,438239.125,Kano,False,Onitsha,Onitsha,winning,False,458.28,3.0,False
2026-11-01,131,TraderAgent,Kano,0,0.0,972.27587890625,400343.03125,Kano,False,Onitsha,Onitsha,winning,False,458.28,3.0,False
2026-11-01,132,TraderAgent,Kano,1,124.29416523061553,1511.95556640625,446363.40625,Onitsha,True,Onitsha,Onitsha,winning,False,407.02,2.0,True
2026-11-01,133,TraderAgent,Kano,1,124.29416523061553,1149.244384765625,388641.09375,Onitsha,True,Onitsha,Onitsha,winning,False,407.02,1.0,True
2026-11-01,134,TraderAgent,Kano,0,0.0,1683.5814208984375,382657.96875,Kano,False,Onitsha,Onitsha,winning,False,458.28,3.0,False
2026-11-01,135,TraderAgent,Kano,0,1085.3997802734375,1105.3997802734375,443791.375,Kano,False,,Kano,losing,False,434.16,1.0,False
2026-11-01,136,TraderAgent,Kano,4,-10.0,1531.442138671875,450789.875,Kano,False,Onitsha,Onitsha,winning,False,458.28,3.0,False
2026-11-01,137,TraderAgent,Kano,3,20.0,100.97431459554136,413956.09375,Kano,False,Onitsha,Onitsha,losing,False,435.37,1.0,False
2026-11-01,138,TraderAgent,Kano,0,949.7247314453125,3231.12451171875,452460.40625,Kano,False,,Kano,winning,False,407.02,4.0,False
2026-11-01,139,TraderAgent,Kano,0,0.0,798.290283203125,436548.15625,Kano,False,Onitsha,Onitsha,winning,False,458.28,2.0,False
2026-11-01,140,TraderAgent,Kano,1,124.29416523061553,206.83742866532424,413840.28125,Onitsha,True,Onitsha,Onitsha,winning,False,458.28,1.0,True
2026-11-01,141,TraderAgent,Kano,3,20.0,186.06576343470869,450198.625,Kano,False,Onitsha,Onitsha,winning,False,435.37,1.0,False
2026-11-01,142,TraderAgent,Kano,0,0.0,924.70654296875,463701.875,Kano,False,Onitsha,Onitsha,winning,False,458.28,2.0,False
2026-11-01,143,TraderAgent,Kano,0,949.7247314453125,2426.875,468196.09375,Kano,False,,Kano,winning,False,407.02,3.0,False
2026-11-01,144,TraderAgent,Kano,3,20.0,834.5742797851562,413503.8125,Kano,False,Onitsha,Onitsha,winning,False,435.37,2.0,False
2026-11-01,145,TraderAgent,Kano,0,1205.999755859375,2020.573974609375,393707.46875,Kano,False,Onitsha,Kano,winning,False,458.28,3.0,False
2026-11-01,146,TraderAgent,Kano,1,124.29416523061553,992.2862548828125,397528.625,Onitsha,True,Onitsha,Onitsha,winning,False,458.28,2.0,True
2026-11-01,147,TraderAgent,Kano,0,1205.999755859375,1370.391845703125,394398.96875,Kano,False,Onitsha,Kano,winning,False,458.28,2.0,False
2026-11-01,148,TraderAgent,Kano,0,949.7247314453125,2396.875,470217.90625,Kano,False,,Kano,winning,False,407.02,3.0,False
2026-11-01,149,BuyerAgent,Kano,2,0.0,381.90032958984375,,,,,,,,,,
2026-11-01,150,BuyerAgent,Kano,0,256.27532958984375,336.6754150390625,,,,,,,,,,
2026-11-01,151,BuyerAgent,Kano,0,256.27532958984375,954.7506713867188,,,,,,,,,,
2026-11-01,152,BuyerAgent,Kano,2,0.0,391.9500732421875,,,,,,,,,,
2026-11-01,153,BuyerAgent,Kano,1,256.27532958984375,728.62548828125,,,,,,,,,,
2026-11-01,154,BuyerAgent,Kano,2,0.0,321.60003662109375,,,,,,,,,,
2026-11-01,155,BuyerAgent,Kano,1,120.60028076171875,522.60009765625,,,,,,,,,,
2026-11-01,156,BuyerAgent,Kano,2,0.0,211.0498046875,,,,,,,,,,
2026-11-01,157,BuyerAgent,Kano,1,0.00030517578125,90.45013427734375,,,,,,,,,,
2026-11-01,158,BuyerAgent,Kano,1,0.00030517578125,80.400390625,,,,,,,,,,
2026-11-01,159,BuyerAgent,Kano,2,0.0,90.4498291015625,,,,,,,,,,
2026-11-01,160,BuyerAgent,Kano,1,0.00030517578125,0.00030517578125,,,,,,,,,,
2026-11-01,161,BuyerAgent,Kano,1,0.00030517578125,80.400390625,,,,,,,,,,
2026-11-01,162,BuyerAgent,Kano,0,0.00030517578125,80.400390625,,,,,,,,,,
2026-11-01,163,BuyerAgent,Kano,2,0.0,0.0,,,,,,,,,,
2026-11-01,164,BuyerAgent,Kano,2,0.0,0.0,,,,,,,,,,
2026-11-01,165,BuyerAgent,Kano,1,0.00030517578125,80.400390625,,,,,,,,,,
2026-11-01,166,BuyerAgent,Kano,1,0.0,80.40008544921875,,,,,,,,,,
2026-11-01,167,BuyerAgent,Kano,1,0.0,0.0,,,,,,,,,,
2026-11-01,168,BuyerAgent,Kano,1,0.0,0.0,,,,,,,,,,
2026-11-01,169,BuyerAgent,Kano,1,0.0,0.0,,,,,,,,,,
2026-11-01,170,BuyerAgent,Kano,1,0.0,0.0,,,,,,,,,,
2026-11-01,171,BuyerAgent,Kano,1,0.0,0.0,,,,,,,,,,
2026-11-01,172,BuyerAgent,Kano,2,0.0,0.0,,,,,,,,,,
2026-11-01,173,BuyerAgent,Kano,2,0.0,0.0,,,,,,,,,,
2026-11-01,174,BuyerAgent,Kano,1,0.0,0.0,,,,,,,,,,
2026-11-01,175,BuyerAgent,Kano,0,0.0,0.0,,,,,,,,,,
2026-11-01,176,BuyerAgent,Kano,2,0.0,0.0,,,,,,,,,,
2026-11-01,177,BuyerAgent,Kano,0,0.0,0.0,,,,,,,,,,
2026-11-01,178,BuyerAgent,Kano,0,0.0,0.0,,,,,,,,,,
2026-11-01,179,TransporterAgent,Kano,1,-200.0,0.0,,,,,,,,,,
2026-11-01,180,TransporterAgent,Kano,1,-200.0,150.0,,,,,,,,,,
2026-11-01,181,TransporterAgent,Kano,0,0.0,-350.0,,,,,,,,,,
2026-11-01,182,TransporterAgent,Kano,3,50.0,-100.0,,,,,,,,,,
2026-11-01,183,TransporterAgent,Kano,1,-200.0,100.0,,,,,,,,,,
2026-11-01,184,TransporterAgent,Kano,3,50.0,300.0,,,,,,,,,,
2026-11-01,185,TransporterAgent,Kano,2,100.0,250.0,,,,,,,,,,
2026-11-01,186,TransporterAgent,Kano,2,100.0,300.0,,,,,,,,,,
2026-11-01,187,TransporterAgent,Kano,3,50.0,250.0,,,,,,,,,,
2026-11-01,188,TransporterAgent,Kano,1,-200.0,-700.0,,,,,,,,,,
2026-11-01,189,BankingAgent,Kano,1,-2.6500000000000012,-15.90000000000001,,,,,,,,,,
2026-11-01,190,BankingAgent,Kano,2,-1.3250000000000006,-18.550000000000008,,,,,,,,,,
2026-11-01,191,BankingAgent,Kano,0,-0.0,-13.250000000000007,,,,,,,,,,
2026-11-01,193,TraderAgent,Lagos,0,7072.654296875,12339.90625,508793.25,Lagos,False,Onitsha,Onitsha,winning,False,1112.2,3.0,False
2026-11-01,194,TraderAgent,Lagos,2,-26.5,5713.29150390625,498289.59375,Lagos,False,Onitsha,Onitsha,winning,False,1108.61,1.0,False
2026-11-01,195,TraderAgent,Lagos,0,3121.781005859375,13030.833984375,506377.90625,Lagos,False,Onitsha,Lagos,winning,False,1325.34,4.0,False
2026-11-01,196,TraderAgent,Lagos,1,167.64299468152328,5199.63232421875,472493.375,Onitsha,True,Onitsha,Onitsha,winning,False,1102.1,1.0,True
2026-11-01,197,TraderAgent,Lagos,0,7072.654296875,12934.64453125,443242.90625,Lagos,False,Onitsha,Onitsha,winning,False,1112.2,2.0,False
2026-11-01,198,TraderAgent,Lagos,0,7072.654296875,10288.0732421875,492298.96875,Lagos,False,Onitsha,Onitsha,winning,False,1112.2,2.0,False
2026-11-01,199,TraderAgent,Lagos,4,-10.0,5659.76904296875,500463.28125,Lagos,False,Onitsha,Onitsha,winning,False,1108.61,1.0,False
2026-11-01,200,TraderAgent,Lagos,3,20.0,53.5,499332.3125,Lagos,False,,,losing,False,1331.88,0.0,False
2026-11-01,201,TraderAgent,Lagos,1,167.64299468152328,5937.4345703125,484119.75,Onitsha,True,Onitsha,Onitsha,winning,False,1108.61,1.0,True
2026-11-01,202,TraderAgent,Lagos,1,167.64299468152328,3280.329833984375,492360.03125,Onitsha,True,Onitsha,Onitsha,winning,False,1287.66,1.0,True
2026-11-01,203,TraderAgent,Lagos,4,-10.0,10333.22265625,496956.8125,Lagos,False,Onitsha,Lagos,winning,False,1325.34,3.0,False
2026-11-01,204,TraderAgent,Lagos,0,3504.9365234375,3454.9140625,444828.375,Lagos,False,,Lagos,losing,False,1401.97,1.0,False
2026-11-01,205,TraderAgent,Lagos,3,20.0,7752.7861328125,478743.5625,Lagos,False,Onitsha,Lagos,winning,False,1259.08,2.0,False
2026-11-01,206,TraderAgent,Lagos,1,167.64299468152328,5193.15478515625,476075.84375,Onitsha,True,Onitsha,Onitsha,winning,False,1102.1,1.0,True
2026-11-01,207,TraderAgent,Lagos,3,20.0,2776.5400390625,431838.8125,Lagos,False,,Lagos,winning,False,1187.47,1.0,False
2026-11-01,208,TraderAgent,Lagos,1,167.64299468152328,8202.515625,483013.5625,Onitsha,True,Onitsha,Onitsha,winning,False,1325.34,3.0,True
2026-11-01,209,TraderAgent,Lagos,2,-26.5,9039.728515625,501833.71875,Lagos,False,Onitsha,Onitsha,winning,False,1110.97,2.0,False
2026-11-01,210,TraderAgent,Lagos,0,3121.781005859375,13806.185546875,511537.625,Lagos,False,,Lagos,winning,False,1325.34,5.0,False
2026-11-01,211,TraderAgent,Lagos,2,-26.5,2633.93701171875,503570.59375,Lagos,False,,Lagos,winning,False,1212.28,1.0,False
2026-11-01,212,TraderAgent,Lagos,2,-26.5,2573.93701171875,496240.90625,Lagos,False,,Lagos,winning,False,1212.28,1.0,False
2026-11-01,213,BuyerAgent,Lagos,1,1838.30078125,4904.98291015625,,,,,,,,,,
2026-11-01,214,BuyerAgent,Lagos,1,1838.30078125,4452.7333984375,,,,,,,,,,
2026-11-01,215,BuyerAgent,Lagos,1,1838.30078125,6371.8017578125,,,,,,,,,,
2026-11-01,216,BuyerAgent,Lagos,0,772.593994140625,5294.279296875,,,,,,,,,,
2026-11-01,217,BuyerAgent,Lagos,2,0.0,3087.3828125,,,,,,,,,,
2026-11-01,218,BuyerAgent,Lagos,1,772.593994140625,3571.038818359375,,,,,,,,,,
2026-11-01,219,BuyerAgent,Lagos,0,389.4384765625,1438.408203125,,,,,,,,,,
2026-11-01,220,BuyerAgent,Lagos,0,0.0,1692.9443359375,,,,,,,,,,
2026-11-01,221,BuyerAgent,Lagos,1,0.0,288.93798828125,,,,,,,,,,
2026-11-01,222,BuyerAgent,Lagos,0,0.0,1174.5947265625,,,,,,,,,,
2026-11-01,223,BuyerAgent,Lagos,2,0.0,288.93798828125,,,,,,,,,,
2026-11-01,224,BuyerAgent,Lagos,0,0.0,697.21923828125,,,,,,,,,,
2026-11-01,225,BuyerAgent,Lagos,2,0.0,339.188232421875,,,,,,,,,,
2026-11-01,226,BuyerAgent,Lagos,0,0.0,339.188232421875,,,,,,,,,,
2026-11-01,227,BuyerAgent,Lagos,2,0.0,0.0,,,,,,,,,,
2026-11-01,228,BuyerAgent,Lagos,0,0.0,0.0,,,,,,,,,,
2026-11-01,229,BuyerAgent,Lagos,0,0.0,0.0,,,,,,,,,,
2026-11-01,230,BuyerAgent,Lagos,1,0.0,0.0,,,,,,,,,,
2026-11-01,231,BuyerAgent,Lagos,2,0.0,0.0,,,,,,,,,,
2026-11-01,232,BuyerAgent,Lagos,2,0.0,0.0,,,,,,,,,,
2026-11-01,233,BuyerAgent,Lagos,0,0.0,0.0,,,,,,,,,,
2026-11-01,234,BuyerAgent,Lagos,2,0.0,0.0,,,,,,,,,,
2026-11-01,235,BuyerAgent,Lagos,2,0.0,0.0,,,,,,,,,,
2026-11-01,236,BuyerAgent,Lagos,2,0.0,0.0,,,,,,,,,,
2026-11-01,237,BuyerAgent,Lagos,1,0.0,0.0,,,,,,,,,,
2026-11-01,238,BuyerAgent,Lagos,1,0.0,0.0,,,,,,,,,,
2026-11-01,239,BuyerAgent,Lagos,2,0.0,0.0,,,,,,,,,,
2026-11-01,240,BuyerAgent,Lagos,1,0.0,0.0,,,,,,,,,,
2026-11-01,241,BuyerAgent,Lagos,0,0.0,0.0,,,,,,,,,,
2026-11-01,242,BuyerAgent,Lagos,1,0.0,0.0,,,,,,,,,,
2026-11-01,243,TransporterAgent,Lagos,3,50.0,-40.234648040743025,,,,,,,,,,
2026-11-01,244,TransporterAgent,Lagos,0,9.245319762451427,-330.73631878928546,,,,,,,,,,
2026-11-01,245,TransporterAgent,Lagos,0,9.245319762451427,-330.7363187892854,,,,,,,,,,
2026-11-01,246,TransporterAgent,Lagos,3,50.0,60.018361448263164,,,,,,,,,,
2026-11-01,247,TransporterAgent,Lagos,1,-200.0,-450.0,,,,,,,,,,
2026-11-01,248,TransporterAgent,Lagos,2,100.0,-150.0,,,,,,,,,,
2026-11-01,249,TransporterAgent,Lagos,1,-200.0,10.018361448263192,,,,,,,,,,
2026-11-01,250,TransporterAgent,Lagos,0,9.245319762451427,59.24531976245143,,,,,,,,,,
2026-11-01,251,TransporterAgent,Lagos,1,-200.0,-30.718237851568773,,,,,,,,,,
2026-11-01,252,TransporterAgent,Lagos,0,9.245319762451427,169.26368121071462,,,,,,,,,,
2026-11-01,253,BankingAgent,Lagos,0,-0.0,-10.600000000000005,,,,,,,,,,
2026-11-01,254,BankingAgent,Lagos,1,-2.6500000000000012,-18.55000000000001,,,,,,,,,,
2026-11-01,255,BankingAgent,Lagos,0,-0.0,-13.250000000000007,,,,,,,,,,
2026-11-01,257,TraderAgent,Onitsha,1,137.0906748523111,3853.967041015625,471985.40625,Port_Harcourt,True,Port_Harcourt,Port_Harcourt,winning,False,779.3,2.0,True
2026-11-01,258,TraderAgent,Onitsha,0,2235.99365234375,4301.095703125,489462.625,Onitsha,False,Port_Harcourt,Onitsha,winning,False,849.68,3.0,False
2026-11-01,259,TraderAgent,Onitsha,1,137.0906748523111,2202.1923828125,447058.46875,Port_Harcourt,True,Port_Harcourt,Port_Harcourt,winning,False,849.68,2.0,True
2026-11-01,260,TraderAgent,Onitsha,2,-33.5225,82.21593545932669,454753.09375,Onitsha,False,Port_Harcourt,Port_Harcourt,losing,False,849.68,1.0,False
2026-11-01,261,TraderAgent,Onitsha,2,-33.5225,2301.407958984375,502083.96875,Onitsha,False,Port_Harcourt,Onitsha,winning,False,780.53,2.0,False
2026-11-01,262,TraderAgent,Onitsha,3,20.0,3805.32421875,471933.40625,Onitsha,False,,Onitsha,winning,False,738.09,2.0,False
2026-11-01,263,TraderAgent,Onitsha,0,1890.235595703125,9418.357421875,461982.75,Onitsha,False,,Onitsha,winning,False,780.53,5.0,False
2026-11-01,264,TraderAgent,Onitsha,2,-33.5225,2058.303955078125,479950.90625,Onitsha,False,Port_Harcourt,Port_Harcourt,winning,False,849.68,2.0,False
2026-11-01,265,TraderAgent,Onitsha,1,137.0906748523111,2458.634521484375,475245.90625,Port_Harcourt,True,Port_Harcourt,Port_Harcourt,winning,False,779.3,2.0,True
2026-11-01,266,TraderAgent,Onitsha,2,-33.5225,1965.8409423828125,509090.1875,Onitsha,False,,Onitsha,winning,False,770.43,1.0,False
2026-11-01,267,TraderAgent,Onitsha,4,-10.0,-6.5,496045.625,Onitsha,False,,,losing,False,804.96,0.0,False
2026-11-01,268,TraderAgent,Onitsha,1,137.0906748523111,2197.053466796875,470270.96875,Port_Harcourt,True,Port_Harcourt,Port_Harcourt,winning,False,780.53,1.0,True
2026-11-01,269,TraderAgent,Onitsha,3,20.0,2012.59765625,480113.25,Onitsha,False,,Onitsha,winning,False,740.33,1.0,False
2026-11-01,270,TraderAgent,Onitsha,0,1890.235595703125,5775.548828125,439040.40625,Onitsha,False,,Onitsha,winning,False,780.53,3.0,False
2026-11-01,271,TraderAgent,Onitsha,3,20.0,2003.4627685546875,495079.75,Onitsha,False,,Onitsha,winning,False,741.5,1.0,False
2026-11-01,272,TraderAgent,Onitsha,0,0.0,249.60033221638486,465566.84375,Onitsha,False,Port_Harcourt,Port_Harcourt,losing,False,849.68,2.0,False
2026-11-01,273,TraderAgent,Onitsha,3,20.0,2124.815185546875,490965.53125,Onitsha,False,Port_Harcourt,Port_Harcourt,winning,False,807.19,2.0,False
2026-11-01,274,TraderAgent,Onitsha,1,137.0906748523111,259.9642177489154,452528.75,Port_Harcourt,True,Port_Harcourt,Port_Harcourt,losing,False,849.68,1.0,True
2026-11-01,275,TraderAgent,Onitsha,4,-10.0,3775.32421875,447283.25,Onitsha,False,,Onitsha,winning,False,776.94,2.0,False
2026-11-01,276,TraderAgent,Onitsha,0,1890.235595703125,4238.15478515625,430043.96875,Onitsha,False,Port_Harcourt,Onitsha,winning,False,780.53,3.0,False
2026-11-01,277,BuyerAgent,Onitsha,2,0.0,954.2291259765625,,,,,,,,,,
2026-11-01,278,BuyerAgent,Onitsha,1,345.7586669921875,1267.44140625,,,,,,,,,,
2026-11-01,279,BuyerAgent,Onitsha,0,345.7586669921875,782.642822265625,,,,,,,,,,
2026-11-01,280,BuyerAgent,Onitsha,1,345.7586669921875,1122.1087646484375,,,,,,,,,,
2026-11-01,281,BuyerAgent,Onitsha,0,0.0006103515625,554.9517822265625,,,,,,,,,,
2026-11-01,282,BuyerAgent,Onitsha,0,0.0006103515625,0.001220703125,,,,,,,,,,
2026-11-01,283,BuyerAgent,Onitsha,2,0.0,577.7679443359375,,,,,,,,,,
2026-11-01,284,BuyerAgent,Onitsha,1,0.0,442.0428466796875,,,,,,,,,,
2026-11-01,285,BuyerAgent,Onitsha,1,0.0,219.8248291015625,,,,,,,,,,
2026-11-01,286,BuyerAgent,Onitsha,0,0.0,215.4852294921875,,,,,,,,,,
2026-11-01,287,BuyerAgent,Onitsha,0,0.0,222.21923828125,,,,,,,,,,
2026-11-01,288,BuyerAgent,Onitsha,2,0.0,0.0006103515625,,,,,,,,,,
2026-11-01,289,BuyerAgent,Onitsha,2,0.0,0.0006103515625,,,,,,,,,,
2026-11-01,290,BuyerAgent,Onitsha,0,0.0,0.0,,,,,,,,,,
2026-11-01,291,BuyerAgent,Onitsha,0,0.0,0.0006103515625,,,,,,,,,,
2026-11-01,292,BuyerAgent,Onitsha,0,0.0,0.0006103515625,,,,,,,,,,
2026-11-01,293,BuyerAgent,Onitsha,0,0.0,0.0,,,,,,,,,,
2026-11-01,294,BuyerAgent,Onitsha,2,0.0,0.0006103515625,,,,,,,,,,
2026-11-01,295,BuyerAgent,Onitsha,2,0.0,0.0006103515625,,,,,,,,,,
2026-11-01,296,BuyerAgent,Onitsha,0,0.0,0.0,,,,,,,,,,
2026-11-01,297,BuyerAgent,Onitsha,2,0.0,0.0,,,,,,,,,,
2026-11-01,298,BuyerAgent,Onitsha,0,0.0,0.0,,,,,,,,,,
2026-11-01,299,BuyerAgent,Onitsha,0,0.0,0.0,,,,,,,,,,
2026-11-01,300,BuyerAgent,Onitsha,0,0.0,0.0,,,,,,,,,,
2026-11-01,301,BuyerAgent,Onitsha,2,0.0,0.0,,,,,,,,,,
2026-11-01,302,BuyerAgent,Onitsha,1,0.0,0.0,,,,,,,,,,
2026-11-01,303,BuyerAgent,Onitsha,1,0.0,0.0,,,,,,,,,,
2026-11-01,304,BuyerAgent,Onitsha,2,0.0,0.0,,,,,,,,,,
2026-11-01,305,BuyerAgent,Onitsha,2,0.0,0.0,,,,,,,,,,
2026-11-01,306,BuyerAgent,Onitsha,2,0.0,0.0,,,,,,,,,,
2026-11-01,307,TransporterAgent,Onitsha,2,100.0,100.0,,,,,,,,,,
2026-11-01,308,TransporterAgent,Onitsha,1,-200.0,-100.0,,,,,,,,,,
2026-11-01,309,TransporterAgent,Onitsha,3,50.0,100.0,,,,,,,,,,
2026-11-01,310,TransporterAgent,Onitsha,1,-200.0,-500.0,,,,,,,,,,
2026-11-01,311,TransporterAgent,Onitsha,0,0.0,-150.0,,,,,,,,,,
2026-11-01,312,TransporterAgent,Onitsha,2,100.0,100.0,,,,,,,,,,
2026-11-01,313,TransporterAgent,Onitsha,1,-200.0,-800.0,,,,,,,,,,
2026-11-01,314,TransporterAgent,Onitsha,1,-200.0,-500.0,,,,,,,,,,
2026-11-01,315,TransporterAgent,Onitsha,1,-200.0,-400.0,,,,,,,,,,
2026-11-01,316,TransporterAgent,Onitsha,3,50.0,200.0,,,,,,,,,,
2026-11-01,317,BankingAgent,Onitsha,1,-2.6500000000000012,-15.90000000000001,,,,,,,,,,
2026-11-01,318,BankingAgent,Onitsha,2,-1.3250000000000006,-13.250000000000007,,,,,,,,,,
2026-11-01,319,BankingAgent,Onitsha,1,-2.6500000000000012,-13.250000000000007,,,,,,,,,,
2026-11-01,321,TraderAgent,Port_Harcourt,3,20.0,46.4775,539086.5,Port_Harcourt,False,,,losing,False,1241.65,0.0,False
2026-11-01,322,TraderAgent,Port_Harcourt,3,20.0,-80.03375,565506.625,Port_Harcourt,False,,,losing,False,1241.65,0.0,False
2026-11-01,323,TraderAgent,Port_Harcourt,0,6254.83447265625,15124.791015625,552134.9375,Port_Harcourt,False,Onitsha,Onitsha,winning,False,1059.44,4.0,False
2026-11-01,324,TraderAgent,Port_Harcourt,0,6254.83447265625,12333.1494140625,528047.4375,Port_Harcourt,False,Onitsha,Onitsha,winning,False,1059.44,2.0,False
2026-11-01,325,TraderAgent,Port_Harcourt,4,-10.0,11998.2177734375,555743.4375,Port_Harcourt,False,Onitsha,Onitsha,winning,False,1058.21,3.0,False
2026-11-01,326,TraderAgent,Port_Harcourt,4,-10.0,3085.321044921875,550625.75,Port_Harcourt,False,,Port_Harcourt,winning,False,1248.08,1.0,False
2026-11-01,327,TraderAgent,Port_Harcourt,1,135.4537785025975,6016.61669921875,532338.3125,Onitsha,True,Onitsha,Onitsha,winning,False,1049.34,1.0,True
2026-11-01,328,TraderAgent,Port_Harcourt,4,-10.0,5827.9462890625,566298.25,Port_Harcourt,False,,Port_Harcourt,winning,False,1248.08,2.0,False
2026-11-01,329,TraderAgent,Port_Harcourt,2,-26.5,9232.31640625,543898.25,Port_Harcourt,False,Onitsha,Onitsha,winning,False,1058.21,2.0,False
2026-11-01,330,TraderAgent,Port_Harcourt,3,20.0,7990.787109375,565742.5625,Port_Harcourt,False,Onitsha,Port_Harcourt,winning,False,1196.42,2.0,False
2026-11-01,331,TraderAgent,Port_Harcourt,1,135.4537785025975,3131.60986328125,536468.1875,Onitsha,True,Onitsha,Onitsha,winning,False,1225.47,1.0,True
2026-11-01,332,TraderAgent,Port_Harcourt,0,6254.83447265625,9478.39453125,499778.375,Port_Harcourt,False,Onitsha,Onitsha,winning,False,1059.44,2.0,False
2026-11-01,333,TraderAgent,Port_Harcourt,4,-10.0,3053.99462890625,539135.1875,Port_Harcourt,False,,Port_Harcourt,winning,False,1236.78,1.0,False
2026-11-01,334,TraderAgent,Port_Harcourt,0,6254.83447265625,9464.080078125,560405.875,Port_Harcourt,False,Onitsha,Onitsha,winning,False,1059.44,2.0,False
2026-11-01,335,TraderAgent,Port_Harcourt,2,-26.5,-19.48875,525745.6875,Port_Harcourt,False,,,losing,False,1307.0,0.0,False
2026-11-01,336,TraderAgent,Port_Harcourt,2,-26.5,7798.7802734375,560729.4375,Port_Harcourt,False,Onitsha,Port_Harcourt,winning,False,1248.08,2.0,False
2026-11-01,337,TraderAgent,Port_Harcourt,0,3267.506103515625,3293.983642578125,550552.3125,Port_Harcourt,False,,Port_Harcourt,losing,False,1307.0,1.0,False
2026-11-01,338,TraderAgent,Port_Harcourt,0,6254.83447265625,9387.03515625,511380.96875,Port_Harcourt,False,Onitsha,Onitsha,winning,False,1059.44,2.0,False
2026-11-01,339,TraderAgent,Port_Harcourt,4,-10.0,-32.988749999999996,540941.125,Port_Harcourt,False,,,losing,False,1307.0,0.0,False
2026-11-01,340,TraderAgent,Port_Harcourt,4,-10.0,5946.5869140625,543342.4375,Port_Harcourt,False,Onitsha,Onitsha,winning,False,1055.85,1.0,False
2026-11-01,341,BuyerAgent,Port_Harcourt,0,1600.870361328125,6115.41015625,,,,,,,,,,
2026-11-01,342,BuyerAgent,Port_Harcourt,0,1600.870361328125,6403.955078125,,,,,,,,,,
2026-11-01,343,BuyerAgent,Port_Harcourt,0,1600.870361328125,5523.294921875,,,,,,,,,,
2026-11-01,344,BuyerAgent,Port_Harcourt,0,1600.870361328125,3984.12353515625,,,,,,,,,,
2026-11-01,345,BuyerAgent,Port_Harcourt,0,1600.870361328125,2909.254150390625,,,,,,,,,,
2026-11-01,346,BuyerAgent,Port_Harcourt,2,0.0,578.50341796875,,,,,,,,,,
2026-11-01,347,BuyerAgent,Port_Harcourt,2,0.0,688.424072265625,,,,,,,,,,
2026-11-01,348,BuyerAgent,Port_Harcourt,2,0.0,688.424072265625,,,,,,,,,,
2026-11-01,349,BuyerAgent,Port_Harcourt,1,363.056640625,703.499755859375,,,,,,,,,,
2026-11-01,350,BuyerAgent,Port_Harcourt,2,0.0,0.0,,,,,,,,,,
2026-11-01,351,BuyerAgent,Port_Harcourt,2,0.0,0.0,,,,,,,,,,
2026-11-01,352,BuyerAgent,Port_Harcourt,2,0.0,0.0,,,,,,,,,,
2026-11-01,353,BuyerAgent,Port_Harcourt,1,0.0,0.0,,,,,,,,,,
2026-11-01,354,BuyerAgent,Port_Harcourt,1,0.0,0.0,,,,,,,,,,
2026-11-01,355,BuyerAgent,Port_Harcourt,0,0.0,0.0,,,,,,,,,,
2026-11-01,356,BuyerAgent,Port_Harcourt,0,0.0,0.0,,,,,,,,,,
2026-11-01,357,BuyerAgent,Port_Harcourt,0,0.0,0.0,,,,,,,,,,
2026-11-01,358,BuyerAgent,Port_Harcourt,0,0.0,0.0,,,,,,,,,,
2026-11-01,359,BuyerAgent,Port_Harcourt,2,0.0,0.0,,,,,,,,,,
2026-11-01,360,BuyerAgent,Port_Harcourt,0,0.0,0.0,,,,,,,,,,
2026-11-01,361,BuyerAgent,Port_Harcourt,1,0.0,0.0,,,,,,,,,,
2026-11-01,362,BuyerAgent,Port_Harcourt,1,0.0,0.0,,,,,,,,,,
2026-11-01,363,BuyerAgent,Port_Harcourt,1,0.0,0.0,,,,,,,,,,
2026-11-01,364,BuyerAgent,Port_Harcourt,1,0.0,0.0,,,,,,,,,,
2026-11-01,365,BuyerAgent,Port_Harcourt,2,0.0,0.0,,,,,,,,,,
2026-11-01,366,BuyerAgent,Port_Harcourt,0,0.0,0.0,,,,,,,,,,
2026-11-01,367,BuyerAgent,Port_Harcourt,2,0.0,0.0,,,,,,,,,,
2026-11-01,368,BuyerAgent,Port_Harcourt,1,0.0,0.0,,,,,,,,,,
2026-11-01,369,BuyerAgent,Port_Harcourt,0,0.0,0.0,,,,,,,,,,
2026-11-01,370,BuyerAgent,Port_Harcourt,0,0.0,0.0,,,,,,,,,,
2026-11-01,371,TransporterAgent,Port_Harcourt,3,50.0,250.50550896284727,,,,,,,,,,
2026-11-01,372,TransporterAgent,Port_Harcourt,2,100.0,100.0,,,,,,,,,,
2026-11-01,373,TransporterAgent,Port_Harcourt,3,50.0,50.0,,,,,,,,,,
2026-11-01,374,TransporterAgent,Port_Harcourt,0,0.9130302665010595,-249.08696973349893,,,,,,,,,,
2026-11-01,375,TransporterAgent,Port_Harcourt,1,-200.0,-48.68334109656513,,,,,,,,,,
2026-11-01,376,TransporterAgent,Port_Harcourt,0,0.9130302665010595,-97.77031083006408,,,,,,,,,,
2026-11-01,377,TransporterAgent,Port_Harcourt,0,0.9130302665010595,202.02592851810905,,,,,,,,,,
2026-11-01,378,TransporterAgent,Port_Harcourt,3,50.0,-98.7852214224786,,,,,,,,,,
2026-11-01,379,TransporterAgent,Port_Harcourt,1,-200.0,-249.49449103715273,,,,,,,,,,
2026-11-01,380,TransporterAgent,Port_Harcourt,1,-200.0,-249.49449103715276,,,,,,,,,,
2026-11-01,381,BankingAgent,Port_Harcourt,2,-1.3250000000000006,-7.950000000000005,,,,,,,,,,
2026-11-01,382,BankingAgent,Port_Harcourt,2,-1.3250000000000006,-5.3000000000000025,,,,,,,,,,
2026-11-01,383,BankingAgent,Port_Harcourt,0,-0.0,-18.55000000000001,,,,,,,,,,
2026-12-01,1,TraderAgent,Abuja,4,-10.0,146.25176865642243,476168.0,Abuja,False,Onitsha,Onitsha,winning,False,285.0,1.0,False
2026-12-01,2,TraderAgent,Abuja,0,0.0,211.8041154233225,406514.0,Abuja,False,Onitsha,Onitsha,winning,False,285.0,2.0,False
2026-12-01,3,TraderAgent,Abuja,1,121.65480892186609,315.7689658379312,449206.90625,Onitsha,True,Onitsha,Onitsha,winning,False,285.0,1.0,True
2026-12-01,4,TraderAgent,Abuja,0,637.5,2769.5126953125,465185.8125,Abuja,False,,Abuja,winning,False,262.5,4.0,False
2026-12-01,5,TraderAgent,Abuja,1,121.65480892186609,1148.2325439453125,443473.84375,Onitsha,True,Onitsha,Onitsha,winning,False,285.0,3.0,True
2026-12-01,6,TraderAgent,Abuja,0,637.5,1255.455078125,468821.8125,Abuja,False,,Abuja,winning,False,262.5,2.0,False
2026-12-01,7,TraderAgent,Abuja,3,20.0,1030.365966796875,377708.15625,Abuja,False,Onitsha,Onitsha,winning,False,270.75,3.0,False
2026-12-01,8,TraderAgent,Abuja,2,-26.5,1458.0126953125,467000.1875,Abuja,False,,Abuja,winning,False,262.5,2.0,False
2026-12-01,9,TraderAgent,Abuja,3,20.0,960.3259887695312,406726.375,Abuja,False,Onitsha,Onitsha,winning,False,270.75,2.0,False
2026-12-01,10,TraderAgent,Abuja,0,0.0,1594.8157958984375,432837.4375,Abuja,False,Onitsha,Onitsha,winning,False,285.0,3.0,False
2026-12-01,11,TraderAgent,Abuja,1,121.65480892186609,902.9065551757812,454641.625,Onitsha,True,Onitsha,Onitsha,winning,False,285.0,2.0,True
2026-12-01,12,TraderAgent,Abuja,3,20.0,914.1141357421875,451875.03125,Abuja,False,Onitsha,Abuja,winning,False,249.38,2.0,False
2026-12-01,13,TraderAgent,Abuja,2,-26.5,-103.02250000000001,493858.25,Abuja,False,,,losing,False,270.0,0.0,False
2026-12-01,14,TraderAgent,Abuja,4,-10.0,821.1141357421875,472198.8125,Abuja,False,Onitsha,Abuja,winning,False,262.5,2.0,False
2026-12-01,15,TraderAgent,Abuja,0,0.0,235.3266154233225,453691.09375,Abuja,False,Onitsha,Onitsha,winning,False,285.0,2.0,False
2026-12-01,16,TraderAgent,Abuja,3,20.0,-46.5,392657.59375,Abuja,False,,,losing,False,256.5,0.0,False
2026-12-01,17,TraderAgent,Abuja,1,121.65480892186609,763.1322631835938,429634.09375,Onitsha,True,Onitsha,Onitsha,winning,False,262.5,1.0,True
2026-12-01,18,TraderAgent,Abuja,0,637.5,1529.0009765625,469166.0,Abuja,False,Onitsha,Abuja,winning,False,262.5,3.0,False
2026-12-01,19,TraderAgent,Abuja,3,20.0,838.8250732421875,468167.09375,Abuja,False,,Abuja,winning,False,264.23,1.0,False
2026-12-01,20,TraderAgent,Abuja,4,-10.0,1531.6141357421875,479268.4375,Abuja,False,Onitsha,Abuja,winning,False,262.5,3.0,False
2026-12-01,21,BuyerAgent,Abuja,0,112.5,310.42510986328125,,,,,,,,,,
2026-12-01,22,BuyerAgent,Abuja,2,0.0,112.5,,,,,,,,,,
2026-12-01,23,BuyerAgent,Abuja,2,0.0,160.42510986328125,,,,,,,,,,
2026-12-01,24,BuyerAgent,Abuja,1,112.5,272.92510986328125,,,,,,,,,,
2026-12-01,25,BuyerAgent,Abuja,0,112.5,272.92510986328125,,,,,,,,,,
2026-12-01,26,BuyerAgent,Abuja,1,0.0,119.737548828125,,,,,,,,,,
2026-12-01,27,BuyerAgent,Abuja,1,0.0,34.31243896484375,,,,,,,,,,
2026-12-01,28,BuyerAgent,Abuja,0,0.0,34.31243896484375,,,,,,,,,,
2026-12-01,29,BuyerAgent,Abuja,2,0.0,0.0,,,,,,,,,,
2026-12-01,30,BuyerAgent,Abuja,0,0.0,0.0,,,,,,,,,,
2026-12-01,31,BuyerAgent,Abuja,1,0.0,0.0,,,,,,,,,,
2026-12-01,32,BuyerAgent,Abuja,1,0.0,85.42510986328125,,,,,,,,,,
2026-12-01,33,BuyerAgent,Abuja,2,0.0,0.0,,,,,,,,,,
2026-12-01,34,BuyerAgent,Abuja,0,0.0,0.0,,,,,,,,,,
2026-12-01,35,BuyerAgent,Abuja,2,0.0,0.0,,,,,,,,,,
2026-12-01,36,BuyerAgent,Abuja,2,0.0,0.0,,,,,,,,,,
2026-12-01,37,BuyerAgent,Abuja,2,0.0,0.0,,,,,,,,,,
2026-12-01,38,BuyerAgent,Abuja,1,0.0,0.0,,,,,,,,,,
2026-12-01,39,BuyerAgent,Abuja,0,0.0,0.0,,,,,,,,,,
2026-12-01,40,BuyerAgent,Abuja,1,0.0,0.0,,,,,,,,,,
2026-12-01,41,BuyerAgent,Abuja,2,0.0,0.0,,,,,,,,,,
2026-12-01,42,BuyerAgent,Abuja,1,0.0,0.0,,,,,,,,,,
2026-12-01,43,BuyerAgent,Abuja,1,0.0,0.0,,,,,,,,,,
2026-12-01,44,BuyerAgent,Abuja,2,0.0,0.0,,,,,,,,,,
2026-12-01,45,BuyerAgent,Abuja,2,0.0,0.0,,,,,,,,,,
2026-12-01,46,BuyerAgent,Abuja,0,0.0,0.0,,,,,,,,,,
2026-12-01,47,BuyerAgent,Abuja,2,0.0,0.0,,,,,,,,,,
2026-12-01,48,BuyerAgent,Abuja,0,0.0,0.0,,,,,,,,,,
2026-12-01,49,BuyerAgent,Abuja,2,0.0,0.0,,,,,,,,,,
2026-12-01,50,BuyerAgent,Abuja,0,0.0,0.0,,,,,,,,,,
2026-12-01,51,TransporterAgent,Abuja,2,100.0,450.0,,,,,,,,,,
2026-12-01,52,TransporterAgent,Abuja,1,-200.0,-77.12103413871759,,,,,,,,,,
2026-12-01,53,TransporterAgent,Abuja,1,-200.0,-234.20517990655242,,,,,,,,,,
2026-12-01,54,TransporterAgent,Abuja,3,50.0,-326.60903289966564,,,,,,,,,,
2026-12-01,55,TransporterAgent,Abuja,2,100.0,458.0975563991093,,,,,,,,,,
2026-12-01,56,TransporterAgent,Abuja,0,7.276970616562817,264.9742343109011,,,,,,,,,,
2026-12-01,57,TransporterAgent,Abuja,3,50.0,307.5961470068868,,,,,,,,,,
2026-12-01,58,TransporterAgent,Abuja,3,50.0,15.794820093447584,,,,,,,,,,
2026-12-01,59,TransporterAgent,Abuja,1,-200.0,107.69726369433829,,,,,,,,,,
2026-12-01,60,TransporterAgent,Abuja,3,50.0,107.81212989928443,,,,,,,,,,
2026-12-01,61,BankingAgent,Abuja,2,-1.3250000000000006,-18.550000000000008,,,,,,,,,,
2026-12-01,62,BankingAgent,Abuja,1,-2.6500000000000012,-15.90000000000001,,,,,,,,,,
2026-12-01,63,BankingAgent,Abuja,0,-0.0,-10.600000000000005,,,,,,,,,,
2026-12-01,65,TraderAgent,Bauchi,3,20.0,161.85245516232072,478853.625,Bauchi,False,Onitsha,Onitsha,winning,False,386.39,1.0,False
2026-12-01,66,TraderAgent,Bauchi,0,1070.324951171875,1211.6903076171875,313290.65625,Bauchi,False,Onitsha,Bauchi,winning,False,406.72,2.0,False
2026-12-01,67,TraderAgent,Bauchi,3,20.0,118.376635071278,474025.625,Bauchi,False,Onitsha,Onitsha,losing,False,386.39,1.0,False
2026-12-01,68,TraderAgent,Bauchi,0,0.0,261.95193863408474,268102.15625,Bauchi,False,Onitsha,Onitsha,winning,False,406.72,2.0,False
2026-12-01,69,TraderAgent,Bauchi,0,841.9387817382812,1743.8262939453125,251294.046875,Bauchi,False,,Bauchi,winning,False,361.05,2.0,False
2026-12-01,70,TraderAgent,Bauchi,2,-33.5225,41.18517799714078,438564.09375,Bauchi,False,Onitsha,Onitsha,losing,False,406.72,1.0,False
2026-12-01,71,TraderAgent,Bauchi,0,0.0,212.31662895941355,359340.25,Bauchi,False,Onitsha,Onitsha,winning,False,406.72,2.0,False
2026-12-01,72,TraderAgent,Bauchi,2,-33.5225,798.3424682617188,325049.78125,Bauchi,False,,Bauchi,winning,False,361.05,1.0,False
2026-12-01,73,TraderAgent,Bauchi,0,638.4262084960938,1283.110107421875,496321.375,Bauchi,False,,Bauchi,winning,False,320.34,2.0,False
2026-12-01,74,TraderAgent,Bauchi,4,-10.0,141.899135071278,256657.546875,Bauchi,False,Onitsha,Onitsha,winning,False,406.72,1.0,False
2026-12-01,75,TraderAgent,Bauchi,1,133.9859407933141,952.3509521484375,501478.71875,Onitsha,True,Onitsha,Onitsha,winning,False,361.05,1.0,True
2026-12-01,76,TraderAgent,Bauchi,0,0.0,1135.2637939453125,424372.90625,Bauchi,False,Onitsha,Onitsha,winning,False,406.72,3.0,False
2026-12-01,77,TraderAgent,Bauchi,0,0.0,249.31494905045628,384742.375,Bauchi,False,Onitsha,Onitsha,winning,False,406.72,2.0,False
2026-12-01,78,TraderAgent,Bauchi,1,133.9859407933141,1168.78564453125,473348.84375,Onitsha,True,Onitsha,Onitsha,winning,False,347.48,2.0,True
2026-12-01,79,TraderAgent,Bauchi,0,1070.324951171875,1717.58203125,474173.53125,Bauchi,False,Onitsha,Bauchi,winning,False,406.72,3.0,False
2026-12-01,80,TraderAgent,Bauchi,2,-33.5225,6.477499999999999,516353.5625,Bauchi,False,,,losing,False,385.32,0.0,False
2026-12-01,81,TraderAgent,Bauchi,0,706.2637329101562,1385.8524169921875,328661.53125,Bauchi,False,,Bauchi,winning,False,333.91,2.0,False
2026-12-01,82,TraderAgent,Bauchi,0,0.0,1273.6611328125,435015.625,Bauchi,False,Onitsha,Onitsha,winning,False,406.72,3.0,False
2026-12-01,83,TraderAgent,Bauchi,0,841.9387817382812,2571.99658203125,518442.46875,Bauchi,False,,Bauchi,winning,False,361.05,4.0,False
2026-12-01,84,TraderAgent,Bauchi,3,20.0,1033.631591796875,403434.875,Bauchi,False,,Bauchi,winning,False,304.33,2.0,False
2026-12-01,85,BuyerAgent,Bauchi,1,431.8988037109375,1018.316162109375,,,,,,,,,,
2026-12-01,86,BuyerAgent,Bauchi,0,364.061279296875,462.0489501953125,,,,,,,,,,
2026-12-01,87,BuyerAgent,Bauchi,0,228.38623046875,562.2974853515625,,,,,,,,,,
2026-12-01,88,BuyerAgent,Bauchi,0,228.38623046875,652.7474975585938,,,,,,,,,,
2026-12-01,89,BuyerAgent,Bauchi,2,0.0,141.70486450195312,,,,,,,,,,
2026-12-01,90,BuyerAgent,Bauchi,2,0.0,61.807403564453125,,,,,,,,,,
2026-12-01,91,BuyerAgent,Bauchi,2,0.0,0.0,,,,,,,,,,
2026-12-01,92,BuyerAgent,Bauchi,0,0.0,0.0,,,,,,,,,,
2026-12-01,93,BuyerAgent,Bauchi,0,0.0,0.0,,,,,,,,,,
2026-12-01,94,BuyerAgent,Bauchi,0,0.0,0.0,,,,,,,,,,
2026-12-01,95,BuyerAgent,Bauchi,2,0.0,0.0,,,,,,,,,,
2026-12-01,96,BuyerAgent,Bauchi,1,0.0,0.0,,,,,,,,,,
2026-12-01,97,BuyerAgent,Bauchi,1,0.0,0.0,,,,,,,,,,
2026-12-01,98,BuyerAgent,Bauchi,1,0.0,0.0,,,,,,,,,,
2026-12-01,99,BuyerAgent,Bauchi,1,0.0,0.0,,,,,,,,,,
2026-12-01,100,BuyerAgent,Bauchi,2,0.0,0.0,,,,,,,,,,
2026-12-01,101,BuyerAgent,Bauchi,0,0.0,0.0,,,,,,,,,,
2026-12-01,102,BuyerAgent,Bauchi,0,0.0,0.0,,,,,,,,,,
2026-12-01,103,BuyerAgent,Bauchi,2,0.0,0.0,,,,,,,,,,
2026-12-01,104,BuyerAgent,Bauchi,0,0.0,0.0,,,,,,,,,,
2026-12-01,105,BuyerAgent,Bauchi,2,0.0,0.0,,,,,,,,,,
2026-12-01,106,BuyerAgent,Bauchi,1,0.0,0.0,,,,,,,,,,
2026-12-01,107,BuyerAgent,Bauchi,0,0.0,0.0,,,,,,,,,,
2026-12-01,108,BuyerAgent,Bauchi,1,0.0,0.0,,,,,,,,,,
2026-12-01,109,BuyerAgent,Bauchi,2,0.0,0.0,,,,,,,,,,
2026-12-01,110,BuyerAgent,Bauchi,0,0.0,0.0,,,,,,,,,,
2026-12-01,111,BuyerAgent,Bauchi,2,0.0,0.0,,,,,,,,,,
2026-12-01,112,BuyerAgent,Bauchi,2,0.0,0.0,,,,,,,,,,
2026-12-01,113,BuyerAgent,Bauchi,1,0.0,0.0,,,,,,,,,,
2026-12-01,114,BuyerAgent,Bauchi,0,0.0,0.0,,,,,,,,,,
2026-12-01,115,TransporterAgent,Bauchi,2,100.0,500.0,,,,,,,,,,
2026-12-01,116,TransporterAgent,Bauchi,2,100.0,150.0,,,,,,,,,,
2026-12-01,117,TransporterAgent,Bauchi,2,100.0,350.0,,,,,,,,,,
2026-12-01,118,TransporterAgent,Bauchi,2,100.0,100.0,,,,,,,,,,
2026-12-01,119,TransporterAgent,Bauchi,3,50.0,-100.0,,,,,,,,,,
2026-12-01,120,TransporterAgent,Bauchi,3,50.0,-150.0,,,,,,,,,,
2026-12-01,121,TransporterAgent,Bauchi,2,100.0,0.0,,,,,,,,,,
2026-12-01,122,TransporterAgent,Bauchi,3,50.0,150.0,,,,,,,,,,
2026-12-01,123,TransporterAgent,Bauchi,0,0.0,0.0,,,,,,,,,,
2026-12-01,124,TransporterAgent,Bauchi,3,50.0,50.0,,,,,,,,,,
2026-12-01,125,BankingAgent,Bauchi,2,-1.3250000000000006,-18.550000000000008,,,,,,,,,,
2026-12-01,126,BankingAgent,Bauchi,2,-1.3250000000000006,-21.20000000000001,,,,,,,,,,
2026-12-01,127,BankingAgent,Bauchi,1,-2.6500000000000012,-23.850000000000016,,,,,,,,,,
2026-12-01,129,TraderAgent,Kano,1,124.45827369006336,1265.5240478515625,400165.09375,Onitsha,True,Onitsha,Onitsha,winning,False,412.05,2.0,True
2026-12-01,130,TraderAgent,Kano,1,124.45827369006336,1655.900390625,419897.0,Onitsha,True,Onitsha,Onitsha,winning,False,496.47,3.0,True
2026-12-01,131,TraderAgent,Kano,3,20.0,992.27587890625,400343.03125,Kano,False,Onitsha,Onitsha,winning,False,471.65,3.0,False
2026-12-01,132,TraderAgent,Kano,0,0.0,1511.95556640625,451589.40625,Kano,False,Onitsha,Onitsha,winning,False,496.47,3.0,False
2026-12-01,133,TraderAgent,Kano,0,0.0,1149.244384765625,393867.09375,Kano,False,Onitsha,Onitsha,winning,False,496.47,2.0,False
2026-12-01,134,TraderAgent,Kano,1,124.45827369006336,1808.0396728515625,364315.84375,Onitsha,True,Onitsha,Onitsha,winning,False,496.47,3.0,True
2026-12-01,135,TraderAgent,Kano,4,-10.0,1095.3997802734375,443791.375,Kano,False,,Kano,winning,False,442.2,1.0,False
2026-12-01,136,TraderAgent,Kano,2,-22.98875,1508.453369140625,450766.875,Kano,False,Onitsha,Onitsha,winning,False,496.47,3.0,False
2026-12-01,137,TraderAgent,Kano,0,1306.4996337890625,1407.4739990234375,415239.59375,Kano,False,Onitsha,Kano,losing,False,496.47,2.0,False
2026-12-01,138,TraderAgent,Kano,0,1035.1495361328125,4266.27392578125,453472.5625,Kano,False,,Kano,winning,False,442.2,5.0,False
2026-12-01,139,TraderAgent,Kano,1,124.45827369006336,922.74853515625,418206.03125,Onitsha,True,Onitsha,Onitsha,winning,False,496.47,2.0,True
2026-12-01,140,TraderAgent,Kano,0,0.0,206.83742866532424,419066.28125,Kano,False,Onitsha,Onitsha,winning,False,496.47,2.0,False
2026-12-01,141,TraderAgent,Kano,0,1306.4996337890625,1492.5654296875,451482.15625,Kano,False,Onitsha,Kano,winning,False,496.47,2.0,False
2026-12-01,142,TraderAgent,Kano,4,-10.0,914.70654296875,463701.875,Kano,False,Onitsha,Onitsha,winning,False,496.47,2.0,False
2026-12-01,143,TraderAgent,Kano,3,20.0,2446.875,468196.09375,Kano,False,,Kano,winning,False,420.09,3.0,False
2026-12-01,144,TraderAgent,Kano,2,-22.98875,811.5855102539062,413480.8125,Kano,False,Onitsha,Onitsha,winning,False,496.47,2.0,False
2026-12-01,145,TraderAgent,Kano,1,124.45827369006336,2145.0322265625,375365.375,Onitsha,True,Onitsha,Onitsha,winning,False,442.2,3.0,True
2026-12-01,146,TraderAgent,Kano,0,0.0,992.2862548828125,402754.625,Kano,False,Onitsha,Onitsha,winning,False,496.47,3.0,False
2026-12-01,147,TraderAgent,Kano,3,20.0,1390.391845703125,394398.96875,Kano,False,Onitsha,Kano,winning,False,420.09,2.0,False
2026-12-01,148,TraderAgent,Kano,1,124.45827369006336,2521.333251953125,451875.8125,Onitsha,True,Onitsha,Onitsha,winning,False,442.2,3.0,True
2026-12-01,149,BuyerAgent,Kano,1,271.35009765625,653.2504272460938,,,,,,,,,,
2026-12-01,150,BuyerAgent,Kano,1,0.0,336.6754150390625,,,,,,,,,,
2026-12-01,151,BuyerAgent,Kano,0,0.0,954.7506713867188,,,,,,,,,,
2026-12-01,152,BuyerAgent,Kano,1,0.0,391.9500732421875,,,,,,,,,,
2026-12-01,153,BuyerAgent,Kano,0,0.0,728.62548828125,,,,,,,,,,
2026-12-01,154,BuyerAgent,Kano,1,0.0,321.60003662109375,,,,,,,,,,
2026-12-01,155,BuyerAgent,Kano,2,0.0,522.60009765625,,,,,,,,,,
2026-12-01,156,BuyerAgent,Kano,2,0.0,211.0498046875,,,,,,,,,,
2026-12-01,157,BuyerAgent,Kano,1,0.0,90.45013427734375,,,,,,,,,,
2026-12-01,158,BuyerAgent,Kano,1,0.0,80.400390625,,,,,,,,,,
2026-12-01,159,BuyerAgent,Kano,0,0.0,90.4498291015625,,,,,,,,,,
2026-12-01,160,BuyerAgent,Kano,0,0.0,0.00030517578125,,,,,,,,,,
2026-12-01,161,BuyerAgent,Kano,2,0.0,80.400390625,,,,,,,,,,
2026-12-01,162,BuyerAgent,Kano,0,0.0,80.400390625,,,,,,,,,,
2026-12-01,163,BuyerAgent,Kano,1,0.0,0.0,,,,,,,,,,
2026-12-01,164,BuyerAgent,Kano,0,0.0,0.0,,,,,,,,,,
2026-12-01,165,BuyerAgent,Kano,0,0.0,80.400390625,,,,,,,,,,
2026-12-01,166,BuyerAgent,Kano,2,0.0,80.40008544921875,,,,,,,,,,
2026-12-01,167,BuyerAgent,Kano,0,0.0,0.0,,,,,,,,,,
2026-12-01,168,BuyerAgent,Kano,0,0.0,0.0,,,,,,,,,,
2026-12-01,169,BuyerAgent,Kano,0,0.0,0.0,,,,,,,,,,
2026-12-01,170,BuyerAgent,Kano,2,0.0,0.0,,,,,,,,,,
2026-12-01,171,BuyerAgent,Kano,1,0.0,0.0,,,,,,,,,,
2026-12-01,172,BuyerAgent,Kano,0,0.0,0.0,,,,,,,,,,
2026-12-01,173,BuyerAgent,Kano,0,0.0,0.0,,,,,,,,,,
2026-12-01,174,BuyerAgent,Kano,1,0.0,0.0,,,,,,,,,,
2026-12-01,175,BuyerAgent,Kano,1,0.0,0.0,,,,,,,,,,
2026-12-01,176,BuyerAgent,Kano,1,0.0,0.0,,,,,,,,,,
2026-12-01,177,BuyerAgent,Kano,1,0.0,0.0,,,,,,,,,,
2026-12-01,178,BuyerAgent,Kano,0,0.0,0.0,,,,,,,,,,
2026-12-01,179,TransporterAgent,Kano,0,0.0,0.0,,,,,,,,,,
2026-12-01,180,TransporterAgent,Kano,0,0.0,150.0,,,,,,,,,,
2026-12-01,181,TransporterAgent,Kano,0,0.0,-350.0,,,,,,,,,,
2026-12-01,182,TransporterAgent,Kano,2,100.0,0.0,,,,,,,,,,
2026-12-01,183,TransporterAgent,Kano,2,100.0,200.0,,,,,,,,,,
2026-12-01,184,TransporterAgent,Kano,3,50.0,350.0,,,,,,,,,,
2026-12-01,185,TransporterAgent,Kano,0,0.0,250.0,,,,,,,,,,
2026-12-01,186,TransporterAgent,Kano,1,-200.0,100.0,,,,,,,,,,
2026-12-01,187,TransporterAgent,Kano,3,50.0,300.0,,,,,,,,,,
2026-12-01,188,TransporterAgent,Kano,0,0.0,-700.0,,,,,,,,,,
2026-12-01,189,BankingAgent,Kano,2,-1.3250000000000006,-18.550000000000008,,,,,,,,,,
2026-12-01,190,BankingAgent,Kano,0,-0.0,-18.550000000000008,,,,,,,,,,
2026-12-01,191,BankingAgent,Kano,2,-1.3250000000000006,-15.90000000000001,,,,,,,,,,
2026-12-01,193,TraderAgent,Lagos,2,-33.5225,12306.3837890625,508759.71875,Lagos,False,Onitsha,Onitsha,winning,False,1162.45,3.0,False
2026-12-01,194,TraderAgent,Lagos,1,169.36644860694764,5882.658203125,484983.625,Onitsha,True,Onitsha,Onitsha,winning,False,1158.86,1.0,True
2026-12-01,195,TraderAgent,Lagos,4,-10.0,13020.833984375,506377.90625,Lagos,False,Onitsha,Lagos,winning,False,1413.28,4.0,False
2026-12-01,196,TraderAgent,Lagos,0,7820.44921875,13020.08203125,487021.8125,Lagos,False,Onitsha,Onitsha,winning,False,1164.52,2.0,False
2026-12-01,197,TraderAgent,Lagos,1,169.36644860694764,13104.0107421875,429937.0,Onitsha,True,Onitsha,Onitsha,winning,False,1162.45,2.0,True
2026-12-01,198,TraderAgent,Lagos,4,-10.0,10278.0732421875,492298.96875,Lagos,False,Onitsha,Onitsha,winning,False,1162.45,2.0,False
2026-12-01,199,TraderAgent,Lagos,4,-10.0,5649.76904296875,500463.28125,Lagos,False,Onitsha,Onitsha,winning,False,1158.86,1.0,False
2026-12-01,200,TraderAgent,Lagos,1,169.36644860694764,222.86644860694764,486026.375,Onitsha,True,Onitsha,Onitsha,losing,False,1492.42,0.0,True
2026-12-01,201,TraderAgent,Lagos,0,7820.44921875,13757.8837890625,498648.1875,Lagos,False,Onitsha,Onitsha,winning,False,1164.52,2.0,False
2026-12-01,202,TraderAgent,Lagos,0,7820.44921875,11100.779296875,506888.46875,Lagos,False,Onitsha,Onitsha,winning,False,1164.52,2.0,False
2026-12-01,203,TraderAgent,Lagos,1,169.36644860694764,10502.5888671875,483650.84375,Onitsha,True,Onitsha,Onitsha,winning,False,1375.59,3.0,True
2026-12-01,204,TraderAgent,Lagos,4,-10.0,3444.9140625,444828.375,Lagos,False,,Lagos,winning,False,1413.28,1.0,False
2026-12-01,205,TraderAgent,Lagos,4,-10.0,7742.7861328125,478743.5625,Lagos,False,Onitsha,Lagos,winning,False,1375.59,2.0,False
2026-12-01,206,TraderAgent,Lagos,0,7820.44921875,13013.603515625,490604.28125,Lagos,False,Onitsha,Onitsha,winning,False,1164.52,2.0,False
2026-12-01,207,TraderAgent,Lagos,2,-33.5225,2743.017578125,431805.28125,Lagos,False,,Lagos,winning,False,1300.22,1.0,False
2026-12-01,208,TraderAgent,Lagos,0,7820.44921875,16022.96484375,497542.0,Lagos,False,Onitsha,Onitsha,winning,False,1164.52,4.0,False
2026-12-01,209,TraderAgent,Lagos,3,20.0,9059.728515625,501833.71875,Lagos,False,Onitsha,Onitsha,winning,False,1103.16,2.0,False
2026-12-01,210,TraderAgent,Lagos,1,169.36644860694764,13975.5517578125,498231.6875,Onitsha,True,Onitsha,Onitsha,winning,False,1413.28,5.0,True
2026-12-01,211,TraderAgent,Lagos,4,-10.0,2623.93701171875,503570.59375,Lagos,False,,Lagos,winning,False,1262.53,1.0,False
2026-12-01,212,TraderAgent,Lagos,0,2581.59423828125,5155.53125,498789.0,Lagos,False,,Lagos,winning,False,1262.53,2.0,False
2026-12-01,213,BuyerAgent,Lagos,2,0.0,4904.98291015625,,,,,,,,,,
2026-12-01,214,BuyerAgent,Lagos,1,2054.0673828125,6506.80078125,,,,,,,,,,
2026-12-01,215,BuyerAgent,Lagos,2,0.0,6371.8017578125,,,,,,,,,,
2026-12-01,216,BuyerAgent,Lagos,2,0.0,5294.279296875,,,,,,,,,,
2026-12-01,217,BuyerAgent,Lagos,1,2054.0673828125,5141.4501953125,,,,,,,,,,
2026-12-01,218,BuyerAgent,Lagos,0,2054.0673828125,5625.1064453125,,,,,,,,,,
2026-12-01,219,BuyerAgent,Lagos,1,2054.0673828125,3492.4755859375,,,,,,,,,,
2026-12-01,220,BuyerAgent,Lagos,1,2054.0673828125,3747.01171875,,,,,,,,,,
2026-12-01,221,BuyerAgent,Lagos,0,1564.03076171875,1852.96875,,,,,,,,,,
2026-12-01,222,BuyerAgent,Lagos,2,0.0,1174.5947265625,,,,,,,,,,
2026-12-01,223,BuyerAgent,Lagos,0,0.0,288.93798828125,,,,,,,,,,
2026-12-01,224,BuyerAgent,Lagos,2,0.0,697.21923828125,,,,,,,,,,
2026-12-01,225,BuyerAgent,Lagos,0,0.0,339.188232421875,,,,,,,,,,
2026-12-01,226,BuyerAgent,Lagos,0,0.0,339.188232421875,,,,,,,,,,
2026-12-01,227,BuyerAgent,Lagos,2,0.0,0.0,,,,,,,,,,
2026-12-01,228,BuyerAgent,Lagos,2,0.0,0.0,,,,,,,,,,
2026-12-01,229,BuyerAgent,Lagos,1,0.0,0.0,,,,,,,,,,
2026-12-01,230,BuyerAgent,Lagos,0,0.0,0.0,,,,,,,,,,
2026-12-01,231,BuyerAgent,Lagos,1,0.0,0.0,,,,,,,,,,
2026-12-01,232,BuyerAgent,Lagos,0,0.0,0.0,,,,,,,,,,
2026-12-01,233,BuyerAgent,Lagos,2,0.0,0.0,,,,,,,,,,
2026-12-01,234,BuyerAgent,Lagos,1,0.0,0.0,,,,,,,,,,
2026-12-01,235,BuyerAgent,Lagos,0,0.0,0.0,,,,,,,,,,
2026-12-01,236,BuyerAgent,Lagos,0,0.0,0.0,,,,,,,,,,
2026-12-01,237,BuyerAgent,Lagos,2,0.0,0.0,,,,,,,,,,
2026-12-01,238,BuyerAgent,Lagos,1,0.0,0.0,,,,,,,,,,
2026-12-01,239,BuyerAgent,Lagos,0,0.0,0.0,,,,,,,,,,
2026-12-01,240,BuyerAgent,Lagos,1,0.0,0.0,,,,,,,,,,
2026-12-01,241,BuyerAgent,Lagos,2,0.0,0.0,,,,,,,,,,
2026-12-01,242,BuyerAgent,Lagos,2,0.0,0.0,,,,,,,,,,
2026-12-01,243,TransporterAgent,Lagos,0,8.974914578701382,-31.259733462041645,,,,,,,,,,
2026-12-01,244,TransporterAgent,Lagos,3,50.0,-280.73631878928546,,,,,,,,,,
2026-12-01,245,TransporterAgent,Lagos,0,8.974914578701382,-321.76140421058403,,,,,,,,,,
2026-12-01,246,TransporterAgent,Lagos,0,8.974914578701382,68.99327602696455,,,,,,,,,,
2026-12-01,247,TransporterAgent,Lagos,1,-200.0,-650.0,,,,,,,,,,
2026-12-01,248,TransporterAgent,Lagos,3,50.0,-100.0,,,,,,,,,,
2026-12-01,249,TransporterAgent,Lagos,3,50.0,60.01836144826319,,,,,,,,,,
2026-12-01,250,TransporterAgent,Lagos,3,50.0,109.24531976245143,,,,,,,,,,
2026-12-01,251,TransporterAgent,Lagos,0,8.974914578701382,-21.743323272867393,,,,,,,,,,
2026-12-01,252,TransporterAgent,Lagos,3,50.0,219.26368121071462,,,,,,,,,,
2026-12-01,253,BankingAgent,Lagos,0,-0.0,-10.600000000000005,,,,,,,,,,
2026-12-01,254,BankingAgent,Lagos,1,-2.6500000000000012,-23.850000000000016,,,,,,,,,,
2026-12-01,255,BankingAgent,Lagos,1,-2.6500000000000012,-18.55000000000001,,,,,,,,,,
2026-12-01,257,TraderAgent,Onitsha,0,0.0,3853.967041015625,480917.75,Onitsha,False,Port_Harcourt,Port_Harcourt,winning,False,848.57,3.0,False
2026-12-01,258,TraderAgent,Onitsha,0,1900.303955078125,6201.3994140625,491336.4375,Onitsha,False,Port_Harcourt,Onitsha,winning,False,782.02,4.0,False
2026-12-01,259,TraderAgent,Onitsha,0,0.0,2202.1923828125,455990.84375,Onitsha,False,Port_Harcourt,Port_Harcourt,winning,False,848.57,3.0,False
2026-12-01,260,TraderAgent,Onitsha,0,2233.08349609375,2315.29931640625,456959.625,Onitsha,False,Port_Harcourt,Onitsha,losing,False,848.57,2.0,False
2026-12-01,261,TraderAgent,Onitsha,0,1889.94384765625,4191.3515625,503947.40625,Onitsha,False,Port_Harcourt,Onitsha,winning,False,779.94,3.0,False
2026-12-01,262,TraderAgent,Onitsha,0,1871.98974609375,5677.31396484375,473778.90625,Onitsha,False,,Onitsha,winning,False,776.35,3.0,False
2026-12-01,263,TraderAgent,Onitsha,2,-26.5,9391.857421875,461956.25,Onitsha,False,,Onitsha,winning,False,782.02,5.0,False
2026-12-01,264,TraderAgent,Onitsha,4,-10.0,2048.303955078125,479950.90625,Onitsha,False,Port_Harcourt,Port_Harcourt,winning,False,848.57,2.0,False
2026-12-01,265,TraderAgent,Onitsha,0,0.0,2458.634521484375,484178.28125,Onitsha,False,Port_Harcourt,Port_Harcourt,winning,False,848.57,3.0,False
2026-12-01,266,TraderAgent,Onitsha,0,1839.4439697265625,3805.284912109375,510903.125,Onitsha,False,,Onitsha,winning,False,769.84,2.0,False
2026-12-01,267,TraderAgent,Onitsha,4,-10.0,-16.5,496045.625,Onitsha,False,,,losing,False,803.91,0.0,False
2026-12-01,268,TraderAgent,Onitsha,0,0.0,2197.053466796875,479203.3125,Onitsha,False,Port_Harcourt,Port_Harcourt,winning,False,848.57,2.0,False
2026-12-01,269,TraderAgent,Onitsha,4,-10.0,2002.59765625,480113.25,Onitsha,False,,Onitsha,winning,False,778.72,1.0,False
2026-12-01,270,TraderAgent,Onitsha,3,20.0,5795.548828125,439040.40625,Onitsha,False,,Onitsha,winning,False,742.92,3.0,False
2026-12-01,271,TraderAgent,Onitsha,4,-10.0,1993.4627685546875,495079.75,Onitsha,False,,Onitsha,winning,False,779.94,1.0,False
2026-12-01,272,TraderAgent,Onitsha,2,-26.5,223.10033221638486,465540.375,Onitsha,False,Port_Harcourt,Port_Harcourt,losing,False,848.57,2.0,False
2026-12-01,273,TraderAgent,Onitsha,3,20.0,2144.815185546875,490965.53125,Onitsha,False,Port_Harcourt,Port_Harcourt,winning,False,806.14,2.0,False
2026-12-01,274,TraderAgent,Onitsha,0,0.0,259.9642177489154,461461.09375,Onitsha,False,Port_Harcourt,Port_Harcourt,winning,False,848.57,2.0,False
2026-12-01,275,TraderAgent,Onitsha,1,137.16230252165303,3912.486572265625,433941.125,Port_Harcourt,True,Port_Harcourt,Port_Harcourt,winning,False,776.35,2.0,True
2026-12-01,276,TraderAgent,Onitsha,4,-10.0,4228.15478515625,430043.96875,Onitsha,False,Port_Harcourt,Onitsha,winning,False,782.02,3.0,False
2026-12-01,277,BuyerAgent,Onitsha,2,0.0,954.2291259765625,,,,,,,,,,
2026-12-01,278,BuyerAgent,Onitsha,1,393.6395263671875,1661.0809326171875,,,,,,,,,,
2026-12-01,279,BuyerAgent,Onitsha,2,0.0,782.642822265625,,,,,,,,,,
2026-12-01,280,BuyerAgent,Onitsha,1,361.09375,1483.2025146484375,,,,,,,,,,
2026-12-01,281,BuyerAgent,Onitsha,1,343.1396484375,898.0914306640625,,,,,,,,,,
2026-12-01,282,BuyerAgent,Onitsha,2,0.0,0.001220703125,,,,,,,,,,
2026-12-01,283,BuyerAgent,Onitsha,1,332.779541015625,910.5474853515625,,,,,,,,,,
2026-12-01,284,BuyerAgent,Onitsha,0,0.0,442.0428466796875,,,,,,,,,,
2026-12-01,285,BuyerAgent,Onitsha,1,0.0,219.8248291015625,,,,,,,,,,
2026-12-01,286,BuyerAgent,Onitsha,0,0.0,215.4852294921875,,,,,,,,,,
2026-12-01,287,BuyerAgent,Onitsha,1,0.0,222.21923828125,,,,,,,,,,
2026-12-01,288,BuyerAgent,Onitsha,0,0.0,0.0006103515625,,,,,,,,,,
2026-12-01,289,BuyerAgent,Onitsha,2,0.0,0.0006103515625,,,,,,,,,,
2026-12-01,290,BuyerAgent,Onitsha,1,0.0,0.0,,,,,,,,,,
2026-12-01,291,BuyerAgent,Onitsha,2,0.0,0.0006103515625,,,,,,,,,,
2026-12-01,292,BuyerAgent,Onitsha,1,0.0,0.0006103515625,,,,,,,,,,
2026-12-01,293,BuyerAgent,Onitsha,0,0.0,0.0,,,,,,,,,,
2026-12-01,294,BuyerAgent,Onitsha,0,0.0,0.0006103515625,,,,,,,,,,
2026-12-01,295,BuyerAgent,Onitsha,1,0.0,0.0006103515625,,,,,,,,,,
2026-12-01,296,BuyerAgent,Onitsha,2,0.0,0.0,,,,,,,,,,
2026-12-01,297,BuyerAgent,Onitsha,2,0.0,0.0,,,,,,,,,,
2026-12-01,298,BuyerAgent,Onitsha,2,0.0,0.0,,,,,,,,,,
2026-12-01,299,BuyerAgent,Onitsha,0,0.0,0.0,,,,,,,,,,
2026-12-01,300,BuyerAgent,Onitsha,0,0.0,0.0,,,,,,,,,,
2026-12-01,301,BuyerAgent,Onitsha,2,0.0,0.0,,,,,,,,,,
2026-12-01,302,BuyerAgent,Onitsha,0,0.0,0.0,,,,,,,,,,
2026-12-01,303,BuyerAgent,Onitsha,0,0.0,0.0,,,,,,,,,,
2026-12-01,304,BuyerAgent,Onitsha,1,0.0,0.0,,,,,,,,,,
2026-12-01,305,BuyerAgent,Onitsha,2,0.0,0.0,,,,,,,,,,
2026-12-01,306,BuyerAgent,Onitsha,0,0.0,0.0,,,,,,,,,,
2026-12-01,307,TransporterAgent,Onitsha,1,-200.0,-100.0,,,,,,,,,,
2026-12-01,308,TransporterAgent,Onitsha,0,0.0,-100.0,,,,,,,,,,
2026-12-01,309,TransporterAgent,Onitsha,0,0.0,100.0,,,,,,,,,,
2026-12-01,310,TransporterAgent,Onitsha,2,100.0,-400.0,,,,,,,,,,
2026-12-01,311,TransporterAgent,Onitsha,3,50.0,-100.0,,,,,,,,,,
2026-12-01,312,TransporterAgent,Onitsha,1,-200.0,-100.0,,,,,,,,,,
2026-12-01,313,TransporterAgent,Onitsha,3,50.0,-750.0,,,,,,,,,,
2026-12-01,314,TransporterAgent,Onitsha,2,100.0,-400.0,,,,,,,,,,
2026-12-01,315,TransporterAgent,Onitsha,0,0.0,-400.0,,,,,,,,,,
2026-12-01,316,TransporterAgent,Onitsha,0,0.0,200.0,,,,,,,,,,
2026-12-01,317,BankingAgent,Onitsha,2,-1.3250000000000006,-18.550000000000008,,,,,,,,,,
2026-12-01,318,BankingAgent,Onitsha,0,-0.0,-13.250000000000007,,,,,,,,,,
2026-12-01,319,BankingAgent,Onitsha,0,-0.0,-13.250000000000007,,,,,,,,,,
2026-12-01,321,TraderAgent,Port_Harcourt,2,-26.5,19.9775,539060.0,Port_Harcourt,False,,,losing,False,1334.14,0.0,False
2026-12-01,322,TraderAgent,Port_Harcourt,1,135.26451893539436,55.230768935394366,556452.6875,Onitsha,True,Onitsha,Onitsha,losing,False,1334.14,0.0,True
2026-12-01,323,TraderAgent,Port_Harcourt,4,-10.0,15114.791015625,552134.9375,Port_Harcourt,False,Onitsha,Onitsha,winning,False,1074.51,4.0,False
2026-12-01,324,TraderAgent,Port_Harcourt,4,-10.0,12323.1494140625,528047.4375,Port_Harcourt,False,Onitsha,Onitsha,winning,False,1074.51,2.0,False
2026-12-01,325,TraderAgent,Port_Harcourt,3,20.0,12018.2177734375,555743.4375,Port_Harcourt,False,Onitsha,Onitsha,winning,False,1019.62,3.0,False
2026-12-01,326,TraderAgent,Port_Harcourt,1,135.26451893539436,3220.58544921875,541571.8125,Onitsha,True,Onitsha,Onitsha,winning,False,1263.16,1.0,True
2026-12-01,327,TraderAgent,Port_Harcourt,0,6457.41796875,12474.03515625,545503.6875,Port_Harcourt,False,Onitsha,Onitsha,winning,False,1076.59,2.0,False
2026-12-01,328,TraderAgent,Port_Harcourt,4,-10.0,5817.9462890625,566298.25,Port_Harcourt,False,,Port_Harcourt,winning,False,1263.16,2.0,False
2026-12-01,329,TraderAgent,Port_Harcourt,0,2031.09130859375,11263.408203125,545902.8125,Port_Harcourt,False,Onitsha,Port_Harcourt,winning,False,1073.29,3.0,False
2026-12-01,330,TraderAgent,Port_Harcourt,1,135.26451893539436,8126.0517578125,556688.625,Onitsha,True,Onitsha,Onitsha,winning,False,1274.47,2.0,True
2026-12-01,331,TraderAgent,Port_Harcourt,0,6457.41796875,9589.02734375,549633.5625,Port_Harcourt,False,Onitsha,Onitsha,winning,False,1076.59,2.0,False
2026-12-01,332,TraderAgent,Port_Harcourt,3,20.0,9498.39453125,499778.375,Port_Harcourt,False,Onitsha,Onitsha,winning,False,1020.79,2.0,False
2026-12-01,333,TraderAgent,Port_Harcourt,0,2923.9208984375,5977.91552734375,542032.625,Port_Harcourt,False,,Port_Harcourt,winning,False,1251.85,2.0,False
2026-12-01,334,TraderAgent,Port_Harcourt,3,20.0,9484.080078125,560405.875,Port_Harcourt,False,Onitsha,Onitsha,winning,False,1020.79,2.0,False
2026-12-01,335,TraderAgent,Port_Harcourt,0,3335.343017578125,3315.854248046875,529054.5,Port_Harcourt,False,,Port_Harcourt,losing,False,1334.14,1.0,False
2026-12-01,336,TraderAgent,Port_Harcourt,1,135.26451893539436,7934.044921875,551675.5,Onitsha,True,Onitsha,Onitsha,winning,False,1263.16,2.0,True
2026-12-01,337,TraderAgent,Port_Harcourt,0,3093.515625,6387.4990234375,553619.3125,Port_Harcourt,False,,Port_Harcourt,winning,False,1285.77,2.0,False
2026-12-01,338,TraderAgent,Port_Harcourt,2,-26.5,9360.53515625,511354.46875,Port_Harcourt,False,Onitsha,Onitsha,winning,False,1074.51,2.0,False
2026-12-01,339,TraderAgent,Port_Harcourt,0,3335.343017578125,3302.354248046875,544249.9375,Port_Harcourt,False,,Port_Harcourt,losing,False,1334.14,1.0,False
2026-12-01,340,TraderAgent,Port_Harcourt,3,20.0,5966.5869140625,543342.4375,Port_Harcourt,False,Onitsha,Onitsha,winning,False,1017.38,1.0,False
2026-12-01,341,BuyerAgent,Port_Harcourt,2,0.0,6115.41015625,,,,,,,,,,
2026-12-01,342,BuyerAgent,Port_Harcourt,1,1674.84619140625,8078.80126953125,,,,,,,,,,
2026-12-01,343,BuyerAgent,Port_Harcourt,1,1658.348388671875,7181.6435546875,,,,,,,,,,
2026-12-01,344,BuyerAgent,Port_Harcourt,0,1658.348388671875,5642.4716796875,,,,,,,,,,
2026-12-01,345,BuyerAgent,Port_Harcourt,1,782.0166015625,3691.270751953125,,,,,,,,,,
2026-12-01,346,BuyerAgent,Port_Harcourt,1,612.421875,1190.92529296875,,,,,,,,,,
2026-12-01,347,BuyerAgent,Port_Harcourt,2,0.0,688.424072265625,,,,,,,,,,
2026-12-01,348,BuyerAgent,Port_Harcourt,1,370.594482421875,1059.0185546875,,,,,,,,,,
2026-12-01,349,BuyerAgent,Port_Harcourt,2,0.0,703.499755859375,,,,,,,,,,
2026-12-01,350,BuyerAgent,Port_Harcourt,2,0.0,0.0,,,,,,,,,,
2026-12-01,351,BuyerAgent,Port_Harcourt,2,0.0,0.0,,,,,,,,,,
2026-12-01,352,BuyerAgent,Port_Harcourt,2,0.0,0.0,,,,,,,,,,
2026-12-01,353,BuyerAgent,Port_Harcourt,0,370.594482421875,370.594482421875,,,,,,,,,,
2026-12-01,354,BuyerAgent,Port_Harcourt,2,0.0,0.0,,,,,,,,,,
2026-12-01,355,BuyerAgent,Port_Harcourt,1,0.0,0.0,,,,,,,,,,
2026-12-01,356,BuyerAgent,Port_Harcourt,0,0.0,0.0,,,,,,,,,,
2026-12-01,357,BuyerAgent,Port_Harcourt,1,0.0,0.0,,,,,,,,,,
2026-12-01,358,BuyerAgent,Port_Harcourt,1,0.0,0.0,,,,,,,,,,
2026-12-01,359,BuyerAgent,Port_Harcourt,2,0.0,0.0,,,,,,,,,,
2026-12-01,360,BuyerAgent,Port_Harcourt,2,0.0,0.0,,,,,,,,,,
2026-12-01,361,BuyerAgent,Port_Harcourt,1,0.0,0.0,,,,,,,,,,
2026-12-01,362,BuyerAgent,Port_Harcourt,1,0.0,0.0,,,,,,,,,,
2026-12-01,363,BuyerAgent,Port_Harcourt,2,0.0,0.0,,,,,,,,,,
2026-12-01,364,BuyerAgent,Port_Harcourt,0,0.0,0.0,,,,,,,,,,
2026-12-01,365,BuyerAgent,Port_Harcourt,0,0.0,0.0,,,,,,,,,,
2026-12-01,366,BuyerAgent,Port_Harcourt,0,0.0,0.0,,,,,,,,,,
2026-12-01,367,BuyerAgent,Port_Harcourt,0,0.0,0.0,,,,,,,,,,
2026-12-01,368,BuyerAgent,Port_Harcourt,0,0.0,0.0,,,,,,,,,,
2026-12-01,369,BuyerAgent,Port_Harcourt,2,0.0,0.0,,,,,,,,,,
2026-12-01,370,BuyerAgent,Port_Harcourt,2,0.0,0.0,,,,,,,,,,
2026-12-01,371,TransporterAgent,Port_Harcourt,1,-200.0,50.50550896284727,,,,,,,,,,
2026-12-01,372,TransporterAgent,Port_Harcourt,0,1.0149105924145123,101.01491059241451,,,,,,,,,,
2026-12-01,373,TransporterAgent,Port_Harcourt,1,-200.0,-150.0,,,,,,,,,,
2026-12-01,374,TransporterAgent,Port_Harcourt,2,100.0,-149.08696973349893,,,,,,,,,,
2026-12-01,375,TransporterAgent,Port_Harcourt,0,1.0149105924145123,-47.66843050415062,,,,,,,,,,
2026-12-01,376,TransporterAgent,Port_Harcourt,0,1.0149105924145123,-96.75540023764957,,,,,,,,,,
2026-12-01,377,TransporterAgent,Port_Harcourt,3,50.0,252.02592851810905,,,,,,,,,,
2026-12-01,378,TransporterAgent,Port_Harcourt,1,-200.0,-298.78522142247857,,,,,,,,,,
2026-12-01,379,TransporterAgent,Port_Harcourt,0,1.0149105924145123,-248.47958044473822,,,,,,,,,,
2026-12-01,380,TransporterAgent,Port_Harcourt,0,1.0149105924145123,-248.47958044473825,,,,,,,,,,
2026-12-01,381,BankingAgent,Port_Harcourt,1,-2.6500000000000012,-13.250000000000007,,,,,,,,,,
2026-12-01,382,BankingAgent,Port_Harcourt,0,-0.0,-5.3000000000000025,,,,,,,,,,
2026-12-01,383,BankingAgent,Port_Harcourt,0,-0.0,-18.55000000000001,,,,,,,,,,
