date,agent_id,breed,home_city,action,reward,cum_reward,capital,current_city,is_away,away_city,source_city,wolf_status,is_bankrupt,ask_price,trade_count,has_stock
2026-07-01,1,TraderAgent,Abuja,1,133.87318787104343,133.87318787104343,473386.4375,Onitsha,True,Onitsha,Onitsha,winning,False,307.53,0.0,True
2026-07-01,2,TraderAgent,Abuja,3,20.0,20.0,430679.03125,Abuja,False,,,winning,False,292.15,0.0,False
2026-07-01,3,TraderAgent,Abuja,4,-10.0,-10.0,476217.625,Abuja,False,,,losing,False,307.53,0.0,False
2026-07-01,4,TraderAgent,Abuja,0,768.8250732421875,768.8250732421875,463283.0,Abuja,False,,Abuja,losing,False,307.53,1.0,False
2026-07-01,5,TraderAgent,Abuja,4,-10.0,-10.0,481982.46875,Abuja,False,,,losing,False,307.53,0.0,False
2026-07-01,6,TraderAgent,Abuja,4,-10.0,-10.0,467629.375,Abuja,False,,,losing,False,307.53,0.0,False
2026-07-01,7,TraderAgent,Abuja,3,20.0,20.0,400909.125,Abuja,False,,,winning,False,292.15,0.0,False
2026-07-01,8,TraderAgent,Abuja,2,-25.14875,-25.14875,465577.09375,Abuja,False,,,losing,False,307.53,0.0,False
2026-07-01,9,TraderAgent,Abuja,3,20.0,20.0,417946.46875,Abuja,False,,,winning,False,292.15,0.0,False
2026-07-01,10,TraderAgent,Abuja,1,133.87318787104343,133.87318787104343,428739.90625,Onitsha,True,Onitsha,Onitsha,winning,False,307.53,0.0,True
2026-07-01,11,TraderAgent,Abuja,2,-25.14875,-25.14875,481256.53125,Abuja,False,,,losing,False,307.53,0.0,False
2026-07-01,12,TraderAgent,Abuja,0,768.8250732421875,768.8250732421875,463718.46875,Abuja,False,,Abuja,losing,False,307.53,1.0,False
2026-07-01,13,TraderAgent,Abuja,3,20.0,20.0,493971.28125,Abuja,False,,,winning,False,292.15,0.0,False
2026-07-01,14,TraderAgent,Abuja,3,20.0,20.0,483351.59375,Abuja,False,,,winning,False,292.15,0.0,False
2026-07-01,15,TraderAgent,Abuja,3,20.0,20.0,477822.5625,Abuja,False,,,winning,False,292.15,0.0,False
2026-07-01,16,TraderAgent,Abuja,4,-10.0,-10.0,392684.09375,Abuja,False,,,losing,False,307.53,0.0,False
2026-07-01,17,TraderAgent,Abuja,0,768.8250732421875,768.8250732421875,444950.1875,Abuja,False,,Abuja,losing,False,307.53,1.0,False
2026-07-01,18,TraderAgent,Abuja,0,768.8250732421875,768.8250732421875,480530.53125,Abuja,False,,Abuja,losing,False,307.53,1.0,False
2026-07-01,19,TraderAgent,Abuja,4,-10.0,-10.0,467431.8125,Abuja,False,,,losing,False,307.53,0.0,False
2026-07-01,20,TraderAgent,Abuja,4,-10.0,-10.0,489757.25,Abuja,False,,,losing,False,307.53,0.0,False
2026-07-01,21,BuyerAgent,Abuja,2,0.0,0.0,,,,,,,,,,
2026-07-01,22,BuyerAgent,Abuja,0,85.42510986328125,85.42510986328125,,,,,,,,,,
2026-07-01,23,BuyerAgent,Abuja,2,0.0,0.0,,,,,,,,,,
2026-07-01,24,BuyerAgent,Abuja,2,0.0,0.0,,,,,,,,,,
2026-07-01,25,BuyerAgent,Abuja,2,0.0,0.0,,,,,,,,,,
2026-07-01,26,BuyerAgent,Abuja,2,0.0,0.0,,,,,,,,,,
2026-07-01,27,BuyerAgent,Abuja,2,0.0,0.0,,,,,,,,,,
2026-07-01,28,BuyerAgent,Abuja,1,85.42510986328125,85.42510986328125,,,,,,,,,,
2026-07-01,29,BuyerAgent,Abuja,0,85.42510986328125,85.42510986328125,,,,,,,,,,
2026-07-01,30,BuyerAgent,Abuja,0,85.42510986328125,85.42510986328125,,,,,,,,,,
2026-07-01,31,BuyerAgent,Abuja,1,0.0,0.0,,,,,,,,,,
2026-07-01,32,BuyerAgent,Abuja,1,0.0,0.0,,,,,,,,,,
2026-07-01,33,BuyerAgent,Abuja,1,0.0,0.0,,,,,,,,,,
2026-07-01,34,BuyerAgent,Abuja,0,0.0,0.0,,,,,,,,,,
2026-07-01,35,BuyerAgent,Abuja,2,0.0,0.0,,,,,,,,,,
2026-07-01,36,BuyerAgent,Abuja,2,0.0,0.0,,,,,,,,,,
2026-07-01,37,BuyerAgent,Abuja,1,0.0,0.0,,,,,,,,,,
2026-07-01,38,BuyerAgent,Abuja,0,0.0,0.0,,,,,,,,,,
2026-07-01,39,BuyerAgent,Abuja,0,0.0,0.0,,,,,,,,,,
2026-07-01,40,BuyerAgent,Abuja,0,0.0,0.0,,,,,,,,,,
2026-07-01,41,BuyerAgent,Abuja,2,0.0,0.0,,,,,,,,,,
2026-07-01,42,BuyerAgent,Abuja,0,0.0,0.0,,,,,,,,,,
2026-07-01,43,BuyerAgent,Abuja,0,0.0,0.0,,,,,,,,,,
2026-07-01,44,BuyerAgent,Abuja,1,0.0,0.0,,,,,,,,,,
2026-07-01,45,BuyerAgent,Abuja,2,0.0,0.0,,,,,,,,,,
2026-07-01,46,BuyerAgent,Abuja,1,0.0,0.0,,,,,,,,,,
2026-07-01,47,BuyerAgent,Abuja,2,0.0,0.0,,,,,,,,,,
2026-07-01,48,BuyerAgent,Abuja,0,0.0,0.0,,,,,,,,,,
2026-07-01,49,BuyerAgent,Abuja,2,0.0,0.0,,,,,,,,,,
2026-07-01,50,BuyerAgent,Abuja,0,0.0,0.0,,,,,,,,,,
2026-07-01,51,TransporterAgent,Abuja,3,50.0,50.0,,,,,,,,,,
2026-07-01,52,TransporterAgent,Abuja,2,100.0,100.0,,,,,,,,,,
2026-07-01,53,TransporterAgent,Abuja,2,100.0,100.0,,,,,,,,,,
2026-07-01,54,TransporterAgent,Abuja,0,5.397556399109317,5.397556399109317,,,,,,,,,,
2026-07-01,55,TransporterAgent,Abuja,0,5.397556399109317,5.397556399109317,,,,,,,,,,
2026-07-01,56,TransporterAgent,Abuja,3,50.0,50.0,,,,,,,,,,
2026-07-01,57,TransporterAgent,Abuja,1,-200.0,-200.0,,,,,,,,,,
2026-07-01,58,TransporterAgent,Abuja,2,100.0,100.0,,,,,,,,,,
2026-07-01,59,TransporterAgent,Abuja,1,-200.0,-200.0,,,,,,,,,,
2026-07-01,60,TransporterAgent,Abuja,3,50.0,50.0,,,,,,,,,,
2026-07-01,61,BankingAgent,Abuja,2,-1.4749999999999996,-2.9499999999999993,,,,,,,,,,
2026-07-01,62,BankingAgent,Abuja,2,-1.4749999999999996,-2.9499999999999993,,,,,,,,,,
2026-07-01,63,BankingAgent,Abuja,2,-1.4749999999999996,-2.9499999999999993,,,,,,,,,,
2026-07-01,65,TraderAgent,Bauchi,3,20.0,20.0,491010.09375,Bauchi,False,,,winning,False,211.38,0.0,False
2026-07-01,66,TraderAgent,Bauchi,3,20.0,20.0,324212.15625,Bauchi,False,,,winning,False,211.38,0.0,False
2026-07-01,67,TraderAgent,Bauchi,4,-10.0,-10.0,486006.96875,Bauchi,False,,,losing,False,222.51,0.0,False
2026-07-01,68,TraderAgent,Bauchi,3,20.0,20.0,290825.71875,Bauchi,False,,,winning,False,211.38,0.0,False
2026-07-01,69,TraderAgent,Bauchi,4,-10.0,-10.0,249637.234375,Bauchi,False,,,losing,False,222.51,0.0,False
2026-07-01,70,TraderAgent,Bauchi,0,556.267578125,556.267578125,450514.0,Bauchi,False,,Bauchi,losing,False,222.51,1.0,False
2026-07-01,71,TraderAgent,Bauchi,4,-10.0,-10.0,382374.8125,Bauchi,False,,,losing,False,222.51,0.0,False
2026-07-01,72,TraderAgent,Bauchi,2,-29.5,-29.5,324265.5,Bauchi,False,,,losing,False,222.51,0.0,False
2026-07-01,73,TraderAgent,Bauchi,1,135.04770234571922,135.04770234571922,480088.375,Onitsha,True,Onitsha,Onitsha,winning,False,222.51,0.0,True
2026-07-01,74,TraderAgent,Bauchi,3,20.0,20.0,268605.34375,Bauchi,False,,,winning,False,211.38,0.0,False
2026-07-01,75,TraderAgent,Bauchi,2,-29.5,-29.5,515993.8125,Bauchi,False,,,losing,False,222.51,0.0,False
2026-07-01,76,TraderAgent,Bauchi,4,-10.0,-10.0,446518.09375,Bauchi,False,,,losing,False,222.51,0.0,False
2026-07-01,77,TraderAgent,Bauchi,4,-10.0,-10.0,407918.46875,Bauchi,False,,,losing,False,222.51,0.0,False
2026-07-01,78,TraderAgent,Bauchi,2,-29.5,-29.5,499945.75,Bauchi,False,,,losing,False,222.51,0.0,False
2026-07-01,79,TraderAgent,Bauchi,4,-10.0,-10.0,484280.8125,Bauchi,False,,,losing,False,222.51,0.0,False
2026-07-01,80,TraderAgent,Bauchi,2,-29.5,-29.5,516357.59375,Bauchi,False,,,losing,False,222.51,0.0,False
2026-07-01,81,TraderAgent,Bauchi,0,556.267578125,556.267578125,327879.5,Bauchi,False,,Bauchi,losing,False,222.51,1.0,False
2026-07-01,82,TraderAgent,Bauchi,0,556.267578125,556.267578125,445552.46875,Bauchi,False,,Bauchi,losing,False,222.51,1.0,False
2026-07-01,83,TraderAgent,Bauchi,4,-10.0,-10.0,515997.03125,Bauchi,False,,,losing,False,222.51,0.0,False
2026-07-01,84,TraderAgent,Bauchi,0,556.267578125,556.267578125,402987.53125,Bauchi,False,,Bauchi,losing,False,222.51,1.0,False
2026-07-01,85,BuyerAgent,Bauchi,2,0.0,0.0,,,,,,,,,,
2026-07-01,86,BuyerAgent,Bauchi,1,61.807403564453125,61.807403564453125,,,,,,,,,,
2026-07-01,87,BuyerAgent,Bauchi,0,61.807403564453125,61.807403564453125,,,,,,,,,,
2026-07-01,88,BuyerAgent,Bauchi,0,61.807403564453125,61.807403564453125,,,,,,,,,,
2026-07-01,89,BuyerAgent,Bauchi,2,0.0,0.0,,,,,,,,,,
2026-07-01,90,BuyerAgent,Bauchi,1,61.807403564453125,61.807403564453125,,,,,,,,,,
2026-07-01,91,BuyerAgent,Bauchi,2,0.0,0.0,,,,,,,,,,
2026-07-01,92,BuyerAgent,Bauchi,1,0.0,0.0,,,,,,,,,,
2026-07-01,93,BuyerAgent,Bauchi,2,0.0,0.0,,,,,,,,,,
2026-07-01,94,BuyerAgent,Bauchi,2,0.0,0.0,,,,,,,,,,
2026-07-01,95,BuyerAgent,Bauchi,0,0.0,0.0,,,,,,,,,,
2026-07-01,96,BuyerAgent,Bauchi,2,0.0,0.0,,,,,,,,,,
2026-07-01,97,BuyerAgent,Bauchi,1,0.0,0.0,,,,,,,,,,
2026-07-01,98,BuyerAgent,Bauchi,0,0.0,0.0,,,,,,,,,,
2026-07-01,99,BuyerAgent,Bauchi,2,0.0,0.0,,,,,,,,,,
2026-07-01,100,BuyerAgent,Bauchi,1,0.0,0.0,,,,,,,,,,
2026-07-01,101,BuyerAgent,Bauchi,0,0.0,0.0,,,,,,,,,,
2026-07-01,102,BuyerAgent,Bauchi,2,0.0,0.0,,,,,,,,,,
2026-07-01,103,BuyerAgent,Bauchi,2,0.0,0.0,,,,,,,,,,
2026-07-01,104,BuyerAgent,Bauchi,2,0.0,0.0,,,,,,,,,,
2026-07-01,105,BuyerAgent,Bauchi,2,0.0,0.0,,,,,,,,,,
2026-07-01,106,BuyerAgent,Bauchi,0,0.0,0.0,,,,,,,,,,
2026-07-01,107,BuyerAgent,Bauchi,0,0.0,0.0,,,,,,,,,,
2026-07-01,108,BuyerAgent,Bauchi,0,0.0,0.0,,,,,,,,,,
2026-07-01,109,BuyerAgent,Bauchi,2,0.0,0.0,,,,,,,,,,
2026-07-01,110,BuyerAgent,Bauchi,1,0.0,0.0,,,,,,,,,,
2026-07-01,111,BuyerAgent,Bauchi,0,0.0,0.0,,,,,,,,,,
2026-07-01,112,BuyerAgent,Bauchi,0,0.0,0.0,,,,,,,,,,
2026-07-01,113,BuyerAgent,Bauchi,1,0.0,0.0,,,,,,,,,,
2026-07-01,114,BuyerAgent,Bauchi,2,0.0,0.0,,,,,,,,,,
2026-07-01,115,TransporterAgent,Bauchi,0,0.0,0.0,,,,,,,,,,
2026-07-01,116,TransporterAgent,Bauchi,2,100.0,100.0,,,,,,,,,,
2026-07-01,117,TransporterAgent,Bauchi,2,100.0,100.0,,,,,,,,,,
2026-07-01,118,TransporterAgent,Bauchi,1,-200.0,-200.0,,,,,,,,,,
2026-07-01,119,TransporterAgent,Bauchi,2,100.0,100.0,,,,,,,,,,
2026-07-01,120,TransporterAgent,Bauchi,2,100.0,100.0,,,,,,,,,,
2026-07-01,121,TransporterAgent,Bauchi,0,0.0,0.0,,,,,,,,,,
2026-07-01,122,TransporterAgent,Bauchi,1,-200.0,-200.0,,,,,,,,,,
2026-07-01,123,TransporterAgent,Bauchi,2,100.0,100.0,,,,,,,,,,
2026-07-01,124,TransporterAgent,Bauchi,0,0.0,0.0,,,,,,,,,,
2026-07-01,125,BankingAgent,Bauchi,1,-2.9499999999999993,-5.899999999999999,,,,,,,,,,
2026-07-01,126,BankingAgent,Bauchi,2,-1.4749999999999996,-2.9499999999999993,,,,,,,,,,
2026-07-01,127,BankingAgent,Bauchi,0,-0.0,0.0,,,,,,,,,,
2026-07-01,129,TraderAgent,Kano,0,723.5999755859375,723.5999755859375,432512.5625,Kano,False,,Kano,losing,False,289.44,1.0,False
2026-07-01,130,TraderAgent,Kano,3,20.0,20.0,450626.90625,Kano,False,,,winning,False,274.97,0.0,False
2026-07-01,131,TraderAgent,Kano,2,-38.2025,-38.2025,427088.625,Kano,False,,,losing,False,289.44,0.0,False
2026-07-01,132,TraderAgent,Kano,3,20.0,20.0,463355.46875,Kano,False,,,winning,False,274.97,0.0,False
2026-07-01,133,TraderAgent,Kano,2,-38.2025,-38.2025,405954.15625,Kano,False,,,losing,False,289.44,0.0,False
2026-07-01,134,TraderAgent,Kano,1,125.67021004012263,125.67021004012263,376537.1875,Onitsha,True,Onitsha,Onitsha,winning,False,289.44,0.0,True
2026-07-01,135,TraderAgent,Kano,0,723.5999755859375,723.5999755859375,443417.84375,Kano,False,,Kano,losing,False,289.44,1.0,False
2026-07-01,136,TraderAgent,Kano,3,20.0,20.0,463177.6875,Kano,False,,,winning,False,274.97,0.0,False
2026-07-01,137,TraderAgent,Kano,0,723.5999755859375,723.5999755859375,428739.875,Kano,False,,Kano,losing,False,289.44,1.0,False
2026-07-01,138,TraderAgent,Kano,2,-38.2025,-38.2025,449301.15625,Kano,False,,,losing,False,289.44,0.0,False
2026-07-01,139,TraderAgent,Kano,4,-10.0,-10.0,449316.625,Kano,False,,,losing,False,289.44,0.0,False
2026-07-01,140,TraderAgent,Kano,3,20.0,20.0,446484.90625,Kano,False,,,winning,False,274.97,0.0,False
2026-07-01,141,TraderAgent,Kano,0,723.5999755859375,723.5999755859375,465182.53125,Kano,False,,Kano,losing,False,289.44,1.0,False
2026-07-01,142,TraderAgent,Kano,3,20.0,20.0,476353.375,Kano,False,,,winning,False,274.97,0.0,False
2026-07-01,143,TraderAgent,Kano,2,-38.2025,-38.2025,465864.5625,Kano,False,,,losing,False,289.44,0.0,False
2026-07-01,144,TraderAgent,Kano,3,20.0,20.0,426912.125,Kano,False,,,winning,False,274.97,0.0,False
2026-07-01,145,TraderAgent,Kano,1,125.67021004012263,125.67021004012263,387916.375,Onitsha,True,Onitsha,Onitsha,winning,False,289.44,0.0,True
2026-07-01,146,TraderAgent,Kano,0,723.5999755859375,723.5999755859375,429584.96875,Kano,False,,Kano,losing,False,289.44,1.0,False
2026-07-01,147,TraderAgent,Kano,0,723.5999755859375,723.5999755859375,407653.1875,Kano,False,,Kano,losing,False,289.44,1.0,False
2026-07-01,148,TraderAgent,Kano,4,-10.0,-10.0,467924.625,Kano,False,,,losing,False,289.44,0.0,False
2026-07-01,149,BuyerAgent,Kano,2,0.0,0.0,,,,,,,,,,
2026-07-01,150,BuyerAgent,Kano,1,80.40008544921875,80.40008544921875,,,,,,,,,,
2026-07-01,151,BuyerAgent,Kano,0,80.40008544921875,80.40008544921875,,,,,,,,,,
2026-07-01,152,BuyerAgent,Kano,1,80.40008544921875,80.40008544921875,,,,,,,,,,
2026-07-01,153,BuyerAgent,Kano,0,80.40008544921875,80.40008544921875,,,,,,,,,,
2026-07-01,154,BuyerAgent,Kano,1,80.40008544921875,80.40008544921875,,,,,,,,,,
2026-07-01,155,BuyerAgent,Kano,2,0.0,0.0,,,,,,,,,,
2026-07-01,156,BuyerAgent,Kano,2,0.0,0.0,,,,,,,,,,
2026-07-01,157,BuyerAgent,Kano,0,80.40008544921875,80.40008544921875,,,,,,,,,,
2026-07-01,158,BuyerAgent,Kano,0,0.0,0.0,,,,,,,,,,
2026-07-01,159,BuyerAgent,Kano,0,0.0,0.0,,,,,,,,,,
2026-07-01,160,BuyerAgent,Kano,2,0.0,0.0,,,,,,,,,,
2026-07-01,161,BuyerAgent,Kano,1,0.0,0.0,,,,,,,,,,
2026-07-01,162,BuyerAgent,Kano,1,0.0,0.0,,,,,,,,,,
2026-07-01,163,BuyerAgent,Kano,1,0.0,0.0,,,,,,,,,,
2026-07-01,164,BuyerAgent,Kano,0,0.0,0.0,,,,,,,,,,
2026-07-01,165,BuyerAgent,Kano,1,0.0,0.0,,,,,,,,,,
2026-07-01,166,BuyerAgent,Kano,2,0.0,0.0,,,,,,,,,,
2026-07-01,167,BuyerAgent,Kano,2,0.0,0.0,,,,,,,,,,
2026-07-01,168,BuyerAgent,Kano,2,0.0,0.0,,,,,,,,,,
2026-07-01,169,BuyerAgent,Kano,1,0.0,0.0,,,,,,,,,,
2026-07-01,170,BuyerAgent,Kano,0,0.0,0.0,,,,,,,,,,
2026-07-01,171,BuyerAgent,Kano,2,0.0,0.0,,,,,,,,,,
2026-07-01,172,BuyerAgent,Kano,1,0.0,0.0,,,,,,,,,,
2026-07-01,173,BuyerAgent,Kano,1,0.0,0.0,,,,,,,,,,
2026-07-01,174,BuyerAgent,Kano,1,0.0,0.0,,,,,,,,,,
2026-07-01,175,BuyerAgent,Kano,0,0.0,0.0,,,,,,,,,,
2026-07-01,176,BuyerAgent,Kano,0,0.0,0.0,,,,,,,,,,
2026-07-01,177,BuyerAgent,Kano,2,0.0,0.0,,,,,,,,,,
2026-07-01,178,BuyerAgent,Kano,2,0.0,0.0,,,,,,,,,,
2026-07-01,179,TransporterAgent,Kano,2,100.0,100.0,,,,,,,,,,
2026-07-01,180,TransporterAgent,Kano,2,100.0,100.0,,,,,,,,,,
2026-07-01,181,TransporterAgent,Kano,3,50.0,50.0,,,,,,,,,,
2026-07-01,182,TransporterAgent,Kano,1,-200.0,-200.0,,,,,,,,,,
2026-07-01,183,TransporterAgent,Kano,3,50.0,50.0,,,,,,,,,,
2026-07-01,184,TransporterAgent,Kano,3,50.0,50.0,,,,,,,,,,
2026-07-01,185,TransporterAgent,Kano,1,-200.0,-200.0,,,,,,,,,,
2026-07-01,186,TransporterAgent,Kano,1,-200.0,-200.0,,,,,,,,,,
2026-07-01,187,TransporterAgent,Kano,0,0.0,0.0,,,,,,,,,,
2026-07-01,188,TransporterAgent,Kano,1,-200.0,-200.0,,,,,,,,,,
2026-07-01,189,BankingAgent,Kano,1,-2.9499999999999993,-5.899999999999999,,,,,,,,,,
2026-07-01,190,BankingAgent,Kano,0,-0.0,0.0,,,,,,,,,,
2026-07-01,191,BankingAgent,Kano,1,-2.9499999999999993,-5.899999999999999,,,,,,,,,,
2026-07-01,193,TraderAgent,Lagos,4,-10.0,-10.0,503248.46875,Lagos,False,,,losing,False,1040.17,0.0,False
2026-07-01,194,TraderAgent,Lagos,1,157.85184378593317,157.85184378593317,486256.375,Onitsha,True,Onitsha,Onitsha,winning,False,1040.17,0.0,True
2026-07-01,195,TraderAgent,Lagos,3,20.0,20.0,500066.875,Lagos,False,,,winning,False,988.17,0.0,False
2026-07-01,196,TraderAgent,Lagos,1,157.85184378593317,157.85184378593317,474418.15625,Onitsha,True,Onitsha,Onitsha,winning,False,1040.17,0.0,True
2026-07-01,197,TraderAgent,Lagos,0,2600.43701171875,2600.43701171875,446256.40625,Lagos,False,,Lagos,losing,False,1040.17,1.0,False
2026-07-01,198,TraderAgent,Lagos,3,20.0,20.0,488783.03125,Lagos,False,,,winning,False,988.17,0.0,False
2026-07-01,199,TraderAgent,Lagos,1,157.85184378593317,157.85184378593317,488463.59375,Onitsha,True,Onitsha,Onitsha,winning,False,1040.17,0.0,True
2026-07-01,200,TraderAgent,Lagos,4,-10.0,-10.0,499358.8125,Lagos,False,,,losing,False,1040.17,0.0,False
2026-07-01,201,TraderAgent,Lagos,0,2600.43701171875,2600.43701171875,500907.15625,Lagos,False,,Lagos,losing,False,1040.17,1.0,False
2026-07-01,202,TraderAgent,Lagos,2,-25.14875,-25.14875,502603.40625,Lagos,False,,,losing,False,1040.17,0.0,False
2026-07-01,203,TraderAgent,Lagos,1,157.85184378593317,157.85184378593317,480343.625,Onitsha,True,Onitsha,Onitsha,winning,False,1040.17,0.0,True
2026-07-01,204,TraderAgent,Lagos,3,20.0,20.0,441409.90625,Lagos,False,,,winning,False,988.17,0.0,False
2026-07-01,205,TraderAgent,Lagos,0,2600.43701171875,2600.43701171875,480256.8125,Lagos,False,,Lagos,losing,False,1040.17,1.0,False
2026-07-01,206,TraderAgent,Lagos,1,157.85184378593317,157.85184378593317,477967.09375,Onitsha,True,Onitsha,Onitsha,winning,False,1040.17,0.0,True
2026-07-01,207,TraderAgent,Lagos,3,20.0,20.0,429095.28125,Lagos,False,,,winning,False,988.17,0.0,False
2026-07-01,208,TraderAgent,Lagos,3,20.0,20.0,488379.90625,Lagos,False,,,winning,False,988.17,0.0,False
2026-07-01,209,TraderAgent,Lagos,1,157.85184378593317,157.85184378593317,486519.71875,Onitsha,True,Onitsha,Onitsha,winning,False,1040.17,0.0,True
2026-07-01,210,TraderAgent,Lagos,1,157.85184378593317,157.85184378593317,484890.375,Onitsha,True,Onitsha,Onitsha,winning,False,1040.17,0.0,True
2026-07-01,211,TraderAgent,Lagos,2,-25.14875,-25.14875,501005.03125,Lagos,False,,,losing,False,1040.17,0.0,False
2026-07-01,212,TraderAgent,Lagos,2,-25.14875,-25.14875,493675.375,Lagos,False,,,losing,False,1040.17,0.0,False
2026-07-01,213,BuyerAgent,Lagos,0,288.93798828125,288.93798828125,,,,,,,,,,
2026-07-01,214,BuyerAgent,Lagos,0,288.93798828125,288.93798828125,,,,,,,,,,
2026-07-01,215,BuyerAgent,Lagos,1,288.93798828125,288.93798828125,,,,,,,,,,
2026-07-01,216,BuyerAgent,Lagos,1,0.0,0.0,,,,,,,,,,
2026-07-01,217,BuyerAgent,Lagos,1,0.0,0.0,,,,,,,,,,
2026-07-01,218,BuyerAgent,Lagos,2,0.0,0.0,,,,,,,,,,
2026-07-01,219,BuyerAgent,Lagos,0,0.0,0.0,,,,,,,,,,
2026-07-01,220,BuyerAgent,Lagos,1,0.0,0.0,,,,,,,,,,
2026-07-01,221,BuyerAgent,Lagos,2,0.0,0.0,,,,,,,,,,
2026-07-01,222,BuyerAgent,Lagos,2,0.0,0.0,,,,,,,,,,
2026-07-01,223,BuyerAgent,Lagos,0,0.0,0.0,,,,,,,,,,
2026-07-01,224,BuyerAgent,Lagos,1,0.0,0.0,,,,,,,,,,
2026-07-01,225,BuyerAgent,Lagos,1,0.0,0.0,,,,,,,,,,
2026-07-01,226,BuyerAgent,Lagos,0,0.0,0.0,,,,,,,,,,
2026-07-01,227,BuyerAgent,Lagos,1,0.0,0.0,,,,,,,,,,
2026-07-01,228,BuyerAgent,Lagos,0,0.0,0.0,,,,,,,,,,
2026-07-01,229,BuyerAgent,Lagos,1,0.0,0.0,,,,,,,,,,
2026-07-01,230,BuyerAgent,Lagos,1,0.0,0.0,,,,,,,,,,
2026-07-01,231,BuyerAgent,Lagos,2,0.0,0.0,,,,,,,,,,
2026-07-01,232,BuyerAgent,Lagos,1,0.0,0.0,,,,,,,,,,
2026-07-01,233,BuyerAgent,Lagos,0,0.0,0.0,,,,,,,,,,
2026-07-01,234,BuyerAgent,Lagos,2,0.0,0.0,,,,,,,,,,
2026-07-01,235,BuyerAgent,Lagos,1,0.0,0.0,,,,,,,,,,
2026-07-01,236,BuyerAgent,Lagos,0,0.0,0.0,,,,,,,,,,
2026-07-01,237,BuyerAgent,Lagos,2,0.0,0.0,,,,,,,,,,
2026-07-01,238,BuyerAgent,Lagos,1,0.0,0.0,,,,,,,,,,
2026-07-01,239,BuyerAgent,Lagos,1,0.0,0.0,,,,,,,,,,
2026-07-01,240,BuyerAgent,Lagos,1,0.0,0.0,,,,,,,,,,
2026-07-01,241,BuyerAgent,Lagos,2,0.0,0.0,,,,,,,,,,
2026-07-01,242,BuyerAgent,Lagos,1,0.0,0.0,,,,,,,,,,
2026-07-01,243,TransporterAgent,Lagos,2,100.0,100.0,,,,,,,,,,
2026-07-01,244,TransporterAgent,Lagos,2,100.0,100.0,,,,,,,,,,
2026-07-01,245,TransporterAgent,Lagos,1,-200.0,-200.0,,,,,,,,,,
2026-07-01,246,TransporterAgent,Lagos,3,50.0,50.0,,,,,,,,,,
2026-07-01,247,TransporterAgent,Lagos,0,7.649518524422497,7.649518524422497,,,,,,,,,,
2026-07-01,248,TransporterAgent,Lagos,3,50.0,50.0,,,,,,,,,,
2026-07-01,249,TransporterAgent,Lagos,3,50.0,50.0,,,,,,,,,,
2026-07-01,250,TransporterAgent,Lagos,0,7.649518524422497,7.649518524422497,,,,,,,,,,
2026-07-01,251,TransporterAgent,Lagos,3,50.0,50.0,,,,,,,,,,
2026-07-01,252,TransporterAgent,Lagos,3,50.0,50.0,,,,,,,,,,
2026-07-01,253,BankingAgent,Lagos,1,-2.9499999999999993,-5.899999999999999,,,,,,,,,,
2026-07-01,254,BankingAgent,Lagos,2,-1.4749999999999996,-2.9499999999999993,,,,,,,,,,
2026-07-01,255,BankingAgent,Lagos,2,-1.4749999999999996,-2.9499999999999993,,,,,,,,,,
2026-07-01,257,TraderAgent,Onitsha,2,-38.2025,-38.2025,481389.3125,Onitsha,False,,,losing,False,775.75,0.0,False
2026-07-01,258,TraderAgent,Onitsha,0,1939.3634033203125,1939.3634033203125,490800.4375,Onitsha,False,,Onitsha,losing,False,775.75,1.0,False
2026-07-01,259,TraderAgent,Onitsha,0,1939.3634033203125,1939.3634033203125,463708.25,Onitsha,False,,Onitsha,losing,False,775.75,1.0,False
2026-07-01,260,TraderAgent,Onitsha,0,1939.3634033203125,1939.3634033203125,460243.25,Onitsha,False,,Onitsha,losing,False,775.75,1.0,False
2026-07-01,261,TraderAgent,Onitsha,2,-38.2025,-38.2025,503462.125,Onitsha,False,,,losing,False,775.75,0.0,False
2026-07-01,262,TraderAgent,Onitsha,3,20.0,20.0,468214.59375,Onitsha,False,,,winning,False,736.96,0.0,False
2026-07-01,263,TraderAgent,Onitsha,3,20.0,20.0,452707.4375,Onitsha,False,,,winning,False,736.96,0.0,False
2026-07-01,264,TraderAgent,Onitsha,3,20.0,20.0,481818.0,Onitsha,False,,,winning,False,736.96,0.0,False
2026-07-01,265,TraderAgent,Onitsha,2,-38.2025,-38.2025,489542.09375,Onitsha,False,,,losing,False,775.75,0.0,False
2026-07-01,266,TraderAgent,Onitsha,3,20.0,20.0,507207.375,Onitsha,False,,,winning,False,736.96,0.0,False
2026-07-01,267,TraderAgent,Onitsha,3,20.0,20.0,496072.15625,Onitsha,False,,,winning,False,736.96,0.0,False
2026-07-01,268,TraderAgent,Onitsha,3,20.0,20.0,481406.96875,Onitsha,False,,,winning,False,736.96,0.0,False
2026-07-01,269,TraderAgent,Onitsha,4,-10.0,-10.0,478147.15625,Onitsha,False,,,losing,False,775.75,0.0,False
2026-07-01,270,TraderAgent,Onitsha,1,133.93079003875056,133.93079003875056,421162.03125,Port_Harcourt,True,Port_Harcourt,Port_Harcourt,winning,False,775.75,0.0,True
2026-07-01,271,TraderAgent,Onitsha,0,1939.3634033203125,1939.3634033203125,495033.90625,Onitsha,False,,Onitsha,losing,False,775.75,1.0,False
2026-07-01,272,TraderAgent,Onitsha,2,-38.2025,-38.2025,473040.0,Onitsha,False,,,losing,False,775.75,0.0,False
2026-07-01,273,TraderAgent,Onitsha,2,-38.2025,-38.2025,492737.84375,Onitsha,False,,,losing,False,775.75,0.0,False
2026-07-01,274,TraderAgent,Onitsha,4,-10.0,-10.0,469427.1875,Onitsha,False,,,losing,False,775.75,0.0,False
2026-07-01,275,TraderAgent,Onitsha,3,20.0,20.0,443564.4375,Onitsha,False,,,winning,False,736.96,0.0,False
2026-07-01,276,TraderAgent,Onitsha,1,133.93079003875056,133.93079003875056,417347.71875,Port_Harcourt,True,Port_Harcourt,Port_Harcourt,winning,False,775.75,0.0,True
2026-07-01,277,BuyerAgent,Onitsha,2,0.0,0.0,,,,,,,,,,
2026-07-01,278,BuyerAgent,Onitsha,0,215.484619140625,215.484619140625,,,,,,,,,,
2026-07-01,279,BuyerAgent,Onitsha,1,215.484619140625,215.484619140625,,,,,,,,,,
2026-07-01,280,BuyerAgent,Onitsha,2,0.0,0.0,,,,,,,,,,
2026-07-01,281,BuyerAgent,Onitsha,2,0.0,0.0,,,,,,,,,,
2026-07-01,282,BuyerAgent,Onitsha,1,215.484619140625,215.484619140625,,,,,,,,,,
2026-07-01,283,BuyerAgent,Onitsha,0,215.484619140625,215.484619140625,,,,,,,,,,
2026-07-01,284,BuyerAgent,Onitsha,2,0.0,0.0,,,,,,,,,,
2026-07-01,285,BuyerAgent,Onitsha,2,0.0,0.0,,,,,,,,,,
2026-07-01,286,BuyerAgent,Onitsha,2,0.0,0.0,,,,,,,,,,
2026-07-01,287,BuyerAgent,Onitsha,1,0.0,0.0,,,,,,,,,,
2026-07-01,288,BuyerAgent,Onitsha,1,0.0,0.0,,,,,,,,,,
2026-07-01,289,BuyerAgent,Onitsha,0,0.0,0.0,,,,,,,,,,
2026-07-01,290,BuyerAgent,Onitsha,2,0.0,0.0,,,,,,,,,,
2026-07-01,291,BuyerAgent,Onitsha,0,0.0,0.0,,,,,,,,,,
2026-07-01,292,BuyerAgent,Onitsha,1,0.0,0.0,,,,,,,,,,
2026-07-01,293,BuyerAgent,Onitsha,1,0.0,0.0,,,,,,,,,,
2026-07-01,294,BuyerAgent,Onitsha,0,0.0,0.0,,,,,,,,,,
2026-07-01,295,BuyerAgent,Onitsha,1,0.0,0.0,,,,,,,,,,
2026-07-01,296,BuyerAgent,Onitsha,2,0.0,0.0,,,,,,,,,,
2026-07-01,297,BuyerAgent,Onitsha,0,0.0,0.0,,,,,,,,,,
2026-07-01,298,BuyerAgent,Onitsha,0,0.0,0.0,,,,,,,,,,
2026-07-01,299,BuyerAgent,Onitsha,2,0.0,0.0,,,,,,,,,,
2026-07-01,300,BuyerAgent,Onitsha,0,0.0,0.0,,,,,,,,,,
2026-07-01,301,BuyerAgent,Onitsha,0,0.0,0.0,,,,,,,,,,
2026-07-01,302,BuyerAgent,Onitsha,2,0.0,0.0,,,,,,,,,,
2026-07-01,303,BuyerAgent,Onitsha,2,0.0,0.0,,,,,,,,,,
2026-07-01,304,BuyerAgent,Onitsha,2,0.0,0.0,,,,,,,,,,
2026-07-01,305,BuyerAgent,Onitsha,0,0.0,0.0,,,,,,,,,,
2026-07-01,306,BuyerAgent,Onitsha,0,0.0,0.0,,,,,,,,,,
2026-07-01,307,TransporterAgent,Onitsha,2,100.0,100.0,,,,,,,,,,
2026-07-01,308,TransporterAgent,Onitsha,0,0.0,0.0,,,,,,,,,,
2026-07-01,309,TransporterAgent,Onitsha,3,50.0,50.0,,,,,,,,,,
2026-07-01,310,TransporterAgent,Onitsha,1,-200.0,-200.0,,,,,,,,,,
2026-07-01,311,TransporterAgent,Onitsha,1,-200.0,-200.0,,,,,,,,,,
2026-07-01,312,TransporterAgent,Onitsha,3,50.0,50.0,,,,,,,,,,
2026-07-01,313,TransporterAgent,Onitsha,3,50.0,50.0,,,,,,,,,,
2026-07-01,314,TransporterAgent,Onitsha,1,-200.0,-200.0,,,,,,,,,,
2026-07-01,315,TransporterAgent,Onitsha,0,0.0,0.0,,,,,,,,,,
2026-07-01,316,TransporterAgent,Onitsha,2,100.0,100.0,,,,,,,,,,
2026-07-01,317,BankingAgent,Onitsha,0,-0.0,0.0,,,,,,,,,,
2026-07-01,318,BankingAgent,Onitsha,2,-1.4749999999999996,-2.9499999999999993,,,,,,,,,,
2026-07-01,319,BankingAgent,Onitsha,1,-2.9499999999999993,-5.899999999999999,,,,,,,,,,
2026-07-01,321,TraderAgent,Port_Harcourt,0,2996.156005859375,2996.156005859375,542078.0,Port_Harcourt,False,,Port_Harcourt,losing,False,1198.46,1.0,False
2026-07-01,322,TraderAgent,Port_Harcourt,4,-10.0,-10.0,565596.625,Port_Harcourt,False,,,losing,False,1198.46,0.0,False
2026-07-01,323,TraderAgent,Port_Harcourt,3,20.0,20.0,539575.0625,Port_Harcourt,False,,,winning,False,1138.54,0.0,False
2026-07-01,324,TraderAgent,Port_Harcourt,1,135.736667395549,135.736667395549,511846.84375,Onitsha,True,Onitsha,Onitsha,winning,False,1198.46,0.0,True
2026-07-01,325,TraderAgent,Port_Harcourt,2,-38.2025,-38.2025,546220.9375,Port_Harcourt,False,,,losing,False,1198.46,0.0,False
2026-07-01,326,TraderAgent,Port_Harcourt,2,-38.2025,-38.2025,547545.75,Port_Harcourt,False,,,losing,False,1198.46,0.0,False
2026-07-01,327,TraderAgent,Port_Harcourt,4,-10.0,-10.0,538005.25,Port_Harcourt,False,,,losing,False,1198.46,0.0,False
2026-07-01,328,TraderAgent,Port_Harcourt,4,-10.0,-10.0,560547.3125,Port_Harcourt,False,,,losing,False,1198.46,0.0,False
2026-07-01,329,TraderAgent,Port_Harcourt,2,-38.2025,-38.2025,537138.125,Port_Harcourt,False,,,losing,False,1198.46,0.0,False
2026-07-01,330,TraderAgent,Port_Harcourt,3,20.0,20.0,560255.125,Port_Harcourt,False,,,winning,False,1138.54,0.0,False
2026-07-01,331,TraderAgent,Port_Harcourt,2,-38.2025,-38.2025,542522.5625,Port_Harcourt,False,,,losing,False,1198.46,0.0,False
2026-07-01,332,TraderAgent,Port_Harcourt,4,-10.0,-10.0,492798.40625,Port_Harcourt,False,,,losing,False,1198.46,0.0,False
2026-07-01,333,TraderAgent,Port_Harcourt,2,-38.2025,-38.2025,536056.0,Port_Harcourt,False,,,losing,False,1198.46,0.0,False
2026-07-01,334,TraderAgent,Port_Harcourt,4,-10.0,-10.0,553449.75,Port_Harcourt,False,,,losing,False,1198.46,0.0,False
2026-07-01,335,TraderAgent,Port_Harcourt,4,-10.0,-10.0,525795.1875,Port_Harcourt,False,,,losing,False,1198.46,0.0,False
2026-07-01,336,TraderAgent,Port_Harcourt,0,2996.156005859375,2996.156005859375,558395.0,Port_Harcourt,False,,Port_Harcourt,losing,False,1198.46,1.0,False
2026-07-01,337,TraderAgent,Port_Harcourt,1,135.736667395549,135.736667395549,538542.625,Onitsha,True,Onitsha,Onitsha,winning,False,1198.46,0.0,True
2026-07-01,338,TraderAgent,Port_Harcourt,1,135.736667395549,135.736667395549,495689.6875,Onitsha,True,Onitsha,Onitsha,winning,False,1198.46,0.0,True
2026-07-01,339,TraderAgent,Port_Harcourt,3,20.0,20.0,540964.125,Port_Harcourt,False,,,winning,False,1138.54,0.0,False
2026-07-01,340,TraderAgent,Port_Harcourt,2,-38.2025,-38.2025,539787.5,Port_Harcourt,False,,,losing,False,1198.46,0.0,False
2026-07-01,341,BuyerAgent,Port_Harcourt,2,0.0,0.0,,,,,,,,,,
2026-07-01,342,BuyerAgent,Port_Harcourt,0,332.906494140625,332.906494140625,,,,,,,,,,
2026-07-01,343,BuyerAgent,Port_Harcourt,2,0.0,0.0,,,,,,,,,,
2026-07-01,344,BuyerAgent,Port_Harcourt,0,332.906494140625,332.906494140625,,,,,,,,,,
2026-07-01,345,BuyerAgent,Port_Harcourt,1,0.0,0.0,,,,,,,,,,
2026-07-01,346,BuyerAgent,Port_Harcourt,0,0.0,0.0,,,,,,,,,,
2026-07-01,347,BuyerAgent,Port_Harcourt,0,0.0,0.0,,,,,,,,,,
2026-07-01,348,BuyerAgent,Port_Harcourt,2,0.0,0.0,,,,,,,,,,
2026-07-01,349,BuyerAgent,Port_Harcourt,0,0.0,0.0,,,,,,,,,,
2026-07-01,350,BuyerAgent,Port_Harcourt,1,0.0,0.0,,,,,,,,,,
2026-07-01,351,BuyerAgent,Port_Harcourt,1,0.0,0.0,,,,,,,,,,
2026-07-01,352,BuyerAgent,Port_Harcourt,1,0.0,0.0,,,,,,,,,,
2026-07-01,353,BuyerAgent,Port_Harcourt,1,0.0,0.0,,,,,,,,,,
2026-07-01,354,BuyerAgent,Port_Harcourt,2,0.0,0.0,,,,,,,,,,
2026-07-01,355,BuyerAgent,Port_Harcourt,0,0.0,0.0,,,,,,,,,,
2026-07-01,356,BuyerAgent,Port_Harcourt,1,0.0,0.0,,,,,,,,,,
2026-07-01,357,BuyerAgent,Port_Harcourt,0,0.0,0.0,,,,,,,,,,
2026-07-01,358,BuyerAgent,Port_Harcourt,1,0.0,0.0,,,,,,,,,,
2026-07-01,359,BuyerAgent,Port_Harcourt,1,0.0,0.0,,,,,,,,,,
2026-07-01,360,BuyerAgent,Port_Harcourt,0,0.0,0.0,,,,,,,,,,
2026-07-01,361,BuyerAgent,Port_Harcourt,2,0.0,0.0,,,,,,,,,,
2026-07-01,362,BuyerAgent,Port_Harcourt,1,0.0,0.0,,,,,,,,,,
2026-07-01,363,BuyerAgent,Port_Harcourt,0,0.0,0.0,,,,,,,,,,
2026-07-01,364,BuyerAgent,Port_Harcourt,1,0.0,0.0,,,,,,,,,,
2026-07-01,365,BuyerAgent,Port_Harcourt,1,0.0,0.0,,,,,,,,,,
2026-07-01,366,BuyerAgent,Port_Harcourt,2,0.0,0.0,,,,,,,,,,
2026-07-01,367,BuyerAgent,Port_Harcourt,2,0.0,0.0,,,,,,,,,,
2026-07-01,368,BuyerAgent,Port_Harcourt,1,0.0,0.0,,,,,,,,,,
2026-07-01,369,BuyerAgent,Port_Harcourt,2,0.0,0.0,,,,,,,,,,
2026-07-01,370,BuyerAgent,Port_Harcourt,0,0.0,0.0,,,,,,,,,,
2026-07-01,371,TransporterAgent,Port_Harcourt,0,0.0,0.0,,,,,,,,,,
2026-07-01,372,TransporterAgent,Port_Harcourt,3,50.0,50.0,,,,,,,,,,
2026-07-01,373,TransporterAgent,Port_Harcourt,2,100.0,100.0,,,,,,,,,,
2026-07-01,374,TransporterAgent,Port_Harcourt,0,0.0,0.0,,,,,,,,,,
2026-07-01,375,TransporterAgent,Port_Harcourt,2,100.0,100.0,,,,,,,,,,
2026-07-01,376,TransporterAgent,Port_Harcourt,3,50.0,50.0,,,,,,,,,,
2026-07-01,377,TransporterAgent,Port_Harcourt,0,0.0,0.0,,,,,,,,,,
2026-07-01,378,TransporterAgent,Port_Harcourt,2,100.0,100.0,,,,,,,,,,
2026-07-01,379,TransporterAgent,Port_Harcourt,3,50.0,50.0,,,,,,,,,,
2026-07-01,380,TransporterAgent,Port_Harcourt,0,0.0,0.0,,,,,,,,,,
2026-07-01,381,BankingAgent,Port_Harcourt,0,-0.0,0.0,,,,,,,,,,
2026-07-01,382,BankingAgent,Port_Harcourt,1,-2.9499999999999993,-5.899999999999999,,,,,,,,,,
2026-07-01,383,BankingAgent,Port_Harcourt,1,-2.9499999999999993,-5.899999999999999,,,,,,,,,,
2026-08-01,1,TraderAgent,Abuja,0,0.0,133.87318787104343,476386.4375,Abuja,False,Onitsha,Onitsha,winning,False,285.0,1.0,False
2026-08-01,2,TraderAgent,Abuja,1,130.9607491339744,150.9607491339744,415543.15625,Onitsha,True,Onitsha,Onitsha,winning,False,270.0,0.0,True
2026-08-01,3,TraderAgent,Abuja,3,20.0,10.0,476217.625,Abuja,False,,,losing,False,256.5,0.0,False
2026-08-01,4,TraderAgent,Abuja,4,-10.0,758.8250732421875,463283.0,Abuja,False,,Abuja,winning,False,278.14,1.0,False
2026-08-01,5,TraderAgent,Abuja,4,-10.0,-20.0,481982.46875,Abuja,False,,,losing,False,270.0,0.0,False
2026-08-01,6,TraderAgent,Abuja,4,-10.0,-20.0,467629.375,Abuja,False,,,losing,False,270.0,0.0,False
2026-08-01,7,TraderAgent,Abuja,4,-10.0,10.0,400909.125,Abuja,False,,,losing,False,270.0,0.0,False
2026-08-01,8,TraderAgent,Abuja,3,20.0,-5.14875,465577.09375,Abuja,False,,,losing,False,256.5,0.0,False
2026-08-01,9,TraderAgent,Abuja,1,130.9607491339744,150.9607491339744,402810.59375,Onitsha,True,Onitsha,Onitsha,winning,False,270.0,0.0,True
2026-08-01,10,TraderAgent,Abuja,0,0.0,133.87318787104343,431739.90625,Abuja,False,Onitsha,Onitsha,winning,False,285.0,1.0,False
2026-08-01,11,TraderAgent,Abuja,2,-29.5,-54.64875,481227.03125,Abuja,False,,,losing,False,270.0,0.0,False
2026-08-01,12,TraderAgent,Abuja,1,130.9607491339744,899.7858276367188,448582.625,Onitsha,True,Onitsha,Onitsha,winning,False,278.14,1.0,True
2026-08-01,13,TraderAgent,Abuja,3,20.0,40.0,493971.28125,Abuja,False,,,losing,False,256.5,0.0,False
2026-08-01,14,TraderAgent,Abuja,0,675.0,695.0,483997.09375,Abuja,False,,Abuja,losing,False,270.0,1.0,False
2026-08-01,15,TraderAgent,Abuja,0,675.0,695.0,478468.09375,Abuja,False,,Abuja,losing,False,270.0,1.0,False
2026-08-01,16,TraderAgent,Abuja,2,-29.5,-39.5,392654.59375,Abuja,False,,,losing,False,270.0,0.0,False
2026-08-01,17,TraderAgent,Abuja,4,-10.0,758.8250732421875,444950.1875,Abuja,False,,Abuja,winning,False,278.14,1.0,False
2026-08-01,18,TraderAgent,Abuja,3,20.0,788.8250732421875,480530.53125,Abuja,False,,Abuja,winning,False,264.23,1.0,False
2026-08-01,19,TraderAgent,Abuja,1,130.9607491339744,120.96074913397439,452295.90625,Onitsha,True,Onitsha,Onitsha,winning,False,270.0,0.0,True
2026-08-01,20,TraderAgent,Abuja,3,20.0,10.0,489757.25,Abuja,False,,,losing,False,256.5,0.0,False
2026-08-01,21,BuyerAgent,Abuja,0,75.0,75.0,,,,,,,,,,
2026-08-01,22,BuyerAgent,Abuja,2,0.0,85.42510986328125,,,,,,,,,,
2026-08-01,23,BuyerAgent,Abuja,2,0.0,0.0,,,,,,,,,,
2026-08-01,24,BuyerAgent,Abuja,2,0.0,0.0,,,,,,,,,,
2026-08-01,25,BuyerAgent,Abuja,1,75.0,75.0,,,,,,,,,,
2026-08-01,26,BuyerAgent,Abuja,2,0.0,0.0,,,,,,,,,,
2026-08-01,27,BuyerAgent,Abuja,2,0.0,0.0,,,,,,,,,,
2026-08-01,28,BuyerAgent,Abuja,1,0.0,85.42510986328125,,,,,,,,,,
2026-08-01,29,BuyerAgent,Abuja,1,0.0,85.42510986328125,,,,,,,,,,
2026-08-01,30,BuyerAgent,Abuja,1,0.0,85.42510986328125,,,,,,,,,,
2026-08-01,31,BuyerAgent,Abuja,2,0.0,0.0,,,,,,,,,,
2026-08-01,32,BuyerAgent,Abuja,0,0.0,0.0,,,,,,,,,,
2026-08-01,33,BuyerAgent,Abuja,1,0.0,0.0,,,,,,,,,,
2026-08-01,34,BuyerAgent,Abuja,2,0.0,0.0,,,,,,,,,,
2026-08-01,35,BuyerAgent,Abuja,1,0.0,0.0,,,,,,,,,,
2026-08-01,36,BuyerAgent,Abuja,0,0.0,0.0,,,,,,,,,,
2026-08-01,37,BuyerAgent,Abuja,2,0.0,0.0,,,,,,,,,,
2026-08-01,38,BuyerAgent,Abuja,2,0.0,0.0,,,,,,,,,,
2026-08-01,39,BuyerAgent,Abuja,2,0.0,0.0,,,,,,,,,,
2026-08-01,40,BuyerAgent,Abuja,1,0.0,0.0,,,,,,,,,,
2026-08-01,41,BuyerAgent,Abuja,0,0.0,0.0,,,,,,,,,,
2026-08-01,42,BuyerAgent,Abuja,1,0.0,0.0,,,,,,,,,,
2026-08-01,43,BuyerAgent,Abuja,1,0.0,0.0,,,,,,,,,,
2026-08-01,44,BuyerAgent,Abuja,2,0.0,0.0,,,,,,,,,,
2026-08-01,45,BuyerAgent,Abuja,1,0.0,0.0,,,,,,,,,,
2026-08-01,46,BuyerAgent,Abuja,1,0.0,0.0,,,,,,,,,,
2026-08-01,47,BuyerAgent,Abuja,1,0.0,0.0,,,,,,,,,,
2026-08-01,48,BuyerAgent,Abuja,1,0.0,0.0,,,,,,,,,,
2026-08-01,49,BuyerAgent,Abuja,2,0.0,0.0,,,,,,,,,,
2026-08-01,50,BuyerAgent,Abuja,1,0.0,0.0,,,,,,,,,,
2026-08-01,51,TransporterAgent,Abuja,0,5.191184969642095,55.191184969642094,,,,,,,,,,
2026-08-01,52,TransporterAgent,Abuja,1,-200.0,-100.0,,,,,,,,,,
2026-08-01,53,TransporterAgent,Abuja,1,-200.0,-100.0,,,,,,,,,,
2026-08-01,54,TransporterAgent,Abuja,2,100.0,105.39755639910932,,,,,,,,,,
2026-08-01,55,TransporterAgent,Abuja,0,5.191184969642095,10.588741368751412,,,,,,,,,,
2026-08-01,56,TransporterAgent,Abuja,0,5.191184969642095,55.191184969642094,,,,,,,,,,
2026-08-01,57,TransporterAgent,Abuja,1,-200.0,-400.0,,,,,,,,,,
2026-08-01,58,TransporterAgent,Abuja,2,100.0,200.0,,,,,,,,,,
2026-08-01,59,TransporterAgent,Abuja,2,100.0,-100.0,,,,,,,,,,
2026-08-01,60,TransporterAgent,Abuja,0,5.191184969642095,55.191184969642094,,,,,,,,,,
2026-08-01,61,BankingAgent,Abuja,0,-0.0,-2.9499999999999993,,,,,,,,,,
2026-08-01,62,BankingAgent,Abuja,0,-0.0,-2.9499999999999993,,,,,,,,,,
2026-08-01,63,BankingAgent,Abuja,0,-0.0,-2.9499999999999993,,,,,,,,,,
2026-08-01,65,TraderAgent,Bauchi,1,134.3859286848476,154.3859286848476,475700.96875,Onitsha,True,Onitsha,Onitsha,winning,False,255.07,0.0,True
2026-08-01,66,TraderAgent,Bauchi,1,134.3859286848476,154.3859286848476,308903.0625,Onitsha,True,Onitsha,Onitsha,winning,False,255.07,0.0,True
2026-08-01,67,TraderAgent,Bauchi,2,-38.2025,-48.2025,485968.8125,Bauchi,False,,,losing,False,255.07,0.0,False
2026-08-01,68,TraderAgent,Bauchi,0,637.6727294921875,657.6727294921875,291425.1875,Bauchi,False,,Bauchi,losing,False,255.07,1.0,False
2026-08-01,69,TraderAgent,Bauchi,1,134.3859286848476,124.38592868484761,234328.15625,Onitsha,True,Onitsha,Onitsha,winning,False,255.07,0.0,True
2026-08-01,70,TraderAgent,Bauchi,1,134.3859286848476,690.6535034179688,435204.90625,Onitsha,True,Onitsha,Onitsha,winning,False,234.42,1.0,True
2026-08-01,71,TraderAgent,Bauchi,1,134.3859286848476,124.38592868484761,367065.71875,Onitsha,True,Onitsha,Onitsha,winning,False,255.07,0.0,True
2026-08-01,72,TraderAgent,Bauchi,1,134.3859286848476,104.88592868484761,308956.40625,Onitsha,True,Onitsha,Onitsha,winning,False,255.07,0.0,True
2026-08-01,73,TraderAgent,Bauchi,0,0.0,135.04770234571922,482922.4375,Bauchi,False,Onitsha,Onitsha,winning,False,269.24,1.0,False
2026-08-01,74,TraderAgent,Bauchi,2,-38.2025,-18.2025,268567.15625,Bauchi,False,,,losing,False,255.07,0.0,False
2026-08-01,75,TraderAgent,Bauchi,0,637.6727294921875,608.1727294921875,516593.25,Bauchi,False,,Bauchi,losing,False,255.07,1.0,False
2026-08-01,76,TraderAgent,Bauchi,2,-38.2025,-48.2025,446479.90625,Bauchi,False,,,losing,False,255.07,0.0,False
2026-08-01,77,TraderAgent,Bauchi,1,134.3859286848476,124.38592868484761,392609.375,Onitsha,True,Onitsha,Onitsha,winning,False,255.07,0.0,True
2026-08-01,78,TraderAgent,Bauchi,3,20.0,-9.5,499945.75,Bauchi,False,,,losing,False,242.32,0.0,False
2026-08-01,79,TraderAgent,Bauchi,3,20.0,10.0,484280.8125,Bauchi,False,,,losing,False,242.32,0.0,False
2026-08-01,80,TraderAgent,Bauchi,3,20.0,-9.5,516357.59375,Bauchi,False,,,losing,False,242.32,0.0,False
2026-08-01,81,TraderAgent,Bauchi,2,-38.2025,518.0650634765625,327841.3125,Bauchi,False,,Bauchi,winning,False,234.42,1.0,False
2026-08-01,82,TraderAgent,Bauchi,0,534.4088745117188,1090.676513671875,446048.625,Bauchi,False,,Bauchi,winning,False,234.42,2.0,False
2026-08-01,83,TraderAgent,Bauchi,4,-10.0,-20.0,515997.03125,Bauchi,False,,,losing,False,255.07,0.0,False
2026-08-01,84,TraderAgent,Bauchi,2,-38.2025,518.0650634765625,402949.375,Bauchi,False,,Bauchi,winning,False,234.42,1.0,False
2026-08-01,85,BuyerAgent,Bauchi,1,174.1162109375,174.1162109375,,,,,,,,,,
2026-08-01,86,BuyerAgent,Bauchi,0,70.85235595703125,132.65975952148438,,,,,,,,,,
2026-08-01,87,BuyerAgent,Bauchi,0,70.85235595703125,132.65975952148438,,,,,,,,,,
2026-08-01,88,BuyerAgent,Bauchi,2,0.0,61.807403564453125,,,,,,,,,,
2026-08-01,89,BuyerAgent,Bauchi,2,0.0,0.0,,,,,,,,,,
2026-08-01,90,BuyerAgent,Bauchi,0,0.0,61.807403564453125,,,,,,,,,,
2026-08-01,91,BuyerAgent,Bauchi,2,0.0,0.0,,,,,,,,,,
2026-08-01,92,BuyerAgent,Bauchi,0,0.0,0.0,,,,,,,,,,
2026-08-01,93,BuyerAgent,Bauchi,2,0.0,0.0,,,,,,,,,,
2026-08-01,94,BuyerAgent,Bauchi,1,0.0,0.0,,,,,,,,,,
2026-08-01,95,BuyerAgent,Bauchi,2,0.0,0.0,,,,,,,,,,
2026-08-01,96,BuyerAgent,Bauchi,0,0.0,0.0,,,,,,,,,,
2026-08-01,97,BuyerAgent,Bauchi,1,0.0,0.0,,,,,,,,,,
2026-08-01,98,BuyerAgent,Bauchi,2,0.0,0.0,,,,,,,,,,
2026-08-01,99,BuyerAgent,Bauchi,1,0.0,0.0,,,,,,,,,,
2026-08-01,100,BuyerAgent,Bauchi,1,0.0,0.0,,,,,,,,,,
2026-08-01,101,BuyerAgent,Bauchi,2,0.0,0.0,,,,,,,,,,
2026-08-01,102,BuyerAgent,Bauchi,0,0.0,0.0,,,,,,,,,,
2026-08-01,103,BuyerAgent,Bauchi,0,0.0,0.0,,,,,,,,,,
2026-08-01,104,BuyerAgent,Bauchi,0,0.0,0.0,,,,,,,,,,
2026-08-01,105,BuyerAgent,Bauchi,0,0.0,0.0,,,,,,,,,,
2026-08-01,106,BuyerAgent,Bauchi,2,0.0,0.0,,,,,,,,,,
2026-08-01,107,BuyerAgent,Bauchi,1,0.0,0.0,,,,,,,,,,
2026-08-01,108,BuyerAgent,Bauchi,0,0.0,0.0,,,,,,,,,,
2026-08-01,109,BuyerAgent,Bauchi,2,0.0,0.0,,,,,,,,,,
2026-08-01,110,BuyerAgent,Bauchi,1,0.0,0.0,,,,,,,,,,
2026-08-01,111,BuyerAgent,Bauchi,1,0.0,0.0,,,,,,,,,,
2026-08-01,112,BuyerAgent,Bauchi,2,0.0,0.0,,,,,,,,,,
2026-08-01,113,BuyerAgent,Bauchi,1,0.0,0.0,,,,,,,,,,
2026-08-01,114,BuyerAgent,Bauchi,2,0.0,0.0,,,,,,,,,,
2026-08-01,115,TransporterAgent,Bauchi,0,0.0,0.0,,,,,,,,,,
2026-08-01,116,TransporterAgent,Bauchi,3,50.0,150.0,,,,,,,,,,
2026-08-01,117,TransporterAgent,Bauchi,2,100.0,200.0,,,,,,,,,,
2026-08-01,118,TransporterAgent,Bauchi,1,-200.0,-400.0,,,,,,,,,,
2026-08-01,119,TransporterAgent,Bauchi,0,0.0,100.0,,,,,,,,,,
2026-08-01,120,TransporterAgent,Bauchi,0,0.0,100.0,,,,,,,,,,
2026-08-01,121,TransporterAgent,Bauchi,0,0.0,0.0,,,,,,,,,,
2026-08-01,122,TransporterAgent,Bauchi,1,-200.0,-400.0,,,,,,,,,,
2026-08-01,123,TransporterAgent,Bauchi,1,-200.0,-100.0,,,,,,,,,,
2026-08-01,124,TransporterAgent,Bauchi,1,-200.0,-200.0,,,,,,,,,,
2026-08-01,125,BankingAgent,Bauchi,2,-1.4749999999999996,-8.849999999999998,,,,,,,,,,
2026-08-01,126,BankingAgent,Bauchi,0,-0.0,-2.9499999999999993,,,,,,,,,,
2026-08-01,127,BankingAgent,Bauchi,1,-2.9499999999999993,-5.899999999999999,,,,,,,,,,
2026-08-01,129,TraderAgent,Kano,0,693.4500122070312,1417.050048828125,433167.8125,Kano,False,,Kano,winning,False,301.5,2.0,False
2026-08-01,130,TraderAgent,Kano,4,-10.0,10.0,450626.90625,Kano,False,,,losing,False,325.62,0.0,False
2026-08-01,131,TraderAgent,Kano,1,123.62596162283499,85.42346162283499,408794.90625,Onitsha,True,Onitsha,Onitsha,losing,False,325.62,0.0,True
2026-08-01,132,TraderAgent,Kano,4,-10.0,10.0,463355.46875,Kano,False,,,losing,False,325.62,0.0,False
2026-08-01,133,TraderAgent,Kano,3,20.0,-18.2025,405954.15625,Kano,False,,,losing,False,309.34,0.0,False
2026-08-01,134,TraderAgent,Kano,0,0.0,125.67021004012263,380155.1875,Kano,False,Onitsha,Onitsha,winning,False,343.71,1.0,False
2026-08-01,135,TraderAgent,Kano,1,123.62596162283499,847.2259521484375,425124.09375,Onitsha,True,Onitsha,Onitsha,winning,False,301.5,1.0,True
2026-08-01,136,TraderAgent,Kano,4,-10.0,10.0,463177.6875,Kano,False,,,losing,False,325.62,0.0,False
2026-08-01,137,TraderAgent,Kano,3,20.0,743.5999755859375,428739.875,Kano,False,,Kano,winning,False,286.43,1.0,False
2026-08-01,138,TraderAgent,Kano,1,123.62596162283499,85.42346162283499,431007.40625,Onitsha,True,Onitsha,Onitsha,losing,False,325.62,0.0,True
2026-08-01,139,TraderAgent,Kano,3,20.0,10.0,449316.625,Kano,False,,,losing,False,309.34,0.0,False
2026-08-01,140,TraderAgent,Kano,1,123.62596162283499,143.625961622835,428191.1875,Onitsha,True,Onitsha,Onitsha,winning,False,325.62,0.0,True
2026-08-01,141,TraderAgent,Kano,0,693.4500122070312,1417.050048828125,465837.8125,Kano,False,,Kano,winning,False,301.5,2.0,False
2026-08-01,142,TraderAgent,Kano,3,20.0,40.0,476353.375,Kano,False,,,losing,False,309.34,0.0,False
2026-08-01,143,TraderAgent,Kano,2,-38.2025,-76.405,465826.375,Kano,False,,,losing,False,325.62,0.0,False
2026-08-01,144,TraderAgent,Kano,1,123.62596162283499,143.625961622835,408618.375,Onitsha,True,Onitsha,Onitsha,winning,False,325.62,0.0,True
2026-08-01,145,TraderAgent,Kano,0,0.0,125.67021004012263,391534.375,Kano,False,Onitsha,Onitsha,winning,False,343.71,1.0,False
2026-08-01,146,TraderAgent,Kano,0,693.4500122070312,1417.050048828125,430240.1875,Kano,False,,Kano,winning,False,301.5,2.0,False
2026-08-01,147,TraderAgent,Kano,1,123.62596162283499,847.2259521484375,389359.4375,Onitsha,True,Onitsha,Onitsha,winning,False,301.5,1.0,True
2026-08-01,148,TraderAgent,Kano,1,123.62596162283499,113.62596162283499,449630.875,Onitsha,True,Onitsha,Onitsha,losing,False,325.62,0.0,True
2026-08-01,149,BuyerAgent,Kano,0,211.0498046875,211.0498046875,,,,,,,,,,
2026-08-01,150,BuyerAgent,Kano,0,211.0498046875,291.44989013671875,,,,,,,,,,
2026-08-01,151,BuyerAgent,Kano,0,211.0498046875,291.44989013671875,,,,,,,,,,
2026-08-01,152,BuyerAgent,Kano,0,0.0,80.40008544921875,,,,,,,,,,
2026-08-01,153,BuyerAgent,Kano,0,0.0,80.40008544921875,,,,,,,,,,
2026-08-01,154,BuyerAgent,Kano,2,0.0,80.40008544921875,,,,,,,,,,
2026-08-01,155,BuyerAgent,Kano,1,0.0,0.0,,,,,,,,,,
2026-08-01,156,BuyerAgent,Kano,2,0.0,0.0,,,,,,,,,,
2026-08-01,157,BuyerAgent,Kano,2,0.0,80.40008544921875,,,,,,,,,,
2026-08-01,158,BuyerAgent,Kano,1,0.0,0.0,,,,,,,,,,
2026-08-01,159,BuyerAgent,Kano,2,0.0,0.0,,,,,,,,,,
2026-08-01,160,BuyerAgent,Kano,1,0.0,0.0,,,,,,,,,,
2026-08-01,161,BuyerAgent,Kano,1,0.0,0.0,,,,,,,,,,
2026-08-01,162,BuyerAgent,Kano,0,0.0,0.0,,,,,,,,,,
2026-08-01,163,BuyerAgent,Kano,1,0.0,0.0,,,,,,,,,,
2026-08-01,164,BuyerAgent,Kano,0,0.0,0.0,,,,,,,,,,
2026-08-01,165,BuyerAgent,Kano,1,0.0,0.0,,,,,,,,,,
2026-08-01,166,BuyerAgent,Kano,0,0.0,0.0,,,,,,,,,,
2026-08-01,167,BuyerAgent,Kano,0,0.0,0.0,,,,,,,,,,
2026-08-01,168,BuyerAgent,Kano,0,0.0,0.0,,,,,,,,,,
2026-08-01,169,BuyerAgent,Kano,1,0.0,0.0,,,,,,,,,,
2026-08-01,170,BuyerAgent,Kano,2,0.0,0.0,,,,,,,,,,
2026-08-01,171,BuyerAgent,Kano,0,0.0,0.0,,,,,,,,,,
2026-08-01,172,BuyerAgent,Kano,1,0.0,0.0,,,,,,,,,,
2026-08-01,173,BuyerAgent,Kano,0,0.0,0.0,,,,,,,,,,
2026-08-01,174,BuyerAgent,Kano,1,0.0,0.0,,,,,,,,,,
2026-08-01,175,BuyerAgent,Kano,0,0.0,0.0,,,,,,,,,,
2026-08-01,176,BuyerAgent,Kano,1,0.0,0.0,,,,,,,,,,
2026-08-01,177,BuyerAgent,Kano,1,0.0,0.0,,,,,,,,,,
2026-08-01,178,BuyerAgent,Kano,2,0.0,0.0,,,,,,,,,,
2026-08-01,179,TransporterAgent,Kano,2,100.0,200.0,,,,,,,,,,
2026-08-01,180,TransporterAgent,Kano,2,100.0,200.0,,,,,,,,,,
2026-08-01,181,TransporterAgent,Kano,0,0.0,50.0,,,,,,,,,,
2026-08-01,182,TransporterAgent,Kano,1,-200.0,-400.0,,,,,,,,,,
2026-08-01,183,TransporterAgent,Kano,0,0.0,50.0,,,,,,,,,,
2026-08-01,184,TransporterAgent,Kano,2,100.0,150.0,,,,,,,,,,
2026-08-01,185,TransporterAgent,Kano,3,50.0,-150.0,,,,,,,,,,
2026-08-01,186,TransporterAgent,Kano,3,50.0,-150.0,,,,,,,,,,
2026-08-01,187,TransporterAgent,Kano,0,0.0,0.0,,,,,,,,,,
2026-08-01,188,TransporterAgent,Kano,2,100.0,-100.0,,,,,,,,,,
2026-08-01,189,BankingAgent,Kano,2,-1.4749999999999996,-8.849999999999998,,,,,,,,,,
2026-08-01,190,BankingAgent,Kano,0,-0.0,0.0,,,,,,,,,,
2026-08-01,191,BankingAgent,Kano,1,-2.9499999999999993,-11.799999999999997,,,,,,,,,,
2026-08-01,193,TraderAgent,Lagos,4,-10.0,-20.0,503248.46875,Lagos,False,,,losing,False,1130.62,0.0,False
2026-08-01,194,TraderAgent,Lagos,0,4887.52978515625,5045.3818359375,497608.4375,Lagos,False,Onitsha,Onitsha,losing,False,951.35,1.0,False
2026-08-01,195,TraderAgent,Lagos,1,160.80172747960845,180.80172747960845,486804.0,Onitsha,True,Onitsha,Onitsha,losing,False,1130.62,0.0,True
2026-08-01,196,TraderAgent,Lagos,0,4887.52978515625,5045.3818359375,485770.1875,Lagos,False,Onitsha,Onitsha,losing,False,951.35,1.0,False
2026-08-01,197,TraderAgent,Lagos,1,160.80172747960845,2761.23876953125,432993.53125,Onitsha,True,Onitsha,Onitsha,winning,False,1061.53,1.0,True
2026-08-01,198,TraderAgent,Lagos,0,2826.5625,2846.5625,491571.40625,Lagos,False,,Lagos,losing,False,1130.62,1.0,False
2026-08-01,199,TraderAgent,Lagos,0,4887.52978515625,5045.3818359375,499815.625,Lagos,False,Onitsha,Onitsha,losing,False,951.35,1.0,False
2026-08-01,200,TraderAgent,Lagos,1,160.80172747960845,150.80172747960845,486095.90625,Onitsha,True,Onitsha,Onitsha,losing,False,1130.62,0.0,True
2026-08-01,201,TraderAgent,Lagos,1,160.80172747960845,2761.23876953125,487644.28125,Onitsha,True,Onitsha,Onitsha,winning,False,1061.53,1.0,True
2026-08-01,202,TraderAgent,Lagos,4,-10.0,-35.14875,502603.40625,Lagos,False,,,losing,False,1130.62,0.0,False
2026-08-01,203,TraderAgent,Lagos,0,4887.52978515625,5045.3818359375,491695.71875,Lagos,False,Onitsha,Onitsha,losing,False,951.35,1.0,False
2026-08-01,204,TraderAgent,Lagos,3,20.0,40.0,441409.90625,Lagos,False,,,losing,False,1074.09,0.0,False
2026-08-01,205,TraderAgent,Lagos,1,160.80172747960845,2761.23876953125,466993.90625,Onitsha,True,Onitsha,Onitsha,winning,False,1061.53,1.0,True
2026-08-01,206,TraderAgent,Lagos,0,4887.52978515625,5045.3818359375,489319.15625,Lagos,False,Onitsha,Onitsha,losing,False,951.35,1.0,False
2026-08-01,207,TraderAgent,Lagos,3,20.0,40.0,429095.28125,Lagos,False,,,losing,False,1074.09,0.0,False
2026-08-01,208,TraderAgent,Lagos,3,20.0,40.0,488379.90625,Lagos,False,,,losing,False,1074.09,0.0,False
2026-08-01,209,TraderAgent,Lagos,0,4887.52978515625,5045.3818359375,497871.8125,Lagos,False,Onitsha,Onitsha,losing,False,951.35,1.0,False
2026-08-01,210,TraderAgent,Lagos,0,4887.52978515625,5045.3818359375,496242.40625,Lagos,False,Onitsha,Onitsha,losing,False,951.35,1.0,False
2026-08-01,211,TraderAgent,Lagos,4,-10.0,-35.14875,501005.03125,Lagos,False,,,losing,False,1130.62,0.0,False
2026-08-01,212,TraderAgent,Lagos,4,-10.0,-35.14875,493675.375,Lagos,False,,,losing,False,1130.62,0.0,False
2026-08-01,213,BuyerAgent,Lagos,0,1210.426025390625,1499.364013671875,,,,,,,,,,
2026-08-01,214,BuyerAgent,Lagos,0,1210.426025390625,1499.364013671875,,,,,,,,,,
2026-08-01,215,BuyerAgent,Lagos,1,1210.426025390625,1499.364013671875,,,,,,,,,,
2026-08-01,216,BuyerAgent,Lagos,2,0.0,0.0,,,,,,,,,,
2026-08-01,217,BuyerAgent,Lagos,1,1210.426025390625,1210.426025390625,,,,,,,,,,
2026-08-01,218,BuyerAgent,Lagos,1,1210.426025390625,1210.426025390625,,,,,,,,,,
2026-08-01,219,BuyerAgent,Lagos,1,1210.426025390625,1210.426025390625,,,,,,,,,,
2026-08-01,220,BuyerAgent,Lagos,2,0.0,0.0,,,,,,,,,,
2026-08-01,221,BuyerAgent,Lagos,2,0.0,0.0,,,,,,,,,,
2026-08-01,222,BuyerAgent,Lagos,0,1210.426025390625,1210.426025390625,,,,,,,,,,
2026-08-01,223,BuyerAgent,Lagos,1,314.0625,314.0625,,,,,,,,,,
2026-08-01,224,BuyerAgent,Lagos,1,0.0,0.0,,,,,,,,,,
2026-08-01,225,BuyerAgent,Lagos,0,0.0,0.0,,,,,,,,,,
2026-08-01,226,BuyerAgent,Lagos,2,0.0,0.0,,,,,,,,,,
2026-08-01,227,BuyerAgent,Lagos,1,0.0,0.0,,,,,,,,,,
2026-08-01,228,BuyerAgent,Lagos,1,0.0,0.0,,,,,,,,,,
2026-08-01,229,BuyerAgent,Lagos,0,0.0,0.0,,,,,,,,,,
2026-08-01,230,BuyerAgent,Lagos,0,0.0,0.0,,,,,,,,,,
2026-08-01,231,BuyerAgent,Lagos,1,0.0,0.0,,,,,,,,,,
2026-08-01,232,BuyerAgent,Lagos,1,0.0,0.0,,,,,,,,,,
2026-08-01,233,BuyerAgent,Lagos,1,0.0,0.0,,,,,,,,,,
2026-08-01,234,BuyerAgent,Lagos,1,0.0,0.0,,,,,,,,,,
2026-08-01,235,BuyerAgent,Lagos,2,0.0,0.0,,,,,,,,,,
2026-08-01,236,BuyerAgent,Lagos,2,0.0,0.0,,,,,,,,,,
2026-08-01,237,BuyerAgent,Lagos,1,0.0,0.0,,,,,,,,,,
2026-08-01,238,BuyerAgent,Lagos,1,0.0,0.0,,,,,,,,,,
2026-08-01,239,BuyerAgent,Lagos,1,0.0,0.0,,,,,,,,,,
2026-08-01,240,BuyerAgent,Lagos,2,0.0,0.0,,,,,,,,,,
2026-08-01,241,BuyerAgent,Lagos,1,0.0,0.0,,,,,,,,,,
2026-08-01,242,BuyerAgent,Lagos,2,0.0,0.0,,,,,,,,,,
2026-08-01,243,TransporterAgent,Lagos,1,-200.0,-100.0,,,,,,,,,,
2026-08-01,244,TransporterAgent,Lagos,0,7.487753511131977,107.48775351113198,,,,,,,,,,
2026-08-01,245,TransporterAgent,Lagos,0,7.487753511131977,-192.51224648886802,,,,,,,,,,
2026-08-01,246,TransporterAgent,Lagos,1,-200.0,-150.0,,,,,,,,,,
2026-08-01,247,TransporterAgent,Lagos,3,50.0,57.6495185244225,,,,,,,,,,
2026-08-01,248,TransporterAgent,Lagos,2,100.0,150.0,,,,,,,,,,
2026-08-01,249,TransporterAgent,Lagos,0,7.487753511131977,57.48775351113198,,,,,,,,,,
2026-08-01,250,TransporterAgent,Lagos,3,50.0,57.6495185244225,,,,,,,,,,
2026-08-01,251,TransporterAgent,Lagos,2,100.0,150.0,,,,,,,,,,
2026-08-01,252,TransporterAgent,Lagos,3,50.0,100.0,,,,,,,,,,
2026-08-01,253,BankingAgent,Lagos,2,-1.4749999999999996,-8.849999999999998,,,,,,,,,,
2026-08-01,254,BankingAgent,Lagos,0,-0.0,-2.9499999999999993,,,,,,,,,,
2026-08-01,255,BankingAgent,Lagos,1,-2.9499999999999993,-8.849999999999998,,,,,,,,,,
2026-08-01,257,TraderAgent,Onitsha,0,2010.0567626953125,1971.854248046875,483374.1875,Onitsha,False,,Onitsha,losing,False,804.02,1.0,False
2026-08-01,258,TraderAgent,Onitsha,4,-10.0,1929.3634033203125,490800.4375,Onitsha,False,,Onitsha,winning,False,769.91,1.0,False
2026-08-01,259,TraderAgent,Onitsha,2,-25.14875,1914.214599609375,463683.09375,Onitsha,False,,Onitsha,winning,False,769.91,1.0,False
2026-08-01,260,TraderAgent,Onitsha,3,20.0,1959.3634033203125,460243.25,Onitsha,False,,Onitsha,winning,False,731.41,1.0,False
2026-08-01,261,TraderAgent,Onitsha,4,-10.0,-48.2025,503462.125,Onitsha,False,,,losing,False,804.02,0.0,False
2026-08-01,262,TraderAgent,Onitsha,2,-25.14875,-5.14875,468189.4375,Onitsha,False,,,losing,False,804.02,0.0,False
2026-08-01,263,TraderAgent,Onitsha,2,-25.14875,-5.14875,452682.28125,Onitsha,False,,,losing,False,804.02,0.0,False
2026-08-01,264,TraderAgent,Onitsha,1,135.69003625784813,155.69003625784813,469385.96875,Port_Harcourt,True,Port_Harcourt,Port_Harcourt,losing,False,804.02,0.0,True
2026-08-01,265,TraderAgent,Onitsha,1,135.69003625784813,97.48753625784813,477110.09375,Port_Harcourt,True,Port_Harcourt,Port_Harcourt,losing,False,804.02,0.0,True
2026-08-01,266,TraderAgent,Onitsha,0,2010.0567626953125,2030.0567626953125,509192.25,Onitsha,False,,Onitsha,losing,False,804.02,1.0,False
2026-08-01,267,TraderAgent,Onitsha,2,-25.14875,-5.14875,496047.0,Onitsha,False,,,losing,False,804.02,0.0,False
2026-08-01,268,TraderAgent,Onitsha,4,-10.0,10.0,481406.96875,Onitsha,False,,,losing,False,804.02,0.0,False
2026-08-01,269,TraderAgent,Onitsha,3,20.0,10.0,478147.15625,Onitsha,False,,,losing,False,763.82,0.0,False
2026-08-01,270,TraderAgent,Onitsha,0,0.0,133.93079003875056,430095.625,Onitsha,False,Port_Harcourt,Port_Harcourt,losing,False,848.69,1.0,False
2026-08-01,271,TraderAgent,Onitsha,2,-25.14875,1914.214599609375,495008.8125,Onitsha,False,,Onitsha,winning,False,769.91,1.0,False
2026-08-01,272,TraderAgent,Onitsha,1,135.69003625784813,97.48753625784813,460607.96875,Port_Harcourt,True,Port_Harcourt,Port_Harcourt,losing,False,804.02,0.0,True
2026-08-01,273,TraderAgent,Onitsha,2,-25.14875,-63.35125,492712.6875,Onitsha,False,,,losing,False,804.02,0.0,False
2026-08-01,274,TraderAgent,Onitsha,1,135.69003625784813,125.69003625784813,456995.15625,Port_Harcourt,True,Port_Harcourt,Port_Harcourt,losing,False,804.02,0.0,True
2026-08-01,275,TraderAgent,Onitsha,3,20.0,40.0,443564.4375,Onitsha,False,,,losing,False,763.82,0.0,False
2026-08-01,276,TraderAgent,Onitsha,0,0.0,133.93079003875056,426281.3125,Onitsha,False,Port_Harcourt,Port_Harcourt,losing,False,848.69,1.0,False
2026-08-01,277,BuyerAgent,Onitsha,2,0.0,0.0,,,,,,,,,,
2026-08-01,278,BuyerAgent,Onitsha,0,223.3392333984375,438.8238525390625,,,,,,,,,,
2026-08-01,279,BuyerAgent,Onitsha,0,223.3392333984375,438.8238525390625,,,,,,,,,,
2026-08-01,280,BuyerAgent,Onitsha,2,0.0,0.0,,,,,,,,,,
2026-08-01,281,BuyerAgent,Onitsha,0,0.0,0.0,,,,,,,,,,
2026-08-01,282,BuyerAgent,Onitsha,2,0.0,215.484619140625,,,,,,,,,,
2026-08-01,283,BuyerAgent,Onitsha,2,0.0,215.484619140625,,,,,,,,,,
2026-08-01,284,BuyerAgent,Onitsha,1,0.0,0.0,,,,,,,,,,
2026-08-01,285,BuyerAgent,Onitsha,0,0.0,0.0,,,,,,,,,,
2026-08-01,286,BuyerAgent,Onitsha,0,0.0,0.0,,,,,,,,,,
2026-08-01,287,BuyerAgent,Onitsha,1,0.0,0.0,,,,,,,,,,
2026-08-01,288,BuyerAgent,Onitsha,0,0.0,0.0,,,,,,,,,,
2026-08-01,289,BuyerAgent,Onitsha,1,0.0,0.0,,,,,,,,,,
2026-08-01,290,BuyerAgent,Onitsha,0,0.0,0.0,,,,,,,,,,
2026-08-01,291,BuyerAgent,Onitsha,0,0.0,0.0,,,,,,,,,,
2026-08-01,292,BuyerAgent,Onitsha,0,0.0,0.0,,,,,,,,,,
2026-08-01,293,BuyerAgent,Onitsha,1,0.0,0.0,,,,,,,,,,
2026-08-01,294,BuyerAgent,Onitsha,1,0.0,0.0,,,,,,,,,,
2026-08-01,295,BuyerAgent,Onitsha,0,0.0,0.0,,,,,,,,,,
2026-08-01,296,BuyerAgent,Onitsha,0,0.0,0.0,,,,,,,,,,
2026-08-01,297,BuyerAgent,Onitsha,2,0.0,0.0,,,,,,,,,,
2026-08-01,298,BuyerAgent,Onitsha,1,0.0,0.0,,,,,,,,,,
2026-08-01,299,BuyerAgent,Onitsha,0,0.0,0.0,,,,,,,,,,
2026-08-01,300,BuyerAgent,Onitsha,2,0.0,0.0,,,,,,,,,,
2026-08-01,301,BuyerAgent,Onitsha,1,0.0,0.0,,,,,,,,,,
2026-08-01,302,BuyerAgent,Onitsha,1,0.0,0.0,,,,,,,,,,
2026-08-01,303,BuyerAgent,Onitsha,2,0.0,0.0,,,,,,,,,,
2026-08-01,304,BuyerAgent,Onitsha,2,0.0,0.0,,,,,,,,,,
2026-08-01,305,BuyerAgent,Onitsha,2,0.0,0.0,,,,,,,,,,
2026-08-01,306,BuyerAgent,Onitsha,0,0.0,0.0,,,,,,,,,,
2026-08-01,307,TransporterAgent,Onitsha,1,-200.0,-100.0,,,,,,,,,,
2026-08-01,308,TransporterAgent,Onitsha,0,0.0,0.0,,,,,,,,,,
2026-08-01,309,TransporterAgent,Onitsha,0,0.0,50.0,,,,,,,,,,
2026-08-01,310,TransporterAgent,Onitsha,1,-200.0,-400.0,,,,,,,,,,
2026-08-01,311,TransporterAgent,Onitsha,2,100.0,-100.0,,,,,,,,,,
2026-08-01,312,TransporterAgent,Onitsha,0,0.0,50.0,,,,,,,,,,
2026-08-01,313,TransporterAgent,Onitsha,2,100.0,150.0,,,,,,,,,,
2026-08-01,314,TransporterAgent,Onitsha,1,-200.0,-400.0,,,,,,,,,,
2026-08-01,315,TransporterAgent,Onitsha,3,50.0,50.0,,,,,,,,,,
2026-08-01,316,TransporterAgent,Onitsha,1,-200.0,-100.0,,,,,,,,,,
2026-08-01,317,BankingAgent,Onitsha,0,-0.0,0.0,,,,,,,,,,
2026-08-01,318,BankingAgent,Onitsha,2,-1.4749999999999996,-5.899999999999999,,,,,,,,,,
2026-08-01,319,BankingAgent,Onitsha,2,-1.4749999999999996,-8.849999999999998,,,,,,,,,,
2026-08-01,321,TraderAgent,Port_Harcourt,3,20.0,3016.156005859375,542078.0,Port_Harcourt,False,,Port_Harcourt,winning,False,1121.23,1.0,False
2026-08-01,322,TraderAgent,Port_Harcourt,1,135.34375145997697,125.34375145997697,556551.3125,Onitsha,True,Onitsha,Onitsha,losing,False,1225.6,0.0,True
2026-08-01,323,TraderAgent,Port_Harcourt,2,-38.2025,-18.2025,539536.875,Port_Harcourt,False,,,losing,False,1225.6,0.0,False
2026-08-01,324,TraderAgent,Port_Harcourt,0,5705.3486328125,5841.08544921875,524016.75,Port_Harcourt,False,Onitsha,Onitsha,losing,False,1004.11,1.0,False
2026-08-01,325,TraderAgent,Port_Harcourt,3,20.0,-18.2025,546220.9375,Port_Harcourt,False,,,losing,False,1164.32,0.0,False
2026-08-01,326,TraderAgent,Port_Harcourt,2,-38.2025,-76.405,547507.5625,Port_Harcourt,False,,,losing,False,1225.6,0.0,False
2026-08-01,327,TraderAgent,Port_Harcourt,2,-38.2025,-48.2025,537967.0625,Port_Harcourt,False,,,losing,False,1225.6,0.0,False
2026-08-01,328,TraderAgent,Port_Harcourt,1,135.34375145997697,125.34375145997697,551502.0,Onitsha,True,Onitsha,Onitsha,losing,False,1225.6,0.0,True
2026-08-01,329,TraderAgent,Port_Harcourt,1,135.34375145997697,97.14125145997697,528092.8125,Onitsha,True,Onitsha,Onitsha,losing,False,1225.6,0.0,True
2026-08-01,330,TraderAgent,Port_Harcourt,3,20.0,40.0,560255.125,Port_Harcourt,False,,,losing,False,1164.32,0.0,False
2026-08-01,331,TraderAgent,Port_Harcourt,3,20.0,-18.2025,542522.5625,Port_Harcourt,False,,,losing,False,1164.32,0.0,False
2026-08-01,332,TraderAgent,Port_Harcourt,4,-10.0,-20.0,492798.40625,Port_Harcourt,False,,,losing,False,1225.6,0.0,False
2026-08-01,333,TraderAgent,Port_Harcourt,2,-38.2025,-76.405,536017.8125,Port_Harcourt,False,,,losing,False,1225.6,0.0,False
2026-08-01,334,TraderAgent,Port_Harcourt,0,3063.99462890625,3053.99462890625,556475.5625,Port_Harcourt,False,,Port_Harcourt,losing,False,1225.6,1.0,False
2026-08-01,335,TraderAgent,Port_Harcourt,1,135.34375145997697,125.34375145997697,516749.875,Onitsha,True,Onitsha,Onitsha,losing,False,1225.6,0.0,True
2026-08-01,336,TraderAgent,Port_Harcourt,3,20.0,3016.156005859375,558395.0,Port_Harcourt,False,,Port_Harcourt,winning,False,1121.23,1.0,False
2026-08-01,337,TraderAgent,Port_Harcourt,0,5705.3486328125,5841.08544921875,550712.5,Port_Harcourt,False,Onitsha,Onitsha,losing,False,1004.11,1.0,False
2026-08-01,338,TraderAgent,Port_Harcourt,0,5705.3486328125,5841.08544921875,507859.59375,Port_Harcourt,False,Onitsha,Onitsha,losing,False,1004.11,1.0,False
2026-08-01,339,TraderAgent,Port_Harcourt,0,3063.99462890625,3083.99462890625,543989.9375,Port_Harcourt,False,,Port_Harcourt,losing,False,1225.6,1.0,False
2026-08-01,340,TraderAgent,Port_Harcourt,3,20.0,-18.2025,539787.5,Port_Harcourt,False,,,losing,False,1164.32,0.0,False
2026-08-01,341,BuyerAgent,Port_Harcourt,2,0.0,0.0,,,,,,,,,,
2026-08-01,342,BuyerAgent,Port_Harcourt,2,0.0,332.906494140625,,,,,,,,,,
2026-08-01,343,BuyerAgent,Port_Harcourt,0,1447.857666015625,1447.857666015625,,,,,,,,,,
2026-08-01,344,BuyerAgent,Port_Harcourt,2,0.0,332.906494140625,,,,,,,,,,
2026-08-01,345,BuyerAgent,Port_Harcourt,0,1447.857666015625,1447.857666015625,,,,,,,,,,
2026-08-01,346,BuyerAgent,Port_Harcourt,2,0.0,0.0,,,,,,,,,,
2026-08-01,347,BuyerAgent,Port_Harcourt,0,1447.857666015625,1447.857666015625,,,,,,,,,,
2026-08-01,348,BuyerAgent,Port_Harcourt,1,340.443115234375,340.443115234375,,,,,,,,,,
2026-08-01,349,BuyerAgent,Port_Harcourt,0,340.443115234375,340.443115234375,,,,,,,,,,
2026-08-01,350,BuyerAgent,Port_Harcourt,2,0.0,0.0,,,,,,,,,,
2026-08-01,351,BuyerAgent,Port_Harcourt,1,0.0,0.0,,,,,,,,,,
2026-08-01,352,BuyerAgent,Port_Harcourt,1,0.0,0.0,,,,,,,,,,
2026-08-01,353,BuyerAgent,Port_Harcourt,2,0.0,0.0,,,,,,,,,,
2026-08-01,354,BuyerAgent,Port_Harcourt,2,0.0,0.0,,,,,,,,,,
2026-08-01,355,BuyerAgent,Port_Harcourt,2,0.0,0.0,,,,,,,,,,
2026-08-01,356,BuyerAgent,Port_Harcourt,2,0.0,0.0,,,,,,,,,,
2026-08-01,357,BuyerAgent,Port_Harcourt,1,0.0,0.0,,,,,,,,,,
2026-08-01,358,BuyerAgent,Port_Harcourt,1,0.0,0.0,,,,,,,,,,
2026-08-01,359,BuyerAgent,Port_Harcourt,1,0.0,0.0,,,,,,,,,,
2026-08-01,360,BuyerAgent,Port_Harcourt,1,0.0,0.0,,,,,,,,,,
2026-08-01,361,BuyerAgent,Port_Harcourt,1,0.0,0.0,,,,,,,,,,
2026-08-01,362,BuyerAgent,Port_Harcourt,1,0.0,0.0,,,,,,,,,,
2026-08-01,363,BuyerAgent,Port_Harcourt,1,0.0,0.0,,,,,,,,,,
2026-08-01,364,BuyerAgent,Port_Harcourt,1,0.0,0.0,,,,,,,,,,
2026-08-01,365,BuyerAgent,Port_Harcourt,2,0.0,0.0,,,,,,,,,,
2026-08-01,366,BuyerAgent,Port_Harcourt,0,0.0,0.0,,,,,,,,,,
2026-08-01,367,BuyerAgent,Port_Harcourt,2,0.0,0.0,,,,,,,,,,
2026-08-01,368,BuyerAgent,Port_Harcourt,2,0.0,0.0,,,,,,,,,,
2026-08-01,369,BuyerAgent,Port_Harcourt,0,0.0,0.0,,,,,,,,,,
2026-08-01,370,BuyerAgent,Port_Harcourt,1,0.0,0.0,,,,,,,,,,
2026-08-01,371,TransporterAgent,Port_Harcourt,2,100.0,100.0,,,,,,,,,,
2026-08-01,372,TransporterAgent,Port_Harcourt,0,0.0,50.0,,,,,,,,,,
2026-08-01,373,TransporterAgent,Port_Harcourt,0,0.0,100.0,,,,,,,,,,
2026-08-01,374,TransporterAgent,Port_Harcourt,0,0.0,0.0,,,,,,,,,,
2026-08-01,375,TransporterAgent,Port_Harcourt,0,0.0,100.0,,,,,,,,,,
2026-08-01,376,TransporterAgent,Port_Harcourt,2,100.0,150.0,,,,,,,,,,
2026-08-01,377,TransporterAgent,Port_Harcourt,1,-200.0,-200.0,,,,,,,,,,
2026-08-01,378,TransporterAgent,Port_Harcourt,1,-200.0,-100.0,,,,,,,,,,
2026-08-01,379,TransporterAgent,Port_Harcourt,1,-200.0,-150.0,,,,,,,,,,
2026-08-01,380,TransporterAgent,Port_Harcourt,0,0.0,0.0,,,,,,,,,,
2026-08-01,381,BankingAgent,Port_Harcourt,0,-0.0,0.0,,,,,,,,,,
2026-08-01,382,BankingAgent,Port_Harcourt,0,-0.0,-5.899999999999999,,,,,,,,,,
2026-08-01,383,BankingAgent,Port_Harcourt,1,-2.9499999999999993,-11.799999999999997,,,,,,,,,,
2026-09-01,1,TraderAgent,Abuja,0,750.0,883.8731689453125,477106.90625,Abuja,False,Onitsha,Abuja,winning,False,285.0,2.0,False
2026-09-01,2,TraderAgent,Abuja,0,0.0,150.9607491339744,418543.15625,Abuja,False,Onitsha,Onitsha,winning,False,285.0,1.0,False
2026-09-01,3,TraderAgent,Abuja,4,-10.0,0.0,476217.625,Abuja,False,,,losing,False,270.0,0.0,False
2026-09-01,4,TraderAgent,Abuja,1,128.28109674466393,887.106201171875,448042.5625,Onitsha,True,Onitsha,Onitsha,winning,False,278.14,1.0,True
2026-09-01,5,TraderAgent,Abuja,0,675.0,655.0,482628.0,Abuja,False,,Abuja,losing,False,270.0,1.0,False
2026-09-01,6,TraderAgent,Abuja,2,-29.5,-49.5,467599.875,Abuja,False,,,losing,False,270.0,0.0,False
2026-09-01,7,TraderAgent,Abuja,1,128.28109674466393,138.28109674466393,385668.6875,Onitsha,True,Onitsha,Onitsha,winning,False,270.0,0.0,True
2026-09-01,8,TraderAgent,Abuja,3,20.0,14.85125,465577.09375,Abuja,False,,,losing,False,256.5,0.0,False
2026-09-01,9,TraderAgent,Abuja,0,0.0,150.9607491339744,405810.59375,Abuja,False,Onitsha,Onitsha,winning,False,285.0,1.0,False
2026-09-01,10,TraderAgent,Abuja,1,128.28109674466393,262.15428461570735,416499.46875,Onitsha,True,Onitsha,Onitsha,winning,False,285.0,1.0,True
2026-09-01,11,TraderAgent,Abuja,3,20.0,-34.64875,481227.03125,Abuja,False,,,losing,False,256.5,0.0,False
2026-09-01,12,TraderAgent,Abuja,0,0.0,899.7858276367188,451582.625,Abuja,False,Onitsha,Onitsha,winning,False,285.0,2.0,False
2026-09-01,13,TraderAgent,Abuja,1,128.28109674466393,168.28109674466393,478730.84375,Onitsha,True,Onitsha,Onitsha,winning,False,270.0,0.0,True
2026-09-01,14,TraderAgent,Abuja,0,637.5,1332.5,484605.09375,Abuja,False,,Abuja,winning,False,262.5,2.0,False
2026-09-01,15,TraderAgent,Abuja,4,-10.0,685.0,478468.09375,Abuja,False,,Abuja,winning,False,262.5,1.0,False
2026-09-01,16,TraderAgent,Abuja,4,-10.0,-49.5,392654.59375,Abuja,False,,,losing,False,270.0,0.0,False
2026-09-01,17,TraderAgent,Abuja,4,-10.0,748.8250732421875,444950.1875,Abuja,False,,Abuja,winning,False,278.14,1.0,False
2026-09-01,18,TraderAgent,Abuja,0,715.6875610351562,1504.5126953125,481216.71875,Abuja,False,,Abuja,winning,False,278.14,2.0,False
2026-09-01,19,TraderAgent,Abuja,0,0.0,120.96074913397439,455295.90625,Abuja,False,Onitsha,Onitsha,winning,False,285.0,1.0,False
2026-09-01,20,TraderAgent,Abuja,4,-10.0,0.0,489757.25,Abuja,False,,,losing,False,270.0,0.0,False
2026-09-01,21,BuyerAgent,Abuja,1,112.5,187.5,,,,,,,,,,
2026-09-01,22,BuyerAgent,Abuja,2,0.0,85.42510986328125,,,,,,,,,,
2026-09-01,23,BuyerAgent,Abuja,1,75.0,75.0,,,,,,,,,,
2026-09-01,24,BuyerAgent,Abuja,1,34.31243896484375,34.31243896484375,,,,,,,,,,
2026-09-01,25,BuyerAgent,Abuja,0,0.0,75.0,,,,,,,,,,
2026-09-01,26,BuyerAgent,Abuja,0,0.0,0.0,,,,,,,,,,
2026-09-01,27,BuyerAgent,Abuja,0,0.0,0.0,,,,,,,,,,
2026-09-01,28,BuyerAgent,Abuja,0,0.0,85.42510986328125,,,,,,,,,,
2026-09-01,29,BuyerAgent,Abuja,1,0.0,85.42510986328125,,,,,,,,,,
2026-09-01,30,BuyerAgent,Abuja,1,0.0,85.42510986328125,,,,,,,,,,
2026-09-01,31,BuyerAgent,Abuja,0,0.0,0.0,,,,,,,,,,
2026-09-01,32,BuyerAgent,Abuja,0,0.0,0.0,,,,,,,,,,
2026-09-01,33,BuyerAgent,Abuja,1,0.0,0.0,,,,,,,,,,
2026-09-01,34,BuyerAgent,Abuja,2,0.0,0.0,,,,,,,,,,
2026-09-01,35,BuyerAgent,Abuja,1,0.0,0.0,,,,,,,,,,
2026-09-01,36,BuyerAgent,Abuja,1,0.0,0.0,,,,,,,,,,
2026-09-01,37,BuyerAgent,Abuja,1,0.0,0.0,,,,,,,,,,
2026-09-01,38,BuyerAgent,Abuja,1,0.0,0.0,,,,,,,,,,
2026-09-01,39,BuyerAgent,Abuja,2,0.0,0.0,,,,,,,,,,
2026-09-01,40,BuyerAgent,Abuja,0,0.0,0.0,,,,,,,,,,
2026-09-01,41,BuyerAgent,Abuja,1,0.0,0.0,,,,,,,,,,
2026-09-01,42,BuyerAgent,Abuja,2,0.0,0.0,,,,,,,,,,
2026-09-01,43,BuyerAgent,Abuja,0,0.0,0.0,,,,,,,,,,
2026-09-01,44,BuyerAgent,Abuja,0,0.0,0.0,,,,,,,,,,
2026-09-01,45,BuyerAgent,Abuja,2,0.0,0.0,,,,,,,,,,
2026-09-01,46,BuyerAgent,Abuja,2,0.0,0.0,,,,,,,,,,
2026-09-01,47,BuyerAgent,Abuja,2,0.0,0.0,,,,,,,,,,
2026-09-01,48,BuyerAgent,Abuja,0,0.0,0.0,,,,,,,,,,
2026-09-01,49,BuyerAgent,Abuja,0,0.0,0.0,,,,,,,,,,
2026-09-01,50,BuyerAgent,Abuja,1,0.0,0.0,,,,,,,,,,
2026-09-01,51,TransporterAgent,Abuja,3,50.0,105.1911849696421,,,,,,,,,,
2026-09-01,52,TransporterAgent,Abuja,2,100.0,0.0,,,,,,,,,,
2026-09-01,53,TransporterAgent,Abuja,2,100.0,0.0,,,,,,,,,,
2026-09-01,54,TransporterAgent,Abuja,2,100.0,205.3975563991093,,,,,,,,,,
2026-09-01,55,TransporterAgent,Abuja,0,5.11974218060363,15.708483549355043,,,,,,,,,,
2026-09-01,56,TransporterAgent,Abuja,1,-200.0,-144.8088150303579,,,,,,,,,,
2026-09-01,57,TransporterAgent,Abuja,3,50.0,-350.0,,,,,,,,,,
2026-09-01,58,TransporterAgent,Abuja,0,5.11974218060363,205.11974218060362,,,,,,,,,,
2026-09-01,59,TransporterAgent,Abuja,0,5.11974218060363,-94.88025781939638,,,,,,,,,,
2026-09-01,60,TransporterAgent,Abuja,3,50.0,105.1911849696421,,,,,,,,,,
2026-09-01,61,BankingAgent,Abuja,2,-1.4749999999999996,-5.899999999999999,,,,,,,,,,
2026-09-01,62,BankingAgent,Abuja,0,-0.0,-2.9499999999999993,,,,,,,,,,
2026-09-01,63,BankingAgent,Abuja,0,-0.0,-2.9499999999999993,,,,,,,,,,
2026-09-01,65,TraderAgent,Bauchi,0,0.0,154.3859286848476,478896.875,Bauchi,False,Onitsha,Onitsha,winning,False,303.61,1.0,False
2026-09-01,66,TraderAgent,Bauchi,0,0.0,154.3859286848476,312098.96875,Bauchi,False,Onitsha,Onitsha,winning,False,303.61,1.0,False
2026-09-01,67,TraderAgent,Bauchi,2,-38.2025,-86.405,485930.59375,Bauchi,False,,,losing,False,287.63,0.0,False
2026-09-01,68,TraderAgent,Bauchi,1,133.96194757191034,791.6346435546875,276022.21875,Onitsha,True,Onitsha,Onitsha,winning,False,266.07,1.0,True
2026-09-01,69,TraderAgent,Bauchi,0,0.0,124.38592868484761,237524.0625,Bauchi,False,Onitsha,Onitsha,winning,False,303.61,1.0,False
2026-09-01,70,TraderAgent,Bauchi,0,0.0,690.6535034179688,438400.8125,Bauchi,False,Onitsha,Onitsha,winning,False,303.61,2.0,False
2026-09-01,71,TraderAgent,Bauchi,0,0.0,124.38592868484761,370261.625,Bauchi,False,Onitsha,Onitsha,winning,False,303.61,1.0,False
2026-09-01,72,TraderAgent,Bauchi,0,0.0,104.88592868484761,312152.3125,Bauchi,False,Onitsha,Onitsha,winning,False,303.61,1.0,False
2026-09-01,73,TraderAgent,Bauchi,0,798.9749145507812,934.0225830078125,483683.1875,Bauchi,False,Onitsha,Bauchi,winning,False,303.61,2.0,False
2026-09-01,74,TraderAgent,Bauchi,2,-38.2025,-56.405,268528.96875,Bauchi,False,,,losing,False,287.63,0.0,False
2026-09-01,75,TraderAgent,Bauchi,2,-38.2025,569.97021484375,516555.09375,Bauchi,False,,Bauchi,winning,False,266.07,1.0,False
2026-09-01,76,TraderAgent,Bauchi,2,-38.2025,-86.405,446441.71875,Bauchi,False,,,losing,False,287.63,0.0,False
2026-09-01,77,TraderAgent,Bauchi,0,0.0,124.38592868484761,395805.28125,Bauchi,False,Onitsha,Onitsha,winning,False,303.61,1.0,False
2026-09-01,78,TraderAgent,Bauchi,0,719.0774536132812,709.5774536132812,500626.625,Bauchi,False,,Bauchi,losing,False,287.63,1.0,False
2026-09-01,79,TraderAgent,Bauchi,4,-10.0,0.0,484280.8125,Bauchi,False,,,losing,False,287.63,0.0,False
2026-09-01,80,TraderAgent,Bauchi,0,719.0774536132812,709.5774536132812,517038.46875,Bauchi,False,,Bauchi,losing,False,287.63,1.0,False
2026-09-01,81,TraderAgent,Bauchi,3,20.0,538.0650634765625,327841.3125,Bauchi,False,,Bauchi,winning,False,239.88,1.0,False
2026-09-01,82,TraderAgent,Bauchi,3,20.0,1110.676513671875,446048.625,Bauchi,False,,Bauchi,winning,False,252.77,2.0,False
2026-09-01,83,TraderAgent,Bauchi,4,-10.0,-30.0,515997.03125,Bauchi,False,,,losing,False,287.63,0.0,False
2026-09-01,84,TraderAgent,Bauchi,3,20.0,538.0650634765625,402949.375,Bauchi,False,,Bauchi,winning,False,239.88,1.0,False
2026-09-01,85,BuyerAgent,Bauchi,0,79.8974609375,254.013671875,,,,,,,,,,
2026-09-01,86,BuyerAgent,Bauchi,0,79.8974609375,212.55722045898438,,,,,,,,,,
2026-09-01,87,BuyerAgent,Bauchi,0,0.0,132.65975952148438,,,,,,,,,,
2026-09-01,88,BuyerAgent,Bauchi,1,0.0,61.807403564453125,,,,,,,,,,
2026-09-01,89,BuyerAgent,Bauchi,1,0.0,0.0,,,,,,,,,,
2026-09-01,90,BuyerAgent,Bauchi,1,0.0,61.807403564453125,,,,,,,,,,
2026-09-01,91,BuyerAgent,Bauchi,0,0.0,0.0,,,,,,,,,,
2026-09-01,92,BuyerAgent,Bauchi,2,0.0,0.0,,,,,,,,,,
2026-09-01,93,BuyerAgent,Bauchi,1,0.0,0.0,,,,,,,,,,
2026-09-01,94,BuyerAgent,Bauchi,1,0.0,0.0,,,,,,,,,,
2026-09-01,95,BuyerAgent,Bauchi,1,0.0,0.0,,,,,,,,,,
2026-09-01,96,BuyerAgent,Bauchi,0,0.0,0.0,,,,,,,,,,
2026-09-01,97,BuyerAgent,Bauchi,0,0.0,0.0,,,,,,,,,,
2026-09-01,98,BuyerAgent,Bauchi,0,0.0,0.0,,,,,,,,,,
2026-09-01,99,BuyerAgent,Bauchi,1,0.0,0.0,,,,,,,,,,
2026-09-01,100,BuyerAgent,Bauchi,2,0.0,0.0,,,,,,,,,,
2026-09-01,101,BuyerAgent,Bauchi,1,0.0,0.0,,,,,,,,,,
2026-09-01,102,BuyerAgent,Bauchi,2,0.0,0.0,,,,,,,,,,
2026-09-01,103,BuyerAgent,Bauchi,0,0.0,0.0,,,,,,,,,,
2026-09-01,104,BuyerAgent,Bauchi,1,0.0,0.0,,,,,,,,,,
2026-09-01,105,BuyerAgent,Bauchi,2,0.0,0.0,,,,,,,,,,
2026-09-01,106,BuyerAgent,Bauchi,2,0.0,0.0,,,,,,,,,,
2026-09-01,107,BuyerAgent,Bauchi,0,0.0,0.0,,,,,,,,,,
2026-09-01,108,BuyerAgent,Bauchi,1,0.0,0.0,,,,,,,,,,
2026-09-01,109,BuyerAgent,Bauchi,2,0.0,0.0,,,,,,,,,,
2026-09-01,110,BuyerAgent,Bauchi,2,0.0,0.0,,,,,,,,,,
2026-09-01,111,BuyerAgent,Bauchi,2,0.0,0.0,,,,,,,,,,
2026-09-01,112,BuyerAgent,Bauchi,2,0.0,0.0,,,,,,,,,,
2026-09-01,113,BuyerAgent,Bauchi,2,0.0,0.0,,,,,,,,,,
2026-09-01,114,BuyerAgent,Bauchi,2,0.0,0.0,,,,,,,,,,
2026-09-01,115,TransporterAgent,Bauchi,3,50.0,50.0,,,,,,,,,,
2026-09-01,116,TransporterAgent,Bauchi,3,50.0,200.0,,,,,,,,,,
2026-09-01,117,TransporterAgent,Bauchi,3,50.0,250.0,,,,,,,,,,
2026-09-01,118,TransporterAgent,Bauchi,2,100.0,-300.0,,,,,,,,,,
2026-09-01,119,TransporterAgent,Bauchi,1,-200.0,-100.0,,,,,,,,,,
2026-09-01,120,TransporterAgent,Bauchi,3,50.0,150.0,,,,,,,,,,
2026-09-01,121,TransporterAgent,Bauchi,2,100.0,100.0,,,,,,,,,,
2026-09-01,122,TransporterAgent,Bauchi,1,-200.0,-600.0,,,,,,,,,,
2026-09-01,123,TransporterAgent,Bauchi,3,50.0,-50.0,,,,,,,,,,
2026-09-01,124,TransporterAgent,Bauchi,0,0.0,-200.0,,,,,,,,,,
2026-09-01,125,BankingAgent,Bauchi,0,-0.0,-8.849999999999998,,,,,,,,,,
2026-09-01,126,BankingAgent,Bauchi,2,-1.4749999999999996,-5.899999999999999,,,,,,,,,,
2026-09-01,127,BankingAgent,Bauchi,1,-2.9499999999999993,-11.799999999999997,,,,,,,,,,
2026-09-01,129,TraderAgent,Kano,1,123.06523782619405,1540.115234375,414775.53125,Onitsha,True,Onitsha,Onitsha,winning,False,336.67,2.0,True
2026-09-01,130,TraderAgent,Kano,4,-10.0,0.0,450626.90625,Kano,False,,,losing,False,361.8,0.0,False
2026-09-01,131,TraderAgent,Kano,0,0.0,85.42346162283499,412814.90625,Kano,False,Onitsha,Onitsha,losing,False,381.9,1.0,False
2026-09-01,132,TraderAgent,Kano,3,20.0,30.0,463355.46875,Kano,False,,,losing,False,343.71,0.0,False
2026-09-01,133,TraderAgent,Kano,4,-10.0,-28.2025,405954.15625,Kano,False,,,losing,False,361.8,0.0,False
2026-09-01,134,TraderAgent,Kano,0,1005.0,1130.670166015625,381122.0,Kano,False,Onitsha,Kano,winning,False,381.9,2.0,False
2026-09-01,135,TraderAgent,Kano,0,0.0,847.2259521484375,429144.09375,Kano,False,Onitsha,Onitsha,winning,False,381.9,2.0,False
2026-09-01,136,TraderAgent,Kano,2,-38.2025,-28.2025,463139.53125,Kano,False,,,losing,False,361.8,0.0,False
2026-09-01,137,TraderAgent,Kano,0,703.499755859375,1447.0997314453125,429405.1875,Kano,False,,Kano,winning,False,321.6,2.0,False
2026-09-01,138,TraderAgent,Kano,0,0.0,85.42346162283499,435027.40625,Kano,False,Onitsha,Onitsha,losing,False,381.9,1.0,False
2026-09-01,139,TraderAgent,Kano,1,123.06523782619405,133.06523782619405,430924.375,Onitsha,True,Onitsha,Onitsha,winning,False,361.8,0.0,True
2026-09-01,140,TraderAgent,Kano,0,0.0,143.625961622835,432211.1875,Kano,False,Onitsha,Onitsha,winning,False,381.9,1.0,False
2026-09-01,141,TraderAgent,Kano,3,20.0,1437.050048828125,465837.8125,Kano,False,,Kano,winning,False,319.84,2.0,False
2026-09-01,142,TraderAgent,Kano,1,123.06523782619405,163.06523782619405,457961.09375,Onitsha,True,Onitsha,Onitsha,winning,False,361.8,0.0,True
2026-09-01,143,TraderAgent,Kano,3,20.0,-56.405,465826.375,Kano,False,,,losing,False,343.71,0.0,False
2026-09-01,144,TraderAgent,Kano,0,0.0,143.625961622835,412638.375,Kano,False,Onitsha,Onitsha,winning,False,381.9,1.0,False
2026-09-01,145,TraderAgent,Kano,4,-10.0,115.67021004012263,391534.375,Kano,False,Onitsha,Onitsha,winning,False,381.9,1.0,False
2026-09-01,146,TraderAgent,Kano,0,778.8748168945312,2195.9248046875,430980.90625,Kano,False,,Kano,winning,False,336.67,3.0,False
2026-09-01,147,TraderAgent,Kano,0,0.0,847.2259521484375,393379.4375,Kano,False,Onitsha,Onitsha,winning,False,381.9,2.0,False
2026-09-01,148,TraderAgent,Kano,0,0.0,113.62596162283499,453650.875,Kano,False,Onitsha,Onitsha,winning,False,381.9,1.0,False
2026-09-01,149,BuyerAgent,Kano,0,301.500244140625,512.550048828125,,,,,,,,,,
2026-09-01,150,BuyerAgent,Kano,2,0.0,291.44989013671875,,,,,,,,,,
2026-09-01,151,BuyerAgent,Kano,0,226.12518310546875,517.5750732421875,,,,,,,,,,
2026-09-01,152,BuyerAgent,Kano,0,0.0,80.40008544921875,,,,,,,,,,
2026-09-01,153,BuyerAgent,Kano,2,0.0,80.40008544921875,,,,,,,,,,
2026-09-01,154,BuyerAgent,Kano,2,0.0,80.40008544921875,,,,,,,,,,
2026-09-01,155,BuyerAgent,Kano,2,0.0,0.0,,,,,,,,,,
2026-09-01,156,BuyerAgent,Kano,2,0.0,0.0,,,,,,,,,,
2026-09-01,157,BuyerAgent,Kano,0,0.0,80.40008544921875,,,,,,,,,,
2026-09-01,158,BuyerAgent,Kano,1,0.0,0.0,,,,,,,,,,
2026-09-01,159,BuyerAgent,Kano,2,0.0,0.0,,,,,,,,,,
2026-09-01,160,BuyerAgent,Kano,2,0.0,0.0,,,,,,,,,,
2026-09-01,161,BuyerAgent,Kano,2,0.0,0.0,,,,,,,,,,
2026-09-01,162,BuyerAgent,Kano,1,0.0,0.0,,,,,,,,,,
2026-09-01,163,BuyerAgent,Kano,0,0.0,0.0,,,,,,,,,,
2026-09-01,164,BuyerAgent,Kano,0,0.0,0.0,,,,,,,,,,
2026-09-01,165,BuyerAgent,Kano,1,0.0,0.0,,,,,,,,,,
2026-09-01,166,BuyerAgent,Kano,1,0.0,0.0,,,,,,,,,,
2026-09-01,167,BuyerAgent,Kano,0,0.0,0.0,,,,,,,,,,
2026-09-01,168,BuyerAgent,Kano,1,0.0,0.0,,,,,,,,,,
2026-09-01,169,BuyerAgent,Kano,1,0.0,0.0,,,,,,,,,,
2026-09-01,170,BuyerAgent,Kano,0,0.0,0.0,,,,,,,,,,
2026-09-01,171,BuyerAgent,Kano,0,0.0,0.0,,,,,,,,,,
2026-09-01,172,BuyerAgent,Kano,0,0.0,0.0,,,,,,,,,,
2026-09-01,173,BuyerAgent,Kano,1,0.0,0.0,,,,,,,,,,
2026-09-01,174,BuyerAgent,Kano,0,0.0,0.0,,,,,,,,,,
2026-09-01,175,BuyerAgent,Kano,1,0.0,0.0,,,,,,,,,,
2026-09-01,176,BuyerAgent,Kano,2,0.0,0.0,,,,,,,,,,
2026-09-01,177,BuyerAgent,Kano,0,0.0,0.0,,,,,,,,,,
2026-09-01,178,BuyerAgent,Kano,0,0.0,0.0,,,,,,,,,,
2026-09-01,179,TransporterAgent,Kano,0,0.0,200.0,,,,,,,,,,
2026-09-01,180,TransporterAgent,Kano,2,100.0,300.0,,,,,,,,,,
2026-09-01,181,TransporterAgent,Kano,3,50.0,100.0,,,,,,,,,,
2026-09-01,182,TransporterAgent,Kano,3,50.0,-350.0,,,,,,,,,,
2026-09-01,183,TransporterAgent,Kano,0,0.0,50.0,,,,,,,,,,
2026-09-01,184,TransporterAgent,Kano,0,0.0,150.0,,,,,,,,,,
2026-09-01,185,TransporterAgent,Kano,1,-200.0,-350.0,,,,,,,,,,
2026-09-01,186,TransporterAgent,Kano,1,-200.0,-350.0,,,,,,,,,,
2026-09-01,187,TransporterAgent,Kano,2,100.0,100.0,,,,,,,,,,
2026-09-01,188,TransporterAgent,Kano,0,0.0,-100.0,,,,,,,,,,
2026-09-01,189,BankingAgent,Kano,0,-0.0,-8.849999999999998,,,,,,,,,,
2026-09-01,190,BankingAgent,Kano,0,-0.0,0.0,,,,,,,,,,
2026-09-01,191,BankingAgent,Kano,1,-2.9499999999999993,-17.699999999999996,,,,,,,,,,
2026-09-01,193,TraderAgent,Lagos,2,-25.14875,-45.14875,503223.3125,Lagos,False,,,losing,False,1221.07,0.0,False
2026-09-01,194,TraderAgent,Lagos,2,-25.14875,5020.23291015625,497583.28125,Lagos,False,Onitsha,Onitsha,winning,False,1001.6,1.0,False
2026-09-01,195,TraderAgent,Lagos,0,5489.6708984375,5670.47265625,498993.875,Lagos,False,Onitsha,Onitsha,losing,False,1013.38,1.0,False
2026-09-01,196,TraderAgent,Lagos,3,20.0,5065.3818359375,485770.1875,Lagos,False,Onitsha,Onitsha,winning,False,951.52,1.0,False
2026-09-01,197,TraderAgent,Lagos,0,5489.6708984375,8250.91015625,445183.375,Lagos,False,Onitsha,Onitsha,winning,False,1013.38,2.0,False
2026-09-01,198,TraderAgent,Lagos,2,-25.14875,2821.413818359375,491546.25,Lagos,False,,Lagos,winning,False,1149.47,1.0,False
2026-09-01,199,TraderAgent,Lagos,1,163.24329388671472,5208.625,486447.1875,Onitsha,True,Onitsha,Onitsha,winning,False,1001.6,1.0,True
2026-09-01,200,TraderAgent,Lagos,0,5489.6708984375,5640.47265625,498285.8125,Lagos,False,Onitsha,Onitsha,losing,False,1013.38,1.0,False
2026-09-01,201,TraderAgent,Lagos,0,5489.6708984375,8250.91015625,499834.125,Lagos,False,Onitsha,Onitsha,winning,False,1013.38,2.0,False
2026-09-01,202,TraderAgent,Lagos,4,-10.0,-45.14875,502603.40625,Lagos,False,,,losing,False,1221.07,0.0,False
2026-09-01,203,TraderAgent,Lagos,4,-10.0,5035.3818359375,491695.71875,Lagos,False,Onitsha,Onitsha,winning,False,1001.6,1.0,False
2026-09-01,204,TraderAgent,Lagos,1,163.24329388671472,203.24329388671472,428041.53125,Onitsha,True,Onitsha,Onitsha,losing,False,1221.07,0.0,True
2026-09-01,205,TraderAgent,Lagos,0,5489.6708984375,8250.91015625,479183.75,Lagos,False,Onitsha,Onitsha,winning,False,1013.38,2.0,False
2026-09-01,206,TraderAgent,Lagos,3,20.0,5065.3818359375,489319.15625,Lagos,False,Onitsha,Onitsha,winning,False,951.52,1.0,False
2026-09-01,207,TraderAgent,Lagos,2,-25.14875,14.85125,429070.125,Lagos,False,,,losing,False,1221.07,0.0,False
2026-09-01,208,TraderAgent,Lagos,3,20.0,60.0,488379.90625,Lagos,False,,,losing,False,1160.02,0.0,False
2026-09-01,209,TraderAgent,Lagos,0,1955.323486328125,7000.705078125,499801.90625,Lagos,False,Onitsha,Lagos,winning,False,1001.6,2.0,False
2026-09-01,210,TraderAgent,Lagos,0,1955.323486328125,7000.705078125,498172.5625,Lagos,False,Onitsha,Lagos,winning,False,1001.6,2.0,False
2026-09-01,211,TraderAgent,Lagos,2,-25.14875,-60.2975,500979.875,Lagos,False,,,losing,False,1221.07,0.0,False
2026-09-01,212,TraderAgent,Lagos,4,-10.0,-45.14875,493675.375,Lagos,False,,,losing,False,1221.07,0.0,False
2026-09-01,213,BuyerAgent,Lagos,0,1436.551513671875,2935.91552734375,,,,,,,,,,
2026-09-01,214,BuyerAgent,Lagos,0,1436.551513671875,2935.91552734375,,,,,,,,,,
2026-09-01,215,BuyerAgent,Lagos,1,1377.640380859375,2877.00439453125,,,,,,,,,,
2026-09-01,216,BuyerAgent,Lagos,0,1377.640380859375,1377.640380859375,,,,,,,,,,
2026-09-01,217,BuyerAgent,Lagos,1,1377.640380859375,2588.06640625,,,,,,,,,,
2026-09-01,218,BuyerAgent,Lagos,2,0.0,1210.426025390625,,,,,,,,,,
2026-09-01,219,BuyerAgent,Lagos,1,1377.640380859375,2588.06640625,,,,,,,,,,
2026-09-01,220,BuyerAgent,Lagos,0,1377.640380859375,1377.640380859375,,,,,,,,,,
2026-09-01,221,BuyerAgent,Lagos,2,0.0,0.0,,,,,,,,,,
2026-09-01,222,BuyerAgent,Lagos,0,0.0,1210.426025390625,,,,,,,,,,
2026-09-01,223,BuyerAgent,Lagos,2,0.0,314.0625,,,,,,,,,,
2026-09-01,224,BuyerAgent,Lagos,0,0.0,0.0,,,,,,,,,,
2026-09-01,225,BuyerAgent,Lagos,0,0.0,0.0,,,,,,,,,,
2026-09-01,226,BuyerAgent,Lagos,1,0.0,0.0,,,,,,,,,,
2026-09-01,227,BuyerAgent,Lagos,1,0.0,0.0,,,,,,,,,,
2026-09-01,228,BuyerAgent,Lagos,1,0.0,0.0,,,,,,,,,,
2026-09-01,229,BuyerAgent,Lagos,0,0.0,0.0,,,,,,,,,,
2026-09-01,230,BuyerAgent,Lagos,1,0.0,0.0,,,,,,,,,,
2026-09-01,231,BuyerAgent,Lagos,0,0.0,0.0,,,,,,,,,,
2026-09-01,232,BuyerAgent,Lagos,2,0.0,0.0,,,,,,,,,,
2026-09-01,233,BuyerAgent,Lagos,0,0.0,0.0,,,,,,,,,,
2026-09-01,234,BuyerAgent,Lagos,0,0.0,0.0,,,,,,,,,,
2026-09-01,235,BuyerAgent,Lagos,2,0.0,0.0,,,,,,,,,,
2026-09-01,236,BuyerAgent,Lagos,0,0.0,0.0,,,,,,,,,,
2026-09-01,237,BuyerAgent,Lagos,1,0.0,0.0,,,,,,,,,,
2026-09-01,238,BuyerAgent,Lagos,2,0.0,0.0,,,,,,,,,,
2026-09-01,239,BuyerAgent,Lagos,1,0.0,0.0,,,,,,,,,,
2026-09-01,240,BuyerAgent,Lagos,2,0.0,0.0,,,,,,,,,,
2026-09-01,241,BuyerAgent,Lagos,1,0.0,0.0,,,,,,,,,,
2026-09-01,242,BuyerAgent,Lagos,2,0.0,0.0,,,,,,,,,,
2026-09-01,243,TransporterAgent,Lagos,3,50.0,-50.0,,,,,,,,,,
2026-09-01,244,TransporterAgent,Lagos,3,50.0,157.48775351113198,,,,,,,,,,
2026-09-01,245,TransporterAgent,Lagos,0,7.3407620447416235,-185.1714844441264,,,,,,,,,,
2026-09-01,246,TransporterAgent,Lagos,0,7.3407620447416235,-142.6592379552584,,,,,,,,,,
2026-09-01,247,TransporterAgent,Lagos,2,100.0,157.6495185244225,,,,,,,,,,
2026-09-01,248,TransporterAgent,Lagos,3,50.0,200.0,,,,,,,,,,
2026-09-01,249,TransporterAgent,Lagos,3,50.0,107.48775351113198,,,,,,,,,,
2026-09-01,250,TransporterAgent,Lagos,3,50.0,107.64951852442249,,,,,,,,,,
2026-09-01,251,TransporterAgent,Lagos,0,7.3407620447416235,157.3407620447416,,,,,,,,,,
2026-09-01,252,TransporterAgent,Lagos,0,7.3407620447416235,107.34076204474162,,,,,,,,,,
2026-09-01,253,BankingAgent,Lagos,0,-0.0,-8.849999999999998,,,,,,,,,,
2026-09-01,254,BankingAgent,Lagos,1,-2.9499999999999993,-8.849999999999998,,,,,,,,,,
2026-09-01,255,BankingAgent,Lagos,2,-1.4749999999999996,-11.799999999999997,,,,,,,,,,
2026-09-01,257,TraderAgent,Onitsha,2,-29.5,1942.354248046875,483344.71875,Onitsha,False,,Onitsha,winning,False,785.71,1.0,False
2026-09-01,258,TraderAgent,Onitsha,3,20.0,1949.3634033203125,490800.4375,Onitsha,False,,Onitsha,winning,False,735.23,1.0,False
2026-09-01,259,TraderAgent,Onitsha,4,-10.0,1904.214599609375,463683.09375,Onitsha,False,,Onitsha,winning,False,773.93,1.0,False
2026-09-01,260,TraderAgent,Onitsha,3,20.0,1979.3634033203125,460243.25,Onitsha,False,,Onitsha,winning,False,735.23,1.0,False
2026-09-01,261,TraderAgent,Onitsha,3,20.0,-28.2025,503462.125,Onitsha,False,,,losing,False,770.7,0.0,False
2026-09-01,262,TraderAgent,Onitsha,2,-29.5,-34.64875,468159.90625,Onitsha,False,,,losing,False,811.26,0.0,False
2026-09-01,263,TraderAgent,Onitsha,2,-29.5,-34.64875,452652.8125,Onitsha,False,,,losing,False,811.26,0.0,False
2026-09-01,264,TraderAgent,Onitsha,0,0.0,155.69003625784813,478400.03125,Onitsha,False,Port_Harcourt,Port_Harcourt,winning,False,856.33,1.0,False
2026-09-01,265,TraderAgent,Onitsha,0,0.0,97.48753625784813,486124.125,Onitsha,False,Port_Harcourt,Port_Harcourt,losing,False,856.33,1.0,False
2026-09-01,266,TraderAgent,Onitsha,3,20.0,2050.056640625,509192.25,Onitsha,False,,Onitsha,winning,False,746.43,1.0,False
2026-09-01,267,TraderAgent,Onitsha,0,2028.1610107421875,2023.01220703125,498045.625,Onitsha,False,,Onitsha,losing,False,811.26,1.0,False
2026-09-01,268,TraderAgent,Onitsha,4,-10.0,0.0,481406.96875,Onitsha,False,,,losing,False,811.26,0.0,False
2026-09-01,269,TraderAgent,Onitsha,1,136.36881828741633,146.36881828741633,465482.46875,Port_Harcourt,True,Port_Harcourt,Port_Harcourt,winning,False,811.26,0.0,True
2026-09-01,270,TraderAgent,Onitsha,2,-29.5,104.43079003875056,430066.125,Onitsha,False,Port_Harcourt,Port_Harcourt,losing,False,856.33,1.0,False
2026-09-01,271,TraderAgent,Onitsha,4,-10.0,1904.214599609375,495008.8125,Onitsha,False,,Onitsha,winning,False,773.93,1.0,False
2026-09-01,272,TraderAgent,Onitsha,0,0.0,97.48753625784813,469622.03125,Onitsha,False,Port_Harcourt,Port_Harcourt,losing,False,856.33,1.0,False
2026-09-01,273,TraderAgent,Onitsha,1,136.36881828741633,73.01756828741634,480048.0,Port_Harcourt,True,Port_Harcourt,Port_Harcourt,losing,False,811.26,0.0,True
2026-09-01,274,TraderAgent,Onitsha,0,0.0,125.69003625784813,466009.1875,Onitsha,False,Port_Harcourt,Port_Harcourt,winning,False,856.33,1.0,False
2026-09-01,275,TraderAgent,Onitsha,3,20.0,60.0,443564.4375,Onitsha,False,,,losing,False,770.7,0.0,False
2026-09-01,276,TraderAgent,Onitsha,4,-10.0,123.93079003875056,426281.3125,Onitsha,False,Port_Harcourt,Port_Harcourt,winning,False,856.33,1.0,False
2026-09-01,277,BuyerAgent,Onitsha,2,0.0,0.0,,,,,,,,,,
2026-09-01,278,BuyerAgent,Onitsha,1,225.3515625,664.1754150390625,,,,,,,,,,
2026-09-01,279,BuyerAgent,Onitsha,0,0.0006103515625,438.824462890625,,,,,,,,,,
2026-09-01,280,BuyerAgent,Onitsha,1,0.0006103515625,0.0006103515625,,,,,,,,,,
2026-09-01,281,BuyerAgent,Onitsha,2,0.0,0.0,,,,,,,,,,
2026-09-01,282,BuyerAgent,Onitsha,0,0.0006103515625,215.4852294921875,,,,,,,,,,
2026-09-01,283,BuyerAgent,Onitsha,0,0.0006103515625,215.4852294921875,,,,,,,,,,
2026-09-01,284,BuyerAgent,Onitsha,1,0.0,0.0,,,,,,,,,,
2026-09-01,285,BuyerAgent,Onitsha,2,0.0,0.0,,,,,,,,,,
2026-09-01,286,BuyerAgent,Onitsha,1,0.0,0.0,,,,,,,,,,
2026-09-01,287,BuyerAgent,Onitsha,1,0.0,0.0,,,,,,,,,,
2026-09-01,288,BuyerAgent,Onitsha,1,0.0,0.0,,,,,,,,,,
2026-09-01,289,BuyerAgent,Onitsha,1,0.0,0.0,,,,,,,,,,
2026-09-01,290,BuyerAgent,Onitsha,2,0.0,0.0,,,,,,,,,,
2026-09-01,291,BuyerAgent,Onitsha,0,0.0,0.0,,,,,,,,,,
2026-09-01,292,BuyerAgent,Onitsha,0,0.0,0.0,,,,,,,,,,
2026-09-01,293,BuyerAgent,Onitsha,2,0.0,0.0,,,,,,,,,,
2026-09-01,294,BuyerAgent,Onitsha,1,0.0,0.0,,,,,,,,,,
2026-09-01,295,BuyerAgent,Onitsha,1,0.0,0.0,,,,,,,,,,
2026-09-01,296,BuyerAgent,Onitsha,1,0.0,0.0,,,,,,,,,,
2026-09-01,297,BuyerAgent,Onitsha,0,0.0,0.0,,,,,,,,,,
2026-09-01,298,BuyerAgent,Onitsha,2,0.0,0.0,,,,,,,,,,
2026-09-01,299,BuyerAgent,Onitsha,0,0.0,0.0,,,,,,,,,,
2026-09-01,300,BuyerAgent,Onitsha,2,0.0,0.0,,,,,,,,,,
2026-09-01,301,BuyerAgent,Onitsha,2,0.0,0.0,,,,,,,,,,
2026-09-01,302,BuyerAgent,Onitsha,2,0.0,0.0,,,,,,,,,,
2026-09-01,303,BuyerAgent,Onitsha,2,0.0,0.0,,,,,,,,,,
2026-09-01,304,BuyerAgent,Onitsha,1,0.0,0.0,,,,,,,,,,
2026-09-01,305,BuyerAgent,Onitsha,0,0.0,0.0,,,,,,,,,,
2026-09-01,306,BuyerAgent,Onitsha,0,0.0,0.0,,,,,,,,,,
2026-09-01,307,TransporterAgent,Onitsha,2,100.0,0.0,,,,,,,,,,
2026-09-01,308,TransporterAgent,Onitsha,3,50.0,50.0,,,,,,,,,,
2026-09-01,309,TransporterAgent,Onitsha,3,50.0,100.0,,,,,,,,,,
2026-09-01,310,TransporterAgent,Onitsha,3,50.0,-350.0,,,,,,,,,,
2026-09-01,311,TransporterAgent,Onitsha,0,0.0,-100.0,,,,,,,,,,
2026-09-01,312,TransporterAgent,Onitsha,2,100.0,150.0,,,,,,,,,,
2026-09-01,313,TransporterAgent,Onitsha,1,-200.0,-50.0,,,,,,,,,,
2026-09-01,314,TransporterAgent,Onitsha,3,50.0,-350.0,,,,,,,,,,
2026-09-01,315,TransporterAgent,Onitsha,0,0.0,50.0,,,,,,,,,,
2026-09-01,316,TransporterAgent,Onitsha,3,50.0,-50.0,,,,,,,,,,
2026-09-01,317,BankingAgent,Onitsha,2,-1.4749999999999996,-2.9499999999999993,,,,,,,,,,
2026-09-01,318,BankingAgent,Onitsha,0,-0.0,-5.899999999999999,,,,,,,,,,
2026-09-01,319,BankingAgent,Onitsha,0,-0.0,-8.849999999999998,,,,,,,,,,
2026-09-01,321,TraderAgent,Port_Harcourt,1,135.69194715109046,3151.847900390625,532964.75,Onitsha,True,Onitsha,Onitsha,winning,False,1195.32,1.0,True
2026-09-01,322,TraderAgent,Port_Harcourt,0,5762.27734375,5887.62109375,569013.75,Port_Harcourt,False,Onitsha,Onitsha,losing,False,1030.97,1.0,False
2026-09-01,323,TraderAgent,Port_Harcourt,2,-25.14875,-43.35125,539511.75,Port_Harcourt,False,,,losing,False,1252.73,0.0,False
2026-09-01,324,TraderAgent,Port_Harcourt,1,135.69194715109046,5976.77734375,514903.5625,Onitsha,True,Onitsha,Onitsha,winning,False,1019.19,1.0,True
2026-09-01,325,TraderAgent,Port_Harcourt,3,20.0,1.7974999999999994,546220.9375,Port_Harcourt,False,,,losing,False,1190.1,0.0,False
2026-09-01,326,TraderAgent,Port_Harcourt,4,-10.0,-86.405,547507.5625,Port_Harcourt,False,,,losing,False,1252.73,0.0,False
2026-09-01,327,TraderAgent,Port_Harcourt,1,135.69194715109046,87.48944715109046,528853.8125,Onitsha,True,Onitsha,Onitsha,losing,False,1252.73,0.0,True
2026-09-01,328,TraderAgent,Port_Harcourt,0,5762.27734375,5887.62109375,563964.4375,Port_Harcourt,False,Onitsha,Onitsha,losing,False,1030.97,1.0,False
2026-09-01,329,TraderAgent,Port_Harcourt,0,5762.27734375,5859.41845703125,540555.25,Port_Harcourt,False,Onitsha,Onitsha,losing,False,1030.97,1.0,False
2026-09-01,330,TraderAgent,Port_Harcourt,1,135.69194715109046,175.69194715109046,551141.875,Onitsha,True,Onitsha,Onitsha,losing,False,1252.73,0.0,True
2026-09-01,331,TraderAgent,Port_Harcourt,0,3131.832275390625,3113.6298828125,545629.25,Port_Harcourt,False,,Port_Harcourt,losing,False,1252.73,1.0,False
2026-09-01,332,TraderAgent,Port_Harcourt,1,135.69194715109046,115.69194715109046,483685.1875,Onitsha,True,Onitsha,Onitsha,losing,False,1252.73,0.0,True
2026-09-01,333,TraderAgent,Port_Harcourt,3,20.0,-56.405,536017.8125,Port_Harcourt,False,,,losing,False,1190.1,0.0,False
2026-09-01,334,TraderAgent,Port_Harcourt,4,-10.0,3043.99462890625,556475.5625,Port_Harcourt,False,,Port_Harcourt,winning,False,1206.63,1.0,False
2026-09-01,335,TraderAgent,Port_Harcourt,0,5762.27734375,5887.62109375,529212.3125,Port_Harcourt,False,Onitsha,Onitsha,losing,False,1030.97,1.0,False
2026-09-01,336,TraderAgent,Port_Harcourt,0,2844.779052734375,5860.93505859375,561214.625,Port_Harcourt,False,,Port_Harcourt,winning,False,1195.32,2.0,False
2026-09-01,337,TraderAgent,Port_Harcourt,1,135.69194715109046,5976.77734375,541599.25,Onitsha,True,Onitsha,Onitsha,winning,False,1019.19,1.0,True
2026-09-01,338,TraderAgent,Port_Harcourt,3,20.0,5861.08544921875,507859.59375,Port_Harcourt,False,Onitsha,Onitsha,winning,False,968.23,1.0,False
2026-09-01,339,TraderAgent,Port_Harcourt,0,2901.309814453125,5985.3046875,546866.125,Port_Harcourt,False,,Port_Harcourt,winning,False,1206.63,2.0,False
2026-09-01,340,TraderAgent,Port_Harcourt,0,3131.832275390625,3113.6298828125,542894.1875,Port_Harcourt,False,,Port_Harcourt,losing,False,1252.73,1.0,False
2026-09-01,341,BuyerAgent,Port_Harcourt,0,1456.78466796875,1456.78466796875,,,,,,,,,,
2026-09-01,342,BuyerAgent,Port_Harcourt,2,0.0,332.906494140625,,,,,,,,,,
2026-09-01,343,BuyerAgent,Port_Harcourt,1,1456.78466796875,2904.642333984375,,,,,,,,,,
2026-09-01,344,BuyerAgent,Port_Harcourt,2,0.0,332.906494140625,,,,,,,,,,
2026-09-01,345,BuyerAgent,Port_Harcourt,1,1456.78466796875,2904.642333984375,,,,,,,,,,
2026-09-01,346,BuyerAgent,Port_Harcourt,2,0.0,0.0,,,,,,,,,,
2026-09-01,347,BuyerAgent,Port_Harcourt,2,0.0,1447.857666015625,,,,,,,,,,
2026-09-01,348,BuyerAgent,Port_Harcourt,2,0.0,340.443115234375,,,,,,,,,,
2026-09-01,349,BuyerAgent,Port_Harcourt,1,1456.78466796875,1797.227783203125,,,,,,,,,,
2026-09-01,350,BuyerAgent,Port_Harcourt,0,635.0341796875,635.0341796875,,,,,,,,,,
2026-09-01,351,BuyerAgent,Port_Harcourt,0,578.50341796875,578.50341796875,,,,,,,,,,
2026-09-01,352,BuyerAgent,Port_Harcourt,1,347.98095703125,347.98095703125,,,,,,,,,,
2026-09-01,353,BuyerAgent,Port_Harcourt,0,347.98095703125,347.98095703125,,,,,,,,,,
2026-09-01,354,BuyerAgent,Port_Harcourt,2,0.0,0.0,,,,,,,,,,
2026-09-01,355,BuyerAgent,Port_Harcourt,0,0.0,0.0,,,,,,,,,,
2026-09-01,356,BuyerAgent,Port_Harcourt,0,0.0,0.0,,,,,,,,,,
2026-09-01,357,BuyerAgent,Port_Harcourt,1,0.0,0.0,,,,,,,,,,
2026-09-01,358,BuyerAgent,Port_Harcourt,2,0.0,0.0,,,,,,,,,,
2026-09-01,359,BuyerAgent,Port_Harcourt,1,0.0,0.0,,,,,,,,,,
2026-09-01,360,BuyerAgent,Port_Harcourt,0,0.0,0.0,,,,,,,,,,
2026-09-01,361,BuyerAgent,Port_Harcourt,2,0.0,0.0,,,,,,,,,,
2026-09-01,362,BuyerAgent,Port_Harcourt,1,0.0,0.0,,,,,,,,,,
2026-09-01,363,BuyerAgent,Port_Harcourt,1,0.0,0.0,,,,,,,,,,
2026-09-01,364,BuyerAgent,Port_Harcourt,0,0.0,0.0,,,,,,,,,,
2026-09-01,365,BuyerAgent,Port_Harcourt,0,0.0,0.0,,,,,,,,,,
2026-09-01,366,BuyerAgent,Port_Harcourt,0,0.0,0.0,,,,,,,,,,
2026-09-01,367,BuyerAgent,Port_Harcourt,0,0.0,0.0,,,,,,,,,,
2026-09-01,368,BuyerAgent,Port_Harcourt,2,0.0,0.0,,,,,,,,,,
2026-09-01,369,BuyerAgent,Port_Harcourt,2,0.0,0.0,,,,,,,,,,
2026-09-01,370,BuyerAgent,Port_Harcourt,1,0.0,0.0,,,,,,,,,,
2026-09-01,371,TransporterAgent,Port_Harcourt,1,-200.0,-100.0,,,,,,,,,,
2026-09-01,372,TransporterAgent,Port_Harcourt,0,0.0,50.0,,,,,,,,,,
2026-09-01,373,TransporterAgent,Port_Harcourt,0,0.0,100.0,,,,,,,,,,
2026-09-01,374,TransporterAgent,Port_Harcourt,3,50.0,50.0,,,,,,,,,,
2026-09-01,375,TransporterAgent,Port_Harcourt,2,100.0,200.0,,,,,,,,,,
2026-09-01,376,TransporterAgent,Port_Harcourt,0,0.0,150.0,,,,,,,,,,
2026-09-01,377,TransporterAgent,Port_Harcourt,0,0.0,-200.0,,,,,,,,,,
2026-09-01,378,TransporterAgent,Port_Harcourt,0,0.0,-100.0,,,,,,,,,,
2026-09-01,379,TransporterAgent,Port_Harcourt,1,-200.0,-350.0,,,,,,,,,,
2026-09-01,380,TransporterAgent,Port_Harcourt,0,0.0,0.0,,,,,,,,,,
2026-09-01,381,BankingAgent,Port_Harcourt,0,-0.0,0.0,,,,,,,,,,
2026-09-01,382,BankingAgent,Port_Harcourt,1,-2.9499999999999993,-11.799999999999997,,,,,,,,,,
2026-09-01,383,BankingAgent,Port_Harcourt,2,-1.4749999999999996,-14.749999999999996,,,,,,,,,,
2026-10-01,1,TraderAgent,Abuja,4,-10.0,873.8731689453125,477106.90625,Abuja,False,Onitsha,Abuja,winning,False,262.5,2.0,False
2026-10-01,2,TraderAgent,Abuja,3,20.0,170.9607491339744,418543.15625,Abuja,False,Onitsha,Onitsha,winning,False,270.75,1.0,False
2026-10-01,3,TraderAgent,Abuja,3,20.0,20.0,476217.625,Abuja,False,,,losing,False,256.5,0.0,False
2026-10-01,4,TraderAgent,Abuja,0,0.0,887.106201171875,451042.5625,Abuja,False,Onitsha,Onitsha,winning,False,285.0,2.0,False
2026-10-01,5,TraderAgent,Abuja,3,20.0,675.0,482628.0,Abuja,False,,Abuja,winning,False,249.38,1.0,False
2026-10-01,6,TraderAgent,Abuja,0,675.0,625.5,468245.375,Abuja,False,,Abuja,losing,False,270.0,1.0,False
2026-10-01,7,TraderAgent,Abuja,0,0.0,138.28109674466393,388668.6875,Abuja,False,Onitsha,Onitsha,winning,False,285.0,1.0,False
2026-10-01,8,TraderAgent,Abuja,4,-10.0,4.85125,465577.09375,Abuja,False,,,losing,False,270.0,0.0,False
2026-10-01,9,TraderAgent,Abuja,4,-10.0,140.9607491339744,405810.59375,Abuja,False,Onitsha,Onitsha,winning,False,285.0,1.0,False
2026-10-01,10,TraderAgent,Abuja,0,0.0,262.15428461570735,419499.46875,Abuja,False,Onitsha,Onitsha,winning,False,285.0,2.0,False
2026-10-01,11,TraderAgent,Abuja,1,126.04121261609988,91.39246261609989,465946.28125,Onitsha,True,Onitsha,Onitsha,winning,False,270.0,0.0,True
2026-10-01,12,TraderAgent,Abuja,1,126.04121261609988,1025.8270263671875,436301.875,Onitsha,True,Onitsha,Onitsha,winning,False,285.0,2.0,True
2026-10-01,13,TraderAgent,Abuja,0,0.0,168.28109674466393,481730.84375,Abuja,False,Onitsha,Onitsha,winning,False,285.0,1.0,False
2026-10-01,14,TraderAgent,Abuja,2,-29.5,1303.0,484575.59375,Abuja,False,,Abuja,winning,False,262.5,2.0,False
2026-10-01,15,TraderAgent,Abuja,2,-29.5,655.5,478438.5625,Abuja,False,,Abuja,winning,False,262.5,1.0,False
2026-10-01,16,TraderAgent,Abuja,4,-10.0,-59.5,392654.59375,Abuja,False,,,losing,False,270.0,0.0,False
2026-10-01,17,TraderAgent,Abuja,0,715.6875610351562,1464.5126953125,445636.375,Abuja,False,,Abuja,winning,False,278.14,2.0,False
2026-10-01,18,TraderAgent,Abuja,4,-10.0,1494.5126953125,481216.71875,Abuja,False,,Abuja,winning,False,262.5,2.0,False
2026-10-01,19,TraderAgent,Abuja,3,20.0,140.9607491339744,455295.90625,Abuja,False,Onitsha,Onitsha,winning,False,270.75,1.0,False
2026-10-01,20,TraderAgent,Abuja,2,-29.5,-29.5,489727.75,Abuja,False,,,losing,False,270.0,0.0,False
2026-10-01,21,BuyerAgent,Abuja,1,75.0,262.5,,,,,,,,,,
2026-10-01,22,BuyerAgent,Abuja,0,34.31243896484375,119.737548828125,,,,,,,,,,
2026-10-01,23,BuyerAgent,Abuja,1,0.0,75.0,,,,,,,,,,
2026-10-01,24,BuyerAgent,Abuja,1,0.0,34.31243896484375,,,,,,,,,,
2026-10-01,25,BuyerAgent,Abuja,0,0.0,75.0,,,,,,,,,,
2026-10-01,26,BuyerAgent,Abuja,1,0.0,0.0,,,,,,,,,,
2026-10-01,27,BuyerAgent,Abuja,2,0.0,0.0,,,,,,,,,,
2026-10-01,28,BuyerAgent,Abuja,2,0.0,85.42510986328125,,,,,,,,,,
2026-10-01,29,BuyerAgent,Abuja,0,0.0,85.42510986328125,,,,,,,,,,
2026-10-01,30,BuyerAgent,Abuja,0,0.0,85.42510986328125,,,,,,,,,,
2026-10-01,31,BuyerAgent,Abuja,1,0.0,0.0,,,,,,,,,,
2026-10-01,32,BuyerAgent,Abuja,2,0.0,0.0,,,,,,,,,,
2026-10-01,33,BuyerAgent,Abuja,1,0.0,0.0,,,,,,,,,,
2026-10-01,34,BuyerAgent,Abuja,1,0.0,0.0,,,,,,,,,,
2026-10-01,35,BuyerAgent,Abuja,0,0.0,0.0,,,,,,,,,,
2026-10-01,36,BuyerAgent,Abuja,0,0.0,0.0,,,,,,,,,,
2026-10-01,37,BuyerAgent,Abuja,1,0.0,0.0,,,,,,,,,,
2026-10-01,38,BuyerAgent,Abuja,1,0.0,0.0,,,,,,,,,,
2026-10-01,39,BuyerAgent,Abuja,2,0.0,0.0,,,,,,,,,,
2026-10-01,40,BuyerAgent,Abuja,0,0.0,0.0,,,,,,,,,,
2026-10-01,41,BuyerAgent,Abuja,2,0.0,0.0,,,,,,,,,,
2026-10-01,42,BuyerAgent,Abuja,1,0.0,0.0,,,,,,,,,,
2026-10-01,43,BuyerAgent,Abuja,2,0.0,0.0,,,,,,,,,,
2026-10-01,44,BuyerAgent,Abuja,0,0.0,0.0,,,,,,,,,,
2026-10-01,45,BuyerAgent,Abuja,0,0.0,0.0,,,,,,,,,,
2026-10-01,46,BuyerAgent,Abuja,0,0.0,0.0,,,,,,,,,,
2026-10-01,47,BuyerAgent,Abuja,2,0.0,0.0,,,,,,,,,,
2026-10-01,48,BuyerAgent,Abuja,0,0.0,0.0,,,,,,,,,,
2026-10-01,49,BuyerAgent,Abuja,2,0.0,0.0,,,,,,,,,,
2026-10-01,50,BuyerAgent,Abuja,2,0.0,0.0,,,,,,,,,,
2026-10-01,51,TransporterAgent,Abuja,2,100.0,205.1911849696421,,,,,,,,,,
2026-10-01,52,TransporterAgent,Abuja,3,50.0,50.0,,,,,,,,,,
2026-10-01,53,TransporterAgent,Abuja,3,50.0,50.0,,,,,,,,,,
2026-10-01,54,TransporterAgent,Abuja,2,100.0,305.3975563991093,,,,,,,,,,
2026-10-01,55,TransporterAgent,Abuja,1,-200.0,-184.29151645064496,,,,,,,,,,
2026-10-01,56,TransporterAgent,Abuja,0,4.955161520332304,-139.8536535100256,,,,,,,,,,
2026-10-01,57,TransporterAgent,Abuja,2,100.0,-250.0,,,,,,,,,,
2026-10-01,58,TransporterAgent,Abuja,3,50.0,255.11974218060362,,,,,,,,,,
2026-10-01,59,TransporterAgent,Abuja,1,-200.0,-294.8802578193964,,,,,,,,,,
2026-10-01,60,TransporterAgent,Abuja,3,50.0,155.1911849696421,,,,,,,,,,
2026-10-01,61,BankingAgent,Abuja,0,-0.0,-5.899999999999999,,,,,,,,,,
2026-10-01,62,BankingAgent,Abuja,2,-1.4749999999999996,-5.899999999999999,,,,,,,,,,
2026-10-01,63,BankingAgent,Abuja,0,-0.0,-2.9499999999999993,,,,,,,,,,
2026-10-01,65,TraderAgent,Bauchi,3,20.0,174.3859286848476,478896.875,Bauchi,False,Onitsha,Onitsha,winning,False,321.08,1.0,False
2026-10-01,66,TraderAgent,Bauchi,3,20.0,174.3859286848476,312098.96875,Bauchi,False,Onitsha,Onitsha,winning,False,321.08,1.0,False
2026-10-01,67,TraderAgent,Bauchi,2,-38.2025,-124.6075,485892.40625,Bauchi,False,,,losing,False,320.19,0.0,False
2026-10-01,68,TraderAgent,Bauchi,0,0.0,791.6346435546875,279579.90625,Bauchi,False,Onitsha,Onitsha,winning,False,337.98,2.0,False
2026-10-01,69,TraderAgent,Bauchi,3,20.0,144.3859286848476,237524.0625,Bauchi,False,Onitsha,Onitsha,winning,False,321.08,1.0,False
2026-10-01,70,TraderAgent,Bauchi,2,-38.2025,652.4509887695312,438362.625,Bauchi,False,Onitsha,Onitsha,winning,False,337.98,2.0,False
2026-10-01,71,TraderAgent,Bauchi,2,-38.2025,86.18342868484761,370223.4375,Bauchi,False,Onitsha,Onitsha,winning,False,337.98,1.0,False
2026-10-01,72,TraderAgent,Bauchi,1,133.82142662083018,238.7073553056778,296701.3125,Onitsha,True,Onitsha,Onitsha,winning,False,337.98,1.0,True
2026-10-01,73,TraderAgent,Bauchi,0,688.1735229492188,1622.196044921875,484333.1875,Bauchi,False,Onitsha,Bauchi,winning,False,297.73,3.0,False
2026-10-01,74,TraderAgent,Bauchi,1,133.82142662083018,77.41642662083018,253077.953125,Onitsha,True,Onitsha,Onitsha,winning,False,320.19,0.0,True
2026-10-01,75,TraderAgent,Bauchi,0,620.3359985351562,1190.30615234375,517137.1875,Bauchi,False,,Bauchi,winning,False,284.16,2.0,False
2026-10-01,76,TraderAgent,Bauchi,2,-38.2025,-124.6075,446403.53125,Bauchi,False,,,losing,False,320.19,0.0,False
2026-10-01,77,TraderAgent,Bauchi,0,889.4247436523438,1013.8106689453125,396656.46875,Bauchi,False,Onitsha,Bauchi,winning,False,337.98,2.0,False
2026-10-01,78,TraderAgent,Bauchi,2,-38.2025,671.3749389648438,500588.4375,Bauchi,False,,Bauchi,winning,False,297.73,1.0,False
2026-10-01,79,TraderAgent,Bauchi,0,800.482177734375,800.482177734375,485043.09375,Bauchi,False,,Bauchi,losing,False,320.19,1.0,False
2026-10-01,80,TraderAgent,Bauchi,1,133.82142662083018,843.3988647460938,501587.46875,Onitsha,True,Onitsha,Onitsha,winning,False,297.73,1.0,True
2026-10-01,81,TraderAgent,Bauchi,1,133.82142662083018,671.886474609375,312390.3125,Onitsha,True,Onitsha,Onitsha,winning,False,270.6,1.0,True
2026-10-01,82,TraderAgent,Bauchi,2,-38.2025,1072.4739990234375,446010.46875,Bauchi,False,,Bauchi,winning,False,284.16,2.0,False
2026-10-01,83,TraderAgent,Bauchi,3,20.0,-10.0,515997.03125,Bauchi,False,,,losing,False,304.18,0.0,False
2026-10-01,84,TraderAgent,Bauchi,2,-38.2025,499.862548828125,402911.15625,Bauchi,False,,Bauchi,winning,False,270.6,1.0,False
2026-10-01,85,BuyerAgent,Bauchi,1,269.0887451171875,523.1024169921875,,,,,,,,,,
2026-10-01,86,BuyerAgent,Bauchi,1,201.251220703125,413.8084411621094,,,,,,,,,,
2026-10-01,87,BuyerAgent,Bauchi,0,88.94256591796875,221.60232543945312,,,,,,,,,,
2026-10-01,88,BuyerAgent,Bauchi,2,0.0,61.807403564453125,,,,,,,,,,
2026-10-01,89,BuyerAgent,Bauchi,1,0.0,0.0,,,,,,,,,,
2026-10-01,90,BuyerAgent,Bauchi,0,0.0,61.807403564453125,,,,,,,,,,
2026-10-01,91,BuyerAgent,Bauchi,1,0.0,0.0,,,,,,,,,,
2026-10-01,92,BuyerAgent,Bauchi,1,0.0,0.0,,,,,,,,,,
2026-10-01,93,BuyerAgent,Bauchi,2,0.0,0.0,,,,,,,,,,
2026-10-01,94,BuyerAgent,Bauchi,1,0.0,0.0,,,,,,,,,,
2026-10-01,95,BuyerAgent,Bauchi,1,0.0,0.0,,,,,,,,,,
2026-10-01,96,BuyerAgent,Bauchi,1,0.0,0.0,,,,,,,,,,
2026-10-01,97,BuyerAgent,Bauchi,1,0.0,0.0,,,,,,,,,,
2026-10-01,98,BuyerAgent,Bauchi,2,0.0,0.0,,,,,,,,,,
2026-10-01,99,BuyerAgent,Bauchi,1,0.0,0.0,,,,,,,,,,
2026-10-01,100,BuyerAgent,Bauchi,0,0.0,0.0,,,,,,,,,,
2026-10-01,101,BuyerAgent,Bauchi,1,0.0,0.0,,,,,,,,,,
2026-10-01,102,BuyerAgent,Bauchi,0,0.0,0.0,,,,,,,,,,
2026-10-01,103,BuyerAgent,Bauchi,0,0.0,0.0,,,,,,,,,,
2026-10-01,104,BuyerAgent,Bauchi,1,0.0,0.0,,,,,,,,,,
2026-10-01,105,BuyerAgent,Bauchi,1,0.0,0.0,,,,,,,,,,
2026-10-01,106,BuyerAgent,Bauchi,2,0.0,0.0,,,,,,,,,,
2026-10-01,107,BuyerAgent,Bauchi,2,0.0,0.0,,,,,,,,,,
2026-10-01,108,BuyerAgent,Bauchi,2,0.0,0.0,,,,,,,,,,
2026-10-01,109,BuyerAgent,Bauchi,1,0.0,0.0,,,,,,,,,,
2026-10-01,110,BuyerAgent,Bauchi,2,0.0,0.0,,,,,,,,,,
2026-10-01,111,BuyerAgent,Bauchi,1,0.0,0.0,,,,,,,,,,
2026-10-01,112,BuyerAgent,Bauchi,2,0.0,0.0,,,,,,,,,,
2026-10-01,113,BuyerAgent,Bauchi,1,0.0,0.0,,,,,,,,,,
2026-10-01,114,BuyerAgent,Bauchi,2,0.0,0.0,,,,,,,,,,
2026-10-01,115,TransporterAgent,Bauchi,2,100.0,150.0,,,,,,,,,,
2026-10-01,116,TransporterAgent,Bauchi,2,100.0,300.0,,,,,,,,,,
2026-10-01,117,TransporterAgent,Bauchi,2,100.0,350.0,,,,,,,,,,
2026-10-01,118,TransporterAgent,Bauchi,2,100.0,-200.0,,,,,,,,,,
2026-10-01,119,TransporterAgent,Bauchi,2,100.0,0.0,,,,,,,,,,
2026-10-01,120,TransporterAgent,Bauchi,0,0.0,150.0,,,,,,,,,,
2026-10-01,121,TransporterAgent,Bauchi,1,-200.0,-100.0,,,,,,,,,,
2026-10-01,122,TransporterAgent,Bauchi,2,100.0,-500.0,,,,,,,,,,
2026-10-01,123,TransporterAgent,Bauchi,0,0.0,-50.0,,,,,,,,,,
2026-10-01,124,TransporterAgent,Bauchi,3,50.0,-150.0,,,,,,,,,,
2026-10-01,125,BankingAgent,Bauchi,0,-0.0,-8.849999999999998,,,,,,,,,,
2026-10-01,126,BankingAgent,Bauchi,1,-2.9499999999999993,-11.799999999999997,,,,,,,,,,
2026-10-01,127,BankingAgent,Bauchi,1,-2.9499999999999993,-17.699999999999996,,,,,,,,,,
2026-10-01,129,TraderAgent,Kano,0,0.0,1540.115234375,419197.53125,Kano,False,Onitsha,Onitsha,winning,False,420.09,3.0,False
2026-10-01,130,TraderAgent,Kano,0,994.9502563476562,994.9502563476562,451596.71875,Kano,False,,Kano,losing,False,397.98,1.0,False
2026-10-01,131,TraderAgent,Kano,2,-25.14875,60.27471162283499,412789.75,Kano,False,Onitsha,Onitsha,losing,False,420.09,1.0,False
2026-10-01,132,TraderAgent,Kano,0,994.9502563476562,1024.9501953125,464325.25,Kano,False,,Kano,losing,False,397.98,1.0,False
2026-10-01,133,TraderAgent,Kano,0,994.9502563476562,966.7477416992188,406923.90625,Kano,False,,Kano,losing,False,397.98,1.0,False
2026-10-01,134,TraderAgent,Kano,2,-25.14875,1105.5213623046875,381096.84375,Kano,False,Onitsha,Kano,winning,False,371.85,2.0,False
2026-10-01,135,TraderAgent,Kano,1,123.01547202280841,970.241455078125,410699.125,Onitsha,True,Onitsha,Onitsha,winning,False,420.09,2.0,True
2026-10-01,136,TraderAgent,Kano,4,-10.0,-38.2025,463139.53125,Kano,False,,,losing,False,397.98,0.0,False
2026-10-01,137,TraderAgent,Kano,4,-10.0,1437.0997314453125,429405.1875,Kano,False,,Kano,winning,False,371.85,2.0,False
2026-10-01,138,TraderAgent,Kano,4,-10.0,75.42346162283499,435027.40625,Kano,False,Onitsha,Onitsha,losing,False,420.09,1.0,False
2026-10-01,139,TraderAgent,Kano,0,0.0,133.06523782619405,435346.375,Kano,False,Onitsha,Onitsha,winning,False,420.09,1.0,False
2026-10-01,140,TraderAgent,Kano,3,20.0,163.625961622835,432211.1875,Kano,False,Onitsha,Onitsha,winning,False,399.09,1.0,False
2026-10-01,141,TraderAgent,Kano,0,788.9248657226562,2225.974853515625,466601.5625,Kano,False,,Kano,winning,False,356.77,3.0,False
2026-10-01,142,TraderAgent,Kano,0,0.0,163.06523782619405,462383.09375,Kano,False,Onitsha,Onitsha,winning,False,420.09,1.0,False
2026-10-01,143,TraderAgent,Kano,4,-10.0,-66.405,465826.375,Kano,False,,,losing,False,397.98,0.0,False
2026-10-01,144,TraderAgent,Kano,1,123.01547202280841,266.6414336456434,394193.40625,Onitsha,True,Onitsha,Onitsha,winning,False,420.09,1.0,True
2026-10-01,145,TraderAgent,Kano,0,1105.500244140625,1221.17041015625,392614.71875,Kano,False,Onitsha,Kano,winning,False,420.09,2.0,False
2026-10-01,146,TraderAgent,Kano,1,123.01547202280841,2318.940185546875,412535.90625,Onitsha,True,Onitsha,Onitsha,winning,False,371.85,3.0,True
2026-10-01,147,TraderAgent,Kano,3,20.0,867.2259521484375,393379.4375,Kano,False,Onitsha,Onitsha,winning,False,399.09,2.0,False
2026-10-01,148,TraderAgent,Kano,3,20.0,133.625961622835,453650.875,Kano,False,Onitsha,Onitsha,winning,False,399.09,1.0,False
2026-10-01,149,BuyerAgent,Kano,0,316.5753173828125,829.1253662109375,,,,,,,,,,
2026-10-01,150,BuyerAgent,Kano,1,110.5499267578125,401.99981689453125,,,,,,,,,,
2026-10-01,151,BuyerAgent,Kano,1,110.5499267578125,628.125,,,,,,,,,,
2026-10-01,152,BuyerAgent,Kano,1,110.5499267578125,190.95001220703125,,,,,,,,,,
2026-10-01,153,BuyerAgent,Kano,2,0.0,80.40008544921875,,,,,,,,,,
2026-10-01,154,BuyerAgent,Kano,2,0.0,80.40008544921875,,,,,,,,,,
2026-10-01,155,BuyerAgent,Kano,1,0.0,0.0,,,,,,,,,,
2026-10-01,156,BuyerAgent,Kano,0,0.0,0.0,,,,,,,,,,
2026-10-01,157,BuyerAgent,Kano,0,0.0,80.40008544921875,,,,,,,,,,
2026-10-01,158,BuyerAgent,Kano,1,0.0,0.0,,,,,,,,,,
2026-10-01,159,BuyerAgent,Kano,2,0.0,0.0,,,,,,,,,,
2026-10-01,160,BuyerAgent,Kano,0,0.0,0.0,,,,,,,,,,
2026-10-01,161,BuyerAgent,Kano,0,0.0,0.0,,,,,,,,,,
2026-10-01,162,BuyerAgent,Kano,1,0.0,0.0,,,,,,,,,,
2026-10-01,163,BuyerAgent,Kano,0,0.0,0.0,,,,,,,,,,
2026-10-01,164,BuyerAgent,Kano,1,0.0,0.0,,,,,,,,,,
2026-10-01,165,BuyerAgent,Kano,1,0.0,0.0,,,,,,,,,,
2026-10-01,166,BuyerAgent,Kano,0,0.0,0.0,,,,,,,,,,
2026-10-01,167,BuyerAgent,Kano,0,0.0,0.0,,,,,,,,,,
2026-10-01,168,BuyerAgent,Kano,2,0.0,0.0,,,,,,,,,,
2026-10-01,169,BuyerAgent,Kano,0,0.0,0.0,,,,,,,,,,
2026-10-01,170,BuyerAgent,Kano,2,0.0,0.0,,,,,,,,,,
2026-10-01,171,BuyerAgent,Kano,2,0.0,0.0,,,,,,,,,,
2026-10-01,172,BuyerAgent,Kano,1,0.0,0.0,,,,,,,,,,
2026-10-01,173,BuyerAgent,Kano,2,0.0,0.0,,,,,,,,,,
2026-10-01,174,BuyerAgent,Kano,1,0.0,0.0,,,,,,,,,,
2026-10-01,175,BuyerAgent,Kano,2,0.0,0.0,,,,,,,,,,
2026-10-01,176,BuyerAgent,Kano,0,0.0,0.0,,,,,,,,,,
2026-10-01,177,BuyerAgent,Kano,2,0.0,0.0,,,,,,,,,,
2026-10-01,178,BuyerAgent,Kano,0,0.0,0.0,,,,,,,,,,
2026-10-01,179,TransporterAgent,Kano,2,100.0,300.0,,,,,,,,,,
2026-10-01,180,TransporterAgent,Kano,0,0.0,300.0,,,,,,,,,,
2026-10-01,181,TransporterAgent,Kano,3,50.0,150.0,,,,,,,,,,
2026-10-01,182,TransporterAgent,Kano,3,50.0,-300.0,,,,,,,,,,
2026-10-01,183,TransporterAgent,Kano,2,100.0,150.0,,,,,,,,,,
2026-10-01,184,TransporterAgent,Kano,3,50.0,200.0,,,,,,,,,,
2026-10-01,185,TransporterAgent,Kano,3,50.0,-300.0,,,,,,,,,,
2026-10-01,186,TransporterAgent,Kano,3,50.0,-300.0,,,,,,,,,,
2026-10-01,187,TransporterAgent,Kano,0,0.0,100.0,,,,,,,,,,
2026-10-01,188,TransporterAgent,Kano,1,-200.0,-300.0,,,,,,,,,,
2026-10-01,189,BankingAgent,Kano,2,-1.4749999999999996,-11.799999999999997,,,,,,,,,,
2026-10-01,190,BankingAgent,Kano,0,-0.0,0.0,,,,,,,,,,
2026-10-01,191,BankingAgent,Kano,2,-1.4749999999999996,-20.65,,,,,,,,,,
2026-10-01,193,TraderAgent,Lagos,0,3278.812255859375,3233.66357421875,506463.90625,Lagos,False,,Lagos,losing,False,1311.52,1.0,False
2026-10-01,194,TraderAgent,Lagos,1,165.52486405241206,5185.7578125,484174.375,Onitsha,True,Onitsha,Onitsha,winning,False,1051.85,1.0,True
2026-10-01,195,TraderAgent,Lagos,2,-38.2025,5632.27001953125,498955.6875,Lagos,False,Onitsha,Onitsha,winning,False,1063.63,1.0,False
2026-10-01,196,TraderAgent,Lagos,3,20.0,5085.3818359375,485770.1875,Lagos,False,Onitsha,Onitsha,winning,False,999.26,1.0,False
2026-10-01,197,TraderAgent,Lagos,2,-38.2025,8212.7080078125,445145.1875,Lagos,False,Onitsha,Onitsha,winning,False,1063.63,2.0,False
2026-10-01,198,TraderAgent,Lagos,3,20.0,2841.413818359375,491546.25,Lagos,False,,Lagos,winning,False,1139.73,1.0,False
2026-10-01,199,TraderAgent,Lagos,0,6223.28369140625,11431.908203125,499431.03125,Lagos,False,Onitsha,Onitsha,winning,False,1066.65,2.0,False
2026-10-01,200,TraderAgent,Lagos,3,20.0,5660.47265625,498285.8125,Lagos,False,Onitsha,Onitsha,winning,False,1010.45,1.0,False
2026-10-01,201,TraderAgent,Lagos,1,165.52486405241206,8416.4345703125,486425.1875,Onitsha,True,Onitsha,Onitsha,winning,False,1063.63,2.0,True
2026-10-01,202,TraderAgent,Lagos,3,20.0,-25.14875,502603.40625,Lagos,False,,,losing,False,1245.95,0.0,False
2026-10-01,203,TraderAgent,Lagos,4,-10.0,5025.3818359375,491695.71875,Lagos,False,Onitsha,Onitsha,winning,False,1051.85,1.0,False
2026-10-01,204,TraderAgent,Lagos,0,6223.28369140625,6426.52685546875,441025.3125,Lagos,False,Onitsha,Onitsha,losing,False,1066.65,1.0,False
2026-10-01,205,TraderAgent,Lagos,1,165.52486405241206,8416.4345703125,465774.84375,Onitsha,True,Onitsha,Onitsha,winning,False,1063.63,2.0,True
2026-10-01,206,TraderAgent,Lagos,1,165.52486405241206,5230.90673828125,475910.25,Onitsha,True,Onitsha,Onitsha,winning,False,1051.85,1.0,True
2026-10-01,207,TraderAgent,Lagos,1,165.52486405241206,180.37611405241205,415661.1875,Onitsha,True,Onitsha,Onitsha,losing,False,1311.52,0.0,True
2026-10-01,208,TraderAgent,Lagos,2,-38.2025,21.7975,488341.75,Lagos,False,,,losing,False,1311.52,0.0,False
2026-10-01,209,TraderAgent,Lagos,3,20.0,7020.705078125,499801.90625,Lagos,False,Onitsha,Lagos,winning,False,1175.54,2.0,False
2026-10-01,210,TraderAgent,Lagos,2,-38.2025,6962.50244140625,498134.375,Lagos,False,Onitsha,Lagos,winning,False,1237.41,2.0,False
2026-10-01,211,TraderAgent,Lagos,1,165.52486405241206,105.22736405241206,487570.96875,Onitsha,True,Onitsha,Onitsha,losing,False,1311.52,0.0,True
2026-10-01,212,TraderAgent,Lagos,1,165.52486405241206,120.37611405241205,480266.46875,Onitsha,True,Onitsha,Onitsha,losing,False,1311.52,0.0,True
2026-10-01,213,BuyerAgent,Lagos,0,1588.67919921875,4524.5947265625,,,,,,,,,,
2026-10-01,214,BuyerAgent,Lagos,1,1588.67919921875,4524.5947265625,,,,,,,,,,
2026-10-01,215,BuyerAgent,Lagos,1,364.312744140625,3241.317138671875,,,,,,,,,,
2026-10-01,216,BuyerAgent,Lagos,1,0.0,1377.640380859375,,,,,,,,,,
2026-10-01,217,BuyerAgent,Lagos,1,0.0,2588.06640625,,,,,,,,,,
2026-10-01,218,BuyerAgent,Lagos,1,0.0,1210.426025390625,,,,,,,,,,
2026-10-01,219,BuyerAgent,Lagos,1,0.0,2588.06640625,,,,,,,,,,
2026-10-01,220,BuyerAgent,Lagos,1,0.0,1377.640380859375,,,,,,,,,,
2026-10-01,221,BuyerAgent,Lagos,1,0.0,0.0,,,,,,,,,,
2026-10-01,222,BuyerAgent,Lagos,1,0.0,1210.426025390625,,,,,,,,,,
2026-10-01,223,BuyerAgent,Lagos,2,0.0,314.0625,,,,,,,,,,
2026-10-01,224,BuyerAgent,Lagos,0,0.0,0.0,,,,,,,,,,
2026-10-01,225,BuyerAgent,Lagos,1,0.0,0.0,,,,,,,,,,
2026-10-01,226,BuyerAgent,Lagos,0,0.0,0.0,,,,,,,,,,
2026-10-01,227,BuyerAgent,Lagos,2,0.0,0.0,,,,,,,,,,
2026-10-01,228,BuyerAgent,Lagos,2,0.0,0.0,,,,,,,,,,
2026-10-01,229,BuyerAgent,Lagos,2,0.0,0.0,,,,,,,,,,
2026-10-01,230,BuyerAgent,Lagos,1,0.0,0.0,,,,,,,,,,
2026-10-01,231,BuyerAgent,Lagos,1,0.0,0.0,,,,,,,,,,
2026-10-01,232,BuyerAgent,Lagos,2,0.0,0.0,,,,,,,,,,
2026-10-01,233,BuyerAgent,Lagos,0,0.0,0.0,,,,,,,,,,
2026-10-01,234,BuyerAgent,Lagos,2,0.0,0.0,,,,,,,,,,
2026-10-01,235,BuyerAgent,Lagos,2,0.0,0.0,,,,,,,,,,
2026-10-01,236,BuyerAgent,Lagos,1,0.0,0.0,,,,,,,,,,
2026-10-01,237,BuyerAgent,Lagos,2,0.0,0.0,,,,,,,,,,
2026-10-01,238,BuyerAgent,Lagos,1,0.0,0.0,,,,,,,,,,
2026-10-01,239,BuyerAgent,Lagos,0,0.0,0.0,,,,,,,,,,
2026-10-01,240,BuyerAgent,Lagos,1,0.0,0.0,,,,,,,,,,
2026-10-01,241,BuyerAgent,Lagos,2,0.0,0.0,,,,,,,,,,
2026-10-01,242,BuyerAgent,Lagos,2,0.0,0.0,,,,,,,,,,
2026-10-01,243,TransporterAgent,Lagos,1,-200.0,-250.0,,,,,,,,,,
2026-10-01,244,TransporterAgent,Lagos,1,-200.0,-42.512246488868016,,,,,,,,,,
2026-10-01,245,TransporterAgent,Lagos,2,100.0,-85.1714844441264,,,,,,,,,,
2026-10-01,246,TransporterAgent,Lagos,1,-200.0,-342.6592379552584,,,,,,,,,,
2026-10-01,247,TransporterAgent,Lagos,2,100.0,257.6495185244225,,,,,,,,,,
2026-10-01,248,TransporterAgent,Lagos,2,100.0,300.0,,,,,,,,,,
2026-10-01,249,TransporterAgent,Lagos,2,100.0,207.48775351113198,,,,,,,,,,
2026-10-01,250,TransporterAgent,Lagos,2,100.0,207.6495185244225,,,,,,,,,,
2026-10-01,251,TransporterAgent,Lagos,2,100.0,257.3407620447416,,,,,,,,,,
2026-10-01,252,TransporterAgent,Lagos,3,50.0,157.3407620447416,,,,,,,,,,
2026-10-01,253,BankingAgent,Lagos,0,-0.0,-8.849999999999998,,,,,,,,,,
2026-10-01,254,BankingAgent,Lagos,2,-1.4749999999999996,-11.799999999999997,,,,,,,,,,
2026-10-01,255,BankingAgent,Lagos,1,-2.9499999999999993,-17.699999999999996,,,,,,,,,,
2026-10-01,257,TraderAgent,Onitsha,1,136.84886631296382,2079.203125,470447.375,Port_Harcourt,True,Port_Harcourt,Port_Harcourt,winning,False,786.68,1.0,True
2026-10-01,258,TraderAgent,Onitsha,2,-25.14875,1924.214599609375,490775.28125,Onitsha,False,,Onitsha,winning,False,774.9,1.0,False
2026-10-01,259,TraderAgent,Onitsha,4,-10.0,1894.214599609375,463683.09375,Onitsha,False,,Onitsha,winning,False,774.9,1.0,False
2026-10-01,260,TraderAgent,Onitsha,4,-10.0,1969.3634033203125,460243.25,Onitsha,False,,Onitsha,winning,False,774.9,1.0,False
2026-10-01,261,TraderAgent,Onitsha,0,2032.510986328125,2004.3084716796875,505469.53125,Onitsha,False,,Onitsha,losing,False,813.0,1.0,False
2026-10-01,262,TraderAgent,Onitsha,4,-10.0,-44.64875,468159.90625,Onitsha,False,,,losing,False,813.0,0.0,False
2026-10-01,263,TraderAgent,Onitsha,1,136.84886631296382,102.20011631296381,439755.4375,Port_Harcourt,True,Port_Harcourt,Port_Harcourt,winning,False,813.0,0.0,True
2026-10-01,264,TraderAgent,Onitsha,4,-10.0,145.69003625784813,478400.03125,Onitsha,False,Port_Harcourt,Port_Harcourt,winning,False,858.17,1.0,False
2026-10-01,265,TraderAgent,Onitsha,4,-10.0,87.48753625784813,486124.125,Onitsha,False,Port_Harcourt,Port_Harcourt,winning,False,858.17,1.0,False
2026-10-01,266,TraderAgent,Onitsha,1,136.84886631296382,2186.905517578125,496294.90625,Port_Harcourt,True,Port_Harcourt,Port_Harcourt,winning,False,786.68,1.0,True
2026-10-01,267,TraderAgent,Onitsha,3,20.0,2043.01220703125,498045.625,Onitsha,False,,Onitsha,winning,False,750.21,1.0,False
2026-10-01,268,TraderAgent,Onitsha,1,136.84886631296382,136.84886631296382,468509.625,Port_Harcourt,True,Port_Harcourt,Port_Harcourt,winning,False,813.0,0.0,True
2026-10-01,269,TraderAgent,Onitsha,0,0.0,146.36881828741633,474515.84375,Onitsha,False,Port_Harcourt,Port_Harcourt,winning,False,858.17,1.0,False
2026-10-01,270,TraderAgent,Onitsha,3,20.0,124.43079003875056,430066.125,Onitsha,False,Port_Harcourt,Port_Harcourt,winning,False,815.26,1.0,False
2026-10-01,271,TraderAgent,Onitsha,1,136.84886631296382,2041.0634765625,482111.4375,Port_Harcourt,True,Port_Harcourt,Port_Harcourt,winning,False,774.9,1.0,True
2026-10-01,272,TraderAgent,Onitsha,1,136.84886631296382,234.33640257081197,456724.6875,Port_Harcourt,True,Port_Harcourt,Port_Harcourt,winning,False,858.17,1.0,True
2026-10-01,273,TraderAgent,Onitsha,0,0.0,73.01756828741634,489081.375,Onitsha,False,Port_Harcourt,Port_Harcourt,winning,False,858.17,1.0,False
2026-10-01,274,TraderAgent,Onitsha,3,20.0,145.69003625784813,466009.1875,Onitsha,False,Port_Harcourt,Port_Harcourt,winning,False,815.26,1.0,False
2026-10-01,275,TraderAgent,Onitsha,1,136.84886631296382,196.84886631296382,430667.09375,Port_Harcourt,True,Port_Harcourt,Port_Harcourt,winning,False,813.0,0.0,True
2026-10-01,276,TraderAgent,Onitsha,1,136.84886631296382,260.7796563517144,413383.96875,Port_Harcourt,True,Port_Harcourt,Port_Harcourt,winning,False,858.17,1.0,True
2026-10-01,277,BuyerAgent,Onitsha,2,0.0,0.0,,,,,,,,,,
2026-10-01,278,BuyerAgent,Onitsha,1,225.8349609375,890.0103759765625,,,,,,,,,,
2026-10-01,279,BuyerAgent,Onitsha,0,0.0006103515625,438.8250732421875,,,,,,,,,,
2026-10-01,280,BuyerAgent,Onitsha,0,0.0006103515625,0.001220703125,,,,,,,,,,
2026-10-01,281,BuyerAgent,Onitsha,1,0.0,0.0,,,,,,,,,,
2026-10-01,282,BuyerAgent,Onitsha,2,0.0,215.4852294921875,,,,,,,,,,
2026-10-01,283,BuyerAgent,Onitsha,2,0.0,215.4852294921875,,,,,,,,,,
2026-10-01,284,BuyerAgent,Onitsha,1,0.0,0.0,,,,,,,,,,
2026-10-01,285,BuyerAgent,Onitsha,0,0.0,0.0,,,,,,,,,,
2026-10-01,286,BuyerAgent,Onitsha,0,0.0,0.0,,,,,,,,,,
2026-10-01,287,BuyerAgent,Onitsha,1,0.0,0.0,,,,,,,,,,
2026-10-01,288,BuyerAgent,Onitsha,1,0.0,0.0,,,,,,,,,,
2026-10-01,289,BuyerAgent,Onitsha,2,0.0,0.0,,,,,,,,,,
2026-10-01,290,BuyerAgent,Onitsha,2,0.0,0.0,,,,,,,,,,
2026-10-01,291,BuyerAgent,Onitsha,1,0.0,0.0,,,,,,,,,,
2026-10-01,292,BuyerAgent,Onitsha,1,0.0,0.0,,,,,,,,,,
2026-10-01,293,BuyerAgent,Onitsha,1,0.0,0.0,,,,,,,,,,
2026-10-01,294,BuyerAgent,Onitsha,1,0.0,0.0,,,,,,,,,,
2026-10-01,295,BuyerAgent,Onitsha,1,0.0,0.0,,,,,,,,,,
2026-10-01,296,BuyerAgent,Onitsha,2,0.0,0.0,,,,,,,,,,
2026-10-01,297,BuyerAgent,Onitsha,0,0.0,0.0,,,,,,,,,,
2026-10-01,298,BuyerAgent,Onitsha,2,0.0,0.0,,,,,,,,,,
2026-10-01,299,BuyerAgent,Onitsha,1,0.0,0.0,,,,,,,,,,
2026-10-01,300,BuyerAgent,Onitsha,0,0.0,0.0,,,,,,,,,,
2026-10-01,301,BuyerAgent,Onitsha,0,0.0,0.0,,,,,,,,,,
2026-10-01,302,BuyerAgent,Onitsha,0,0.0,0.0,,,,,,,,,,
2026-10-01,303,BuyerAgent,Onitsha,0,0.0,0.0,,,,,,,,,,
2026-10-01,304,BuyerAgent,Onitsha,0,0.0,0.0,,,,,,,,,,
2026-10-01,305,BuyerAgent,Onitsha,0,0.0,0.0,,,,,,,,,,
2026-10-01,306,BuyerAgent,Onitsha,2,0.0,0.0,,,,,,,,,,
2026-10-01,307,TransporterAgent,Onitsha,3,50.0,50.0,,,,,,,,,,
2026-10-01,308,TransporterAgent,Onitsha,2,100.0,150.0,,,,,,,,,,
2026-10-01,309,TransporterAgent,Onitsha,0,0.0,100.0,,,,,,,,,,
2026-10-01,310,TransporterAgent,Onitsha,3,50.0,-300.0,,,,,,,,,,
2026-10-01,311,TransporterAgent,Onitsha,3,50.0,-50.0,,,,,,,,,,
2026-10-01,312,TransporterAgent,Onitsha,2,100.0,250.0,,,,,,,,,,
2026-10-01,313,TransporterAgent,Onitsha,1,-200.0,-250.0,,,,,,,,,,
2026-10-01,314,TransporterAgent,Onitsha,1,-200.0,-550.0,,,,,,,,,,
2026-10-01,315,TransporterAgent,Onitsha,0,0.0,50.0,,,,,,,,,,
2026-10-01,316,TransporterAgent,Onitsha,0,0.0,-50.0,,,,,,,,,,
2026-10-01,317,BankingAgent,Onitsha,1,-2.9499999999999993,-8.849999999999998,,,,,,,,,,
2026-10-01,318,BankingAgent,Onitsha,0,-0.0,-5.899999999999999,,,,,,,,,,
2026-10-01,319,BankingAgent,Onitsha,2,-1.4749999999999996,-11.799999999999997,,,,,,,,,,
2026-10-01,321,TraderAgent,Port_Harcourt,0,5950.677734375,9102.525390625,545675.9375,Port_Harcourt,False,Onitsha,Onitsha,winning,False,1049.06,2.0,False
2026-10-01,322,TraderAgent,Port_Harcourt,2,-29.5,5858.12109375,568984.25,Port_Harcourt,False,Onitsha,Onitsha,winning,False,1046.05,1.0,False
2026-10-01,323,TraderAgent,Port_Harcourt,3,20.0,-23.35125,539511.75,Port_Harcourt,False,,,losing,False,1215.87,0.0,False
2026-10-01,324,TraderAgent,Port_Harcourt,0,5950.677734375,11927.455078125,527614.75,Port_Harcourt,False,Onitsha,Onitsha,winning,False,1049.06,2.0,False
2026-10-01,325,TraderAgent,Port_Harcourt,4,-10.0,-8.2025,546220.9375,Port_Harcourt,False,,,losing,False,1279.87,0.0,False
2026-10-01,326,TraderAgent,Port_Harcourt,0,3199.66796875,3113.262939453125,550677.75,Port_Harcourt,False,,Port_Harcourt,losing,False,1279.87,1.0,False
2026-10-01,327,TraderAgent,Port_Harcourt,0,5950.677734375,6038.1669921875,541565.0,Port_Harcourt,False,Onitsha,Onitsha,losing,False,1049.06,1.0,False
2026-10-01,328,TraderAgent,Port_Harcourt,1,136.02641143476012,6023.6474609375,554829.1875,Onitsha,True,Onitsha,Onitsha,winning,False,1046.05,1.0,True
2026-10-01,329,TraderAgent,Port_Harcourt,4,-10.0,5849.41845703125,540555.25,Port_Harcourt,False,Onitsha,Onitsha,winning,False,1046.05,1.0,False
2026-10-01,330,TraderAgent,Port_Harcourt,0,5950.677734375,6126.36962890625,563853.0625,Port_Harcourt,False,Onitsha,Onitsha,losing,False,1049.06,1.0,False
2026-10-01,331,TraderAgent,Port_Harcourt,3,20.0,3133.6298828125,545629.25,Port_Harcourt,False,,Port_Harcourt,winning,False,1171.36,1.0,False
2026-10-01,332,TraderAgent,Port_Harcourt,0,5950.677734375,6066.36962890625,496396.4375,Port_Harcourt,False,Onitsha,Onitsha,losing,False,1049.06,1.0,False
2026-10-01,333,TraderAgent,Port_Harcourt,4,-10.0,-66.405,536017.8125,Port_Harcourt,False,,,losing,False,1279.87,0.0,False
2026-10-01,334,TraderAgent,Port_Harcourt,4,-10.0,3033.99462890625,556475.5625,Port_Harcourt,False,,Port_Harcourt,winning,False,1221.7,1.0,False
2026-10-01,335,TraderAgent,Port_Harcourt,1,136.02641143476012,6023.6474609375,520077.09375,Onitsha,True,Onitsha,Onitsha,winning,False,1046.05,1.0,True
2026-10-01,336,TraderAgent,Port_Harcourt,3,20.0,5880.93505859375,561214.625,Port_Harcourt,False,,Port_Harcourt,winning,False,1171.36,2.0,False
2026-10-01,337,TraderAgent,Port_Harcourt,0,5950.677734375,11927.455078125,554310.4375,Port_Harcourt,False,Onitsha,Onitsha,winning,False,1049.06,2.0,False
2026-10-01,338,TraderAgent,Port_Harcourt,2,-29.5,5831.58544921875,507830.09375,Port_Harcourt,False,Onitsha,Onitsha,winning,False,1034.26,1.0,False
2026-10-01,339,TraderAgent,Port_Harcourt,2,-29.5,5955.8046875,546836.625,Port_Harcourt,False,,Port_Harcourt,winning,False,1233.01,2.0,False
2026-10-01,340,TraderAgent,Port_Harcourt,3,20.0,3133.6298828125,542894.1875,Port_Harcourt,False,,Port_Harcourt,winning,False,1171.36,1.0,False
2026-10-01,341,BuyerAgent,Port_Harcourt,0,1509.534912109375,2966.319580078125,,,,,,,,,,
2026-10-01,342,BuyerAgent,Port_Harcourt,0,1509.534912109375,1842.44140625,,,,,,,,,,
2026-10-01,343,BuyerAgent,Port_Harcourt,2,0.0,2904.642333984375,,,,,,,,,,
2026-10-01,344,BuyerAgent,Port_Harcourt,0,1509.534912109375,1842.44140625,,,,,,,,,,
2026-10-01,345,BuyerAgent,Port_Harcourt,2,0.0,2904.642333984375,,,,,,,,,,
2026-10-01,346,BuyerAgent,Port_Harcourt,1,1509.534912109375,1509.534912109375,,,,,,,,,,
2026-10-01,347,BuyerAgent,Port_Harcourt,1,1509.534912109375,2957.392578125,,,,,,,,,,
2026-10-01,348,BuyerAgent,Port_Harcourt,1,1509.534912109375,1849.97802734375,,,,,,,,,,
2026-10-01,349,BuyerAgent,Port_Harcourt,2,0.0,1797.227783203125,,,,,,,,,,
2026-10-01,350,BuyerAgent,Port_Harcourt,1,355.518798828125,990.552978515625,,,,,,,,,,
2026-10-01,351,BuyerAgent,Port_Harcourt,1,0.0,578.50341796875,,,,,,,,,,
2026-10-01,352,BuyerAgent,Port_Harcourt,2,0.0,347.98095703125,,,,,,,,,,
2026-10-01,353,BuyerAgent,Port_Harcourt,0,0.0,347.98095703125,,,,,,,,,,
2026-10-01,354,BuyerAgent,Port_Harcourt,2,0.0,0.0,,,,,,,,,,
2026-10-01,355,BuyerAgent,Port_Harcourt,0,0.0,0.0,,,,,,,,,,
2026-10-01,356,BuyerAgent,Port_Harcourt,0,0.0,0.0,,,,,,,,,,
2026-10-01,357,BuyerAgent,Port_Harcourt,2,0.0,0.0,,,,,,,,,,
2026-10-01,358,BuyerAgent,Port_Harcourt,2,0.0,0.0,,,,,,,,,,
2026-10-01,359,BuyerAgent,Port_Harcourt,1,0.0,0.0,,,,,,,,,,
2026-10-01,360,BuyerAgent,Port_Harcourt,0,0.0,0.0,,,,,,,,,,
2026-10-01,361,BuyerAgent,Port_Harcourt,2,0.0,0.0,,,,,,,,,,
2026-10-01,362,BuyerAgent,Port_Harcourt,1,0.0,0.0,,,,,,,,,,
2026-10-01,363,BuyerAgent,Port_Harcourt,0,0.0,0.0,,,,,,,,,,
2026-10-01,364,BuyerAgent,Port_Harcourt,0,0.0,0.0,,,,,,,,,,
2026-10-01,365,BuyerAgent,Port_Harcourt,0,0.0,0.0,,,,,,,,,,
2026-10-01,366,BuyerAgent,Port_Harcourt,1,0.0,0.0,,,,,,,,,,
2026-10-01,367,BuyerAgent,Port_Harcourt,1,0.0,0.0,,,,,,,,,,
2026-10-01,368,BuyerAgent,Port_Harcourt,0,0.0,0.0,,,,,,,,,,
2026-10-01,369,BuyerAgent,Port_Harcourt,0,0.0,0.0,,,,,,,,,,
2026-10-01,370,BuyerAgent,Port_Harcourt,0,0.0,0.0,,,,,,,,,,
2026-10-01,371,TransporterAgent,Port_Harcourt,1,-200.0,-300.0,,,,,,,,,,
2026-10-01,372,TransporterAgent,Port_Harcourt,3,50.0,100.0,,,,,,,,,,
2026-10-01,373,TransporterAgent,Port_Harcourt,3,50.0,150.0,,,,,,,,,,
2026-10-01,374,TransporterAgent,Port_Harcourt,0,0.0,50.0,,,,,,,,,,
2026-10-01,375,TransporterAgent,Port_Harcourt,2,100.0,300.0,,,,,,,,,,
2026-10-01,376,TransporterAgent,Port_Harcourt,2,100.0,250.0,,,,,,,,,,
2026-10-01,377,TransporterAgent,Port_Harcourt,3,50.0,-150.0,,,,,,,,,,
2026-10-01,378,TransporterAgent,Port_Harcourt,0,0.0,-100.0,,,,,,,,,,
2026-10-01,379,TransporterAgent,Port_Harcourt,0,0.0,-350.0,,,,,,,,,,
2026-10-01,380,TransporterAgent,Port_Harcourt,1,-200.0,-200.0,,,,,,,,,,
2026-10-01,381,BankingAgent,Port_Harcourt,0,-0.0,0.0,,,,,,,,,,
2026-10-01,382,BankingAgent,Port_Harcourt,0,-0.0,-11.799999999999997,,,,,,,,,,
2026-10-01,383,BankingAgent,Port_Harcourt,0,-0.0,-14.749999999999996,,,,,,,,,,
2026-11-01,1,TraderAgent,Abuja,2,-38.2025,835.670654296875,477068.75,Abuja,False,Onitsha,Abuja,winning,False,262.5,2.0,False
2026-11-01,2,TraderAgent,Abuja,3,20.0,190.9607491339744,418543.15625,Abuja,False,Onitsha,Onitsha,winning,False,270.75,1.0,False
2026-11-01,3,TraderAgent,Abuja,3,20.0,40.0,476217.625,Abuja,False,,,losing,False,256.5,0.0,False
2026-11-01,4,TraderAgent,Abuja,2,-38.2025,848.9036865234375,451004.375,Abuja,False,Onitsha,Onitsha,winning,False,285.0,2.0,False
2026-11-01,5,TraderAgent,Abuja,2,-38.2025,636.7974853515625,482589.8125,Abuja,False,,Abuja,winning,False,262.5,1.0,False
2026-11-01,6,TraderAgent,Abuja,0,637.5,1263.0,468844.6875,Abuja,False,,Abuja,winning,False,262.5,2.0,False
2026-11-01,7,TraderAgent,Abuja,0,750.0,888.2811279296875,389380.46875,Abuja,False,Onitsha,Abuja,winning,False,285.0,2.0,False
2026-11-01,8,TraderAgent,Abuja,3,20.0,24.85125,465577.09375,Abuja,False,,,losing,False,256.5,0.0,False
2026-11-01,9,TraderAgent,Abuja,3,20.0,160.9607491339744,405810.59375,Abuja,False,Onitsha,Onitsha,winning,False,270.75,1.0,False
2026-11-01,10,TraderAgent,Abuja,1,123.81203147436479,385.96631609007216,404194.375,Onitsha,True,Onitsha,Onitsha,winning,False,285.0,2.0,True
2026-11-01,11,TraderAgent,Abuja,0,0.0,91.39246261609989,468946.28125,Abuja,False,Onitsha,Onitsha,winning,False,285.0,1.0,False
2026-11-01,12,TraderAgent,Abuja,0,0.0,1025.8270263671875,439301.875,Abuja,False,Onitsha,Onitsha,winning,False,285.0,3.0,False
2026-11-01,13,TraderAgent,Abuja,2,-38.2025,130.0785967446639,481692.625,Abuja,False,Onitsha,Onitsha,winning,False,285.0,1.0,False
2026-11-01,14,TraderAgent,Abuja,4,-10.0,1293.0,484575.59375,Abuja,False,,Abuja,winning,False,262.5,2.0,False
2026-11-01,15,TraderAgent,Abuja,3,20.0,675.5,478438.5625,Abuja,False,,Abuja,winning,False,249.38,1.0,False
2026-11-01,16,TraderAgent,Abuja,4,-10.0,-69.5,392654.59375,Abuja,False,,,losing,False,270.0,0.0,False
2026-11-01,17,TraderAgent,Abuja,1,123.81203147436479,1588.32470703125,430331.3125,Onitsha,True,Onitsha,Onitsha,winning,False,262.5,2.0,True
2026-11-01,18,TraderAgent,Abuja,0,637.5,2132.0126953125,481816.03125,Abuja,False,,Abuja,winning,False,262.5,3.0,False
2026-11-01,19,TraderAgent,Abuja,1,123.81203147436479,264.7727806083392,439990.8125,Onitsha,True,Onitsha,Onitsha,winning,False,285.0,1.0,True
2026-11-01,20,TraderAgent,Abuja,4,-10.0,-39.5,489727.75,Abuja,False,,,losing,False,270.0,0.0,False
2026-11-01,21,BuyerAgent,Abuja,2,0.0,262.5,,,,,,,,,,
2026-11-01,22,BuyerAgent,Abuja,2,0.0,119.737548828125,,,,,,,,,,
2026-11-01,23,BuyerAgent,Abuja,1,112.5,187.5,,,,,,,,,,
2026-11-01,24,BuyerAgent,Abuja,0,112.5,146.81243896484375,,,,,,,,,,
2026-11-01,25,BuyerAgent,Abuja,0,0.0,75.0,,,,,,,,,,
2026-11-01,26,BuyerAgent,Abuja,2,0.0,0.0,,,,,,,,,,
2026-11-01,27,BuyerAgent,Abuja,1,0.0,0.0,,,,,,,,,,
2026-11-01,28,BuyerAgent,Abuja,2,0.0,85.42510986328125,,,,,,,,,,
2026-11-01,29,BuyerAgent,Abuja,0,0.0,85.42510986328125,,,,,,,,,,
2026-11-01,30,BuyerAgent,Abuja,0,0.0,85.42510986328125,,,,,,,,,,
2026-11-01,31,BuyerAgent,Abuja,2,0.0,0.0,,,,,,,,,,
2026-11-01,32,BuyerAgent,Abuja,2,0.0,0.0,,,,,,,,,,
2026-11-01,33,BuyerAgent,Abuja,2,0.0,0.0,,,,,,,,,,
2026-11-01,34,BuyerAgent,Abuja,1,0.0,0.0,,,,,,,,,,
2026-11-01,35,BuyerAgent,Abuja,0,0.0,0.0,,,,,,,,,,
2026-11-01,36,BuyerAgent,Abuja,2,0.0,0.0,,,,,,,,,,
2026-11-01,37,BuyerAgent,Abuja,0,0.0,0.0,,,,,,,,,,
2026-11-01,38,BuyerAgent,Abuja,0,0.0,0.0,,,,,,,,,,
2026-11-01,39,BuyerAgent,Abuja,1,0.0,0.0,,,,,,,,,,
2026-11-01,40,BuyerAgent,Abuja,0,0.0,0.0,,,,,,,,,,
2026-11-01,41,BuyerAgent,Abuja,2,0.0,0.0,,,,,,,,,,
2026-11-01,42,BuyerAgent,Abuja,1,0.0,0.0,,,,,,,,,,
2026-11-01,43,BuyerAgent,Abuja,2,0.0,0.0,,,,,,,,,,
2026-11-01,44,BuyerAgent,Abuja,2,0.0,0.0,,,,,,,,,,
2026-11-01,45,BuyerAgent,Abuja,0,0.0,0.0,,,,,,,,,,
2026-11-01,46,BuyerAgent,Abuja,1,0.0,0.0,,,,,,,,,,
2026-11-01,47,BuyerAgent,Abuja,2,0.0,0.0,,,,,,,,,,
2026-11-01,48,BuyerAgent,Abuja,0,0.0,0.0,,,,,,,,,,
2026-11-01,49,BuyerAgent,Abuja,1,0.0,0.0,,,,,,,,,,
2026-11-01,50,BuyerAgent,Abuja,2,0.0,0.0,,,,,,,,,,
2026-11-01,51,TransporterAgent,Abuja,3,50.0,255.1911849696421,,,,,,,,,,
2026-11-01,52,TransporterAgent,Abuja,3,50.0,100.0,,,,,,,,,,
2026-11-01,53,TransporterAgent,Abuja,3,50.0,100.0,,,,,,,,,,
2026-11-01,54,TransporterAgent,Abuja,0,4.794500727093764,310.19205712620305,,,,,,,,,,
2026-11-01,55,TransporterAgent,Abuja,3,50.0,-134.29151645064496,,,,,,,,,,
2026-11-01,56,TransporterAgent,Abuja,0,4.794500727093764,-135.05915278293182,,,,,,,,,,
2026-11-01,57,TransporterAgent,Abuja,2,100.0,-150.0,,,,,,,,,,
2026-11-01,58,TransporterAgent,Abuja,3,50.0,305.1197421806036,,,,,,,,,,
2026-11-01,59,TransporterAgent,Abuja,2,100.0,-194.88025781939638,,,,,,,,,,
2026-11-01,60,TransporterAgent,Abuja,3,50.0,205.1911849696421,,,,,,,,,,
2026-11-01,61,BankingAgent,Abuja,0,-0.0,-5.899999999999999,,,,,,,,,,
2026-11-01,62,BankingAgent,Abuja,1,-2.9499999999999993,-11.799999999999997,,,,,,,,,,
2026-11-01,63,BankingAgent,Abuja,1,-2.9499999999999993,-8.849999999999998,,,,,,,,,,
2026-11-01,65,TraderAgent,Bauchi,0,979.8751831054688,1154.2611083984375,479847.25,Bauchi,False,Onitsha,Bauchi,winning,False,372.35,2.0,False
2026-11-01,66,TraderAgent,Bauchi,3,20.0,194.3859286848476,312098.96875,Bauchi,False,Onitsha,Onitsha,winning,False,353.73,1.0,False
2026-11-01,67,TraderAgent,Bauchi,2,-29.5,-154.10750000000002,485862.90625,Bauchi,False,,,losing,False,352.75,0.0,False
2026-11-01,68,TraderAgent,Bauchi,3,20.0,811.6346435546875,279579.90625,Bauchi,False,Onitsha,Onitsha,winning,False,353.73,2.0,False
2026-11-01,69,TraderAgent,Bauchi,2,-29.5,114.88592868484761,237494.5625,Bauchi,False,Onitsha,Onitsha,winning,False,372.35,1.0,False
2026-11-01,70,TraderAgent,Bauchi,3,20.0,672.4509887695312,438362.625,Bauchi,False,Onitsha,Onitsha,winning,False,353.73,2.0,False
2026-11-01,71,TraderAgent,Bauchi,3,20.0,106.18342868484761,370223.4375,Bauchi,False,Onitsha,Onitsha,losing,False,353.73,1.0,False
2026-11-01,72,TraderAgent,Bauchi,0,0.0,238.7073553056778,300620.8125,Bauchi,False,Onitsha,Onitsha,winning,False,372.35,2.0,False
2026-11-01,73,TraderAgent,Bauchi,0,765.0564575195312,2387.25244140625,485068.75,Bauchi,False,Onitsha,Bauchi,winning,False,329.39,4.0,False
2026-11-01,74,TraderAgent,Bauchi,0,0.0,77.41642662083018,256997.453125,Bauchi,False,Onitsha,Onitsha,losing,False,372.35,1.0,False
2026-11-01,75,TraderAgent,Bauchi,3,20.0,1210.30615234375,517137.1875,Bauchi,False,,Bauchi,winning,False,312.92,2.0,False
2026-11-01,76,TraderAgent,Bauchi,0,881.8875122070312,757.280029296875,447255.90625,Bauchi,False,,Bauchi,losing,False,352.75,1.0,False
2026-11-01,77,TraderAgent,Bauchi,0,765.0564575195312,1778.8671875,397392.09375,Bauchi,False,Onitsha,Bauchi,winning,False,329.39,3.0,False
2026-11-01,78,TraderAgent,Bauchi,4,-10.0,661.3749389648438,500588.4375,Bauchi,False,,Bauchi,winning,False,315.82,1.0,False
2026-11-01,79,TraderAgent,Bauchi,1,133.8248107869892,934.3070068359375,469560.75,Onitsha,True,Onitsha,Onitsha,winning,False,329.39,1.0,True
2026-11-01,80,TraderAgent,Bauchi,0,0.0,843.3988647460938,505506.96875,Bauchi,False,Onitsha,Onitsha,winning,False,372.35,2.0,False
2026-11-01,81,TraderAgent,Bauchi,0,0.0,671.886474609375,316309.8125,Bauchi,False,Onitsha,Onitsha,winning,False,372.35,2.0,False
2026-11-01,82,TraderAgent,Bauchi,2,-29.5,1042.9739990234375,445980.96875,Bauchi,False,,Bauchi,winning,False,302.25,2.0,False
2026-11-01,83,TraderAgent,Bauchi,0,881.8875122070312,871.8875122070312,516849.40625,Bauchi,False,,Bauchi,losing,False,352.75,1.0,False
2026-11-01,84,TraderAgent,Bauchi,4,-10.0,489.862548828125,402911.15625,Bauchi,False,,Bauchi,winning,False,288.69,1.0,False
2026-11-01,85,BuyerAgent,Bauchi,2,0.0,523.1024169921875,,,,,,,,,,
2026-11-01,86,BuyerAgent,Bauchi,2,0.0,413.8084411621094,,,,,,,,,,
2026-11-01,87,BuyerAgent,Bauchi,0,214.8187255859375,436.4210510253906,,,,,,,,,,
2026-11-01,88,BuyerAgent,Bauchi,0,214.8187255859375,276.6261291503906,,,,,,,,,,
2026-11-01,89,BuyerAgent,Bauchi,2,0.0,0.0,,,,,,,,,,
2026-11-01,90,BuyerAgent,Bauchi,0,97.9876708984375,159.79507446289062,,,,,,,,,,
2026-11-01,91,BuyerAgent,Bauchi,1,97.9876708984375,97.9876708984375,,,,,,,,,,
2026-11-01,92,BuyerAgent,Bauchi,0,0.0,0.0,,,,,,,,,,
2026-11-01,93,BuyerAgent,Bauchi,1,0.0,0.0,,,,,,,,,,
2026-11-01,94,BuyerAgent,Bauchi,0,0.0,0.0,,,,,,,,,,
2026-11-01,95,BuyerAgent,Bauchi,1,0.0,0.0,,,,,,,,,,
2026-11-01,96,BuyerAgent,Bauchi,1,0.0,0.0,,,,,,,,,,
2026-11-01,97,BuyerAgent,Bauchi,0,0.0,0.0,,,,,,,,,,
2026-11-01,98,BuyerAgent,Bauchi,1,0.0,0.0,,,,,,,,,,
2026-11-01,99,BuyerAgent,Bauchi,1,0.0,0.0,,,,,,,,,,
2026-11-01,100,BuyerAgent,Bauchi,2,0.0,0.0,,,,,,,,,,
2026-11-01,101,BuyerAgent,Bauchi,2,0.0,0.0,,,,,,,,,,
2026-11-01,102,BuyerAgent,Bauchi,0,0.0,0.0,,,,,,,,,,
2026-11-01,103,BuyerAgent,Bauchi,0,0.0,0.0,,,,,,,,,,
2026-11-01,104,BuyerAgent,Bauchi,0,0.0,0.0,,,,,,,,,,
2026-11-01,105,BuyerAgent,Bauchi,1,0.0,0.0,,,,,,,,,,
2026-11-01,106,BuyerAgent,Bauchi,0,0.0,0.0,,,,,,,,,,
2026-11-01,107,BuyerAgent,Bauchi,0,0.0,0.0,,,,,,,,,,
2026-11-01,108,BuyerAgent,Bauchi,1,0.0,0.0,,,,,,,,,,
2026-11-01,109,BuyerAgent,Bauchi,1,0.0,0.0,,,,,,,,,,
2026-11-01,110,BuyerAgent,Bauchi,1,0.0,0.0,,,,,,,,,,
2026-11-01,111,BuyerAgent,Bauchi,2,0.0,0.0,,,,,,,,,,
2026-11-01,112,BuyerAgent,Bauchi,2,0.0,0.0,,,,,,,,,,
2026-11-01,113,BuyerAgent,Bauchi,0,0.0,0.0,,,,,,,,,,
2026-11-01,114,BuyerAgent,Bauchi,1,0.0,0.0,,,,,,,,,,
2026-11-01,115,TransporterAgent,Bauchi,2,100.0,250.0,,,,,,,,,,
2026-11-01,116,TransporterAgent,Bauchi,3,50.0,350.0,,,,,,,,,,
2026-11-01,117,TransporterAgent,Bauchi,2,100.0,450.0,,,,,,,,,,
2026-11-01,118,TransporterAgent,Bauchi,2,100.0,-100.0,,,,,,,,,,
2026-11-01,119,TransporterAgent,Bauchi,1,-200.0,-200.0,,,,,,,,,,
2026-11-01,120,TransporterAgent,Bauchi,2,100.0,250.0,,,,,,,,,,
2026-11-01,121,TransporterAgent,Bauchi,1,-200.0,-300.0,,,,,,,,,,
2026-11-01,122,TransporterAgent,Bauchi,2,100.0,-400.0,,,,,,,,,,
2026-11-01,123,TransporterAgent,Bauchi,1,-200.0,-250.0,,,,,,,,,,
2026-11-01,124,TransporterAgent,Bauchi,1,-200.0,-350.0,,,,,,,,,,
2026-11-01,125,BankingAgent,Bauchi,1,-2.9499999999999993,-14.749999999999996,,,,,,,,,,
2026-11-01,126,BankingAgent,Bauchi,2,-1.4749999999999996,-14.749999999999996,,,,,,,,,,
2026-11-01,127,BankingAgent,Bauchi,0,-0.0,-17.699999999999996,,,,,,,,,,
2026-11-01,129,TraderAgent,Kano,0,1205.999755859375,2746.114990234375,420378.375,Kano,False,Onitsha,Kano,winning,False,458.28,4.0,False
2026-11-01,130,TraderAgent,Kano,3,20.0,1014.9502563476562,451596.71875,Kano,False,,Kano,winning,False,386.67,1.0,False
2026-11-01,131,TraderAgent,Kano,4,-10.0,50.27471162283499,412789.75,Kano,False,Onitsha,Onitsha,losing,False,458.28,1.0,False
2026-11-01,132,TraderAgent,Kano,4,-10.0,1014.9501953125,464325.25,Kano,False,,Kano,winning,False,407.02,1.0,False
2026-11-01,133,TraderAgent,Kano,4,-10.0,956.7477416992188,406923.90625,Kano,False,,Kano,winning,False,407.02,1.0,False
2026-11-01,134,TraderAgent,Kano,1,123.1628220779097,1228.6842041015625,362615.90625,Onitsha,True,Onitsha,Onitsha,winning,False,391.95,2.0,True
2026-11-01,135,TraderAgent,Kano,0,0.0,970.241455078125,415523.125,Kano,False,Onitsha,Onitsha,winning,False,458.28,3.0,False
2026-11-01,136,TraderAgent,Kano,3,20.0,-18.2025,463139.53125,Kano,False,,,losing,False,412.45,0.0,False
2026-11-01,137,TraderAgent,Kano,4,-10.0,1427.0997314453125,429405.1875,Kano,False,,Kano,winning,False,391.95,2.0,False
2026-11-01,138,TraderAgent,Kano,2,-25.14875,50.27471162283499,435002.25,Kano,False,Onitsha,Onitsha,losing,False,458.28,1.0,False
2026-11-01,139,TraderAgent,Kano,0,1205.999755859375,1339.06494140625,436527.1875,Kano,False,Onitsha,Kano,losing,False,458.28,2.0,False
2026-11-01,140,TraderAgent,Kano,4,-10.0,153.625961622835,432211.1875,Kano,False,Onitsha,Onitsha,winning,False,458.28,1.0,False
2026-11-01,141,TraderAgent,Kano,4,-10.0,2215.974853515625,466601.5625,Kano,False,,Kano,winning,False,407.02,3.0,False
2026-11-01,142,TraderAgent,Kano,1,123.1628220779097,286.22805990410376,443902.15625,Onitsha,True,Onitsha,Onitsha,winning,False,458.28,1.0,True
2026-11-01,143,TraderAgent,Kano,4,-10.0,-76.405,465826.375,Kano,False,,,losing,False,434.16,0.0,False
2026-11-01,144,TraderAgent,Kano,0,0.0,266.6414336456434,399017.40625,Kano,False,Onitsha,Onitsha,winning,False,458.28,2.0,False
2026-11-01,145,TraderAgent,Kano,3,20.0,1241.17041015625,392614.71875,Kano,False,Onitsha,Kano,winning,False,386.67,2.0,False
2026-11-01,146,TraderAgent,Kano,0,0.0,2318.940185546875,417359.90625,Kano,False,Onitsha,Onitsha,winning,False,458.28,4.0,False
2026-11-01,147,TraderAgent,Kano,4,-10.0,857.2259521484375,393379.4375,Kano,False,Onitsha,Onitsha,winning,False,458.28,2.0,False
2026-11-01,148,TraderAgent,Kano,2,-25.14875,108.477211622835,453625.71875,Kano,False,Onitsha,Onitsha,losing,False,458.28,1.0,False
2026-11-01,149,BuyerAgent,Kano,1,0.00030517578125,829.1256713867188,,,,,,,,,,
2026-11-01,150,BuyerAgent,Kano,1,0.00030517578125,402.0001220703125,,,,,,,,,,
2026-11-01,151,BuyerAgent,Kano,0,0.00030517578125,628.1253051757812,,,,,,,,,,
2026-11-01,152,BuyerAgent,Kano,0,0.00030517578125,190.9503173828125,,,,,,,,,,
2026-11-01,153,BuyerAgent,Kano,1,0.00030517578125,80.400390625,,,,,,,,,,
2026-11-01,154,BuyerAgent,Kano,0,0.0,80.40008544921875,,,,,,,,,,
2026-11-01,155,BuyerAgent,Kano,1,0.0,0.0,,,,,,,,,,
2026-11-01,156,BuyerAgent,Kano,0,0.0,0.0,,,,,,,,,,
2026-11-01,157,BuyerAgent,Kano,0,0.0,80.40008544921875,,,,,,,,,,
2026-11-01,158,BuyerAgent,Kano,1,0.0,0.0,,,,,,,,,,
2026-11-01,159,BuyerAgent,Kano,2,0.0,0.0,,,,,,,,,,
2026-11-01,160,BuyerAgent,Kano,0,0.0,0.0,,,,,,,,,,
2026-11-01,161,BuyerAgent,Kano,0,0.0,0.0,,,,,,,,,,
2026-11-01,162,BuyerAgent,Kano,0,0.0,0.0,,,,,,,,,,
2026-11-01,163,BuyerAgent,Kano,0,0.0,0.0,,,,,,,,,,
2026-11-01,164,BuyerAgent,Kano,0,0.0,0.0,,,,,,,,,,
2026-11-01,165,BuyerAgent,Kano,2,0.0,0.0,,,,,,,,,,
2026-11-01,166,BuyerAgent,Kano,1,0.0,0.0,,,,,,,,,,
2026-11-01,167,BuyerAgent,Kano,2,0.0,0.0,,,,,,,,,,
2026-11-01,168,BuyerAgent,Kano,0,0.0,0.0,,,,,,,,,,
2026-11-01,169,BuyerAgent,Kano,2,0.0,0.0,,,,,,,,,,
2026-11-01,170,BuyerAgent,Kano,2,0.0,0.0,,,,,,,,,,
2026-11-01,171,BuyerAgent,Kano,1,0.0,0.0,,,,,,,,,,
2026-11-01,172,BuyerAgent,Kano,1,0.0,0.0,,,,,,,,,,
2026-11-01,173,BuyerAgent,Kano,0,0.0,0.0,,,,,,,,,,
2026-11-01,174,BuyerAgent,Kano,2,0.0,0.0,,,,,,,,,,
2026-11-01,175,BuyerAgent,Kano,2,0.0,0.0,,,,,,,,,,
2026-11-01,176,BuyerAgent,Kano,2,0.0,0.0,,,,,,,,,,
2026-11-01,177,BuyerAgent,Kano,1,0.0,0.0,,,,,,,,,,
2026-11-01,178,BuyerAgent,Kano,0,0.0,0.0,,,,,,,,,,
2026-11-01,179,TransporterAgent,Kano,1,-200.0,100.0,,,,,,,,,,
2026-11-01,180,TransporterAgent,Kano,3,50.0,350.0,,,,,,,,,,
2026-11-01,181,TransporterAgent,Kano,1,-200.0,-50.0,,,,,,,,,,
2026-11-01,182,TransporterAgent,Kano,3,50.0,-250.0,,,,,,,,,,
2026-11-01,183,TransporterAgent,Kano,2,100.0,250.0,,,,,,,,,,
2026-11-01,184,TransporterAgent,Kano,0,0.0,200.0,,,,,,,,,,
2026-11-01,185,TransporterAgent,Kano,3,50.0,-250.0,,,,,,,,,,
2026-11-01,186,TransporterAgent,Kano,0,0.0,-300.0,,,,,,,,,,
2026-11-01,187,TransporterAgent,Kano,0,0.0,100.0,,,,,,,,,,
2026-11-01,188,TransporterAgent,Kano,0,0.0,-300.0,,,,,,,,,,
2026-11-01,189,BankingAgent,Kano,2,-1.4749999999999996,-14.749999999999996,,,,,,,,,,
2026-11-01,190,BankingAgent,Kano,2,-1.4749999999999996,-2.9499999999999993,,,,,,,,,,
2026-11-01,191,BankingAgent,Kano,2,-1.4749999999999996,-23.6,,,,,,,,,,
2026-11-01,193,TraderAgent,Lagos,0,3121.781005859375,6355.4443359375,509556.1875,Lagos,False,,Lagos,winning,False,1325.34,2.0,False
2026-11-01,194,TraderAgent,Lagos,0,6991.2822265625,12177.0400390625,497940.6875,Lagos,False,Onitsha,Onitsha,winning,False,1117.63,2.0,False
2026-11-01,195,TraderAgent,Lagos,4,-10.0,5622.27001953125,498955.6875,Lagos,False,Onitsha,Onitsha,winning,False,1113.88,1.0,False
2026-11-01,196,TraderAgent,Lagos,1,167.55044936457293,5252.93212890625,472333.3125,Onitsha,True,Onitsha,Onitsha,winning,False,1102.1,1.0,True
2026-11-01,197,TraderAgent,Lagos,3,20.0,8232.7080078125,445145.1875,Lagos,False,Onitsha,Onitsha,winning,False,1058.19,2.0,False
2026-11-01,198,TraderAgent,Lagos,0,2744.906005859375,5586.31982421875,494261.625,Lagos,False,,Lagos,winning,False,1249.97,2.0,False
2026-11-01,199,TraderAgent,Lagos,0,2079.571533203125,13511.4794921875,501481.09375,Lagos,False,Onitsha,Lagos,winning,False,1116.9,3.0,False
2026-11-01,200,TraderAgent,Lagos,0,2064.48486328125,7724.95751953125,500320.8125,Lagos,False,Onitsha,Lagos,winning,False,1113.88,2.0,False
2026-11-01,201,TraderAgent,Lagos,0,6991.2822265625,15407.716796875,500191.53125,Lagos,False,Onitsha,Onitsha,winning,False,1117.63,3.0,False
2026-11-01,202,TraderAgent,Lagos,0,3504.9365234375,3479.787841796875,506078.84375,Lagos,False,,Lagos,losing,False,1401.97,1.0,False
2026-11-01,203,TraderAgent,Lagos,1,167.55044936457293,5192.93212890625,478258.8125,Onitsha,True,Onitsha,Onitsha,winning,False,1102.1,1.0,True
2026-11-01,204,TraderAgent,Lagos,2,-29.5,6397.02685546875,440995.8125,Lagos,False,Onitsha,Onitsha,winning,False,1116.9,1.0,False
2026-11-01,205,TraderAgent,Lagos,0,6991.2822265625,15407.716796875,479541.15625,Lagos,False,Onitsha,Onitsha,winning,False,1117.63,3.0,False
2026-11-01,206,TraderAgent,Lagos,0,6991.2822265625,12222.189453125,489676.5625,Lagos,False,Onitsha,Onitsha,winning,False,1117.63,2.0,False
2026-11-01,207,TraderAgent,Lagos,0,6991.2822265625,7171.658203125,429427.53125,Lagos,False,Onitsha,Onitsha,losing,False,1117.63,1.0,False
2026-11-01,208,TraderAgent,Lagos,4,-10.0,11.7975,488341.75,Lagos,False,,,losing,False,1401.97,0.0,False
2026-11-01,209,TraderAgent,Lagos,0,2933.343505859375,9954.048828125,502705.8125,Lagos,False,Onitsha,Lagos,winning,False,1287.66,3.0,False
2026-11-01,210,TraderAgent,Lagos,3,20.0,6982.50244140625,498134.375,Lagos,False,Onitsha,Lagos,winning,False,1223.27,2.0,False
2026-11-01,211,TraderAgent,Lagos,0,6991.2822265625,7096.509765625,501337.28125,Lagos,False,Onitsha,Onitsha,losing,False,1117.63,1.0,False
2026-11-01,212,TraderAgent,Lagos,0,6991.2822265625,7111.658203125,494032.8125,Lagos,False,Onitsha,Onitsha,losing,False,1117.63,1.0,False
2026-11-01,213,BuyerAgent,Lagos,1,1829.89013671875,6354.48486328125,,,,,,,,,,
2026-11-01,214,BuyerAgent,Lagos,2,0.0,4524.5947265625,,,,,,,,,,
2026-11-01,215,BuyerAgent,Lagos,0,1814.803466796875,5056.12060546875,,,,,,,,,,
2026-11-01,216,BuyerAgent,Lagos,2,0.0,1377.640380859375,,,,,,,,,,
2026-11-01,217,BuyerAgent,Lagos,1,1811.177978515625,4399.244140625,,,,,,,,,,
2026-11-01,218,BuyerAgent,Lagos,1,1811.177978515625,3021.60400390625,,,,,,,,,,
2026-11-01,219,BuyerAgent,Lagos,2,0.0,2588.06640625,,,,,,,,,,
2026-11-01,220,BuyerAgent,Lagos,1,1811.177978515625,3188.818359375,,,,,,,,,,
2026-11-01,221,BuyerAgent,Lagos,2,0.0,0.0,,,,,,,,,,
2026-11-01,222,BuyerAgent,Lagos,1,1811.177978515625,3021.60400390625,,,,,,,,,,
2026-11-01,223,BuyerAgent,Lagos,1,1811.177978515625,2125.240478515625,,,,,,,,,,
2026-11-01,224,BuyerAgent,Lagos,1,1811.177978515625,1811.177978515625,,,,,,,,,,
2026-11-01,225,BuyerAgent,Lagos,1,1811.177978515625,1811.177978515625,,,,,,,,,,
2026-11-01,226,BuyerAgent,Lagos,2,0.0,0.0,,,,,,,,,,
2026-11-01,227,BuyerAgent,Lagos,2,0.0,0.0,,,,,,,,,,
2026-11-01,228,BuyerAgent,Lagos,2,0.0,0.0,,,,,,,,,,
2026-11-01,229,BuyerAgent,Lagos,0,1149.468994140625,1149.468994140625,,,,,,,,,,
2026-11-01,230,BuyerAgent,Lagos,1,961.031494140625,961.031494140625,,,,,,,,,,
2026-11-01,231,BuyerAgent,Lagos,1,772.593994140625,772.593994140625,,,,,,,,,,
2026-11-01,232,BuyerAgent,Lagos,2,0.0,0.0,,,,,,,,,,
2026-11-01,233,BuyerAgent,Lagos,1,389.4384765625,389.4384765625,,,,,,,,,,
2026-11-01,234,BuyerAgent,Lagos,2,0.0,0.0,,,,,,,,,,
2026-11-01,235,BuyerAgent,Lagos,0,0.0,0.0,,,,,,,,,,
2026-11-01,236,BuyerAgent,Lagos,1,0.0,0.0,,,,,,,,,,
2026-11-01,237,BuyerAgent,Lagos,2,0.0,0.0,,,,,,,,,,
2026-11-01,238,BuyerAgent,Lagos,2,0.0,0.0,,,,,,,,,,
2026-11-01,239,BuyerAgent,Lagos,0,0.0,0.0,,,,,,,,,,
2026-11-01,240,BuyerAgent,Lagos,1,0.0,0.0,,,,,,,,,,
2026-11-01,241,BuyerAgent,Lagos,0,0.0,0.0,,,,,,,,,,
2026-11-01,242,BuyerAgent,Lagos,1,0.0,0.0,,,,,,,,,,
2026-11-01,243,TransporterAgent,Lagos,0,6.815428691661627,-243.18457130833838,,,,,,,,,,
2026-11-01,244,TransporterAgent,Lagos,2,100.0,57.487753511131984,,,,,,,,,,
2026-11-01,245,TransporterAgent,Lagos,1,-200.0,-285.1714844441264,,,,,,,,,,
2026-11-01,246,TransporterAgent,Lagos,2,100.0,-242.6592379552584,,,,,,,,,,
2026-11-01,247,TransporterAgent,Lagos,1,-200.0,57.64951852442249,,,,,,,,,,
2026-11-01,248,TransporterAgent,Lagos,3,50.0,350.0,,,,,,,,,,
2026-11-01,249,TransporterAgent,Lagos,2,100.0,307.487753511132,,,,,,,,,,
2026-11-01,250,TransporterAgent,Lagos,3,50.0,257.6495185244225,,,,,,,,,,
2026-11-01,251,TransporterAgent,Lagos,0,6.815428691661627,264.15619073640323,,,,,,,,,,
2026-11-01,252,TransporterAgent,Lagos,0,6.815428691661627,164.15619073640323,,,,,,,,,,
2026-11-01,253,BankingAgent,Lagos,0,-0.0,-8.849999999999998,,,,,,,,,,
2026-11-01,254,BankingAgent,Lagos,1,-2.9499999999999993,-17.699999999999996,,,,,,,,,,
2026-11-01,255,BankingAgent,Lagos,0,-0.0,-17.699999999999996,,,,,,,,,,
2026-11-01,257,TraderAgent,Onitsha,0,0.0,2079.203125,479477.8125,Onitsha,False,Port_Harcourt,Port_Harcourt,winning,False,857.89,2.0,False
2026-11-01,258,TraderAgent,Onitsha,2,-25.14875,1899.0657958984375,490750.125,Onitsha,False,,Onitsha,winning,False,774.75,1.0,False
2026-11-01,259,TraderAgent,Onitsha,3,20.0,1914.214599609375,463683.09375,Onitsha,False,,Onitsha,winning,False,736.01,1.0,False
2026-11-01,260,TraderAgent,Onitsha,4,-10.0,1959.3634033203125,460243.25,Onitsha,False,,Onitsha,winning,False,774.75,1.0,False
2026-11-01,261,TraderAgent,Onitsha,4,-10.0,1994.3084716796875,505469.53125,Onitsha,False,,Onitsha,winning,False,790.27,1.0,False
2026-11-01,262,TraderAgent,Onitsha,1,136.91369936792265,92.26494936792264,455029.90625,Port_Harcourt,True,Port_Harcourt,Port_Harcourt,winning,False,812.74,0.0,True
2026-11-01,263,TraderAgent,Onitsha,0,0.0,102.20011631296381,448785.875,Onitsha,False,Port_Harcourt,Port_Harcourt,winning,False,857.89,1.0,False
2026-11-01,264,TraderAgent,Onitsha,2,-25.14875,120.54128625784813,478374.875,Onitsha,False,Port_Harcourt,Port_Harcourt,winning,False,857.89,1.0,False
2026-11-01,265,TraderAgent,Onitsha,4,-10.0,77.48753625784813,486124.125,Onitsha,False,Port_Harcourt,Port_Harcourt,losing,False,857.89,1.0,False
2026-11-01,266,TraderAgent,Onitsha,0,0.0,2186.905517578125,505325.375,Onitsha,False,Port_Harcourt,Port_Harcourt,winning,False,857.89,2.0,False
2026-11-01,267,TraderAgent,Onitsha,2,-25.14875,2017.8634033203125,498020.46875,Onitsha,False,,Onitsha,winning,False,789.55,1.0,False
2026-11-01,268,TraderAgent,Onitsha,0,0.0,136.84886631296382,477540.09375,Onitsha,False,Port_Harcourt,Port_Harcourt,winning,False,857.89,1.0,False
2026-11-01,269,TraderAgent,Onitsha,3,20.0,166.36881828741633,474515.84375,Onitsha,False,Port_Harcourt,Port_Harcourt,winning,False,815.0,1.0,False
2026-11-01,270,TraderAgent,Onitsha,0,2257.60693359375,2382.037841796875,432298.59375,Onitsha,False,Port_Harcourt,Onitsha,winning,False,857.89,2.0,False
2026-11-01,271,TraderAgent,Onitsha,0,0.0,2041.0634765625,491141.875,Onitsha,False,Port_Harcourt,Port_Harcourt,winning,False,857.89,2.0,False
2026-11-01,272,TraderAgent,Onitsha,0,0.0,234.33640257081197,465755.125,Onitsha,False,Port_Harcourt,Port_Harcourt,winning,False,857.89,2.0,False
2026-11-01,273,TraderAgent,Onitsha,4,-10.0,63.01756828741634,489081.375,Onitsha,False,Port_Harcourt,Port_Harcourt,losing,False,857.89,1.0,False
2026-11-01,274,TraderAgent,Onitsha,2,-25.14875,120.54128625784813,465984.09375,Onitsha,False,Port_Harcourt,Port_Harcourt,winning,False,857.89,1.0,False
2026-11-01,275,TraderAgent,Onitsha,0,0.0,196.84886631296382,439697.53125,Onitsha,False,Port_Harcourt,Port_Harcourt,winning,False,857.89,1.0,False
2026-11-01,276,TraderAgent,Onitsha,0,0.0,260.7796563517144,422414.40625,Onitsha,False,Port_Harcourt,Port_Harcourt,winning,False,857.89,2.0,False
2026-11-01,277,BuyerAgent,Onitsha,1,0.0,0.0,,,,,,,,,,
2026-11-01,278,BuyerAgent,Onitsha,0,0.0,890.0103759765625,,,,,,,,,,
2026-11-01,279,BuyerAgent,Onitsha,0,0.0,438.8250732421875,,,,,,,,,,
2026-11-01,280,BuyerAgent,Onitsha,1,0.0,0.001220703125,,,,,,,,,,
2026-11-01,281,BuyerAgent,Onitsha,2,0.0,0.0,,,,,,,,,,
2026-11-01,282,BuyerAgent,Onitsha,2,0.0,215.4852294921875,,,,,,,,,,
2026-11-01,283,BuyerAgent,Onitsha,0,0.0,215.4852294921875,,,,,,,,,,
2026-11-01,284,BuyerAgent,Onitsha,0,0.0,0.0,,,,,,,,,,
2026-11-01,285,BuyerAgent,Onitsha,1,0.0,0.0,,,,,,,,,,
2026-11-01,286,BuyerAgent,Onitsha,1,0.0,0.0,,,,,,,,,,
2026-11-01,287,BuyerAgent,Onitsha,0,0.0,0.0,,,,,,,,,,
2026-11-01,288,BuyerAgent,Onitsha,2,0.0,0.0,,,,,,,,,,
2026-11-01,289,BuyerAgent,Onitsha,0,0.0,0.0,,,,,,,,,,
2026-11-01,290,BuyerAgent,Onitsha,1,0.0,0.0,,,,,,,,,,
2026-11-01,291,BuyerAgent,Onitsha,0,0.0,0.0,,,,,,,,,,
2026-11-01,292,BuyerAgent,Onitsha,1,0.0,0.0,,,,,,,,,,
2026-11-01,293,BuyerAgent,Onitsha,0,0.0,0.0,,,,,,,,,,
2026-11-01,294,BuyerAgent,Onitsha,2,0.0,0.0,,,,,,,,,,
2026-11-01,295,BuyerAgent,Onitsha,1,0.0,0.0,,,,,,,,,,
2026-11-01,296,BuyerAgent,Onitsha,0,0.0,0.0,,,,,,,,,,
2026-11-01,297,BuyerAgent,Onitsha,2,0.0,0.0,,,,,,,,,,
2026-11-01,298,BuyerAgent,Onitsha,2,0.0,0.0,,,,,,,,,,
2026-11-01,299,BuyerAgent,Onitsha,1,0.0,0.0,,,,,,,,,,
2026-11-01,300,BuyerAgent,Onitsha,2,0.0,0.0,,,,,,,,,,
2026-11-01,301,BuyerAgent,Onitsha,2,0.0,0.0,,,,,,,,,,
2026-11-01,302,BuyerAgent,Onitsha,2,0.0,0.0,,,,,,,,,,
2026-11-01,303,BuyerAgent,Onitsha,2,0.0,0.0,,,,,,,,,,
2026-11-01,304,BuyerAgent,Onitsha,0,0.0,0.0,,,,,,,,,,
2026-11-01,305,BuyerAgent,Onitsha,1,0.0,0.0,,,,,,,,,,
2026-11-01,306,BuyerAgent,Onitsha,0,0.0,0.0,,,,,,,,,,
2026-11-01,307,TransporterAgent,Onitsha,1,-200.0,-150.0,,,,,,,,,,
2026-11-01,308,TransporterAgent,Onitsha,0,0.0,150.0,,,,,,,,,,
2026-11-01,309,TransporterAgent,Onitsha,1,-200.0,-100.0,,,,,,,,,,
2026-11-01,310,TransporterAgent,Onitsha,2,100.0,-200.0,,,,,,,,,,
2026-11-01,311,TransporterAgent,Onitsha,1,-200.0,-250.0,,,,,,,,,,
2026-11-01,312,TransporterAgent,Onitsha,3,50.0,300.0,,,,,,,,,,
2026-11-01,313,TransporterAgent,Onitsha,0,0.0,-250.0,,,,,,,,,,
2026-11-01,314,TransporterAgent,Onitsha,1,-200.0,-750.0,,,,,,,,,,
2026-11-01,315,TransporterAgent,Onitsha,0,0.0,50.0,,,,,,,,,,
2026-11-01,316,TransporterAgent,Onitsha,3,50.0,0.0,,,,,,,,,,
2026-11-01,317,BankingAgent,Onitsha,1,-2.9499999999999993,-14.749999999999996,,,,,,,,,,
2026-11-01,318,BankingAgent,Onitsha,0,-0.0,-5.899999999999999,,,,,,,,,,
2026-11-01,319,BankingAgent,Onitsha,2,-1.4749999999999996,-14.749999999999996,,,,,,,,,,
2026-11-01,321,TraderAgent,Port_Harcourt,2,-38.2025,9064.3232421875,545637.75,Port_Harcourt,False,Onitsha,Onitsha,winning,False,1064.14,2.0,False
2026-11-01,322,TraderAgent,Port_Harcourt,3,20.0,5878.12109375,568984.25,Port_Harcourt,False,Onitsha,Onitsha,winning,False,1008.07,1.0,False
2026-11-01,323,TraderAgent,Port_Harcourt,3,20.0,-3.3512500000000003,539511.75,Port_Harcourt,False,,,losing,False,1241.65,0.0,False
2026-11-01,324,TraderAgent,Port_Harcourt,3,20.0,11947.455078125,527614.75,Port_Harcourt,False,Onitsha,Onitsha,winning,False,1010.93,2.0,False
2026-11-01,325,TraderAgent,Port_Harcourt,4,-10.0,-18.2025,546220.9375,Port_Harcourt,False,,,losing,False,1307.0,0.0,False
2026-11-01,326,TraderAgent,Port_Harcourt,0,3029.447021484375,6142.7099609375,553669.0,Port_Harcourt,False,,Port_Harcourt,winning,False,1259.39,2.0,False
2026-11-01,327,TraderAgent,Port_Harcourt,4,-10.0,6028.1669921875,541565.0,Port_Harcourt,False,Onitsha,Onitsha,winning,False,1064.14,1.0,False
2026-11-01,328,TraderAgent,Port_Harcourt,0,6173.4638671875,12197.111328125,567777.6875,Port_Harcourt,False,Onitsha,Onitsha,winning,False,1064.86,2.0,False
2026-11-01,329,TraderAgent,Port_Harcourt,4,-10.0,5839.41845703125,540555.25,Port_Harcourt,False,Onitsha,Onitsha,winning,False,1061.12,1.0,False
2026-11-01,330,TraderAgent,Port_Harcourt,3,20.0,6146.36962890625,563853.0625,Port_Harcourt,False,Onitsha,Onitsha,winning,False,1010.93,1.0,False
2026-11-01,331,TraderAgent,Port_Harcourt,0,2972.9150390625,6106.544921875,548564.0,Port_Harcourt,False,,Port_Harcourt,winning,False,1248.08,2.0,False
2026-11-01,332,TraderAgent,Port_Harcourt,4,-10.0,6056.36962890625,496396.4375,Port_Harcourt,False,Onitsha,Onitsha,winning,False,1064.14,1.0,False
2026-11-01,333,TraderAgent,Port_Harcourt,4,-10.0,-76.405,536017.8125,Port_Harcourt,False,,,losing,False,1307.0,0.0,False
2026-11-01,334,TraderAgent,Port_Harcourt,4,-10.0,3023.99462890625,556475.5625,Port_Harcourt,False,,Port_Harcourt,winning,False,1236.78,1.0,False
2026-11-01,335,TraderAgent,Port_Harcourt,0,6173.4638671875,12197.111328125,533025.625,Port_Harcourt,False,Onitsha,Onitsha,winning,False,1064.86,2.0,False
2026-11-01,336,TraderAgent,Port_Harcourt,0,2972.9150390625,8853.849609375,564149.375,Port_Harcourt,False,,Port_Harcourt,winning,False,1248.08,3.0,False
2026-11-01,337,TraderAgent,Port_Harcourt,2,-38.2025,11889.2529296875,554272.25,Port_Harcourt,False,Onitsha,Onitsha,winning,False,1064.14,2.0,False
2026-11-01,338,TraderAgent,Port_Harcourt,3,20.0,5851.58544921875,507830.09375,Port_Harcourt,False,Onitsha,Onitsha,winning,False,996.87,1.0,False
2026-11-01,339,TraderAgent,Port_Harcourt,1,135.8306699876439,6091.63525390625,537696.125,Onitsha,True,Onitsha,Onitsha,winning,False,1248.08,2.0,True
2026-11-01,340,TraderAgent,Port_Harcourt,3,20.0,3153.6298828125,542894.1875,Port_Harcourt,False,,Port_Harcourt,winning,False,1185.68,1.0,False
2026-11-01,341,BuyerAgent,Port_Harcourt,2,0.0,2966.319580078125,,,,,,,,,,
2026-11-01,342,BuyerAgent,Port_Harcourt,1,1573.746337890625,3416.187744140625,,,,,,,,,,
2026-11-01,343,BuyerAgent,Port_Harcourt,0,1573.746337890625,4478.388671875,,,,,,,,,,
2026-11-01,344,BuyerAgent,Port_Harcourt,2,0.0,1842.44140625,,,,,,,,,,
2026-11-01,345,BuyerAgent,Port_Harcourt,1,657.647705078125,3562.2900390625,,,,,,,,,,
2026-11-01,346,BuyerAgent,Port_Harcourt,0,657.647705078125,2167.1826171875,,,,,,,,,,
2026-11-01,347,BuyerAgent,Port_Harcourt,0,601.11572265625,3558.50830078125,,,,,,,,,,
2026-11-01,348,BuyerAgent,Port_Harcourt,0,0.0,1849.97802734375,,,,,,,,,,
2026-11-01,349,BuyerAgent,Port_Harcourt,0,0.0,1797.227783203125,,,,,,,,,,
2026-11-01,350,BuyerAgent,Port_Harcourt,2,0.0,990.552978515625,,,,,,,,,,
2026-11-01,351,BuyerAgent,Port_Harcourt,0,0.0,578.50341796875,,,,,,,,,,
2026-11-01,352,BuyerAgent,Port_Harcourt,1,0.0,347.98095703125,,,,,,,,,,
2026-11-01,353,BuyerAgent,Port_Harcourt,1,0.0,347.98095703125,,,,,,,,,,
2026-11-01,354,BuyerAgent,Port_Harcourt,2,0.0,0.0,,,,,,,,,,
2026-11-01,355,BuyerAgent,Port_Harcourt,1,0.0,0.0,,,,,,,,,,
2026-11-01,356,BuyerAgent,Port_Harcourt,2,0.0,0.0,,,,,,,,,,
2026-11-01,357,BuyerAgent,Port_Harcourt,1,0.0,0.0,,,,,,,,,,
2026-11-01,358,BuyerAgent,Port_Harcourt,2,0.0,0.0,,,,,,,,,,
2026-11-01,359,BuyerAgent,Port_Harcourt,1,0.0,0.0,,,,,,,,,,
2026-11-01,360,BuyerAgent,Port_Harcourt,0,0.0,0.0,,,,,,,,,,
2026-11-01,361,BuyerAgent,Port_Harcourt,1,0.0,0.0,,,,,,,,,,
2026-11-01,362,BuyerAgent,Port_Harcourt,2,0.0,0.0,,,,,,,,,,
2026-11-01,363,BuyerAgent,Port_Harcourt,1,0.0,0.0,,,,,,,,,,
2026-11-01,364,BuyerAgent,Port_Harcourt,1,0.0,0.0,,,,,,,,,,
2026-11-01,365,BuyerAgent,Port_Harcourt,0,0.0,0.0,,,,,,,,,,
2026-11-01,366,BuyerAgent,Port_Harcourt,0,0.0,0.0,,,,,,,,,,
2026-11-01,367,BuyerAgent,Port_Harcourt,2,0.0,0.0,,,,,,,,,,
2026-11-01,368,BuyerAgent,Port_Harcourt,2,0.0,0.0,,,,,,,,,,
2026-11-01,369,BuyerAgent,Port_Harcourt,0,0.0,0.0,,,,,,,,,,
2026-11-01,370,BuyerAgent,Port_Harcourt,2,0.0,0.0,,,,,,,,,,
2026-11-01,371,TransporterAgent,Port_Harcourt,0,0.0,-300.0,,,,,,,,,,
2026-11-01,372,TransporterAgent,Port_Harcourt,3,50.0,150.0,,,,,,,,,,
2026-11-01,373,TransporterAgent,Port_Harcourt,0,0.0,150.0,,,,,,,,,,
2026-11-01,374,TransporterAgent,Port_Harcourt,0,0.0,50.0,,,,,,,,,,
2026-11-01,375,TransporterAgent,Port_Harcourt,2,100.0,400.0,,,,,,,,,,
2026-11-01,376,TransporterAgent,Port_Harcourt,2,100.0,350.0,,,,,,,,,,
2026-11-01,377,TransporterAgent,Port_Harcourt,1,-200.0,-350.0,,,,,,,,,,
2026-11-01,378,TransporterAgent,Port_Harcourt,3,50.0,-50.0,,,,,,,,,,
2026-11-01,379,TransporterAgent,Port_Harcourt,2,100.0,-250.0,,,,,,,,,,
2026-11-01,380,TransporterAgent,Port_Harcourt,2,100.0,-100.0,,,,,,,,,,
2026-11-01,381,BankingAgent,Port_Harcourt,1,-2.9499999999999993,-5.899999999999999,,,,,,,,,,
2026-11-01,382,BankingAgent,Port_Harcourt,0,-0.0,-11.799999999999997,,,,,,,,,,
2026-11-01,383,BankingAgent,Port_Harcourt,1,-2.9499999999999993,-20.649999999999995,,,,,,,,,,
2026-12-01,1,TraderAgent,Abuja,2,-38.2025,797.4681396484375,477030.5625,Abuja,False,Onitsha,Abuja,winning,False,262.5,2.0,False
2026-12-01,2,TraderAgent,Abuja,2,-38.2025,152.7582491339744,418504.96875,Abuja,False,Onitsha,Onitsha,winning,False,285.0,1.0,False
2026-12-01,3,TraderAgent,Abuja,1,121.2508811535004,161.25088115350042,460887.53125,Onitsha,True,Onitsha,Onitsha,winning,False,270.0,0.0,True
2026-12-01,4,TraderAgent,Abuja,0,750.0,1598.9036865234375,451716.1875,Abuja,False,Onitsha,Abuja,winning,False,285.0,3.0,False
2026-12-01,5,TraderAgent,Abuja,1,121.2508811535004,758.04833984375,467259.6875,Onitsha,True,Onitsha,Onitsha,winning,False,262.5,1.0,True
2026-12-01,6,TraderAgent,Abuja,0,637.5,1900.5,469444.0,Abuja,False,,Abuja,winning,False,262.5,3.0,False
2026-12-01,7,TraderAgent,Abuja,3,20.0,908.2811279296875,389380.46875,Abuja,False,Onitsha,Abuja,winning,False,249.38,2.0,False
2026-12-01,8,TraderAgent,Abuja,1,121.2508811535004,146.1021311535004,450246.96875,Onitsha,True,Onitsha,Onitsha,winning,False,270.0,0.0,True
2026-12-01,9,TraderAgent,Abuja,0,750.0,910.9607543945312,406522.40625,Abuja,False,Onitsha,Abuja,winning,False,285.0,2.0,False
2026-12-01,10,TraderAgent,Abuja,0,0.0,385.96631609007216,407194.375,Abuja,False,Onitsha,Onitsha,winning,False,285.0,3.0,False
2026-12-01,11,TraderAgent,Abuja,1,121.2508811535004,212.64334376960028,453616.15625,Onitsha,True,Onitsha,Onitsha,winning,False,285.0,1.0,True
2026-12-01,12,TraderAgent,Abuja,3,20.0,1045.8270263671875,439301.875,Abuja,False,Onitsha,Onitsha,winning,False,270.75,3.0,False
2026-12-01,13,TraderAgent,Abuja,2,-38.2025,91.87609674466391,481654.46875,Abuja,False,Onitsha,Onitsha,winning,False,285.0,1.0,False
2026-12-01,14,TraderAgent,Abuja,4,-10.0,1283.0,484575.59375,Abuja,False,,Abuja,winning,False,262.5,2.0,False
2026-12-01,15,TraderAgent,Abuja,4,-10.0,665.5,478438.5625,Abuja,False,,Abuja,winning,False,262.5,1.0,False
2026-12-01,16,TraderAgent,Abuja,3,20.0,-49.5,392654.59375,Abuja,False,,,losing,False,256.5,0.0,False
2026-12-01,17,TraderAgent,Abuja,0,0.0,1588.32470703125,433331.3125,Abuja,False,Onitsha,Onitsha,winning,False,285.0,3.0,False
2026-12-01,18,TraderAgent,Abuja,4,-10.0,2122.0126953125,481816.03125,Abuja,False,,Abuja,winning,False,262.5,3.0,False
2026-12-01,19,TraderAgent,Abuja,0,0.0,264.7727806083392,442990.8125,Abuja,False,Onitsha,Onitsha,winning,False,285.0,2.0,False
2026-12-01,20,TraderAgent,Abuja,0,675.0,635.5,490364.5625,Abuja,False,,Abuja,losing,False,270.0,1.0,False
2026-12-01,21,BuyerAgent,Abuja,1,112.5,375.0,,,,,,,,,,
2026-12-01,22,BuyerAgent,Abuja,2,0.0,119.737548828125,,,,,,,,,,
2026-12-01,23,BuyerAgent,Abuja,1,75.0,262.5,,,,,,,,,,
2026-12-01,24,BuyerAgent,Abuja,0,0.0,146.81243896484375,,,,,,,,,,
2026-12-01,25,BuyerAgent,Abuja,1,0.0,75.0,,,,,,,,,,
2026-12-01,26,BuyerAgent,Abuja,1,0.0,0.0,,,,,,,,,,
2026-12-01,27,BuyerAgent,Abuja,1,0.0,0.0,,,,,,,,,,
2026-12-01,28,BuyerAgent,Abuja,2,0.0,85.42510986328125,,,,,,,,,,
2026-12-01,29,BuyerAgent,Abuja,0,0.0,85.42510986328125,,,,,,,,,,
2026-12-01,30,BuyerAgent,Abuja,0,0.0,85.42510986328125,,,,,,,,,,
2026-12-01,31,BuyerAgent,Abuja,1,0.0,0.0,,,,,,,,,,
2026-12-01,32,BuyerAgent,Abuja,0,0.0,0.0,,,,,,,,,,
2026-12-01,33,BuyerAgent,Abuja,1,0.0,0.0,,,,,,,,,,
2026-12-01,34,BuyerAgent,Abuja,0,0.0,0.0,,,,,,,,,,
2026-12-01,35,BuyerAgent,Abuja,1,0.0,0.0,,,,,,,,,,
2026-12-01,36,BuyerAgent,Abuja,2,0.0,0.0,,,,,,,,,,
2026-12-01,37,BuyerAgent,Abuja,2,0.0,0.0,,,,,,,,,,
2026-12-01,38,BuyerAgent,Abuja,1,0.0,0.0,,,,,,,,,,
2026-12-01,39,BuyerAgent,Abuja,1,0.0,0.0,,,,,,,,,,
2026-12-01,40,BuyerAgent,Abuja,0,0.0,0.0,,,,,,,,,,
2026-12-01,41,BuyerAgent,Abuja,1,0.0,0.0,,,,,,,,,,
2026-12-01,42,BuyerAgent,Abuja,0,0.0,0.0,,,,,,,,,,
2026-12-01,43,BuyerAgent,Abuja,2,0.0,0.0,,,,,,,,,,
2026-12-01,44,BuyerAgent,Abuja,0,0.0,0.0,,,,,,,,,,
2026-12-01,45,BuyerAgent,Abuja,1,0.0,0.0,,,,,,,,,,
2026-12-01,46,BuyerAgent,Abuja,0,0.0,0.0,,,,,,,,,,
2026-12-01,47,BuyerAgent,Abuja,2,0.0,0.0,,,,,,,,,,
2026-12-01,48,BuyerAgent,Abuja,2,0.0,0.0,,,,,,,,,,
2026-12-01,49,BuyerAgent,Abuja,2,0.0,0.0,,,,,,,,,,
2026-12-01,50,BuyerAgent,Abuja,2,0.0,0.0,,,,,,,,,,
2026-12-01,51,TransporterAgent,Abuja,2,100.0,355.1911849696421,,,,,,,,,,
2026-12-01,52,TransporterAgent,Abuja,2,100.0,200.0,,,,,,,,,,
2026-12-01,53,TransporterAgent,Abuja,3,50.0,150.0,,,,,,,,,,
2026-12-01,54,TransporterAgent,Abuja,3,50.0,360.19205712620305,,,,,,,,,,
2026-12-01,55,TransporterAgent,Abuja,1,-200.0,-334.29151645064496,,,,,,,,,,
2026-12-01,56,TransporterAgent,Abuja,2,100.0,-35.05915278293182,,,,,,,,,,
2026-12-01,57,TransporterAgent,Abuja,0,4.623142042313889,-145.3768579576861,,,,,,,,,,
2026-12-01,58,TransporterAgent,Abuja,2,100.0,405.1197421806036,,,,,,,,,,
2026-12-01,59,TransporterAgent,Abuja,2,100.0,-94.88025781939638,,,,,,,,,,
2026-12-01,60,TransporterAgent,Abuja,2,100.0,305.1911849696421,,,,,,,,,,
2026-12-01,61,BankingAgent,Abuja,0,-0.0,-5.899999999999999,,,,,,,,,,
2026-12-01,62,BankingAgent,Abuja,1,-2.9499999999999993,-17.699999999999996,,,,,,,,,,
2026-12-01,63,BankingAgent,Abuja,1,-2.9499999999999993,-14.749999999999996,,,,,,,,,,
2026-12-01,65,TraderAgent,Bauchi,1,133.81683417942222,1288.077880859375,464330.8125,Onitsha,True,Onitsha,Onitsha,winning,False,361.05,2.0,True
2026-12-01,66,TraderAgent,Bauchi,4,-10.0,184.3859286848476,312098.96875,Bauchi,False,Onitsha,Onitsha,winning,False,406.72,1.0,False
2026-12-01,67,TraderAgent,Bauchi,4,-10.0,-164.10750000000002,485862.90625,Bauchi,False,,,losing,False,385.32,0.0,False
2026-12-01,68,TraderAgent,Bauchi,2,-29.5,782.1346435546875,279550.40625,Bauchi,False,Onitsha,Onitsha,winning,False,406.72,2.0,False
2026-12-01,69,TraderAgent,Bauchi,2,-29.5,85.38592868484761,237465.0625,Bauchi,False,Onitsha,Onitsha,losing,False,406.72,1.0,False
2026-12-01,70,TraderAgent,Bauchi,0,1070.324951171875,1742.77587890625,439403.46875,Bauchi,False,Onitsha,Bauchi,winning,False,406.72,3.0,False
2026-12-01,71,TraderAgent,Bauchi,2,-29.5,76.68342868484761,370193.90625,Bauchi,False,Onitsha,Onitsha,losing,False,406.72,1.0,False
2026-12-01,72,TraderAgent,Bauchi,3,20.0,258.70735530567777,300620.8125,Bauchi,False,Onitsha,Onitsha,winning,False,386.39,2.0,False
2026-12-01,73,TraderAgent,Bauchi,4,-10.0,2377.25244140625,485068.75,Bauchi,False,Onitsha,Bauchi,winning,False,361.05,4.0,False
2026-12-01,74,TraderAgent,Bauchi,4,-10.0,67.41642662083018,256997.453125,Bauchi,False,Onitsha,Onitsha,losing,False,406.72,1.0,False
2026-12-01,75,TraderAgent,Bauchi,1,133.81683417942222,1344.123046875,501620.8125,Onitsha,True,Onitsha,Onitsha,winning,False,347.48,2.0,True
2026-12-01,76,TraderAgent,Bauchi,1,133.81683417942222,891.0968627929688,431739.46875,Onitsha,True,Onitsha,Onitsha,winning,False,361.05,1.0,True
2026-12-01,77,TraderAgent,Bauchi,2,-29.5,1749.3671875,397362.5625,Bauchi,False,Onitsha,Bauchi,winning,False,361.05,3.0,False
2026-12-01,78,TraderAgent,Bauchi,0,706.2637329101562,1367.638671875,501265.1875,Bauchi,False,,Bauchi,winning,False,333.91,2.0,False
2026-12-01,79,TraderAgent,Bauchi,0,0.0,934.3070068359375,473842.09375,Bauchi,False,Onitsha,Onitsha,winning,False,406.72,2.0,False
2026-12-01,80,TraderAgent,Bauchi,0,1070.324951171875,1913.723876953125,506547.8125,Bauchi,False,Onitsha,Bauchi,winning,False,406.72,3.0,False
2026-12-01,81,TraderAgent,Bauchi,1,133.81683417942222,805.7033081054688,300793.375,Onitsha,True,Onitsha,Onitsha,winning,False,406.72,2.0,True
2026-12-01,82,TraderAgent,Bauchi,1,133.81683417942222,1176.790771484375,430464.53125,Onitsha,True,Onitsha,Onitsha,winning,False,320.34,2.0,True
2026-12-01,83,TraderAgent,Bauchi,4,-10.0,861.8875122070312,516849.40625,Bauchi,False,,Bauchi,winning,False,361.05,1.0,False
2026-12-01,84,TraderAgent,Bauchi,0,570.5886840820312,1060.451171875,403452.25,Bauchi,False,,Bauchi,winning,False,306.78,2.0,False
2026-12-01,85,BuyerAgent,Bauchi,0,499.736328125,1022.8387451171875,,,,,,,,,,
2026-12-01,86,BuyerAgent,Bauchi,1,364.061279296875,777.8697509765625,,,,,,,,,,
2026-12-01,87,BuyerAgent,Bauchi,0,0.0,436.4210510253906,,,,,,,,,,
2026-12-01,88,BuyerAgent,Bauchi,1,0.0,276.6261291503906,,,,,,,,,,
2026-12-01,89,BuyerAgent,Bauchi,1,0.0,0.0,,,,,,,,,,
2026-12-01,90,BuyerAgent,Bauchi,0,0.0,159.79507446289062,,,,,,,,,,
2026-12-01,91,BuyerAgent,Bauchi,2,0.0,97.9876708984375,,,,,,,,,,
2026-12-01,92,BuyerAgent,Bauchi,1,0.0,0.0,,,,,,,,,,
2026-12-01,93,BuyerAgent,Bauchi,2,0.0,0.0,,,,,,,,,,
2026-12-01,94,BuyerAgent,Bauchi,2,0.0,0.0,,,,,,,,,,
2026-12-01,95,BuyerAgent,Bauchi,0,0.0,0.0,,,,,,,,,,
2026-12-01,96,BuyerAgent,Bauchi,2,0.0,0.0,,,,,,,,,,
2026-12-01,97,BuyerAgent,Bauchi,1,0.0,0.0,,,,,,,,,,
2026-12-01,98,BuyerAgent,Bauchi,0,0.0,0.0,,,,,,,,,,
2026-12-01,99,BuyerAgent,Bauchi,0,0.0,0.0,,,,,,,,,,
2026-12-01,100,BuyerAgent,Bauchi,1,0.0,0.0,,,,,,,,,,
2026-12-01,101,BuyerAgent,Bauchi,2,0.0,0.0,,,,,,,,,,
2026-12-01,102,BuyerAgent,Bauchi,2,0.0,0.0,,,,,,,,,,
2026-12-01,103,BuyerAgent,Bauchi,1,0.0,0.0,,,,,,,,,,
2026-12-01,104,BuyerAgent,Bauchi,1,0.0,0.0,,,,,,,,,,
2026-12-01,105,BuyerAgent,Bauchi,2,0.0,0.0,,,,,,,,,,
2026-12-01,106,BuyerAgent,Bauchi,0,0.0,0.0,,,,,,,,,,
2026-12-01,107,BuyerAgent,Bauchi,0,0.0,0.0,,,,,,,,,,
2026-12-01,108,BuyerAgent,Bauchi,2,0.0,0.0,,,,,,,,,,
2026-12-01,109,BuyerAgent,Bauchi,1,0.0,0.0,,,,,,,,,,
2026-12-01,110,BuyerAgent,Bauchi,2,0.0,0.0,,,,,,,,,,
2026-12-01,111,BuyerAgent,Bauchi,1,0.0,0.0,,,,,,,,,,
2026-12-01,112,BuyerAgent,Bauchi,1,0.0,0.0,,,,,,,,,,
2026-12-01,113,BuyerAgent,Bauchi,2,0.0,0.0,,,,,,,,,,
2026-12-01,114,BuyerAgent,Bauchi,0,0.0,0.0,,,,,,,,,,
2026-12-01,115,TransporterAgent,Bauchi,1,-200.0,50.0,,,,,,,,,,
2026-12-01,116,TransporterAgent,Bauchi,0,0.0,350.0,,,,,,,,,,
2026-12-01,117,TransporterAgent,Bauchi,2,100.0,550.0,,,,,,,,,,
2026-12-01,118,TransporterAgent,Bauchi,1,-200.0,-300.0,,,,,,,,,,
2026-12-01,119,TransporterAgent,Bauchi,2,100.0,-100.0,,,,,,,,,,
2026-12-01,120,TransporterAgent,Bauchi,3,50.0,300.0,,,,,,,,,,
2026-12-01,121,TransporterAgent,Bauchi,1,-200.0,-500.0,,,,,,,,,,
2026-12-01,122,TransporterAgent,Bauchi,0,0.0,-400.0,,,,,,,,,,
2026-12-01,123,TransporterAgent,Bauchi,2,100.0,-150.0,,,,,,,,,,
2026-12-01,124,TransporterAgent,Bauchi,3,50.0,-300.0,,,,,,,,,,
2026-12-01,125,BankingAgent,Bauchi,1,-2.9499999999999993,-20.649999999999995,,,,,,,,,,
2026-12-01,126,BankingAgent,Bauchi,0,-0.0,-14.749999999999996,,,,,,,,,,
2026-12-01,127,BankingAgent,Bauchi,0,-0.0,-17.699999999999996,,,,,,,,,,
2026-12-01,129,TraderAgent,Kano,1,123.38545279927253,2869.50048828125,401858.625,Onitsha,True,Onitsha,Onitsha,winning,False,442.2,4.0,True
2026-12-01,130,TraderAgent,Kano,0,959.7744750976562,1974.7247314453125,452527.0,Kano,False,,Kano,winning,False,427.12,2.0,False
2026-12-01,131,TraderAgent,Kano,1,123.38545279927253,173.66016442210753,394270.03125,Onitsha,True,Onitsha,Onitsha,winning,False,496.47,1.0,True
2026-12-01,132,TraderAgent,Kano,1,123.38545279927253,1138.335693359375,445805.53125,Onitsha,True,Onitsha,Onitsha,winning,False,427.12,1.0,True
2026-12-01,133,TraderAgent,Kano,2,-29.5,927.2477416992188,406894.4375,Kano,False,,Kano,winning,False,427.12,1.0,False
2026-12-01,134,TraderAgent,Kano,0,0.0,1228.6842041015625,367841.90625,Kano,False,Onitsha,Onitsha,winning,False,496.47,3.0,False
2026-12-01,135,TraderAgent,Kano,2,-29.5,940.741455078125,415493.625,Kano,False,Onitsha,Onitsha,winning,False,496.47,3.0,False
2026-12-01,136,TraderAgent,Kano,1,123.38545279927253,105.18295279927253,444619.8125,Onitsha,True,Onitsha,Onitsha,winning,False,470.34,0.0,True
2026-12-01,137,TraderAgent,Kano,4,-10.0,1417.0997314453125,429405.1875,Kano,False,,Kano,winning,False,412.05,2.0,False
2026-12-01,138,TraderAgent,Kano,3,20.0,70.27471162283499,435002.25,Kano,False,Onitsha,Onitsha,winning,False,471.65,1.0,False
2026-12-01,139,TraderAgent,Kano,1,123.38545279927253,1462.450439453125,418007.46875,Onitsha,True,Onitsha,Onitsha,winning,False,442.2,2.0,True
2026-12-01,140,TraderAgent,Kano,2,-29.5,124.125961622835,432181.6875,Kano,False,Onitsha,Onitsha,winning,False,496.47,1.0,False
2026-12-01,141,TraderAgent,Kano,3,20.0,2235.974853515625,466601.5625,Kano,False,,Kano,winning,False,405.77,3.0,False
2026-12-01,142,TraderAgent,Kano,0,0.0,286.22805990410376,449128.15625,Kano,False,Onitsha,Onitsha,winning,False,496.47,2.0,False
2026-12-01,143,TraderAgent,Kano,1,123.38545279927253,46.98045279927253,447306.625,Onitsha,True,Onitsha,Onitsha,losing,False,470.34,0.0,True
2026-12-01,144,TraderAgent,Kano,3,20.0,286.6414336456434,399017.40625,Kano,False,Onitsha,Onitsha,winning,False,471.65,2.0,False
2026-12-01,145,TraderAgent,Kano,2,-29.5,1211.67041015625,392585.1875,Kano,False,Onitsha,Kano,winning,False,427.12,2.0,False
2026-12-01,146,TraderAgent,Kano,4,-10.0,2308.940185546875,417359.90625,Kano,False,Onitsha,Onitsha,winning,False,496.47,4.0,False
2026-12-01,147,TraderAgent,Kano,4,-10.0,847.2259521484375,393379.4375,Kano,False,Onitsha,Onitsha,winning,False,496.47,2.0,False
2026-12-01,148,TraderAgent,Kano,0,1306.4996337890625,1414.976806640625,454902.71875,Kano,False,Onitsha,Kano,winning,False,496.47,2.0,False
2026-12-01,149,BuyerAgent,Kano,1,346.72515869140625,1175.850830078125,,,,,,,,,,
2026-12-01,150,BuyerAgent,Kano,0,0.0,402.0001220703125,,,,,,,,,,
2026-12-01,151,BuyerAgent,Kano,0,0.0,628.1253051757812,,,,,,,,,,
2026-12-01,152,BuyerAgent,Kano,2,0.0,190.9503173828125,,,,,,,,,,
2026-12-01,153,BuyerAgent,Kano,2,0.0,80.400390625,,,,,,,,,,
2026-12-01,154,BuyerAgent,Kano,0,0.0,80.40008544921875,,,,,,,,,,
2026-12-01,155,BuyerAgent,Kano,1,0.0,0.0,,,,,,,,,,
2026-12-01,156,BuyerAgent,Kano,1,0.0,0.0,,,,,,,,,,
2026-12-01,157,BuyerAgent,Kano,1,0.0,80.40008544921875,,,,,,,,,,
2026-12-01,158,BuyerAgent,Kano,1,0.0,0.0,,,,,,,,,,
2026-12-01,159,BuyerAgent,Kano,0,0.0,0.0,,,,,,,,,,
2026-12-01,160,BuyerAgent,Kano,2,0.0,0.0,,,,,,,,,,
2026-12-01,161,BuyerAgent,Kano,0,0.0,0.0,,,,,,,,,,
2026-12-01,162,BuyerAgent,Kano,2,0.0,0.0,,,,,,,,,,
2026-12-01,163,BuyerAgent,Kano,2,0.0,0.0,,,,,,,,,,
2026-12-01,164,BuyerAgent,Kano,0,0.0,0.0,,,,,,,,,,
2026-12-01,165,BuyerAgent,Kano,0,0.0,0.0,,,,,,,,,,
2026-12-01,166,BuyerAgent,Kano,0,0.0,0.0,,,,,,,,,,
2026-12-01,167,BuyerAgent,Kano,1,0.0,0.0,,,,,,,,,,
2026-12-01,168,BuyerAgent,Kano,2,0.0,0.0,,,,,,,,,,
2026-12-01,169,BuyerAgent,Kano,0,0.0,0.0,,,,,,,,,,
2026-12-01,170,BuyerAgent,Kano,0,0.0,0.0,,,,,,,,,,
2026-12-01,171,BuyerAgent,Kano,2,0.0,0.0,,,,,,,,,,
2026-12-01,172,BuyerAgent,Kano,1,0.0,0.0,,,,,,,,,,
2026-12-01,173,BuyerAgent,Kano,2,0.0,0.0,,,,,,,,,,
2026-12-01,174,BuyerAgent,Kano,1,0.0,0.0,,,,,,,,,,
2026-12-01,175,BuyerAgent,Kano,2,0.0,0.0,,,,,,,,,,
2026-12-01,176,BuyerAgent,Kano,0,0.0,0.0,,,,,,,,,,
2026-12-01,177,BuyerAgent,Kano,1,0.0,0.0,,,,,,,,,,
2026-12-01,178,BuyerAgent,Kano,0,0.0,0.0,,,,,,,,,,
2026-12-01,179,TransporterAgent,Kano,2,100.0,200.0,,,,,,,,,,
2026-12-01,180,TransporterAgent,Kano,3,50.0,400.0,,,,,,,,,,
2026-12-01,181,TransporterAgent,Kano,0,0.0,-50.0,,,,,,,,,,
2026-12-01,182,TransporterAgent,Kano,1,-200.0,-450.0,,,,,,,,,,
2026-12-01,183,TransporterAgent,Kano,0,0.0,250.0,,,,,,,,,,
2026-12-01,184,TransporterAgent,Kano,0,0.0,200.0,,,,,,,,,,
2026-12-01,185,TransporterAgent,Kano,2,100.0,-150.0,,,,,,,,,,
2026-12-01,186,TransporterAgent,Kano,2,100.0,-200.0,,,,,,,,,,
2026-12-01,187,TransporterAgent,Kano,3,50.0,150.0,,,,,,,,,,
2026-12-01,188,TransporterAgent,Kano,3,50.0,-250.0,,,,,,,,,,
2026-12-01,189,BankingAgent,Kano,1,-2.9499999999999993,-20.649999999999995,,,,,,,,,,
2026-12-01,190,BankingAgent,Kano,1,-2.9499999999999993,-8.849999999999998,,,,,,,,,,
2026-12-01,191,BankingAgent,Kano,0,-0.0,-23.6,,,,,,,,,,
2026-12-01,193,TraderAgent,Lagos,0,3335.34423828125,9690.7890625,512866.40625,Lagos,False,,Lagos,winning,False,1413.28,3.0,False
2026-12-01,194,TraderAgent,Lagos,1,169.27551623715075,12346.3154296875,484469.90625,Onitsha,True,Onitsha,Onitsha,winning,False,1167.88,2.0,True
2026-12-01,195,TraderAgent,Lagos,4,-10.0,5612.27001953125,498955.6875,Lagos,False,Onitsha,Onitsha,winning,False,1164.13,1.0,False
2026-12-01,196,TraderAgent,Lagos,0,7771.8212890625,13024.75390625,486877.96875,Lagos,False,Onitsha,Onitsha,winning,False,1167.77,2.0,False
2026-12-01,197,TraderAgent,Lagos,3,20.0,8252.7080078125,445145.1875,Lagos,False,Onitsha,Onitsha,winning,False,1105.93,2.0,False
2026-12-01,198,TraderAgent,Lagos,4,-10.0,5576.31982421875,494261.625,Lagos,False,,Lagos,winning,False,1413.28,2.0,False
2026-12-01,199,TraderAgent,Lagos,2,-25.14875,13486.3310546875,501455.90625,Lagos,False,Onitsha,Lagos,winning,False,1413.28,3.0,False
2026-12-01,200,TraderAgent,Lagos,1,169.27551623715075,7894.23291015625,486850.09375,Onitsha,True,Onitsha,Onitsha,winning,False,1413.28,2.0,True
2026-12-01,201,TraderAgent,Lagos,3,20.0,15427.716796875,500191.53125,Lagos,False,Onitsha,Onitsha,winning,False,1109.48,3.0,False
2026-12-01,202,TraderAgent,Lagos,1,169.27551623715075,3649.0634765625,492608.09375,Onitsha,True,Onitsha,Onitsha,winning,False,1413.28,1.0,True
2026-12-01,203,TraderAgent,Lagos,0,7771.8212890625,12964.75390625,492803.46875,Lagos,False,Onitsha,Onitsha,winning,False,1167.77,2.0,False
2026-12-01,204,TraderAgent,Lagos,2,-25.14875,6371.8779296875,440970.625,Lagos,False,Onitsha,Onitsha,winning,False,1167.15,1.0,False
2026-12-01,205,TraderAgent,Lagos,0,2108.32275390625,17516.0390625,481624.3125,Lagos,False,Onitsha,Lagos,winning,False,1167.88,4.0,False
2026-12-01,206,TraderAgent,Lagos,2,-25.14875,12197.041015625,489651.40625,Lagos,False,Onitsha,Onitsha,winning,False,1167.88,2.0,False
2026-12-01,207,TraderAgent,Lagos,0,2108.32275390625,9279.98046875,431510.6875,Lagos,False,Onitsha,Lagos,winning,False,1167.88,2.0,False
2026-12-01,208,TraderAgent,Lagos,2,-25.14875,-13.35125,488316.59375,Lagos,False,,,losing,False,1492.42,0.0,False
2026-12-01,209,TraderAgent,Lagos,3,20.0,9974.048828125,502705.8125,Lagos,False,Onitsha,Lagos,winning,False,1342.62,3.0,False
2026-12-01,210,TraderAgent,Lagos,1,169.27551623715075,7151.77783203125,484663.625,Onitsha,True,Onitsha,Onitsha,winning,False,1337.91,2.0,True
2026-12-01,211,TraderAgent,Lagos,3,20.0,7116.509765625,501337.28125,Lagos,False,Onitsha,Onitsha,winning,False,1109.48,1.0,False
2026-12-01,212,TraderAgent,Lagos,2,-25.14875,7086.50927734375,494007.625,Lagos,False,Onitsha,Onitsha,winning,False,1167.88,1.0,False
2026-12-01,213,BuyerAgent,Lagos,1,2037.857666015625,8392.3427734375,,,,,,,,,,
2026-12-01,214,BuyerAgent,Lagos,2,0.0,4524.5947265625,,,,,,,,,,
2026-12-01,215,BuyerAgent,Lagos,2,0.0,5056.12060546875,,,,,,,,,,
2026-12-01,216,BuyerAgent,Lagos,0,2037.857666015625,3415.498046875,,,,,,,,,,
2026-12-01,217,BuyerAgent,Lagos,1,2037.30224609375,6436.54638671875,,,,,,,,,,
2026-12-01,218,BuyerAgent,Lagos,2,0.0,3021.60400390625,,,,,,,,,,
2026-12-01,219,BuyerAgent,Lagos,1,2037.30224609375,4625.36865234375,,,,,,,,,,
2026-12-01,220,BuyerAgent,Lagos,2,0.0,3188.818359375,,,,,,,,,,
2026-12-01,221,BuyerAgent,Lagos,2,0.0,0.0,,,,,,,,,,
2026-12-01,222,BuyerAgent,Lagos,2,0.0,3021.60400390625,,,,,,,,,,
2026-12-01,223,BuyerAgent,Lagos,1,810.28076171875,2935.521240234375,,,,,,,,,,
2026-12-01,224,BuyerAgent,Lagos,0,0.0,1811.177978515625,,,,,,,,,,
2026-12-01,225,BuyerAgent,Lagos,1,0.0,1811.177978515625,,,,,,,,,,
2026-12-01,226,BuyerAgent,Lagos,2,0.0,0.0,,,,,,,,,,
2026-12-01,227,BuyerAgent,Lagos,0,0.0,0.0,,,,,,,,,,
2026-12-01,228,BuyerAgent,Lagos,1,0.0,0.0,,,,,,,,,,
2026-12-01,229,BuyerAgent,Lagos,1,0.0,1149.468994140625,,,,,,,,,,
2026-12-01,230,BuyerAgent,Lagos,1,0.0,961.031494140625,,,,,,,,,,
2026-12-01,231,BuyerAgent,Lagos,2,0.0,772.593994140625,,,,,,,,,,
2026-12-01,232,BuyerAgent,Lagos,0,0.0,0.0,,,,,,,,,,
2026-12-01,233,BuyerAgent,Lagos,1,0.0,389.4384765625,,,,,,,,,,
2026-12-01,234,BuyerAgent,Lagos,0,0.0,0.0,,,,,,,,,,
2026-12-01,235,BuyerAgent,Lagos,0,0.0,0.0,,,,,,,,,,
2026-12-01,236,BuyerAgent,Lagos,1,0.0,0.0,,,,,,,,,,
2026-12-01,237,BuyerAgent,Lagos,1,0.0,0.0,,,,,,,,,,
2026-12-01,238,BuyerAgent,Lagos,1,0.0,0.0,,,,,,,,,,
2026-12-01,239,BuyerAgent,Lagos,1,0.0,0.0,,,,,,,,,,
2026-12-01,240,BuyerAgent,Lagos,1,0.0,0.0,,,,,,,,,,
2026-12-01,241,BuyerAgent,Lagos,1,0.0,0.0,,,,,,,,,,
2026-12-01,242,BuyerAgent,Lagos,0,0.0,0.0,,,,,,,,,,
2026-12-01,243,TransporterAgent,Lagos,1,-200.0,-443.1845713083384,,,,,,,,,,
2026-12-01,244,TransporterAgent,Lagos,2,100.0,157.48775351113198,,,,,,,,,,
2026-12-01,245,TransporterAgent,Lagos,3,50.0,-235.1714844441264,,,,,,,,,,
2026-12-01,246,TransporterAgent,Lagos,3,50.0,-192.6592379552584,,,,,,,,,,
2026-12-01,247,TransporterAgent,Lagos,3,50.0,107.64951852442249,,,,,,,,,,
2026-12-01,248,TransporterAgent,Lagos,1,-200.0,150.0,,,,,,,,,,
2026-12-01,249,TransporterAgent,Lagos,1,-200.0,107.48775351113198,,,,,,,,,,
2026-12-01,250,TransporterAgent,Lagos,2,100.0,357.6495185244225,,,,,,,,,,
2026-12-01,251,TransporterAgent,Lagos,2,100.0,364.15619073640323,,,,,,,,,,
2026-12-01,252,TransporterAgent,Lagos,2,100.0,264.15619073640323,,,,,,,,,,
2026-12-01,253,BankingAgent,Lagos,0,-0.0,-8.849999999999998,,,,,,,,,,
2026-12-01,254,BankingAgent,Lagos,2,-1.4749999999999996,-20.65,,,,,,,,,,
2026-12-01,255,BankingAgent,Lagos,2,-1.4749999999999996,-20.65,,,,,,,,,,
2026-12-01,257,TraderAgent,Onitsha,1,136.97023113209687,2216.17333984375,466115.15625,Port_Harcourt,True,Port_Harcourt,Port_Harcourt,winning,False,857.97,2.0,True
2026-12-01,258,TraderAgent,Onitsha,1,136.97023113209687,2036.0360107421875,477387.46875,Port_Harcourt,True,Port_Harcourt,Port_Harcourt,winning,False,774.79,1.0,True
2026-12-01,259,TraderAgent,Onitsha,0,1841.91650390625,3756.131103515625,465495.53125,Onitsha,False,,Onitsha,winning,False,774.79,2.0,False
2026-12-01,260,TraderAgent,Onitsha,2,-29.5,1929.8634033203125,460213.75,Onitsha,False,,Onitsha,winning,False,774.79,1.0,False
2026-12-01,261,TraderAgent,Onitsha,4,-10.0,1984.3084716796875,505469.53125,Onitsha,False,,Onitsha,winning,False,790.31,1.0,False
2026-12-01,262,TraderAgent,Onitsha,0,0.0,92.26494936792264,464061.15625,Onitsha,False,Port_Harcourt,Port_Harcourt,winning,False,857.97,1.0,False
2026-12-01,263,TraderAgent,Onitsha,3,20.0,122.20011631296381,448785.875,Onitsha,False,Port_Harcourt,Port_Harcourt,winning,False,815.07,1.0,False
2026-12-01,264,TraderAgent,Onitsha,4,-10.0,110.54128625784813,478374.875,Onitsha,False,Port_Harcourt,Port_Harcourt,winning,False,857.97,1.0,False
2026-12-01,265,TraderAgent,Onitsha,2,-29.5,47.987536257848134,486094.625,Onitsha,False,Port_Harcourt,Port_Harcourt,winning,False,857.97,1.0,False
2026-12-01,266,TraderAgent,Onitsha,1,136.97023113209687,2323.875732421875,491962.6875,Port_Harcourt,True,Port_Harcourt,Port_Harcourt,winning,False,857.97,2.0,True
2026-12-01,267,TraderAgent,Onitsha,1,136.97023113209687,2154.833740234375,484657.84375,Port_Harcourt,True,Port_Harcourt,Port_Harcourt,winning,False,789.59,1.0,True
2026-12-01,268,TraderAgent,Onitsha,3,20.0,156.84886631296382,477540.09375,Onitsha,False,Port_Harcourt,Port_Harcourt,winning,False,815.07,1.0,False
2026-12-01,269,TraderAgent,Onitsha,1,136.97023113209687,303.33904941951323,461153.1875,Port_Harcourt,True,Port_Harcourt,Port_Harcourt,winning,False,857.97,1.0,True
2026-12-01,270,TraderAgent,Onitsha,0,1918.985595703125,4301.0234375,434188.09375,Onitsha,False,Port_Harcourt,Onitsha,winning,False,790.2,3.0,False
2026-12-01,271,TraderAgent,Onitsha,0,2257.8056640625,4298.869140625,493370.1875,Onitsha,False,Port_Harcourt,Onitsha,winning,False,857.97,3.0,False
2026-12-01,272,TraderAgent,Onitsha,2,-29.5,204.83640257081197,465725.625,Onitsha,False,Port_Harcourt,Port_Harcourt,winning,False,857.97,2.0,False
2026-12-01,273,TraderAgent,Onitsha,3,20.0,83.01756828741634,489081.375,Onitsha,False,Port_Harcourt,Port_Harcourt,winning,False,815.07,1.0,False
2026-12-01,274,TraderAgent,Onitsha,3,20.0,140.54128625784813,465984.09375,Onitsha,False,Port_Harcourt,Port_Harcourt,winning,False,815.07,1.0,False
2026-12-01,275,TraderAgent,Onitsha,0,2257.8056640625,2454.654541015625,441925.84375,Onitsha,False,Port_Harcourt,Onitsha,winning,False,857.97,2.0,False
2026-12-01,276,TraderAgent,Onitsha,2,-29.5,231.27965635171438,422384.90625,Onitsha,False,Port_Harcourt,Port_Harcourt,winning,False,857.97,2.0,False
2026-12-01,277,BuyerAgent,Onitsha,0,415.8892822265625,415.8892822265625,,,,,,,,,,
2026-12-01,278,BuyerAgent,Onitsha,2,0.0,890.0103759765625,,,,,,,,,,
2026-12-01,279,BuyerAgent,Onitsha,2,0.0,438.8250732421875,,,,,,,,,,
2026-12-01,280,BuyerAgent,Onitsha,2,0.0,0.001220703125,,,,,,,,,,
2026-12-01,281,BuyerAgent,Onitsha,1,338.8201904296875,338.8201904296875,,,,,,,,,,
2026-12-01,282,BuyerAgent,Onitsha,2,0.0,215.4852294921875,,,,,,,,,,
2026-12-01,283,BuyerAgent,Onitsha,0,0.0,215.4852294921875,,,,,,,,,,
2026-12-01,284,BuyerAgent,Onitsha,0,0.0,0.0,,,,,,,,,,
2026-12-01,285,BuyerAgent,Onitsha,2,0.0,0.0,,,,,,,,,,
2026-12-01,286,BuyerAgent,Onitsha,0,0.0,0.0,,,,,,,,,,
2026-12-01,287,BuyerAgent,Onitsha,0,0.0,0.0,,,,,,,,,,
2026-12-01,288,BuyerAgent,Onitsha,1,0.0,0.0,,,,,,,,,,
2026-12-01,289,BuyerAgent,Onitsha,1,0.0,0.0,,,,,,,,,,
2026-12-01,290,BuyerAgent,Onitsha,1,0.0,0.0,,,,,,,,,,
2026-12-01,291,BuyerAgent,Onitsha,0,0.0,0.0,,,,,,,,,,
2026-12-01,292,BuyerAgent,Onitsha,0,0.0,0.0,,,,,,,,,,
2026-12-01,293,BuyerAgent,Onitsha,0,0.0,0.0,,,,,,,,,,
2026-12-01,294,BuyerAgent,Onitsha,2,0.0,0.0,,,,,,,,,,
2026-12-01,295,BuyerAgent,Onitsha,0,0.0,0.0,,,,,,,,,,
2026-12-01,296,BuyerAgent,Onitsha,0,0.0,0.0,,,,,,,,,,
2026-12-01,297,BuyerAgent,Onitsha,1,0.0,0.0,,,,,,,,,,
2026-12-01,298,BuyerAgent,Onitsha,1,0.0,0.0,,,,,,,,,,
2026-12-01,299,BuyerAgent,Onitsha,1,0.0,0.0,,,,,,,,,,
2026-12-01,300,BuyerAgent,Onitsha,2,0.0,0.0,,,,,,,,,,
2026-12-01,301,BuyerAgent,Onitsha,2,0.0,0.0,,,,,,,,,,
2026-12-01,302,BuyerAgent,Onitsha,1,0.0,0.0,,,,,,,,,,
2026-12-01,303,BuyerAgent,Onitsha,2,0.0,0.0,,,,,,,,,,
2026-12-01,304,BuyerAgent,Onitsha,1,0.0,0.0,,,,,,,,,,
2026-12-01,305,BuyerAgent,Onitsha,0,0.0,0.0,,,,,,,,,,
2026-12-01,306,BuyerAgent,Onitsha,2,0.0,0.0,,,,,,,,,,
2026-12-01,307,TransporterAgent,Onitsha,3,50.0,-100.0,,,,,,,,,,
2026-12-01,308,TransporterAgent,Onitsha,3,50.0,200.0,,,,,,,,,,
2026-12-01,309,TransporterAgent,Onitsha,0,0.0,-100.0,,,,,,,,,,
2026-12-01,310,TransporterAgent,Onitsha,3,50.0,-150.0,,,,,,,,,,
2026-12-01,311,TransporterAgent,Onitsha,1,-200.0,-450.0,,,,,,,,,,
2026-12-01,312,TransporterAgent,Onitsha,2,100.0,400.0,,,,,,,,,,
2026-12-01,313,TransporterAgent,Onitsha,1,-200.0,-450.0,,,,,,,,,,
2026-12-01,314,TransporterAgent,Onitsha,2,100.0,-650.0,,,,,,,,,,
2026-12-01,315,TransporterAgent,Onitsha,0,0.0,50.0,,,,,,,,,,
2026-12-01,316,TransporterAgent,Onitsha,0,0.0,0.0,,,,,,,,,,
2026-12-01,317,BankingAgent,Onitsha,0,-0.0,-14.749999999999996,,,,,,,,,,
2026-12-01,318,BankingAgent,Onitsha,0,-0.0,-5.899999999999999,,,,,,,,,,
2026-12-01,319,BankingAgent,Onitsha,0,-0.0,-14.749999999999996,,,,,,,,,,
2026-12-01,321,TraderAgent,Port_Harcourt,0,2060.7275390625,11125.05078125,547660.3125,Port_Harcourt,False,Onitsha,Port_Harcourt,winning,False,1079.21,3.0,False
2026-12-01,322,TraderAgent,Port_Harcourt,4,-10.0,5868.12109375,568984.25,Port_Harcourt,False,Onitsha,Onitsha,winning,False,1076.2,1.0,False
2026-12-01,323,TraderAgent,Port_Harcourt,3,20.0,16.64875,539511.75,Port_Harcourt,False,,,losing,False,1267.43,0.0,False
2026-12-01,324,TraderAgent,Port_Harcourt,0,2060.7275390625,14008.1826171875,529637.3125,Port_Harcourt,False,Onitsha,Port_Harcourt,winning,False,1079.21,3.0,False
2026-12-01,325,TraderAgent,Port_Harcourt,3,20.0,1.7974999999999994,546220.9375,Port_Harcourt,False,,,losing,False,1267.43,0.0,False
2026-12-01,326,TraderAgent,Port_Harcourt,3,20.0,6162.7099609375,553669.0,Port_Harcourt,False,,Port_Harcourt,winning,False,1221.48,2.0,False
2026-12-01,327,TraderAgent,Port_Harcourt,2,-38.2025,5989.96435546875,541526.8125,Port_Harcourt,False,Onitsha,Onitsha,winning,False,1079.21,1.0,False
2026-12-01,328,TraderAgent,Port_Harcourt,3,20.0,12217.111328125,567777.6875,Port_Harcourt,False,Onitsha,Onitsha,winning,False,1025.94,2.0,False
2026-12-01,329,TraderAgent,Port_Harcourt,4,-10.0,5829.41845703125,540555.25,Port_Harcourt,False,Onitsha,Onitsha,winning,False,1076.2,1.0,False
2026-12-01,330,TraderAgent,Port_Harcourt,3,20.0,6166.36962890625,563853.0625,Port_Harcourt,False,Onitsha,Onitsha,winning,False,1025.25,1.0,False
2026-12-01,331,TraderAgent,Port_Harcourt,3,20.0,6126.544921875,548564.0,Port_Harcourt,False,,Port_Harcourt,winning,False,1221.48,2.0,False
2026-12-01,332,TraderAgent,Port_Harcourt,1,135.6594120089015,6192.02880859375,487247.8125,Onitsha,True,Onitsha,Onitsha,winning,False,1079.21,1.0,True
2026-12-01,333,TraderAgent,Port_Harcourt,0,3335.343017578125,3258.93798828125,539314.9375,Port_Harcourt,False,,Port_Harcourt,losing,False,1334.14,1.0,False
2026-12-01,334,TraderAgent,Port_Harcourt,1,135.6594120089015,3159.654052734375,547326.875,Onitsha,True,Onitsha,Onitsha,winning,False,1251.85,1.0,True
2026-12-01,335,TraderAgent,Port_Harcourt,2,-38.2025,12158.9091796875,532987.4375,Port_Harcourt,False,Onitsha,Onitsha,winning,False,1079.94,2.0,False
2026-12-01,336,TraderAgent,Port_Harcourt,3,20.0,8873.849609375,564149.375,Port_Harcourt,False,,Port_Harcourt,winning,False,1221.48,3.0,False
2026-12-01,337,TraderAgent,Port_Harcourt,2,-38.2025,11851.05078125,554234.0625,Port_Harcourt,False,Onitsha,Onitsha,winning,False,1079.21,2.0,False
2026-12-01,338,TraderAgent,Port_Harcourt,2,-38.2025,5813.3828125,507791.90625,Port_Harcourt,False,Onitsha,Onitsha,winning,False,1064.41,1.0,False
2026-12-01,339,TraderAgent,Port_Harcourt,0,6408.7900390625,12500.42578125,550877.75,Port_Harcourt,False,Onitsha,Onitsha,winning,False,1079.83,3.0,False
2026-12-01,340,TraderAgent,Port_Harcourt,3,20.0,3173.6298828125,542894.1875,Port_Harcourt,False,,Port_Harcourt,winning,False,1200.0,1.0,False
2026-12-01,341,BuyerAgent,Port_Harcourt,0,1645.2099609375,4611.529296875,,,,,,,,,,
2026-12-01,342,BuyerAgent,Port_Harcourt,0,1645.2099609375,5061.3974609375,,,,,,,,,,
2026-12-01,343,BuyerAgent,Port_Harcourt,0,1642.138671875,6120.52734375,,,,,,,,,,
2026-12-01,344,BuyerAgent,Port_Harcourt,2,0.0,1842.44140625,,,,,,,,,,
2026-12-01,345,BuyerAgent,Port_Harcourt,2,0.0,3562.2900390625,,,,,,,,,,
2026-12-01,346,BuyerAgent,Port_Harcourt,0,370.594482421875,2537.777099609375,,,,,,,,,,
2026-12-01,347,BuyerAgent,Port_Harcourt,0,0.0,3558.50830078125,,,,,,,,,,
2026-12-01,348,BuyerAgent,Port_Harcourt,2,0.0,1849.97802734375,,,,,,,,,,
2026-12-01,349,BuyerAgent,Port_Harcourt,1,0.0,1797.227783203125,,,,,,,,,,
2026-12-01,350,BuyerAgent,Port_Harcourt,2,0.0,990.552978515625,,,,,,,,,,
2026-12-01,351,BuyerAgent,Port_Harcourt,1,0.0,578.50341796875,,,,,,,,,,
2026-12-01,352,BuyerAgent,Port_Harcourt,0,0.0,347.98095703125,,,,,,,,,,
2026-12-01,353,BuyerAgent,Port_Harcourt,2,0.0,347.98095703125,,,,,,,,,,
2026-12-01,354,BuyerAgent,Port_Harcourt,1,0.0,0.0,,,,,,,,,,
2026-12-01,355,BuyerAgent,Port_Harcourt,2,0.0,0.0,,,,,,,,,,
2026-12-01,356,BuyerAgent,Port_Harcourt,2,0.0,0.0,,,,,,,,,,
2026-12-01,357,BuyerAgent,Port_Harcourt,0,0.0,0.0,,,,,,,,,,
2026-12-01,358,BuyerAgent,Port_Harcourt,1,0.0,0.0,,,,,,,,,,
2026-12-01,359,BuyerAgent,Port_Harcourt,2,0.0,0.0,,,,,,,,,,
2026-12-01,360,BuyerAgent,Port_Harcourt,2,0.0,0.0,,,,,,,,,,
2026-12-01,361,BuyerAgent,Port_Harcourt,1,0.0,0.0,,,,,,,,,,
2026-12-01,362,BuyerAgent,Port_Harcourt,1,0.0,0.0,,,,,,,,,,
2026-12-01,363,BuyerAgent,Port_Harcourt,0,0.0,0.0,,,,,,,,,,
2026-12-01,364,BuyerAgent,Port_Harcourt,2,0.0,0.0,,,,,,,,,,
2026-12-01,365,BuyerAgent,Port_Harcourt,2,0.0,0.0,,,,,,,,,,
2026-12-01,366,BuyerAgent,Port_Harcourt,1,0.0,0.0,,,,,,,,,,
2026-12-01,367,BuyerAgent,Port_Harcourt,2,0.0,0.0,,,,,,,,,,
2026-12-01,368,BuyerAgent,Port_Harcourt,1,0.0,0.0,,,,,,,,,,
2026-12-01,369,BuyerAgent,Port_Harcourt,1,0.0,0.0,,,,,,,,,,
2026-12-01,370,BuyerAgent,Port_Harcourt,0,0.0,0.0,,,,,,,,,,
2026-12-01,371,TransporterAgent,Port_Harcourt,3,50.0,-250.0,,,,,,,,,,
2026-12-01,372,TransporterAgent,Port_Harcourt,1,-200.0,-50.0,,,,,,,,,,
2026-12-01,373,TransporterAgent,Port_Harcourt,3,50.0,200.0,,,,,,,,,,
2026-12-01,374,TransporterAgent,Port_Harcourt,3,50.0,100.0,,,,,,,,,,
2026-12-01,375,TransporterAgent,Port_Harcourt,2,100.0,500.0,,,,,,,,,,
2026-12-01,376,TransporterAgent,Port_Harcourt,1,-200.0,150.0,,,,,,,,,,
2026-12-01,377,TransporterAgent,Port_Harcourt,2,100.0,-250.0,,,,,,,,,,
2026-12-01,378,TransporterAgent,Port_Harcourt,1,-200.0,-250.0,,,,,,,,,,
2026-12-01,379,TransporterAgent,Port_Harcourt,0,0.0,-250.0,,,,,,,,,,
2026-12-01,380,TransporterAgent,Port_Harcourt,0,0.0,-100.0,,,,,,,,,,
2026-12-01,381,BankingAgent,Port_Harcourt,2,-1.4749999999999996,-8.849999999999998,,,,,,,,,,
2026-12-01,382,BankingAgent,Port_Harcourt,0,-0.0,-11.799999999999997,,,,,,,,,,
2026-12-01,383,BankingAgent,Port_Harcourt,1,-2.9499999999999993,-26.549999999999994,,,,,,,,,,
