date,agent_id,breed,home_city,action,reward,cum_reward,capital,current_city,is_away,away_city,source_city,wolf_status,is_bankrupt,ask_price,trade_count,has_stock
2024-01-01,1,TraderAgent,Abuja,4,-10.0,-10.0,500000.0,Abuja,False,,,losing,False,270.0,0.0,False
2024-01-01,2,TraderAgent,Abuja,1,145.62285714285713,145.62285714285713,439184.0,Onitsha,True,Onitsha,Onitsha,winning,False,270.0,0.0,True
2024-01-01,3,TraderAgent,Abuja,0,689.036865234375,689.036865234375,500672.03125,Abuja,False,,Abuja,losing,False,270.0,1.0,False
2024-01-01,4,TraderAgent,Abuja,0,689.036865234375,689.036865234375,500672.03125,Abuja,False,,Abuja,losing,False,270.0,1.0,False
2024-01-01,5,TraderAgent,Abuja,4,-10.0,-10.0,500000.0,Abuja,False,,,losing,False,270.0,0.0,False
2024-01-01,6,TraderAgent,Abuja,4,-10.0,-10.0,500000.0,Abuja,False,,,losing,False,270.0,0.0,False
2024-01-01,7,TraderAgent,Abuja,1,145.62285714285713,145.62285714285713,439184.0,Onitsha,True,Onitsha,Onitsha,winning,False,270.0,0.0,True
2024-01-01,8,TraderAgent,Abuja,0,689.036865234375,689.036865234375,500672.03125,Abuja,False,,Abuja,losing,False,270.0,1.0,False
2024-01-01,9,TraderAgent,Abuja,1,145.62285714285713,145.62285714285713,439184.0,Onitsha,True,Onitsha,Onitsha,winning,False,270.0,0.0,True
2024-01-01,10,TraderAgent,Abuja,0,689.036865234375,689.036865234375,500672.03125,Abuja,False,,Abuja,losing,False,270.0,1.0,False
2024-01-01,11,TraderAgent,Abuja,4,-10.0,-10.0,500000.0,Abuja,False,,,losing,False,270.0,0.0,False
2024-01-01,12,TraderAgent,Abuja,0,689.036865234375,689.036865234375,500672.03125,Abuja,False,,Abuja,losing,False,270.0,1.0,False
2024-01-01,13,TraderAgent,Abuja,0,689.036865234375,689.036865234375,500672.03125,Abuja,False,,Abuja,losing,False,270.0,1.0,False
2024-01-01,14,TraderAgent,Abuja,4,-10.0,-10.0,500000.0,Abuja,False,,,losing,False,270.0,0.0,False
2024-01-01,15,TraderAgent,Abuja,2,-16.9921875,-16.9921875,499983.01,Abuja,False,,,losing,False,270.0,0.0,False
2024-01-01,16,TraderAgent,Abuja,1,145.62285714285713,145.62285714285713,439184.0,Onitsha,True,Onitsha,Onitsha,winning,False,270.0,0.0,True
2024-01-01,17,TraderAgent,Abuja,0,689.036865234375,689.036865234375,500672.03125,Abuja,False,,Abuja,losing,False,270.0,1.0,False
2024-01-01,18,TraderAgent,Abuja,0,689.036865234375,689.036865234375,500672.03125,Abuja,False,,Abuja,losing,False,270.0,1.0,False
2024-01-01,19,TraderAgent,Abuja,2,-16.9921875,-16.9921875,499983.01,Abuja,False,,,losing,False,270.0,0.0,False
2024-01-01,20,TraderAgent,Abuja,4,-10.0,-10.0,500000.0,Abuja,False,,,losing,False,270.0,0.0,False
2024-01-01,21,BuyerAgent,Abuja,0,60.963134765625,60.963134765625,,,,,,,,,,
2024-01-01,22,BuyerAgent,Abuja,1,60.963134765625,60.963134765625,,,,,,,,,,
2024-01-01,23,BuyerAgent,Abuja,0,60.963134765625,60.963134765625,,,,,,,,,,
2024-01-01,24,BuyerAgent,Abuja,0,60.963134765625,60.963134765625,,,,,,,,,,
2024-01-01,25,BuyerAgent,Abuja,0,60.963134765625,60.963134765625,,,,,,,,,,
2024-01-01,26,BuyerAgent,Abuja,0,60.963134765625,60.963134765625,,,,,,,,,,
2024-01-01,27,BuyerAgent,Abuja,2,0.0,0.0,,,,,,,,,,
2024-01-01,28,BuyerAgent,Abuja,0,60.963134765625,60.963134765625,,,,,,,,,,
2024-01-01,29,BuyerAgent,Abuja,2,0.0,0.0,,,,,,,,,,
2024-01-01,30,BuyerAgent,Abuja,2,0.0,0.0,,,,,,,,,,
2024-01-01,31,BuyerAgent,Abuja,0,60.963134765625,60.963134765625,,,,,,,,,,
2024-01-01,32,BuyerAgent,Abuja,0,0.0,0.0,,,,,,,,,,
2024-01-01,33,BuyerAgent,Abuja,2,0.0,0.0,,,,,,,,,,
2024-01-01,34,BuyerAgent,Abuja,0,0.0,0.0,,,,,,,,,,
2024-01-01,35,BuyerAgent,Abuja,2,0.0,0.0,,,,,,,,,,
2024-01-01,36,BuyerAgent,Abuja,2,0.0,0.0,,,,,,,,,,
2024-01-01,37,BuyerAgent,Abuja,0,0.0,0.0,,,,,,,,,,
2024-01-01,38,BuyerAgent,Abuja,2,0.0,0.0,,,,,,,,,,
2024-01-01,39,BuyerAgent,Abuja,1,0.0,0.0,,,,,,,,,,
2024-01-01,40,BuyerAgent,Abuja,2,0.0,0.0,,,,,,,,,,
2024-01-01,41,BuyerAgent,Abuja,1,0.0,0.0,,,,,,,,,,
2024-01-01,42,BuyerAgent,Abuja,2,0.0,0.0,,,,,,,,,,
2024-01-01,43,BuyerAgent,Abuja,1,0.0,0.0,,,,,,,,,,
2024-01-01,44,BuyerAgent,Abuja,1,0.0,0.0,,,,,,,,,,
2024-01-01,45,BuyerAgent,Abuja,0,0.0,0.0,,,,,,,,,,
2024-01-01,46,BuyerAgent,Abuja,0,0.0,0.0,,,,,,,,,,
2024-01-01,47,BuyerAgent,Abuja,0,0.0,0.0,,,,,,,,,,
2024-01-01,48,BuyerAgent,Abuja,0,0.0,0.0,,,,,,,,,,
2024-01-01,49,BuyerAgent,Abuja,2,0.0,0.0,,,,,,,,,,
2024-01-01,50,BuyerAgent,Abuja,1,0.0,0.0,,,,,,,,,,
2024-01-01,51,TransporterAgent,Abuja,0,23.03626666666667,23.03626666666667,,,,,,,,,,
2024-01-01,52,TransporterAgent,Abuja,3,50.0,50.0,,,,,,,,,,
2024-01-01,53,TransporterAgent,Abuja,2,-50.0,-50.0,,,,,,,,,,
2024-01-01,54,TransporterAgent,Abuja,3,50.0,50.0,,,,,,,,,,
2024-01-01,55,TransporterAgent,Abuja,2,-50.0,-50.0,,,,,,,,,,
2024-01-01,56,TransporterAgent,Abuja,1,-200.0,-200.0,,,,,,,,,,
2024-01-01,57,TransporterAgent,Abuja,0,23.03626666666667,23.03626666666667,,,,,,,,,,
2024-01-01,58,TransporterAgent,Abuja,3,50.0,50.0,,,,,,,,,,
2024-01-01,59,TransporterAgent,Abuja,3,50.0,50.0,,,,,,,,,,
2024-01-01,60,TransporterAgent,Abuja,1,-200.0,-200.0,,,,,,,,,,
2024-01-01,61,BankingAgent,Abuja,1,-1.875,-3.75,,,,,,,,,,
2024-01-01,62,BankingAgent,Abuja,1,-1.875,-3.75,,,,,,,,,,
2024-01-01,63,BankingAgent,Abuja,2,-0.9375,-1.875,,,,,,,,,,
2024-01-01,65,TraderAgent,Bauchi,3,20.0,20.0,500000.0,Bauchi,False,,,winning,False,256.5,0.0,False
2024-01-01,66,TraderAgent,Bauchi,4,-10.0,-10.0,500000.0,Bauchi,False,,,losing,False,270.0,0.0,False
2024-01-01,67,TraderAgent,Bauchi,4,-10.0,-10.0,500000.0,Bauchi,False,,,losing,False,270.0,0.0,False
2024-01-01,68,TraderAgent,Bauchi,1,141.41657142857144,141.41657142857144,438447.9,Onitsha,True,Onitsha,Onitsha,winning,False,270.0,0.0,True
2024-01-01,69,TraderAgent,Bauchi,1,141.41657142857144,141.41657142857144,438447.9,Onitsha,True,Onitsha,Onitsha,winning,False,270.0,0.0,True
2024-01-01,70,TraderAgent,Bauchi,3,20.0,20.0,500000.0,Bauchi,False,,,winning,False,256.5,0.0,False
2024-01-01,71,TraderAgent,Bauchi,4,-10.0,-10.0,500000.0,Bauchi,False,,,losing,False,270.0,0.0,False
2024-01-01,72,TraderAgent,Bauchi,3,20.0,20.0,500000.0,Bauchi,False,,,winning,False,256.5,0.0,False
2024-01-01,73,TraderAgent,Bauchi,2,-18.75,-18.75,499981.25,Bauchi,False,,,losing,False,270.0,0.0,False
2024-01-01,74,TraderAgent,Bauchi,1,141.41657142857144,141.41657142857144,438447.9,Onitsha,True,Onitsha,Onitsha,winning,False,270.0,0.0,True
2024-01-01,75,TraderAgent,Bauchi,0,684.5916748046875,684.5916748046875,500665.84375,Bauchi,False,,Bauchi,losing,False,270.0,1.0,False
2024-01-01,76,TraderAgent,Bauchi,0,684.5916748046875,684.5916748046875,500665.84375,Bauchi,False,,Bauchi,losing,False,270.0,1.0,False
2024-01-01,77,TraderAgent,Bauchi,3,20.0,20.0,500000.0,Bauchi,False,,,winning,False,256.5,0.0,False
2024-01-01,78,TraderAgent,Bauchi,3,20.0,20.0,500000.0,Bauchi,False,,,winning,False,256.5,0.0,False
2024-01-01,79,TraderAgent,Bauchi,3,20.0,20.0,500000.0,Bauchi,False,,,winning,False,256.5,0.0,False
2024-01-01,80,TraderAgent,Bauchi,0,684.5916748046875,684.5916748046875,500665.84375,Bauchi,False,,Bauchi,losing,False,270.0,1.0,False
2024-01-01,81,TraderAgent,Bauchi,4,-10.0,-10.0,500000.0,Bauchi,False,,,losing,False,270.0,0.0,False
2024-01-01,82,TraderAgent,Bauchi,2,-18.75,-18.75,499981.25,Bauchi,False,,,losing,False,270.0,0.0,False
2024-01-01,83,TraderAgent,Bauchi,0,684.5916748046875,684.5916748046875,500665.84375,Bauchi,False,,Bauchi,losing,False,270.0,1.0,False
2024-01-01,84,TraderAgent,Bauchi,3,20.0,20.0,500000.0,Bauchi,False,,,winning,False,256.5,0.0,False
2024-01-01,85,BuyerAgent,Bauchi,0,65.4083251953125,65.4083251953125,,,,,,,,,,
2024-01-01,86,BuyerAgent,Bauchi,0,65.4083251953125,65.4083251953125,,,,,,,,,,
2024-01-01,87,BuyerAgent,Bauchi,0,65.4083251953125,65.4083251953125,,,,,,,,,,
2024-01-01,88,BuyerAgent,Bauchi,2,0.0,0.0,,,,,,,,,,
2024-01-01,89,BuyerAgent,Bauchi,0,65.4083251953125,65.4083251953125,,,,,,,,,,
2024-01-01,90,BuyerAgent,Bauchi,1,0.0,0.0,,,,,,,,,,
2024-01-01,91,BuyerAgent,Bauchi,0,0.0,0.0,,,,,,,,,,
2024-01-01,92,BuyerAgent,Bauchi,0,0.0,0.0,,,,,,,,,,
2024-01-01,93,BuyerAgent,Bauchi,2,0.0,0.0,,,,,,,,,,
2024-01-01,94,BuyerAgent,Bauchi,0,0.0,0.0,,,,,,,,,,
2024-01-01,95,BuyerAgent,Bauchi,0,0.0,0.0,,,,,,,,,,
2024-01-01,96,BuyerAgent,Bauchi,0,0.0,0.0,,,,,,,,,,
2024-01-01,97,BuyerAgent,Bauchi,0,0.0,0.0,,,,,,,,,,
2024-01-01,98,BuyerAgent,Bauchi,2,0.0,0.0,,,,,,,,,,
2024-01-01,99,BuyerAgent,Bauchi,1,0.0,0.0,,,,,,,,,,
2024-01-01,100,BuyerAgent,Bauchi,0,0.0,0.0,,,,,,,,,,
2024-01-01,101,BuyerAgent,Bauchi,1,0.0,0.0,,,,,,,,,,
2024-01-01,102,BuyerAgent,Bauchi,2,0.0,0.0,,,,,,,,,,
2024-01-01,103,BuyerAgent,Bauchi,2,0.0,0.0,,,,,,,,,,
2024-01-01,104,BuyerAgent,Bauchi,2,0.0,0.0,,,,,,,,,,
2024-01-01,105,BuyerAgent,Bauchi,2,0.0,0.0,,,,,,,,,,
2024-01-01,106,BuyerAgent,Bauchi,2,0.0,0.0,,,,,,,,,,
2024-01-01,107,BuyerAgent,Bauchi,0,0.0,0.0,,,,,,,,,,
2024-01-01,108,BuyerAgent,Bauchi,0,0.0,0.0,,,,,,,,,,
2024-01-01,109,BuyerAgent,Bauchi,2,0.0,0.0,,,,,,,,,,
2024-01-01,110,BuyerAgent,Bauchi,2,0.0,0.0,,,,,,,,,,
2024-01-01,111,BuyerAgent,Bauchi,0,0.0,0.0,,,,,,,,,,
2024-01-01,112,BuyerAgent,Bauchi,0,0.0,0.0,,,,,,,,,,
2024-01-01,113,BuyerAgent,Bauchi,0,0.0,0.0,,,,,,,,,,
2024-01-01,114,BuyerAgent,Bauchi,2,0.0,0.0,,,,,,,,,,
2024-01-01,115,TransporterAgent,Bauchi,2,-50.0,-50.0,,,,,,,,,,
2024-01-01,116,TransporterAgent,Bauchi,2,-50.0,-50.0,,,,,,,,,,
2024-01-01,117,TransporterAgent,Bauchi,2,-50.0,-50.0,,,,,,,,,,
2024-01-01,118,TransporterAgent,Bauchi,1,-200.0,-200.0,,,,,,,,,,
2024-01-01,119,TransporterAgent,Bauchi,0,13.25,13.25,,,,,,,,,,
2024-01-01,120,TransporterAgent,Bauchi,2,-50.0,-50.0,,,,,,,,,,
2024-01-01,121,TransporterAgent,Bauchi,0,13.25,13.25,,,,,,,,,,
2024-01-01,122,TransporterAgent,Bauchi,1,-200.0,-200.0,,,,,,,,,,
2024-01-01,123,TransporterAgent,Bauchi,3,50.0,50.0,,,,,,,,,,
2024-01-01,124,TransporterAgent,Bauchi,3,50.0,50.0,,,,,,,,,,
2024-01-01,125,BankingAgent,Bauchi,1,-1.875,-3.75,,,,,,,,,,
2024-01-01,126,BankingAgent,Bauchi,0,-0.0,0.0,,,,,,,,,,
2024-01-01,127,BankingAgent,Bauchi,0,-0.0,0.0,,,,,,,,,,
2024-01-01,129,TraderAgent,Kano,3,20.0,20.0,500000.0,Kano,False,,,winning,False,171.0,0.0,False
2024-01-01,130,TraderAgent,Kano,0,455.98602294921875,455.98602294921875,500433.75,Kano,False,,Kano,losing,False,180.0,1.0,False
2024-01-01,131,TraderAgent,Kano,4,-10.0,-10.0,500000.0,Kano,False,,,losing,False,180.0,0.0,False
2024-01-01,132,TraderAgent,Kano,4,-10.0,-10.0,500000.0,Kano,False,,,losing,False,180.0,0.0,False
2024-01-01,133,TraderAgent,Kano,1,116.07866666666669,116.07866666666669,495001.8,Bauchi,True,Bauchi,Bauchi,winning,False,180.0,0.0,True
2024-01-01,134,TraderAgent,Kano,0,455.98602294921875,455.98602294921875,500433.75,Kano,False,,Kano,losing,False,180.0,1.0,False
2024-01-01,135,TraderAgent,Kano,3,20.0,20.0,500000.0,Kano,False,,,winning,False,171.0,0.0,False
2024-01-01,136,TraderAgent,Kano,3,20.0,20.0,500000.0,Kano,False,,,winning,False,171.0,0.0,False
2024-01-01,137,TraderAgent,Kano,2,-22.265625,-22.265625,499977.73,Kano,False,,,losing,False,180.0,0.0,False
2024-01-01,138,TraderAgent,Kano,4,-10.0,-10.0,500000.0,Kano,False,,,losing,False,180.0,0.0,False
2024-01-01,139,TraderAgent,Kano,4,-10.0,-10.0,500000.0,Kano,False,,,losing,False,180.0,0.0,False
2024-01-01,140,TraderAgent,Kano,4,-10.0,-10.0,500000.0,Kano,False,,,losing,False,180.0,0.0,False
2024-01-01,141,TraderAgent,Kano,0,455.98602294921875,455.98602294921875,500433.75,Kano,False,,Kano,losing,False,180.0,1.0,False
2024-01-01,142,TraderAgent,Kano,0,455.98602294921875,455.98602294921875,500433.75,Kano,False,,Kano,losing,False,180.0,1.0,False
2024-01-01,143,TraderAgent,Kano,4,-10.0,-10.0,500000.0,Kano,False,,,losing,False,180.0,0.0,False
2024-01-01,144,TraderAgent,Kano,0,455.98602294921875,455.98602294921875,500433.75,Kano,False,,Kano,losing,False,180.0,1.0,False
2024-01-01,145,TraderAgent,Kano,4,-10.0,-10.0,500000.0,Kano,False,,,losing,False,180.0,0.0,False
2024-01-01,146,TraderAgent,Kano,1,116.07866666666669,116.07866666666669,495001.8,Bauchi,True,Bauchi,Bauchi,winning,False,180.0,0.0,True
2024-01-01,147,TraderAgent,Kano,3,20.0,20.0,500000.0,Kano,False,,,winning,False,171.0,0.0,False
2024-01-01,148,TraderAgent,Kano,4,-10.0,-10.0,500000.0,Kano,False,,,losing,False,180.0,0.0,False
2024-01-01,149,BuyerAgent,Kano,2,0.0,0.0,,,,,,,,,,
2024-01-01,150,BuyerAgent,Kano,0,44.01397705078125,44.01397705078125,,,,,,,,,,
2024-01-01,151,BuyerAgent,Kano,1,44.01397705078125,44.01397705078125,,,,,,,,,,
2024-01-01,152,BuyerAgent,Kano,0,44.01397705078125,44.01397705078125,,,,,,,,,,
2024-01-01,153,BuyerAgent,Kano,2,0.0,0.0,,,,,,,,,,
2024-01-01,154,BuyerAgent,Kano,2,0.0,0.0,,,,,,,,,,
2024-01-01,155,BuyerAgent,Kano,2,0.0,0.0,,,,,,,,,,
2024-01-01,156,BuyerAgent,Kano,1,44.01397705078125,44.01397705078125,,,,,,,,,,
2024-01-01,157,BuyerAgent,Kano,2,0.0,0.0,,,,,,,,,,
2024-01-01,158,BuyerAgent,Kano,2,0.0,0.0,,,,,,,,,,
2024-01-01,159,BuyerAgent,Kano,2,0.0,0.0,,,,,,,,,,
2024-01-01,160,BuyerAgent,Kano,2,0.0,0.0,,,,,,,,,,
2024-01-01,161,BuyerAgent,Kano,1,44.01397705078125,44.01397705078125,,,,,,,,,,
2024-01-01,162,BuyerAgent,Kano,0,0.0,0.0,,,,,,,,,,
2024-01-01,163,BuyerAgent,Kano,0,0.0,0.0,,,,,,,,,,
2024-01-01,164,BuyerAgent,Kano,2,0.0,0.0,,,,,,,,,,
2024-01-01,165,BuyerAgent,Kano,2,0.0,0.0,,,,,,,,,,
2024-01-01,166,BuyerAgent,Kano,1,0.0,0.0,,,,,,,,,,
2024-01-01,167,BuyerAgent,Kano,1,0.0,0.0,,,,,,,,,,
2024-01-01,168,BuyerAgent,Kano,2,0.0,0.0,,,,,,,,,,
2024-01-01,169,BuyerAgent,Kano,1,0.0,0.0,,,,,,,,,,
2024-01-01,170,BuyerAgent,Kano,1,0.0,0.0,,,,,,,,,,
2024-01-01,171,BuyerAgent,Kano,2,0.0,0.0,,,,,,,,,,
2024-01-01,172,BuyerAgent,Kano,1,0.0,0.0,,,,,,,,,,
2024-01-01,173,BuyerAgent,Kano,2,0.0,0.0,,,,,,,,,,
2024-01-01,174,BuyerAgent,Kano,2,0.0,0.0,,,,,,,,,,
2024-01-01,175,BuyerAgent,Kano,2,0.0,0.0,,,,,,,,,,
2024-01-01,176,BuyerAgent,Kano,0,0.0,0.0,,,,,,,,,,
2024-01-01,177,BuyerAgent,Kano,0,0.0,0.0,,,,,,,,,,
2024-01-01,178,BuyerAgent,Kano,2,0.0,0.0,,,,,,,,,,
2024-01-01,179,TransporterAgent,Kano,0,17.402,17.402,,,,,,,,,,
2024-01-01,180,TransporterAgent,Kano,0,17.402,17.402,,,,,,,,,,
2024-01-01,181,TransporterAgent,Kano,1,-200.0,-200.0,,,,,,,,,,
2024-01-01,182,TransporterAgent,Kano,0,17.402,17.402,,,,,,,,,,
2024-01-01,183,TransporterAgent,Kano,0,17.402,17.402,,,,,,,,,,
2024-01-01,184,TransporterAgent,Kano,2,-50.0,-50.0,,,,,,,,,,
2024-01-01,185,TransporterAgent,Kano,1,-200.0,-200.0,,,,,,,,,,
2024-01-01,186,TransporterAgent,Kano,0,17.402,17.402,,,,,,,,,,
2024-01-01,187,TransporterAgent,Kano,1,-200.0,-200.0,,,,,,,,,,
2024-01-01,188,TransporterAgent,Kano,2,-50.0,-50.0,,,,,,,,,,
2024-01-01,189,BankingAgent,Kano,1,-1.875,-3.75,,,,,,,,,,
2024-01-01,190,BankingAgent,Kano,0,-0.0,0.0,,,,,,,,,,
2024-01-01,191,BankingAgent,Kano,1,-1.875,-3.75,,,,,,,,,,
2024-01-01,193,TraderAgent,Lagos,4,-10.0,-10.0,500000.0,Lagos,False,,,losing,False,270.0,0.0,False
2024-01-01,194,TraderAgent,Lagos,3,20.0,20.0,500000.0,Lagos,False,,,winning,False,256.5,0.0,False
2024-01-01,195,TraderAgent,Lagos,0,681.8939208984375,681.8939208984375,500659.625,Lagos,False,,Lagos,losing,False,270.0,1.0,False
2024-01-01,196,TraderAgent,Lagos,2,-22.265625,-22.265625,499977.73,Lagos,False,,,losing,False,270.0,0.0,False
2024-01-01,197,TraderAgent,Lagos,1,160.58285714285714,160.58285714285714,441802.0,Onitsha,True,Onitsha,Onitsha,winning,False,270.0,0.0,True
2024-01-01,198,TraderAgent,Lagos,2,-22.265625,-22.265625,499977.73,Lagos,False,,,losing,False,270.0,0.0,False
2024-01-01,199,TraderAgent,Lagos,0,681.8939208984375,681.8939208984375,500659.625,Lagos,False,,Lagos,losing,False,270.0,1.0,False
2024-01-01,200,TraderAgent,Lagos,4,-10.0,-10.0,500000.0,Lagos,False,,,losing,False,270.0,0.0,False
2024-01-01,201,TraderAgent,Lagos,2,-22.265625,-22.265625,499977.73,Lagos,False,,,losing,False,270.0,0.0,False
2024-01-01,202,TraderAgent,Lagos,2,-22.265625,-22.265625,499977.73,Lagos,False,,,losing,False,270.0,0.0,False
2024-01-01,203,TraderAgent,Lagos,4,-10.0,-10.0,500000.0,Lagos,False,,,losing,False,270.0,0.0,False
2024-01-01,204,TraderAgent,Lagos,1,160.58285714285714,160.58285714285714,441802.0,Onitsha,True,Onitsha,Onitsha,winning,False,270.0,0.0,True
2024-01-01,205,TraderAgent,Lagos,2,-22.265625,-22.265625,499977.73,Lagos,False,,,losing,False,270.0,0.0,False
2024-01-01,206,TraderAgent,Lagos,3,20.0,20.0,500000.0,Lagos,False,,,winning,False,256.5,0.0,False
2024-01-01,207,TraderAgent,Lagos,1,160.58285714285714,160.58285714285714,441802.0,Onitsha,True,Onitsha,Onitsha,winning,False,270.0,0.0,True
2024-01-01,208,TraderAgent,Lagos,3,20.0,20.0,500000.0,Lagos,False,,,winning,False,256.5,0.0,False
2024-01-01,209,TraderAgent,Lagos,0,681.8939208984375,681.8939208984375,500659.625,Lagos,False,,Lagos,losing,False,270.0,1.0,False
2024-01-01,210,TraderAgent,Lagos,3,20.0,20.0,500000.0,Lagos,False,,,winning,False,256.5,0.0,False
2024-01-01,211,TraderAgent,Lagos,4,-10.0,-10.0,500000.0,Lagos,False,,,losing,False,270.0,0.0,False
2024-01-01,212,TraderAgent,Lagos,2,-22.265625,-22.265625,499977.73,Lagos,False,,,losing,False,270.0,0.0,False
2024-01-01,213,BuyerAgent,Lagos,1,68.1060791015625,68.1060791015625,,,,,,,,,,
2024-01-01,214,BuyerAgent,Lagos,1,68.1060791015625,68.1060791015625,,,,,,,,,,
2024-01-01,215,BuyerAgent,Lagos,2,0.0,0.0,,,,,,,,,,
2024-01-01,216,BuyerAgent,Lagos,2,0.0,0.0,,,,,,,,,,
2024-01-01,217,BuyerAgent,Lagos,2,0.0,0.0,,,,,,,,,,
2024-01-01,218,BuyerAgent,Lagos,0,68.1060791015625,68.1060791015625,,,,,,,,,,
2024-01-01,219,BuyerAgent,Lagos,2,0.0,0.0,,,,,,,,,,
2024-01-01,220,BuyerAgent,Lagos,1,0.0,0.0,,,,,,,,,,
2024-01-01,221,BuyerAgent,Lagos,1,0.0,0.0,,,,,,,,,,
2024-01-01,222,BuyerAgent,Lagos,1,0.0,0.0,,,,,,,,,,
2024-01-01,223,BuyerAgent,Lagos,0,0.0,0.0,,,,,,,,,,
2024-01-01,224,BuyerAgent,Lagos,0,0.0,0.0,,,,,,,,,,
2024-01-01,225,BuyerAgent,Lagos,2,0.0,0.0,,,,,,,,,,
2024-01-01,226,BuyerAgent,Lagos,0,0.0,0.0,,,,,,,,,,
2024-01-01,227,BuyerAgent,Lagos,0,0.0,0.0,,,,,,,,,,
2024-01-01,228,BuyerAgent,Lagos,2,0.0,0.0,,,,,,,,,,
2024-01-01,229,BuyerAgent,Lagos,2,0.0,0.0,,,,,,,,,,
2024-01-01,230,BuyerAgent,Lagos,1,0.0,0.0,,,,,,,,,,
2024-01-01,231,BuyerAgent,Lagos,1,0.0,0.0,,,,,,,,,,
2024-01-01,232,BuyerAgent,Lagos,0,0.0,0.0,,,,,,,,,,
2024-01-01,233,BuyerAgent,Lagos,0,0.0,0.0,,,,,,,,,,
2024-01-01,234,BuyerAgent,Lagos,1,0.0,0.0,,,,,,,,,,
2024-01-01,235,BuyerAgent,Lagos,0,0.0,0.0,,,,,,,,,,
2024-01-01,236,BuyerAgent,Lagos,0,0.0,0.0,,,,,,,,,,
2024-01-01,237,BuyerAgent,Lagos,0,0.0,0.0,,,,,,,,,,
2024-01-01,238,BuyerAgent,Lagos,2,0.0,0.0,,,,,,,,,,
2024-01-01,239,BuyerAgent,Lagos,0,0.0,0.0,,,,,,,,,,
2024-01-01,240,BuyerAgent,Lagos,0,0.0,0.0,,,,,,,,,,
2024-01-01,241,BuyerAgent,Lagos,1,0.0,0.0,,,,,,,,,,
2024-01-01,242,BuyerAgent,Lagos,1,0.0,0.0,,,,,,,,,,
2024-01-01,243,TransporterAgent,Lagos,0,18.60851393188855,18.60851393188855,,,,,,,,,,
2024-01-01,244,TransporterAgent,Lagos,1,-200.0,-200.0,,,,,,,,,,
2024-01-01,245,TransporterAgent,Lagos,1,-200.0,-200.0,,,,,,,,,,
2024-01-01,246,TransporterAgent,Lagos,1,-200.0,-200.0,,,,,,,,,,
2024-01-01,247,TransporterAgent,Lagos,3,50.0,50.0,,,,,,,,,,
2024-01-01,248,TransporterAgent,Lagos,0,18.60851393188855,18.60851393188855,,,,,,,,,,
2024-01-01,249,TransporterAgent,Lagos,1,-200.0,-200.0,,,,,,,,,,
2024-01-01,250,TransporterAgent,Lagos,1,-200.0,-200.0,,,,,,,,,,
2024-01-01,251,TransporterAgent,Lagos,3,50.0,50.0,,,,,,,,,,
2024-01-01,252,TransporterAgent,Lagos,1,-200.0,-200.0,,,,,,,,,,
2024-01-01,253,BankingAgent,Lagos,2,-0.9375,-1.875,,,,,,,,,,
2024-01-01,254,BankingAgent,Lagos,0,-0.0,0.0,,,,,,,,,,
2024-01-01,255,BankingAgent,Lagos,1,-1.875,-3.75,,,,,,,,,,
2024-01-01,257,TraderAgent,Onitsha,4,-10.0,-10.0,500000.0,Onitsha,False,,,losing,False,6300.0,0.0,False
2024-01-01,258,TraderAgent,Onitsha,3,20.0,20.0,500000.0,Onitsha,False,,,winning,False,5985.0,0.0,False
2024-01-01,259,TraderAgent,Onitsha,4,-10.0,-10.0,500000.0,Onitsha,False,,,losing,False,6300.0,0.0,False
2024-01-01,260,TraderAgent,Onitsha,1,176.88285714285715,176.88285714285715,491909.0,Port_Harcourt,True,Port_Harcourt,Port_Harcourt,winning,False,6300.0,0.0,True
2024-01-01,261,TraderAgent,Onitsha,0,15705.615234375,15705.615234375,515686.875,Onitsha,False,,Onitsha,losing,False,6300.0,1.0,False
2024-01-01,262,TraderAgent,Onitsha,2,-18.75,-18.75,499981.25,Onitsha,False,,,losing,False,6300.0,0.0,False
2024-01-01,263,TraderAgent,Onitsha,3,20.0,20.0,500000.0,Onitsha,False,,,winning,False,5985.0,0.0,False
2024-01-01,264,TraderAgent,Onitsha,2,-18.75,-18.75,499981.25,Onitsha,False,,,losing,False,6300.0,0.0,False
2024-01-01,265,TraderAgent,Onitsha,4,-10.0,-10.0,500000.0,Onitsha,False,,,losing,False,6300.0,0.0,False
2024-01-01,266,TraderAgent,Onitsha,0,15705.615234375,15705.615234375,515686.875,Onitsha,False,,Onitsha,losing,False,6300.0,1.0,False
2024-01-01,267,TraderAgent,Onitsha,0,15705.615234375,15705.615234375,515686.875,Onitsha,False,,Onitsha,losing,False,6300.0,1.0,False
2024-01-01,268,TraderAgent,Onitsha,0,15705.615234375,15705.615234375,515686.875,Onitsha,False,,Onitsha,losing,False,6300.0,1.0,False
2024-01-01,269,TraderAgent,Onitsha,4,-10.0,-10.0,500000.0,Onitsha,False,,,losing,False,6300.0,0.0,False
2024-01-01,270,TraderAgent,Onitsha,1,176.88285714285715,176.88285714285715,491909.0,Port_Harcourt,True,Port_Harcourt,Port_Harcourt,winning,False,6300.0,0.0,True
2024-01-01,271,TraderAgent,Onitsha,4,-10.0,-10.0,500000.0,Onitsha,False,,,losing,False,6300.0,0.0,False
2024-01-01,272,TraderAgent,Onitsha,2,-18.75,-18.75,499981.25,Onitsha,False,,,losing,False,6300.0,0.0,False
2024-01-01,273,TraderAgent,Onitsha,2,-18.75,-18.75,499981.25,Onitsha,False,,,losing,False,6300.0,0.0,False
2024-01-01,274,TraderAgent,Onitsha,2,-18.75,-18.75,499981.25,Onitsha,False,,,losing,False,6300.0,0.0,False
2024-01-01,275,TraderAgent,Onitsha,4,-10.0,-10.0,500000.0,Onitsha,False,,,losing,False,6300.0,0.0,False
2024-01-01,276,TraderAgent,Onitsha,3,20.0,20.0,500000.0,Onitsha,False,,,winning,False,5985.0,0.0,False
2024-01-01,277,BuyerAgent,Onitsha,0,1794.384765625,1794.384765625,,,,,,,,,,
2024-01-01,278,BuyerAgent,Onitsha,2,0.0,0.0,,,,,,,,,,
2024-01-01,279,BuyerAgent,Onitsha,1,1794.384765625,1794.384765625,,,,,,,,,,
2024-01-01,280,BuyerAgent,Onitsha,1,1794.384765625,1794.384765625,,,,,,,,,,
2024-01-01,281,BuyerAgent,Onitsha,0,1794.384765625,1794.384765625,,,,,,,,,,
2024-01-01,282,BuyerAgent,Onitsha,2,0.0,0.0,,,,,,,,,,
2024-01-01,283,BuyerAgent,Onitsha,1,0.0,0.0,,,,,,,,,,
2024-01-01,284,BuyerAgent,Onitsha,2,0.0,0.0,,,,,,,,,,
2024-01-01,285,BuyerAgent,Onitsha,2,0.0,0.0,,,,,,,,,,
2024-01-01,286,BuyerAgent,Onitsha,0,0.0,0.0,,,,,,,,,,
2024-01-01,287,BuyerAgent,Onitsha,0,0.0,0.0,,,,,,,,,,
2024-01-01,288,BuyerAgent,Onitsha,2,0.0,0.0,,,,,,,,,,
2024-01-01,289,BuyerAgent,Onitsha,1,0.0,0.0,,,,,,,,,,
2024-01-01,290,BuyerAgent,Onitsha,1,0.0,0.0,,,,,,,,,,
2024-01-01,291,BuyerAgent,Onitsha,0,0.0,0.0,,,,,,,,,,
2024-01-01,292,BuyerAgent,Onitsha,0,0.0,0.0,,,,,,,,,,
2024-01-01,293,BuyerAgent,Onitsha,0,0.0,0.0,,,,,,,,,,
2024-01-01,294,BuyerAgent,Onitsha,0,0.0,0.0,,,,,,,,,,
2024-01-01,295,BuyerAgent,Onitsha,0,0.0,0.0,,,,,,,,,,
2024-01-01,296,BuyerAgent,Onitsha,0,0.0,0.0,,,,,,,,,,
2024-01-01,297,BuyerAgent,Onitsha,1,0.0,0.0,,,,,,,,,,
2024-01-01,298,BuyerAgent,Onitsha,2,0.0,0.0,,,,,,,,,,
2024-01-01,299,BuyerAgent,Onitsha,2,0.0,0.0,,,,,,,,,,
2024-01-01,300,BuyerAgent,Onitsha,1,0.0,0.0,,,,,,,,,,
2024-01-01,301,BuyerAgent,Onitsha,0,0.0,0.0,,,,,,,,,,
2024-01-01,302,BuyerAgent,Onitsha,2,0.0,0.0,,,,,,,,,,
2024-01-01,303,BuyerAgent,Onitsha,0,0.0,0.0,,,,,,,,,,
2024-01-01,304,BuyerAgent,Onitsha,1,0.0,0.0,,,,,,,,,,
2024-01-01,305,BuyerAgent,Onitsha,2,0.0,0.0,,,,,,,,,,
2024-01-01,306,BuyerAgent,Onitsha,1,0.0,0.0,,,,,,,,,,
2024-01-01,307,TransporterAgent,Onitsha,2,-50.0,-50.0,,,,,,,,,,
2024-01-01,308,TransporterAgent,Onitsha,3,50.0,50.0,,,,,,,,,,
2024-01-01,309,TransporterAgent,Onitsha,0,32.1,32.1,,,,,,,,,,
2024-01-01,310,TransporterAgent,Onitsha,2,-50.0,-50.0,,,,,,,,,,
2024-01-01,311,TransporterAgent,Onitsha,2,-50.0,-50.0,,,,,,,,,,
2024-01-01,312,TransporterAgent,Onitsha,2,-50.0,-50.0,,,,,,,,,,
2024-01-01,313,TransporterAgent,Onitsha,2,-50.0,-50.0,,,,,,,,,,
2024-01-01,314,TransporterAgent,Onitsha,0,32.1,32.1,,,,,,,,,,
2024-01-01,315,TransporterAgent,Onitsha,2,-50.0,-50.0,,,,,,,,,,
2024-01-01,316,TransporterAgent,Onitsha,3,50.0,50.0,,,,,,,,,,
2024-01-01,317,BankingAgent,Onitsha,1,-1.875,-3.75,,,,,,,,,,
2024-01-01,318,BankingAgent,Onitsha,2,-0.9375,-1.875,,,,,,,,,,
2024-01-01,319,BankingAgent,Onitsha,0,-0.0,0.0,,,,,,,,,,
2024-01-01,321,TraderAgent,Port_Harcourt,4,-10.0,-10.0,500000.0,Port_Harcourt,False,,,losing,False,540.0,0.0,False
2024-01-01,322,TraderAgent,Port_Harcourt,4,-10.0,-10.0,500000.0,Port_Harcourt,False,,,losing,False,540.0,0.0,False
2024-01-01,323,TraderAgent,Port_Harcourt,4,-10.0,-10.0,500000.0,Port_Harcourt,False,,,losing,False,540.0,0.0,False
2024-01-01,324,TraderAgent,Port_Harcourt,2,-18.75,-18.75,499981.25,Port_Harcourt,False,,,losing,False,540.0,0.0,False
2024-01-01,325,TraderAgent,Port_Harcourt,4,-10.0,-10.0,500000.0,Port_Harcourt,False,,,losing,False,540.0,0.0,False
2024-01-01,326,TraderAgent,Port_Harcourt,4,-10.0,-10.0,500000.0,Port_Harcourt,False,,,losing,False,540.0,0.0,False
2024-01-01,327,TraderAgent,Port_Harcourt,4,-10.0,-10.0,500000.0,Port_Harcourt,False,,,losing,False,540.0,0.0,False
2024-01-01,328,TraderAgent,Port_Harcourt,2,-18.75,-18.75,499981.25,Port_Harcourt,False,,,losing,False,540.0,0.0,False
2024-01-01,329,TraderAgent,Port_Harcourt,2,-18.75,-18.75,499981.25,Port_Harcourt,False,,,losing,False,540.0,0.0,False
2024-01-01,330,TraderAgent,Port_Harcourt,4,-10.0,-10.0,500000.0,Port_Harcourt,False,,,losing,False,540.0,0.0,False
2024-01-01,331,TraderAgent,Port_Harcourt,2,-18.75,-18.75,499981.25,Port_Harcourt,False,,,losing,False,540.0,0.0,False
2024-01-01,332,TraderAgent,Port_Harcourt,1,183.72266666666667,183.72266666666667,445037.6,Onitsha,True,Onitsha,Onitsha,winning,False,540.0,0.0,True
2024-01-01,333,TraderAgent,Port_Harcourt,2,-18.75,-18.75,499981.25,Port_Harcourt,False,,,losing,False,540.0,0.0,False
2024-01-01,334,TraderAgent,Port_Harcourt,2,-18.75,-18.75,499981.25,Port_Harcourt,False,,,losing,False,540.0,0.0,False
2024-01-01,335,TraderAgent,Port_Harcourt,3,20.0,20.0,500000.0,Port_Harcourt,False,,,winning,False,513.0,0.0,False
2024-01-01,336,TraderAgent,Port_Harcourt,0,1365.76904296875,1365.76904296875,501347.03125,Port_Harcourt,False,,Port_Harcourt,losing,False,540.0,1.0,False
2024-01-01,337,TraderAgent,Port_Harcourt,4,-10.0,-10.0,500000.0,Port_Harcourt,False,,,losing,False,540.0,0.0,False
2024-01-01,338,TraderAgent,Port_Harcourt,1,183.72266666666667,183.72266666666667,445037.6,Onitsha,True,Onitsha,Onitsha,winning,False,540.0,0.0,True
2024-01-01,339,TraderAgent,Port_Harcourt,3,20.0,20.0,500000.0,Port_Harcourt,False,,,winning,False,513.0,0.0,False
2024-01-01,340,TraderAgent,Port_Harcourt,3,20.0,20.0,500000.0,Port_Harcourt,False,,,winning,False,513.0,0.0,False
2024-01-01,341,BuyerAgent,Port_Harcourt,2,0.0,0.0,,,,,,,,,,
2024-01-01,342,BuyerAgent,Port_Harcourt,2,0.0,0.0,,,,,,,,,,
2024-01-01,343,BuyerAgent,Port_Harcourt,2,0.0,0.0,,,,,,,,,,
2024-01-01,344,BuyerAgent,Port_Harcourt,1,134.23095703125,134.23095703125,,,,,,,,,,
2024-01-01,345,BuyerAgent,Port_Harcourt,1,0.0,0.0,,,,,,,,,,
2024-01-01,346,BuyerAgent,Port_Harcourt,2,0.0,0.0,,,,,,,,,,
2024-01-01,347,BuyerAgent,Port_Harcourt,2,0.0,0.0,,,,,,,,,,
2024-01-01,348,BuyerAgent,Port_Harcourt,0,0.0,0.0,,,,,,,,,,
2024-01-01,349,BuyerAgent,Port_Harcourt,0,0.0,0.0,,,,,,,,,,
2024-01-01,350,BuyerAgent,Port_Harcourt,1,0.0,0.0,,,,,,,,,,
2024-01-01,351,BuyerAgent,Port_Harcourt,1,0.0,0.0,,,,,,,,,,
2024-01-01,352,BuyerAgent,Port_Harcourt,0,0.0,0.0,,,,,,,,,,
2024-01-01,353,BuyerAgent,Port_Harcourt,2,0.0,0.0,,,,,,,,,,
2024-01-01,354,BuyerAgent,Port_Harcourt,2,0.0,0.0,,,,,,,,,,
2024-01-01,355,BuyerAgent,Port_Harcourt,2,0.0,0.0,,,,,,,,,,
2024-01-01,356,BuyerAgent,Port_Harcourt,0,0.0,0.0,,,,,,,,,,
2024-01-01,357,BuyerAgent,Port_Harcourt,0,0.0,0.0,,,,,,,,,,
2024-01-01,358,BuyerAgent,Port_Harcourt,2,0.0,0.0,,,,,,,,,,
2024-01-01,359,BuyerAgent,Port_Harcourt,0,0.0,0.0,,,,,,,,,,
2024-01-01,360,BuyerAgent,Port_Harcourt,1,0.0,0.0,,,,,,,,,,
2024-01-01,361,BuyerAgent,Port_Harcourt,2,0.0,0.0,,,,,,,,,,
2024-01-01,362,BuyerAgent,Port_Harcourt,0,0.0,0.0,,,,,,,,,,
2024-01-01,363,BuyerAgent,Port_Harcourt,1,0.0,0.0,,,,,,,,,,
2024-01-01,364,BuyerAgent,Port_Harcourt,2,0.0,0.0,,,,,,,,,,
2024-01-01,365,BuyerAgent,Port_Harcourt,1,0.0,0.0,,,,,,,,,,
2024-01-01,366,BuyerAgent,Port_Harcourt,0,0.0,0.0,,,,,,,,,,
2024-01-01,367,BuyerAgent,Port_Harcourt,2,0.0,0.0,,,,,,,,,,
2024-01-01,368,BuyerAgent,Port_Harcourt,0,0.0,0.0,,,,,,,,,,
2024-01-01,369,BuyerAgent,Port_Harcourt,1,0.0,0.0,,,,,,,,,,
2024-01-01,370,BuyerAgent,Port_Harcourt,0,0.0,0.0,,,,,,,,,,
2024-01-01,371,TransporterAgent,Port_Harcourt,3,50.0,50.0,,,,,,,,,,
2024-01-01,372,TransporterAgent,Port_Harcourt,0,15.763636363636365,15.763636363636365,,,,,,,,,,
2024-01-01,373,TransporterAgent,Port_Harcourt,0,15.763636363636365,15.763636363636365,,,,,,,,,,
2024-01-01,374,TransporterAgent,Port_Harcourt,2,-50.0,-50.0,,,,,,,,,,
2024-01-01,375,TransporterAgent,Port_Harcourt,1,-200.0,-200.0,,,,,,,,,,
2024-01-01,376,TransporterAgent,Port_Harcourt,1,-200.0,-200.0,,,,,,,,,,
2024-01-01,377,TransporterAgent,Port_Harcourt,3,50.0,50.0,,,,,,,,,,
2024-01-01,378,TransporterAgent,Port_Harcourt,2,-50.0,-50.0,,,,,,,,,,
2024-01-01,379,TransporterAgent,Port_Harcourt,0,15.763636363636365,15.763636363636365,,,,,,,,,,
2024-01-01,380,TransporterAgent,Port_Harcourt,2,-50.0,-50.0,,,,,,,,,,
2024-01-01,381,BankingAgent,Port_Harcourt,0,-0.0,0.0,,,,,,,,,,
2024-01-01,382,BankingAgent,Port_Harcourt,1,-1.875,-3.75,,,,,,,,,,
2024-01-01,383,BankingAgent,Port_Harcourt,0,-0.0,0.0,,,,,,,,,,
2024-02-01,1,TraderAgent,Abuja,4,-10.0,-20.0,500000.0,Abuja,False,,,losing,False,270.0,0.0,False
2024-02-01,2,TraderAgent,Abuja,0,0.0,145.62285714285713,442195.09375,Abuja,False,Onitsha,Onitsha,losing,False,285.0,1.0,False
2024-02-01,3,TraderAgent,Abuja,0,723.5763549804688,1412.61328125,501367.625,Abuja,False,,Abuja,winning,False,277.5,2.0,False
2024-02-01,4,TraderAgent,Abuja,2,-27.925625,661.1112670898438,500644.09375,Abuja,False,,Abuja,winning,False,277.5,1.0,False
2024-02-01,5,TraderAgent,Abuja,1,121.1525,111.1525,489030.5,Onitsha,True,Onitsha,Onitsha,losing,False,270.0,0.0,True
2024-02-01,6,TraderAgent,Abuja,4,-10.0,-20.0,500000.0,Abuja,False,,,losing,False,270.0,0.0,False
2024-02-01,7,TraderAgent,Abuja,0,0.0,145.62285714285713,442195.09375,Abuja,False,Onitsha,Onitsha,losing,False,285.0,1.0,False
2024-02-01,8,TraderAgent,Abuja,1,121.1525,810.1893310546875,489702.53125,Onitsha,True,Onitsha,Onitsha,winning,False,277.5,1.0,True
2024-02-01,9,TraderAgent,Abuja,0,0.0,145.62285714285713,442195.09375,Abuja,False,Onitsha,Onitsha,losing,False,285.0,1.0,False
2024-02-01,10,TraderAgent,Abuja,2,-27.925625,661.1112670898438,500644.09375,Abuja,False,,Abuja,winning,False,277.5,1.0,False
2024-02-01,11,TraderAgent,Abuja,2,-27.925625,-37.925625,499972.07,Abuja,False,,,losing,False,270.0,0.0,False
2024-02-01,12,TraderAgent,Abuja,1,121.1525,810.1893310546875,489702.53125,Onitsha,True,Onitsha,Onitsha,winning,False,277.5,1.0,True
2024-02-01,13,TraderAgent,Abuja,3,20.0,709.036865234375,500672.03125,Abuja,False,,Abuja,winning,False,263.62,1.0,False
2024-02-01,14,TraderAgent,Abuja,4,-10.0,-20.0,500000.0,Abuja,False,,,losing,False,270.0,0.0,False
2024-02-01,15,TraderAgent,Abuja,0,686.0763549804688,669.0841674804688,500641.15625,Abuja,False,,Abuja,losing,False,270.0,1.0,False
2024-02-01,16,TraderAgent,Abuja,0,0.0,145.62285714285713,442195.09375,Abuja,False,Onitsha,Onitsha,losing,False,285.0,1.0,False
2024-02-01,17,TraderAgent,Abuja,1,121.1525,810.1893310546875,489702.53125,Onitsha,True,Onitsha,Onitsha,winning,False,277.5,1.0,True
2024-02-01,18,TraderAgent,Abuja,0,723.5763549804688,1412.61328125,501367.625,Abuja,False,,Abuja,winning,False,277.5,2.0,False
2024-02-01,19,TraderAgent,Abuja,2,-27.925625,-44.9178125,499955.08,Abuja,False,,,losing,False,270.0,0.0,False
2024-02-01,20,TraderAgent,Abuja,0,686.0763549804688,676.0763549804688,500658.125,Abuja,False,,Abuja,losing,False,270.0,1.0,False
2024-02-01,21,BuyerAgent,Abuja,2,0.0,60.963134765625,,,,,,,,,,
2024-02-01,22,BuyerAgent,Abuja,1,63.92364501953125,124.88677978515625,,,,,,,,,,
2024-02-01,23,BuyerAgent,Abuja,2,0.0,60.963134765625,,,,,,,,,,
2024-02-01,24,BuyerAgent,Abuja,2,0.0,60.963134765625,,,,,,,,,,
2024-02-01,25,BuyerAgent,Abuja,0,63.92364501953125,124.88677978515625,,,,,,,,,,
2024-02-01,26,BuyerAgent,Abuja,2,0.0,60.963134765625,,,,,,,,,,
2024-02-01,27,BuyerAgent,Abuja,1,26.42364501953125,26.42364501953125,,,,,,,,,,
2024-02-01,28,BuyerAgent,Abuja,2,0.0,60.963134765625,,,,,,,,,,
2024-02-01,29,BuyerAgent,Abuja,2,0.0,0.0,,,,,,,,,,
2024-02-01,30,BuyerAgent,Abuja,0,26.42364501953125,26.42364501953125,,,,,,,,,,
2024-02-01,31,BuyerAgent,Abuja,0,0.0,60.963134765625,,,,,,,,,,
2024-02-01,32,BuyerAgent,Abuja,0,0.0,0.0,,,,,,,,,,
2024-02-01,33,BuyerAgent,Abuja,0,0.0,0.0,,,,,,,,,,
2024-02-01,34,BuyerAgent,Abuja,2,0.0,0.0,,,,,,,,,,
2024-02-01,35,BuyerAgent,Abuja,2,0.0,0.0,,,,,,,,,,
2024-02-01,36,BuyerAgent,Abuja,0,0.0,0.0,,,,,,,,,,
2024-02-01,37,BuyerAgent,Abuja,2,0.0,0.0,,,,,,,,,,
2024-02-01,38,BuyerAgent,Abuja,2,0.0,0.0,,,,,,,,,,
2024-02-01,39,BuyerAgent,Abuja,0,0.0,0.0,,,,,,,,,,
2024-02-01,40,BuyerAgent,Abuja,2,0.0,0.0,,,,,,,,,,
2024-02-01,41,BuyerAgent,Abuja,0,0.0,0.0,,,,,,,,,,
2024-02-01,42,BuyerAgent,Abuja,2,0.0,0.0,,,,,,,,,,
2024-02-01,43,BuyerAgent,Abuja,2,0.0,0.0,,,,,,,,,,
2024-02-01,44,BuyerAgent,Abuja,0,0.0,0.0,,,,,,,,,,
2024-02-01,45,BuyerAgent,Abuja,0,0.0,0.0,,,,,,,,,,
2024-02-01,46,BuyerAgent,Abuja,2,0.0,0.0,,,,,,,,,,
2024-02-01,47,BuyerAgent,Abuja,0,0.0,0.0,,,,,,,,,,
2024-02-01,48,BuyerAgent,Abuja,2,0.0,0.0,,,,,,,,,,
2024-02-01,49,BuyerAgent,Abuja,2,0.0,0.0,,,,,,,,,,
2024-02-01,50,BuyerAgent,Abuja,2,0.0,0.0,,,,,,,,,,
2024-02-01,51,TransporterAgent,Abuja,2,-50.0,-26.96373333333333,,,,,,,,,,
2024-02-01,52,TransporterAgent,Abuja,2,-50.0,0.0,,,,,,,,,,
2024-02-01,53,TransporterAgent,Abuja,3,50.0,0.0,,,,,,,,,,
2024-02-01,54,TransporterAgent,Abuja,0,20.653999999999996,70.654,,,,,,,,,,
2024-02-01,55,TransporterAgent,Abuja,0,20.653999999999996,-29.346000000000004,,,,,,,,,,
2024-02-01,56,TransporterAgent,Abuja,0,20.653999999999996,-179.346,,,,,,,,,,
2024-02-01,57,TransporterAgent,Abuja,3,50.0,73.03626666666668,,,,,,,,,,
2024-02-01,58,TransporterAgent,Abuja,2,-50.0,0.0,,,,,,,,,,
2024-02-01,59,TransporterAgent,Abuja,3,50.0,100.0,,,,,,,,,,
2024-02-01,60,TransporterAgent,Abuja,0,20.653999999999996,-179.346,,,,,,,,,,
2024-02-01,61,BankingAgent,Abuja,0,-0.0,-3.75,,,,,,,,,,
2024-02-01,62,BankingAgent,Abuja,1,-2.2750000000000004,-8.3,,,,,,,,,,
2024-02-01,63,BankingAgent,Abuja,1,-2.2750000000000004,-6.425000000000001,,,,,,,,,,
2024-02-01,65,TraderAgent,Bauchi,0,685.1031494140625,705.1031494140625,500664.90625,Bauchi,False,,Bauchi,losing,False,270.0,1.0,False
2024-02-01,66,TraderAgent,Bauchi,1,135.632,125.632,488708.0,Onitsha,True,Onitsha,Onitsha,winning,False,270.0,0.0,True
2024-02-01,67,TraderAgent,Bauchi,4,-10.0,-20.0,500000.0,Bauchi,False,,,losing,False,270.0,0.0,False
2024-02-01,68,TraderAgent,Bauchi,0,0.0,141.41657142857144,441458.0,Bauchi,False,Onitsha,Onitsha,winning,False,285.0,1.0,False
2024-02-01,69,TraderAgent,Bauchi,0,0.0,141.41657142857144,441458.0,Bauchi,False,Onitsha,Onitsha,winning,False,285.0,1.0,False
2024-02-01,70,TraderAgent,Bauchi,0,685.1031494140625,705.1031494140625,500664.90625,Bauchi,False,,Bauchi,losing,False,270.0,1.0,False
2024-02-01,71,TraderAgent,Bauchi,3,20.0,10.0,500000.0,Bauchi,False,,,losing,False,256.5,0.0,False
2024-02-01,72,TraderAgent,Bauchi,1,135.632,155.632,488708.0,Onitsha,True,Onitsha,Onitsha,winning,False,270.0,0.0,True
2024-02-01,73,TraderAgent,Bauchi,2,-20.162187499999998,-38.9121875,499961.09,Bauchi,False,,,losing,False,270.0,0.0,False
2024-02-01,74,TraderAgent,Bauchi,0,0.0,141.41657142857144,441458.0,Bauchi,False,Onitsha,Onitsha,winning,False,285.0,1.0,False
2024-02-01,75,TraderAgent,Bauchi,4,-10.0,674.5916748046875,500665.84375,Bauchi,False,,Bauchi,winning,False,277.5,1.0,False
2024-02-01,76,TraderAgent,Bauchi,4,-10.0,674.5916748046875,500665.84375,Bauchi,False,,Bauchi,winning,False,277.5,1.0,False
2024-02-01,77,TraderAgent,Bauchi,1,135.632,155.632,488708.0,Onitsha,True,Onitsha,Onitsha,winning,False,270.0,0.0,True
2024-02-01,78,TraderAgent,Bauchi,3,20.0,40.0,500000.0,Bauchi,False,,,losing,False,256.5,0.0,False
2024-02-01,79,TraderAgent,Bauchi,4,-10.0,10.0,500000.0,Bauchi,False,,,losing,False,270.0,0.0,False
2024-02-01,80,TraderAgent,Bauchi,0,722.6031494140625,1407.19482421875,501368.28125,Bauchi,False,,Bauchi,winning,False,277.5,2.0,False
2024-02-01,81,TraderAgent,Bauchi,1,135.632,125.632,488708.0,Onitsha,True,Onitsha,Onitsha,winning,False,270.0,0.0,True
2024-02-01,82,TraderAgent,Bauchi,4,-10.0,-28.75,499981.25,Bauchi,False,,,losing,False,270.0,0.0,False
2024-02-01,83,TraderAgent,Bauchi,3,20.0,704.5916748046875,500665.84375,Bauchi,False,,Bauchi,winning,False,263.62,1.0,False
2024-02-01,84,TraderAgent,Bauchi,2,-20.162187499999998,-0.16218749999999815,499979.84,Bauchi,False,,,losing,False,270.0,0.0,False
2024-02-01,85,BuyerAgent,Bauchi,0,64.8968505859375,130.30517578125,,,,,,,,,,
2024-02-01,86,BuyerAgent,Bauchi,2,0.0,65.4083251953125,,,,,,,,,,
2024-02-01,87,BuyerAgent,Bauchi,2,0.0,65.4083251953125,,,,,,,,,,
2024-02-01,88,BuyerAgent,Bauchi,0,64.8968505859375,64.8968505859375,,,,,,,,,,
2024-02-01,89,BuyerAgent,Bauchi,2,0.0,65.4083251953125,,,,,,,,,,
2024-02-01,90,BuyerAgent,Bauchi,0,27.3968505859375,27.3968505859375,,,,,,,,,,
2024-02-01,91,BuyerAgent,Bauchi,2,0.0,0.0,,,,,,,,,,
2024-02-01,92,BuyerAgent,Bauchi,0,0.0,0.0,,,,,,,,,,
2024-02-01,93,BuyerAgent,Bauchi,0,0.0,0.0,,,,,,,,,,
2024-02-01,94,BuyerAgent,Bauchi,1,0.0,0.0,,,,,,,,,,
2024-02-01,95,BuyerAgent,Bauchi,1,0.0,0.0,,,,,,,,,,
2024-02-01,96,BuyerAgent,Bauchi,2,0.0,0.0,,,,,,,,,,
2024-02-01,97,BuyerAgent,Bauchi,1,0.0,0.0,,,,,,,,,,
2024-02-01,98,BuyerAgent,Bauchi,0,0.0,0.0,,,,,,,,,,
2024-02-01,99,BuyerAgent,Bauchi,2,0.0,0.0,,,,,,,,,,
2024-02-01,100,BuyerAgent,Bauchi,0,0.0,0.0,,,,,,,,,,
2024-02-01,101,BuyerAgent,Bauchi,2,0.0,0.0,,,,,,,,,,
2024-02-01,102,BuyerAgent,Bauchi,1,0.0,0.0,,,,,,,,,,
2024-02-01,103,BuyerAgent,Bauchi,1,0.0,0.0,,,,,,,,,,
2024-02-01,104,BuyerAgent,Bauchi,2,0.0,0.0,,,,,,,,,,
2024-02-01,105,BuyerAgent,Bauchi,1,0.0,0.0,,,,,,,,,,
2024-02-01,106,BuyerAgent,Bauchi,2,0.0,0.0,,,,,,,,,,
2024-02-01,107,BuyerAgent,Bauchi,1,0.0,0.0,,,,,,,,,,
2024-02-01,108,BuyerAgent,Bauchi,0,0.0,0.0,,,,,,,,,,
2024-02-01,109,BuyerAgent,Bauchi,1,0.0,0.0,,,,,,,,,,
2024-02-01,110,BuyerAgent,Bauchi,1,0.0,0.0,,,,,,,,,,
2024-02-01,111,BuyerAgent,Bauchi,0,0.0,0.0,,,,,,,,,,
2024-02-01,112,BuyerAgent,Bauchi,0,0.0,0.0,,,,,,,,,,
2024-02-01,113,BuyerAgent,Bauchi,1,0.0,0.0,,,,,,,,,,
2024-02-01,114,BuyerAgent,Bauchi,1,0.0,0.0,,,,,,,,,,
2024-02-01,115,TransporterAgent,Bauchi,2,-50.0,-100.0,,,,,,,,,,
2024-02-01,116,TransporterAgent,Bauchi,1,-200.0,-250.0,,,,,,,,,,
2024-02-01,117,TransporterAgent,Bauchi,3,50.0,0.0,,,,,,,,,,
2024-02-01,118,TransporterAgent,Bauchi,1,-200.0,-400.0,,,,,,,,,,
2024-02-01,119,TransporterAgent,Bauchi,1,-200.0,-186.75,,,,,,,,,,
2024-02-01,120,TransporterAgent,Bauchi,3,50.0,0.0,,,,,,,,,,
2024-02-01,121,TransporterAgent,Bauchi,1,-200.0,-186.75,,,,,,,,,,
2024-02-01,122,TransporterAgent,Bauchi,0,9.342857142857142,-190.65714285714284,,,,,,,,,,
2024-02-01,123,TransporterAgent,Bauchi,2,-50.0,0.0,,,,,,,,,,
2024-02-01,124,TransporterAgent,Bauchi,1,-200.0,-150.0,,,,,,,,,,
2024-02-01,125,BankingAgent,Bauchi,2,-1.1375000000000002,-6.025,,,,,,,,,,
2024-02-01,126,BankingAgent,Bauchi,0,-0.0,0.0,,,,,,,,,,
2024-02-01,127,BankingAgent,Bauchi,2,-1.1375000000000002,-2.2750000000000004,,,,,,,,,,
2024-02-01,129,TraderAgent,Kano,0,451.7457580566406,471.7457580566406,500431.59375,Kano,False,,Kano,losing,False,180.0,1.0,False
2024-02-01,130,TraderAgent,Kano,4,-10.0,445.98602294921875,500433.75,Kano,False,,Kano,winning,False,185.0,1.0,False
2024-02-01,131,TraderAgent,Kano,2,-20.162187499999998,-30.162187499999998,499979.84,Kano,False,,,losing,False,180.0,0.0,False
2024-02-01,132,TraderAgent,Kano,2,-20.162187499999998,-30.162187499999998,499979.84,Kano,False,,,losing,False,180.0,0.0,False
2024-02-01,133,TraderAgent,Kano,0,0.0,116.07866666666669,497003.5625,Kano,False,Bauchi,Bauchi,winning,False,190.0,1.0,False
2024-02-01,134,TraderAgent,Kano,0,476.7457580566406,932.7318115234375,500890.375,Kano,False,,Kano,winning,False,185.0,2.0,False
2024-02-01,135,TraderAgent,Kano,1,133.55473684210529,153.55473684210529,494965.4,Bauchi,True,Bauchi,Bauchi,winning,False,180.0,0.0,True
2024-02-01,136,TraderAgent,Kano,0,451.7457580566406,471.7457580566406,500431.59375,Kano,False,,Kano,losing,False,180.0,1.0,False
2024-02-01,137,TraderAgent,Kano,3,20.0,-2.265625,499977.73,Kano,False,,,losing,False,171.0,0.0,False
2024-02-01,138,TraderAgent,Kano,4,-10.0,-20.0,500000.0,Kano,False,,,losing,False,180.0,0.0,False
2024-02-01,139,TraderAgent,Kano,4,-10.0,-20.0,500000.0,Kano,False,,,losing,False,180.0,0.0,False
2024-02-01,140,TraderAgent,Kano,4,-10.0,-20.0,500000.0,Kano,False,,,losing,False,180.0,0.0,False
2024-02-01,141,TraderAgent,Kano,3,20.0,475.98602294921875,500433.75,Kano,False,,Kano,winning,False,175.75,1.0,False
2024-02-01,142,TraderAgent,Kano,3,20.0,475.98602294921875,500433.75,Kano,False,,Kano,winning,False,175.75,1.0,False
2024-02-01,143,TraderAgent,Kano,0,451.7457580566406,441.7457580566406,500431.59375,Kano,False,,Kano,losing,False,180.0,1.0,False
2024-02-01,144,TraderAgent,Kano,3,20.0,475.98602294921875,500433.75,Kano,False,,Kano,winning,False,175.75,1.0,False
2024-02-01,145,TraderAgent,Kano,3,20.0,10.0,500000.0,Kano,False,,,losing,False,171.0,0.0,False
2024-02-01,146,TraderAgent,Kano,0,0.0,116.07866666666669,497003.5625,Kano,False,Bauchi,Bauchi,winning,False,190.0,1.0,False
2024-02-01,147,TraderAgent,Kano,3,20.0,40.0,500000.0,Kano,False,,,losing,False,171.0,0.0,False
2024-02-01,148,TraderAgent,Kano,4,-10.0,-20.0,500000.0,Kano,False,,,losing,False,180.0,0.0,False
2024-02-01,149,BuyerAgent,Kano,0,48.254241943359375,48.254241943359375,,,,,,,,,,
2024-02-01,150,BuyerAgent,Kano,0,48.254241943359375,92.26821899414062,,,,,,,,,,
2024-02-01,151,BuyerAgent,Kano,1,48.254241943359375,92.26821899414062,,,,,,,,,,
2024-02-01,152,BuyerAgent,Kano,2,0.0,44.01397705078125,,,,,,,,,,
2024-02-01,153,BuyerAgent,Kano,2,0.0,0.0,,,,,,,,,,
2024-02-01,154,BuyerAgent,Kano,2,0.0,0.0,,,,,,,,,,
2024-02-01,155,BuyerAgent,Kano,2,0.0,0.0,,,,,,,,,,
2024-02-01,156,BuyerAgent,Kano,1,23.254241943359375,67.26821899414062,,,,,,,,,,
2024-02-01,157,BuyerAgent,Kano,0,0.0,0.0,,,,,,,,,,
2024-02-01,158,BuyerAgent,Kano,0,0.0,0.0,,,,,,,,,,
2024-02-01,159,BuyerAgent,Kano,1,0.0,0.0,,,,,,,,,,
2024-02-01,160,BuyerAgent,Kano,0,0.0,0.0,,,,,,,,,,
2024-02-01,161,BuyerAgent,Kano,1,0.0,44.01397705078125,,,,,,,,,,
2024-02-01,162,BuyerAgent,Kano,0,0.0,0.0,,,,,,,,,,
2024-02-01,163,BuyerAgent,Kano,2,0.0,0.0,,,,,,,,,,
2024-02-01,164,BuyerAgent,Kano,0,0.0,0.0,,,,,,,,,,
2024-02-01,165,BuyerAgent,Kano,2,0.0,0.0,,,,,,,,,,
2024-02-01,166,BuyerAgent,Kano,1,0.0,0.0,,,,,,,,,,
2024-02-01,167,BuyerAgent,Kano,2,0.0,0.0,,,,,,,,,,
2024-02-01,168,BuyerAgent,Kano,1,0.0,0.0,,,,,,,,,,
2024-02-01,169,BuyerAgent,Kano,2,0.0,0.0,,,,,,,,,,
2024-02-01,170,BuyerAgent,Kano,1,0.0,0.0,,,,,,,,,,
2024-02-01,171,BuyerAgent,Kano,2,0.0,0.0,,,,,,,,,,
2024-02-01,172,BuyerAgent,Kano,2,0.0,0.0,,,,,,,,,,
2024-02-01,173,BuyerAgent,Kano,0,0.0,0.0,,,,,,,,,,
2024-02-01,174,BuyerAgent,Kano,2,0.0,0.0,,,,,,,,,,
2024-02-01,175,BuyerAgent,Kano,1,0.0,0.0,,,,,,,,,,
2024-02-01,176,BuyerAgent,Kano,2,0.0,0.0,,,,,,,,,,
2024-02-01,177,BuyerAgent,Kano,0,0.0,0.0,,,,,,,,,,
2024-02-01,178,BuyerAgent,Kano,1,0.0,0.0,,,,,,,,,,
2024-02-01,179,TransporterAgent,Kano,2,-50.0,-32.598,,,,,,,,,,
2024-02-01,180,TransporterAgent,Kano,3,50.0,67.402,,,,,,,,,,
2024-02-01,181,TransporterAgent,Kano,1,-200.0,-400.0,,,,,,,,,,
2024-02-01,182,TransporterAgent,Kano,0,18.0,35.402,,,,,,,,,,
2024-02-01,183,TransporterAgent,Kano,0,18.0,35.402,,,,,,,,,,
2024-02-01,184,TransporterAgent,Kano,1,-200.0,-250.0,,,,,,,,,,
2024-02-01,185,TransporterAgent,Kano,0,18.0,-182.0,,,,,,,,,,
2024-02-01,186,TransporterAgent,Kano,2,-50.0,-32.598,,,,,,,,,,
2024-02-01,187,TransporterAgent,Kano,3,50.0,-150.0,,,,,,,,,,
2024-02-01,188,TransporterAgent,Kano,0,18.0,-32.0,,,,,,,,,,
2024-02-01,189,BankingAgent,Kano,0,-0.0,-3.75,,,,,,,,,,
2024-02-01,190,BankingAgent,Kano,1,-2.2750000000000004,-4.550000000000001,,,,,,,,,,
2024-02-01,191,BankingAgent,Kano,2,-1.1375000000000002,-6.025,,,,,,,,,,
2024-02-01,193,TraderAgent,Lagos,4,-10.0,-20.0,500000.0,Lagos,False,,,losing,False,450.0,0.0,False
2024-02-01,194,TraderAgent,Lagos,2,-22.75,-2.75,499977.25,Lagos,False,,,losing,False,450.0,0.0,False
2024-02-01,195,TraderAgent,Lagos,2,-22.75,659.1439208984375,500636.90625,Lagos,False,,Lagos,winning,False,417.5,1.0,False
2024-02-01,196,TraderAgent,Lagos,1,144.7659574468085,122.5003324468085,491797.73,Onitsha,True,Onitsha,Onitsha,winning,False,450.0,0.0,True
2024-02-01,197,TraderAgent,Lagos,0,0.0,160.58285714285714,446810.0,Lagos,False,Onitsha,Onitsha,winning,False,475.0,1.0,False
2024-02-01,198,TraderAgent,Lagos,4,-10.0,-32.265625,499977.73,Lagos,False,,,losing,False,450.0,0.0,False
2024-02-01,199,TraderAgent,Lagos,3,20.0,701.8939208984375,500659.625,Lagos,False,,Lagos,winning,False,396.62,1.0,False
2024-02-01,200,TraderAgent,Lagos,1,144.7659574468085,134.7659574468085,491820.0,Onitsha,True,Onitsha,Onitsha,winning,False,450.0,0.0,True
2024-02-01,201,TraderAgent,Lagos,4,-10.0,-32.265625,499977.73,Lagos,False,,,losing,False,450.0,0.0,False
2024-02-01,202,TraderAgent,Lagos,3,20.0,-2.265625,499977.73,Lagos,False,,,losing,False,427.5,0.0,False
2024-02-01,203,TraderAgent,Lagos,4,-10.0,-20.0,500000.0,Lagos,False,,,losing,False,450.0,0.0,False
2024-02-01,204,TraderAgent,Lagos,0,0.0,160.58285714285714,446810.0,Lagos,False,Onitsha,Onitsha,winning,False,475.0,1.0,False
2024-02-01,205,TraderAgent,Lagos,1,144.7659574468085,122.5003324468085,491797.73,Onitsha,True,Onitsha,Onitsha,winning,False,450.0,0.0,True
2024-02-01,206,TraderAgent,Lagos,3,20.0,40.0,500000.0,Lagos,False,,,losing,False,427.5,0.0,False
2024-02-01,207,TraderAgent,Lagos,0,0.0,160.58285714285714,446810.0,Lagos,False,Onitsha,Onitsha,winning,False,475.0,1.0,False
2024-02-01,208,TraderAgent,Lagos,1,144.7659574468085,164.7659574468085,491820.0,Onitsha,True,Onitsha,Onitsha,winning,False,450.0,0.0,True
2024-02-01,209,TraderAgent,Lagos,1,144.7659574468085,826.659912109375,492479.625,Onitsha,True,Onitsha,Onitsha,winning,False,417.5,1.0,True
2024-02-01,210,TraderAgent,Lagos,4,-10.0,10.0,500000.0,Lagos,False,,,losing,False,450.0,0.0,False
2024-02-01,211,TraderAgent,Lagos,4,-10.0,-20.0,500000.0,Lagos,False,,,losing,False,450.0,0.0,False
2024-02-01,212,TraderAgent,Lagos,0,1133.01025390625,1110.74462890625,501088.0,Lagos,False,,Lagos,losing,False,450.0,1.0,False
2024-02-01,213,BuyerAgent,Lagos,2,0.0,68.1060791015625,,,,,,,,,,
2024-02-01,214,BuyerAgent,Lagos,0,116.98974609375,185.0958251953125,,,,,,,,,,
2024-02-01,215,BuyerAgent,Lagos,1,0.0,0.0,,,,,,,,,,
2024-02-01,216,BuyerAgent,Lagos,1,0.0,0.0,,,,,,,,,,
2024-02-01,217,BuyerAgent,Lagos,1,0.0,0.0,,,,,,,,,,
2024-02-01,218,BuyerAgent,Lagos,1,0.0,68.1060791015625,,,,,,,,,,
2024-02-01,219,BuyerAgent,Lagos,1,0.0,0.0,,,,,,,,,,
2024-02-01,220,BuyerAgent,Lagos,2,0.0,0.0,,,,,,,,,,
2024-02-01,221,BuyerAgent,Lagos,2,0.0,0.0,,,,,,,,,,
2024-02-01,222,BuyerAgent,Lagos,1,0.0,0.0,,,,,,,,,,
2024-02-01,223,BuyerAgent,Lagos,2,0.0,0.0,,,,,,,,,,
2024-02-01,224,BuyerAgent,Lagos,1,0.0,0.0,,,,,,,,,,
2024-02-01,225,BuyerAgent,Lagos,2,0.0,0.0,,,,,,,,,,
2024-02-01,226,BuyerAgent,Lagos,2,0.0,0.0,,,,,,,,,,
2024-02-01,227,BuyerAgent,Lagos,0,0.0,0.0,,,,,,,,,,
2024-02-01,228,BuyerAgent,Lagos,2,0.0,0.0,,,,,,,,,,
2024-02-01,229,BuyerAgent,Lagos,2,0.0,0.0,,,,,,,,,,
2024-02-01,230,BuyerAgent,Lagos,2,0.0,0.0,,,,,,,,,,
2024-02-01,231,BuyerAgent,Lagos,2,0.0,0.0,,,,,,,,,,
2024-02-01,232,BuyerAgent,Lagos,1,0.0,0.0,,,,,,,,,,
2024-02-01,233,BuyerAgent,Lagos,0,0.0,0.0,,,,,,,,,,
2024-02-01,234,BuyerAgent,Lagos,2,0.0,0.0,,,,,,,,,,
2024-02-01,235,BuyerAgent,Lagos,1,0.0,0.0,,,,,,,,,,
2024-02-01,236,BuyerAgent,Lagos,2,0.0,0.0,,,,,,,,,,
2024-02-01,237,BuyerAgent,Lagos,1,0.0,0.0,,,,,,,,,,
2024-02-01,238,BuyerAgent,Lagos,1,0.0,0.0,,,,,,,,,,
2024-02-01,239,BuyerAgent,Lagos,2,0.0,0.0,,,,,,,,,,
2024-02-01,240,BuyerAgent,Lagos,1,0.0,0.0,,,,,,,,,,
2024-02-01,241,BuyerAgent,Lagos,0,0.0,0.0,,,,,,,,,,
2024-02-01,242,BuyerAgent,Lagos,2,0.0,0.0,,,,,,,,,,
2024-02-01,243,TransporterAgent,Lagos,2,-50.0,-31.39148606811145,,,,,,,,,,
2024-02-01,244,TransporterAgent,Lagos,1,-200.0,-400.0,,,,,,,,,,
2024-02-01,245,TransporterAgent,Lagos,0,15.373076923076928,-184.62692307692308,,,,,,,,,,
2024-02-01,246,TransporterAgent,Lagos,0,15.373076923076928,-184.62692307692308,,,,,,,,,,
2024-02-01,247,TransporterAgent,Lagos,0,15.373076923076928,65.37307692307692,,,,,,,,,,
2024-02-01,248,TransporterAgent,Lagos,1,-200.0,-181.39148606811145,,,,,,,,,,
2024-02-01,249,TransporterAgent,Lagos,3,50.0,-150.0,,,,,,,,,,
2024-02-01,250,TransporterAgent,Lagos,3,50.0,-150.0,,,,,,,,,,
2024-02-01,251,TransporterAgent,Lagos,2,-50.0,0.0,,,,,,,,,,
2024-02-01,252,TransporterAgent,Lagos,2,-50.0,-250.0,,,,,,,,,,
2024-02-01,253,BankingAgent,Lagos,0,-0.0,-1.875,,,,,,,,,,
2024-02-01,254,BankingAgent,Lagos,1,-2.2750000000000004,-4.550000000000001,,,,,,,,,,
2024-02-01,255,BankingAgent,Lagos,0,-0.0,-3.75,,,,,,,,,,
2024-02-01,257,TraderAgent,Onitsha,1,154.88,144.88,491672.0,Port_Harcourt,True,Port_Harcourt,Port_Harcourt,losing,False,360.0,0.0,True
2024-02-01,258,TraderAgent,Onitsha,0,885.14404296875,905.14404296875,500865.0,Onitsha,False,,Onitsha,losing,False,360.0,1.0,False
2024-02-01,259,TraderAgent,Onitsha,0,885.14404296875,875.14404296875,500865.0,Onitsha,False,,Onitsha,losing,False,360.0,1.0,False
2024-02-01,260,TraderAgent,Onitsha,0,0.0,176.88285714285715,495894.15625,Onitsha,False,Port_Harcourt,Port_Harcourt,losing,False,380.0,1.0,False
2024-02-01,261,TraderAgent,Onitsha,0,985.14404296875,16690.759765625,516651.875,Onitsha,False,,Onitsha,winning,False,380.0,2.0,False
2024-02-01,262,TraderAgent,Onitsha,2,-20.162187499999998,-38.9121875,499961.09,Onitsha,False,,,losing,False,360.0,0.0,False
2024-02-01,263,TraderAgent,Onitsha,0,885.14404296875,905.14404296875,500865.0,Onitsha,False,,Onitsha,losing,False,360.0,1.0,False
2024-02-01,264,TraderAgent,Onitsha,2,-20.162187499999998,-38.9121875,499961.09,Onitsha,False,,,losing,False,360.0,0.0,False
2024-02-01,265,TraderAgent,Onitsha,4,-10.0,-20.0,500000.0,Onitsha,False,,,losing,False,360.0,0.0,False
2024-02-01,266,TraderAgent,Onitsha,3,20.0,15725.615234375,515686.875,Onitsha,False,,Onitsha,winning,False,361.0,1.0,False
2024-02-01,267,TraderAgent,Onitsha,4,-10.0,15695.615234375,515686.875,Onitsha,False,,Onitsha,winning,False,380.0,1.0,False
2024-02-01,268,TraderAgent,Onitsha,1,154.88,15860.4951171875,507358.875,Port_Harcourt,True,Port_Harcourt,Port_Harcourt,winning,False,380.0,1.0,True
2024-02-01,269,TraderAgent,Onitsha,2,-20.162187499999998,-30.162187499999998,499979.84,Onitsha,False,,,losing,False,360.0,0.0,False
2024-02-01,270,TraderAgent,Onitsha,0,0.0,176.88285714285715,495894.15625,Onitsha,False,Port_Harcourt,Port_Harcourt,losing,False,380.0,1.0,False
2024-02-01,271,TraderAgent,Onitsha,0,885.14404296875,875.14404296875,500865.0,Onitsha,False,,Onitsha,losing,False,360.0,1.0,False
2024-02-01,272,TraderAgent,Onitsha,4,-10.0,-28.75,499981.25,Onitsha,False,,,losing,False,360.0,0.0,False
2024-02-01,273,TraderAgent,Onitsha,4,-10.0,-28.75,499981.25,Onitsha,False,,,losing,False,360.0,0.0,False
2024-02-01,274,TraderAgent,Onitsha,2,-20.162187499999998,-38.9121875,499961.09,Onitsha,False,,,losing,False,360.0,0.0,False
2024-02-01,275,TraderAgent,Onitsha,2,-20.162187499999998,-30.162187499999998,499979.84,Onitsha,False,,,losing,False,360.0,0.0,False
2024-02-01,276,TraderAgent,Onitsha,2,-20.162187499999998,-0.16218749999999815,499979.84,Onitsha,False,,,losing,False,360.0,0.0,False
2024-02-01,277,BuyerAgent,Onitsha,2,0.0,1794.384765625,,,,,,,,,,
2024-02-01,278,BuyerAgent,Onitsha,2,0.0,0.0,,,,,,,,,,
2024-02-01,279,BuyerAgent,Onitsha,0,114.85595703125,1909.24072265625,,,,,,,,,,
2024-02-01,280,BuyerAgent,Onitsha,0,114.85595703125,1909.24072265625,,,,,,,,,,
2024-02-01,281,BuyerAgent,Onitsha,2,0.0,1794.384765625,,,,,,,,,,
2024-02-01,282,BuyerAgent,Onitsha,1,114.85595703125,114.85595703125,,,,,,,,,,
2024-02-01,283,BuyerAgent,Onitsha,2,0.0,0.0,,,,,,,,,,
2024-02-01,284,BuyerAgent,Onitsha,1,114.85595703125,114.85595703125,,,,,,,,,,
2024-02-01,285,BuyerAgent,Onitsha,1,14.85595703125,14.85595703125,,,,,,,,,,
2024-02-01,286,BuyerAgent,Onitsha,0,14.85595703125,14.85595703125,,,,,,,,,,
2024-02-01,287,BuyerAgent,Onitsha,0,14.85595703125,14.85595703125,,,,,,,,,,
2024-02-01,288,BuyerAgent,Onitsha,2,0.0,0.0,,,,,,,,,,
2024-02-01,289,BuyerAgent,Onitsha,1,0.0,0.0,,,,,,,,,,
2024-02-01,290,BuyerAgent,Onitsha,0,0.0,0.0,,,,,,,,,,
2024-02-01,291,BuyerAgent,Onitsha,2,0.0,0.0,,,,,,,,,,
2024-02-01,292,BuyerAgent,Onitsha,0,0.0,0.0,,,,,,,,,,
2024-02-01,293,BuyerAgent,Onitsha,2,0.0,0.0,,,,,,,,,,
2024-02-01,294,BuyerAgent,Onitsha,0,0.0,0.0,,,,,,,,,,
2024-02-01,295,BuyerAgent,Onitsha,1,0.0,0.0,,,,,,,,,,
2024-02-01,296,BuyerAgent,Onitsha,1,0.0,0.0,,,,,,,,,,
2024-02-01,297,BuyerAgent,Onitsha,2,0.0,0.0,,,,,,,,,,
2024-02-01,298,BuyerAgent,Onitsha,2,0.0,0.0,,,,,,,,,,
2024-02-01,299,BuyerAgent,Onitsha,2,0.0,0.0,,,,,,,,,,
2024-02-01,300,BuyerAgent,Onitsha,0,0.0,0.0,,,,,,,,,,
2024-02-01,301,BuyerAgent,Onitsha,1,0.0,0.0,,,,,,,,,,
2024-02-01,302,BuyerAgent,Onitsha,2,0.0,0.0,,,,,,,,,,
2024-02-01,303,BuyerAgent,Onitsha,2,0.0,0.0,,,,,,,,,,
2024-02-01,304,BuyerAgent,Onitsha,1,0.0,0.0,,,,,,,,,,
2024-02-01,305,BuyerAgent,Onitsha,1,0.0,0.0,,,,,,,,,,
2024-02-01,306,BuyerAgent,Onitsha,2,0.0,0.0,,,,,,,,,,
2024-02-01,307,TransporterAgent,Onitsha,0,24.444900000000004,-25.555099999999996,,,,,,,,,,
2024-02-01,308,TransporterAgent,Onitsha,0,24.444900000000004,74.4449,,,,,,,,,,
2024-02-01,309,TransporterAgent,Onitsha,0,24.444900000000004,56.544900000000005,,,,,,,,,,
2024-02-01,310,TransporterAgent,Onitsha,3,50.0,0.0,,,,,,,,,,
2024-02-01,311,TransporterAgent,Onitsha,0,24.444900000000004,-25.555099999999996,,,,,,,,,,
2024-02-01,312,TransporterAgent,Onitsha,2,-50.0,-100.0,,,,,,,,,,
2024-02-01,313,TransporterAgent,Onitsha,1,-200.0,-250.0,,,,,,,,,,
2024-02-01,314,TransporterAgent,Onitsha,3,50.0,82.1,,,,,,,,,,
2024-02-01,315,TransporterAgent,Onitsha,0,24.444900000000004,-25.555099999999996,,,,,,,,,,
2024-02-01,316,TransporterAgent,Onitsha,0,24.444900000000004,74.4449,,,,,,,,,,
2024-02-01,317,BankingAgent,Onitsha,2,-1.1375000000000002,-6.025,,,,,,,,,,
2024-02-01,318,BankingAgent,Onitsha,1,-2.2750000000000004,-6.425000000000001,,,,,,,,,,
2024-02-01,319,BankingAgent,Onitsha,2,-1.1375000000000002,-2.2750000000000004,,,,,,,,,,
2024-02-01,321,TraderAgent,Port_Harcourt,1,158.3556,148.3556,494588.9,Onitsha,True,Onitsha,Onitsha,winning,False,630.0,0.0,True
2024-02-01,322,TraderAgent,Port_Harcourt,0,1589.64111328125,1579.64111328125,501566.90625,Port_Harcourt,False,,Port_Harcourt,losing,False,630.0,1.0,False
2024-02-01,323,TraderAgent,Port_Harcourt,0,1589.64111328125,1579.64111328125,501566.90625,Port_Harcourt,False,,Port_Harcourt,losing,False,630.0,1.0,False
2024-02-01,324,TraderAgent,Port_Harcourt,0,1589.64111328125,1570.89111328125,501548.15625,Port_Harcourt,False,,Port_Harcourt,losing,False,630.0,1.0,False
2024-02-01,325,TraderAgent,Port_Harcourt,1,158.3556,148.3556,494588.9,Onitsha,True,Onitsha,Onitsha,winning,False,630.0,0.0,True
2024-02-01,326,TraderAgent,Port_Harcourt,2,-22.75,-32.75,499977.25,Port_Harcourt,False,,,losing,False,630.0,0.0,False
2024-02-01,327,TraderAgent,Port_Harcourt,2,-22.75,-32.75,499977.25,Port_Harcourt,False,,,losing,False,630.0,0.0,False
2024-02-01,328,TraderAgent,Port_Harcourt,4,-10.0,-28.75,499981.25,Port_Harcourt,False,,,losing,False,630.0,0.0,False
2024-02-01,329,TraderAgent,Port_Harcourt,1,158.3556,139.6056,494570.15,Onitsha,True,Onitsha,Onitsha,winning,False,630.0,0.0,True
2024-02-01,330,TraderAgent,Port_Harcourt,0,1589.64111328125,1579.64111328125,501566.90625,Port_Harcourt,False,,Port_Harcourt,losing,False,630.0,1.0,False
2024-02-01,331,TraderAgent,Port_Harcourt,2,-22.75,-41.5,499958.5,Port_Harcourt,False,,,losing,False,630.0,0.0,False
2024-02-01,332,TraderAgent,Port_Harcourt,0,0.0,183.72266666666667,452052.25,Port_Harcourt,False,Onitsha,Onitsha,winning,False,665.0,1.0,False
2024-02-01,333,TraderAgent,Port_Harcourt,2,-22.75,-41.5,499958.5,Port_Harcourt,False,,,losing,False,630.0,0.0,False
2024-02-01,334,TraderAgent,Port_Harcourt,4,-10.0,-28.75,499981.25,Port_Harcourt,False,,,losing,False,630.0,0.0,False
2024-02-01,335,TraderAgent,Port_Harcourt,2,-22.75,-2.75,499977.25,Port_Harcourt,False,,,losing,False,630.0,0.0,False
2024-02-01,336,TraderAgent,Port_Harcourt,2,-22.75,1343.01904296875,501324.28125,Port_Harcourt,False,,Port_Harcourt,winning,False,575.0,1.0,False
2024-02-01,337,TraderAgent,Port_Harcourt,4,-10.0,-20.0,500000.0,Port_Harcourt,False,,,losing,False,630.0,0.0,False
2024-02-01,338,TraderAgent,Port_Harcourt,0,0.0,183.72266666666667,452052.25,Port_Harcourt,False,Onitsha,Onitsha,winning,False,665.0,1.0,False
2024-02-01,339,TraderAgent,Port_Harcourt,1,158.3556,178.3556,494588.9,Onitsha,True,Onitsha,Onitsha,winning,False,630.0,0.0,True
2024-02-01,340,TraderAgent,Port_Harcourt,4,-10.0,10.0,500000.0,Port_Harcourt,False,,,losing,False,630.0,0.0,False
2024-02-01,341,BuyerAgent,Port_Harcourt,1,160.35888671875,160.35888671875,,,,,,,,,,
2024-02-01,342,BuyerAgent,Port_Harcourt,2,0.0,0.0,,,,,,,,,,
2024-02-01,343,BuyerAgent,Port_Harcourt,1,160.35888671875,160.35888671875,,,,,,,,,,
2024-02-01,344,BuyerAgent,Port_Harcourt,0,160.35888671875,294.58984375,,,,,,,,,,
2024-02-01,345,BuyerAgent,Port_Harcourt,2,0.0,0.0,,,,,,,,,,
2024-02-01,346,BuyerAgent,Port_Harcourt,2,0.0,0.0,,,,,,,,,,
2024-02-01,347,BuyerAgent,Port_Harcourt,1,160.35888671875,160.35888671875,,,,,,,,,,
2024-02-01,348,BuyerAgent,Port_Harcourt,0,0.0,0.0,,,,,,,,,,
2024-02-01,349,BuyerAgent,Port_Harcourt,2,0.0,0.0,,,,,,,,,,
2024-02-01,350,BuyerAgent,Port_Harcourt,0,0.0,0.0,,,,,,,,,,
2024-02-01,351,BuyerAgent,Port_Harcourt,2,0.0,0.0,,,,,,,,,,
2024-02-01,352,BuyerAgent,Port_Harcourt,0,0.0,0.0,,,,,,,,,,
2024-02-01,353,BuyerAgent,Port_Harcourt,1,0.0,0.0,,,,,,,,,,
2024-02-01,354,BuyerAgent,Port_Harcourt,0,0.0,0.0,,,,,,,,,,
2024-02-01,355,BuyerAgent,Port_Harcourt,2,0.0,0.0,,,,,,,,,,
2024-02-01,356,BuyerAgent,Port_Harcourt,1,0.0,0.0,,,,,,,,,,
2024-02-01,357,BuyerAgent,Port_Harcourt,2,0.0,0.0,,,,,,,,,,
2024-02-01,358,BuyerAgent,Port_Harcourt,2,0.0,0.0,,,,,,,,,,
2024-02-01,359,BuyerAgent,Port_Harcourt,1,0.0,0.0,,,,,,,,,,
2024-02-01,360,BuyerAgent,Port_Harcourt,1,0.0,0.0,,,,,,,,,,
2024-02-01,361,BuyerAgent,Port_Harcourt,0,0.0,0.0,,,,,,,,,,
2024-02-01,362,BuyerAgent,Port_Harcourt,2,0.0,0.0,,,,,,,,,,
2024-02-01,363,BuyerAgent,Port_Harcourt,0,0.0,0.0,,,,,,,,,,
2024-02-01,364,BuyerAgent,Port_Harcourt,0,0.0,0.0,,,,,,,,,,
2024-02-01,365,BuyerAgent,Port_Harcourt,2,0.0,0.0,,,,,,,,,,
2024-02-01,366,BuyerAgent,Port_Harcourt,1,0.0,0.0,,,,,,,,,,
2024-02-01,367,BuyerAgent,Port_Harcourt,0,0.0,0.0,,,,,,,,,,
2024-02-01,368,BuyerAgent,Port_Harcourt,0,0.0,0.0,,,,,,,,,,
2024-02-01,369,BuyerAgent,Port_Harcourt,0,0.0,0.0,,,,,,,,,,
2024-02-01,370,BuyerAgent,Port_Harcourt,1,0.0,0.0,,,,,,,,,,
2024-02-01,371,TransporterAgent,Port_Harcourt,3,50.0,100.0,,,,,,,,,,
2024-02-01,372,TransporterAgent,Port_Harcourt,0,14.85,30.613636363636367,,,,,,,,,,
2024-02-01,373,TransporterAgent,Port_Harcourt,3,50.0,65.76363636363637,,,,,,,,,,
2024-02-01,374,TransporterAgent,Port_Harcourt,1,-200.0,-250.0,,,,,,,,,,
2024-02-01,375,TransporterAgent,Port_Harcourt,2,-50.0,-250.0,,,,,,,,,,
2024-02-01,376,TransporterAgent,Port_Harcourt,2,-50.0,-250.0,,,,,,,,,,
2024-02-01,377,TransporterAgent,Port_Harcourt,1,-200.0,-150.0,,,,,,,,,,
2024-02-01,378,TransporterAgent,Port_Harcourt,0,14.85,-35.15,,,,,,,,,,
2024-02-01,379,TransporterAgent,Port_Harcourt,2,-50.0,-34.236363636363635,,,,,,,,,,
2024-02-01,380,TransporterAgent,Port_Harcourt,3,50.0,0.0,,,,,,,,,,
2024-02-01,381,BankingAgent,Port_Harcourt,1,-2.2750000000000004,-4.550000000000001,,,,,,,,,,
2024-02-01,382,BankingAgent,Port_Harcourt,0,-0.0,-3.75,,,,,,,,,,
2024-02-01,383,BankingAgent,Port_Harcourt,0,-0.0,0.0,,,,,,,,,,
2024-03-01,1,TraderAgent,Abuja,2,-21.6871875,-41.6871875,499978.31,Abuja,False,,,losing,False,450.0,0.0,False
2024-03-01,2,TraderAgent,Abuja,2,-21.6871875,123.93566964285714,442173.375,Abuja,False,Onitsha,Onitsha,winning,False,475.0,1.0,False
2024-03-01,3,TraderAgent,Abuja,0,971.463623046875,2384.076904296875,502317.4375,Abuja,False,,Abuja,winning,False,417.5,3.0,False
2024-03-01,4,TraderAgent,Abuja,1,128.80444444444444,789.9157104492188,489625.09375,Onitsha,True,Onitsha,Onitsha,winning,False,417.5,1.0,True
2024-03-01,5,TraderAgent,Abuja,0,1833.963623046875,1945.1160888671875,493864.46875,Abuja,False,Onitsha,Onitsha,winning,False,440.0,1.0,False
2024-03-01,6,TraderAgent,Abuja,0,1133.963623046875,1113.963623046875,501112.28125,Abuja,False,,Abuja,losing,False,450.0,1.0,False
2024-03-01,7,TraderAgent,Abuja,0,1258.963623046875,1404.58642578125,443432.375,Abuja,False,Onitsha,Abuja,winning,False,475.0,2.0,False
2024-03-01,8,TraderAgent,Abuja,0,1833.963623046875,2644.15283203125,494536.46875,Abuja,False,Onitsha,Onitsha,winning,False,440.0,2.0,False
2024-03-01,9,TraderAgent,Abuja,2,-21.6871875,123.93566964285714,442173.375,Abuja,False,Onitsha,Onitsha,winning,False,475.0,1.0,False
2024-03-01,10,TraderAgent,Abuja,3,20.0,681.1112670898438,500644.09375,Abuja,False,,Abuja,winning,False,396.62,1.0,False
2024-03-01,11,TraderAgent,Abuja,1,128.80444444444444,90.87881944444445,488953.07,Onitsha,True,Onitsha,Onitsha,winning,False,450.0,0.0,True
2024-03-01,12,TraderAgent,Abuja,0,1833.963623046875,2644.15283203125,494536.46875,Abuja,False,Onitsha,Onitsha,winning,False,440.0,2.0,False
2024-03-01,13,TraderAgent,Abuja,4,-10.0,699.036865234375,500672.03125,Abuja,False,,Abuja,winning,False,417.5,1.0,False
2024-03-01,14,TraderAgent,Abuja,3,20.0,0.0,500000.0,Abuja,False,,,losing,False,427.5,0.0,False
2024-03-01,15,TraderAgent,Abuja,1,128.80444444444444,797.8886108398438,489622.15625,Onitsha,True,Onitsha,Onitsha,winning,False,417.5,1.0,True
2024-03-01,16,TraderAgent,Abuja,3,20.0,165.62285714285713,442195.09375,Abuja,False,Onitsha,Onitsha,winning,False,451.25,1.0,False
2024-03-01,17,TraderAgent,Abuja,0,1833.963623046875,2644.15283203125,494536.46875,Abuja,False,Onitsha,Onitsha,winning,False,440.0,2.0,False
2024-03-01,18,TraderAgent,Abuja,0,971.463623046875,2384.076904296875,502317.4375,Abuja,False,,Abuja,winning,False,417.5,3.0,False
2024-03-01,19,TraderAgent,Abuja,3,20.0,-24.917812499999997,499955.08,Abuja,False,,,losing,False,427.5,0.0,False
2024-03-01,20,TraderAgent,Abuja,0,971.463623046875,1647.5400390625,501607.90625,Abuja,False,,Abuja,winning,False,417.5,2.0,False
2024-03-01,21,BuyerAgent,Abuja,1,278.536376953125,339.49951171875,,,,,,,,,,
2024-03-01,22,BuyerAgent,Abuja,2,0.0,124.88677978515625,,,,,,,,,,
2024-03-01,23,BuyerAgent,Abuja,2,0.0,60.963134765625,,,,,,,,,,
2024-03-01,24,BuyerAgent,Abuja,2,0.0,60.963134765625,,,,,,,,,,
2024-03-01,25,BuyerAgent,Abuja,1,278.536376953125,403.42315673828125,,,,,,,,,,
2024-03-01,26,BuyerAgent,Abuja,0,278.536376953125,339.49951171875,,,,,,,,,,
2024-03-01,27,BuyerAgent,Abuja,0,166.036376953125,192.46002197265625,,,,,,,,,,
2024-03-01,28,BuyerAgent,Abuja,1,166.036376953125,226.99951171875,,,,,,,,,,
2024-03-01,29,BuyerAgent,Abuja,2,0.0,0.0,,,,,,,,,,
2024-03-01,30,BuyerAgent,Abuja,0,166.036376953125,192.46002197265625,,,,,,,,,,
2024-03-01,31,BuyerAgent,Abuja,0,166.036376953125,226.99951171875,,,,,,,,,,
2024-03-01,32,BuyerAgent,Abuja,1,116.036376953125,116.036376953125,,,,,,,,,,
2024-03-01,33,BuyerAgent,Abuja,2,0.0,0.0,,,,,,,,,,
2024-03-01,34,BuyerAgent,Abuja,2,0.0,0.0,,,,,,,,,,
2024-03-01,35,BuyerAgent,Abuja,2,0.0,0.0,,,,,,,,,,
2024-03-01,36,BuyerAgent,Abuja,1,0.0,0.0,,,,,,,,,,
2024-03-01,37,BuyerAgent,Abuja,1,0.0,0.0,,,,,,,,,,
2024-03-01,38,BuyerAgent,Abuja,2,0.0,0.0,,,,,,,,,,
2024-03-01,39,BuyerAgent,Abuja,1,0.0,0.0,,,,,,,,,,
2024-03-01,40,BuyerAgent,Abuja,0,0.0,0.0,,,,,,,,,,
2024-03-01,41,BuyerAgent,Abuja,0,0.0,0.0,,,,,,,,,,
2024-03-01,42,BuyerAgent,Abuja,0,0.0,0.0,,,,,,,,,,
2024-03-01,43,BuyerAgent,Abuja,2,0.0,0.0,,,,,,,,,,
2024-03-01,44,BuyerAgent,Abuja,0,0.0,0.0,,,,,,,,,,
2024-03-01,45,BuyerAgent,Abuja,1,0.0,0.0,,,,,,,,,,
2024-03-01,46,BuyerAgent,Abuja,0,0.0,0.0,,,,,,,,,,
2024-03-01,47,BuyerAgent,Abuja,1,0.0,0.0,,,,,,,,,,
2024-03-01,48,BuyerAgent,Abuja,0,0.0,0.0,,,,,,,,,,
2024-03-01,49,BuyerAgent,Abuja,0,0.0,0.0,,,,,,,,,,
2024-03-01,50,BuyerAgent,Abuja,2,0.0,0.0,,,,,,,,,,
2024-03-01,51,TransporterAgent,Abuja,3,50.0,23.03626666666667,,,,,,,,,,
2024-03-01,52,TransporterAgent,Abuja,2,-50.0,-50.0,,,,,,,,,,
2024-03-01,53,TransporterAgent,Abuja,0,19.631999999999998,19.631999999999998,,,,,,,,,,
2024-03-01,54,TransporterAgent,Abuja,3,50.0,120.654,,,,,,,,,,
2024-03-01,55,TransporterAgent,Abuja,1,-200.0,-229.346,,,,,,,,,,
2024-03-01,56,TransporterAgent,Abuja,2,-50.0,-229.346,,,,,,,,,,
2024-03-01,57,TransporterAgent,Abuja,0,19.631999999999998,92.66826666666668,,,,,,,,,,
2024-03-01,58,TransporterAgent,Abuja,3,50.0,50.0,,,,,,,,,,
2024-03-01,59,TransporterAgent,Abuja,0,19.631999999999998,119.632,,,,,,,,,,
2024-03-01,60,TransporterAgent,Abuja,2,-50.0,-229.346,,,,,,,,,,
2024-03-01,61,BankingAgent,Abuja,0,-0.0,-3.75,,,,,,,,,,
2024-03-01,62,BankingAgent,Abuja,2,-1.2375000000000003,-10.775000000000002,,,,,,,,,,
2024-03-01,63,BankingAgent,Abuja,2,-1.2375000000000003,-8.900000000000002,,,,,,,,,,
2024-03-01,65,TraderAgent,Bauchi,3,20.0,725.1031494140625,500664.90625,Bauchi,False,,Bauchi,winning,False,263.62,1.0,False
2024-03-01,66,TraderAgent,Bauchi,0,10.2197265625,135.8517303466797,491718.1875,Bauchi,False,Onitsha,Onitsha,winning,False,285.0,1.0,False
2024-03-01,67,TraderAgent,Bauchi,3,20.0,0.0,500000.0,Bauchi,False,,,losing,False,256.5,0.0,False
2024-03-01,68,TraderAgent,Bauchi,2,-24.75,116.66657142857144,441433.25,Bauchi,False,Onitsha,Onitsha,winning,False,285.0,1.0,False
2024-03-01,69,TraderAgent,Bauchi,1,134.25,275.66657142857144,429820.46875,Onitsha,True,Onitsha,Onitsha,winning,False,285.0,1.0,True
2024-03-01,70,TraderAgent,Bauchi,4,-10.0,695.1031494140625,500664.90625,Bauchi,False,,Bauchi,winning,False,277.5,1.0,False
2024-03-01,71,TraderAgent,Bauchi,4,-10.0,0.0,500000.0,Bauchi,False,,,losing,False,270.0,0.0,False
2024-03-01,72,TraderAgent,Bauchi,0,10.2197265625,165.8517303466797,491718.1875,Bauchi,False,Onitsha,Onitsha,winning,False,285.0,1.0,False
2024-03-01,73,TraderAgent,Bauchi,2,-24.75,-63.6621875,499936.34,Bauchi,False,,,losing,False,270.0,0.0,False
2024-03-01,74,TraderAgent,Bauchi,3,20.0,161.41657142857144,441458.0,Bauchi,False,Onitsha,Onitsha,winning,False,270.75,1.0,False
2024-03-01,75,TraderAgent,Bauchi,0,722.7197265625,1397.3114013671875,501363.8125,Bauchi,False,,Bauchi,winning,False,277.5,2.0,False
2024-03-01,76,TraderAgent,Bauchi,0,722.7197265625,1397.3114013671875,501363.8125,Bauchi,False,,Bauchi,winning,False,277.5,2.0,False
2024-03-01,77,TraderAgent,Bauchi,0,10.2197265625,165.8517303466797,491718.1875,Bauchi,False,Onitsha,Onitsha,winning,False,285.0,1.0,False
2024-03-01,78,TraderAgent,Bauchi,2,-24.75,15.25,499975.25,Bauchi,False,,,losing,False,270.0,0.0,False
2024-03-01,79,TraderAgent,Bauchi,3,20.0,30.0,500000.0,Bauchi,False,,,losing,False,256.5,0.0,False
2024-03-01,80,TraderAgent,Bauchi,0,722.7197265625,2129.91455078125,502066.25,Bauchi,False,,Bauchi,winning,False,277.5,3.0,False
2024-03-01,81,TraderAgent,Bauchi,0,10.2197265625,135.8517303466797,491718.1875,Bauchi,False,Onitsha,Onitsha,winning,False,285.0,1.0,False
2024-03-01,82,TraderAgent,Bauchi,0,685.2197265625,656.4697265625,500641.71875,Bauchi,False,,Bauchi,losing,False,270.0,1.0,False
2024-03-01,83,TraderAgent,Bauchi,0,722.7197265625,1427.3114013671875,501363.8125,Bauchi,False,,Bauchi,winning,False,277.5,2.0,False
2024-03-01,84,TraderAgent,Bauchi,3,20.0,19.837812500000002,499979.84,Bauchi,False,,,losing,False,256.5,0.0,False
2024-03-01,85,BuyerAgent,Bauchi,0,64.7802734375,195.08544921875,,,,,,,,,,
2024-03-01,86,BuyerAgent,Bauchi,0,27.2802734375,92.6885986328125,,,,,,,,,,
2024-03-01,87,BuyerAgent,Bauchi,0,27.2802734375,92.6885986328125,,,,,,,,,,
2024-03-01,88,BuyerAgent,Bauchi,0,27.2802734375,92.1771240234375,,,,,,,,,,
2024-03-01,89,BuyerAgent,Bauchi,0,27.2802734375,92.6885986328125,,,,,,,,,,
2024-03-01,90,BuyerAgent,Bauchi,2,0.0,27.3968505859375,,,,,,,,,,
2024-03-01,91,BuyerAgent,Bauchi,0,0.0,0.0,,,,,,,,,,
2024-03-01,92,BuyerAgent,Bauchi,1,0.0,0.0,,,,,,,,,,
2024-03-01,93,BuyerAgent,Bauchi,0,0.0,0.0,,,,,,,,,,
2024-03-01,94,BuyerAgent,Bauchi,0,0.0,0.0,,,,,,,,,,
2024-03-01,95,BuyerAgent,Bauchi,2,0.0,0.0,,,,,,,,,,
2024-03-01,96,BuyerAgent,Bauchi,1,0.0,0.0,,,,,,,,,,
2024-03-01,97,BuyerAgent,Bauchi,1,0.0,0.0,,,,,,,,,,
2024-03-01,98,BuyerAgent,Bauchi,1,0.0,0.0,,,,,,,,,,
2024-03-01,99,BuyerAgent,Bauchi,2,0.0,0.0,,,,,,,,,,
2024-03-01,100,BuyerAgent,Bauchi,1,0.0,0.0,,,,,,,,,,
2024-03-01,101,BuyerAgent,Bauchi,0,0.0,0.0,,,,,,,,,,
2024-03-01,102,BuyerAgent,Bauchi,0,0.0,0.0,,,,,,,,,,
2024-03-01,103,BuyerAgent,Bauchi,2,0.0,0.0,,,,,,,,,,
2024-03-01,104,BuyerAgent,Bauchi,0,0.0,0.0,,,,,,,,,,
2024-03-01,105,BuyerAgent,Bauchi,2,0.0,0.0,,,,,,,,,,
2024-03-01,106,BuyerAgent,Bauchi,2,0.0,0.0,,,,,,,,,,
2024-03-01,107,BuyerAgent,Bauchi,0,0.0,0.0,,,,,,,,,,
2024-03-01,108,BuyerAgent,Bauchi,1,0.0,0.0,,,,,,,,,,
2024-03-01,109,BuyerAgent,Bauchi,2,0.0,0.0,,,,,,,,,,
2024-03-01,110,BuyerAgent,Bauchi,0,0.0,0.0,,,,,,,,,,
2024-03-01,111,BuyerAgent,Bauchi,1,0.0,0.0,,,,,,,,,,
2024-03-01,112,BuyerAgent,Bauchi,0,0.0,0.0,,,,,,,,,,
2024-03-01,113,BuyerAgent,Bauchi,1,0.0,0.0,,,,,,,,,,
2024-03-01,114,BuyerAgent,Bauchi,1,0.0,0.0,,,,,,,,,,
2024-03-01,115,TransporterAgent,Bauchi,1,-200.0,-300.0,,,,,,,,,,
2024-03-01,116,TransporterAgent,Bauchi,2,-50.0,-300.0,,,,,,,,,,
2024-03-01,117,TransporterAgent,Bauchi,3,50.0,50.0,,,,,,,,,,
2024-03-01,118,TransporterAgent,Bauchi,0,10.035714285714285,-389.9642857142857,,,,,,,,,,
2024-03-01,119,TransporterAgent,Bauchi,1,-200.0,-386.75,,,,,,,,,,
2024-03-01,120,TransporterAgent,Bauchi,2,-50.0,-50.0,,,,,,,,,,
2024-03-01,121,TransporterAgent,Bauchi,1,-200.0,-386.75,,,,,,,,,,
2024-03-01,122,TransporterAgent,Bauchi,2,-50.0,-240.65714285714284,,,,,,,,,,
2024-03-01,123,TransporterAgent,Bauchi,0,10.035714285714285,10.035714285714285,,,,,,,,,,
2024-03-01,124,TransporterAgent,Bauchi,0,10.035714285714285,-139.96428571428572,,,,,,,,,,
2024-03-01,125,BankingAgent,Bauchi,1,-2.4750000000000005,-10.975000000000001,,,,,,,,,,
2024-03-01,126,BankingAgent,Bauchi,2,-1.2375000000000003,-2.4750000000000005,,,,,,,,,,
2024-03-01,127,BankingAgent,Bauchi,0,-0.0,-2.2750000000000004,,,,,,,,,,
2024-03-01,129,TraderAgent,Kano,2,-30.875625000000003,440.8701171875,500400.71875,Kano,False,,Kano,winning,False,95.0,1.0,False
2024-03-01,130,TraderAgent,Kano,3,20.0,465.98602294921875,500433.75,Kano,False,,Kano,winning,False,90.25,1.0,False
2024-03-01,131,TraderAgent,Kano,1,129.43052631578945,99.26833881578945,494981.64,Bauchi,True,Bauchi,Bauchi,winning,False,90.0,0.0,True
2024-03-01,132,TraderAgent,Kano,1,129.43052631578945,99.26833881578945,494981.64,Bauchi,True,Bauchi,Bauchi,winning,False,90.0,0.0,True
2024-03-01,133,TraderAgent,Kano,0,255.86692810058594,371.9455871582031,497228.5625,Kano,False,Bauchi,Kano,winning,False,95.0,2.0,False
2024-03-01,134,TraderAgent,Kano,0,255.86692810058594,1188.5987548828125,501115.375,Kano,False,,Kano,winning,False,95.0,3.0,False
2024-03-01,135,TraderAgent,Kano,0,0.0,153.55473684210529,495971.28125,Kano,False,Bauchi,Bauchi,winning,False,95.0,1.0,False
2024-03-01,136,TraderAgent,Kano,1,129.43052631578945,601.17626953125,495433.40625,Bauchi,True,Bauchi,Bauchi,winning,False,95.0,1.0,True
2024-03-01,137,TraderAgent,Kano,1,129.43052631578945,127.16490131578945,494979.53,Bauchi,True,Bauchi,Bauchi,winning,False,90.0,0.0,True
2024-03-01,138,TraderAgent,Kano,2,-30.875625000000003,-50.875625,499969.12,Kano,False,,,losing,False,90.0,0.0,False
2024-03-01,139,TraderAgent,Kano,0,230.86692810058594,210.86692810058594,500200.0,Kano,False,,Kano,losing,False,90.0,1.0,False
2024-03-01,140,TraderAgent,Kano,3,20.0,0.0,500000.0,Kano,False,,,losing,False,85.5,0.0,False
2024-03-01,141,TraderAgent,Kano,4,-10.0,465.98602294921875,500433.75,Kano,False,,Kano,winning,False,95.0,1.0,False
2024-03-01,142,TraderAgent,Kano,4,-10.0,465.98602294921875,500433.75,Kano,False,,Kano,winning,False,95.0,1.0,False
2024-03-01,143,TraderAgent,Kano,4,-10.0,431.7457580566406,500431.59375,Kano,False,,Kano,winning,False,95.0,1.0,False
2024-03-01,144,TraderAgent,Kano,4,-10.0,465.98602294921875,500433.75,Kano,False,,Kano,winning,False,95.0,1.0,False
2024-03-01,145,TraderAgent,Kano,1,129.43052631578945,139.43052631578945,495001.8,Bauchi,True,Bauchi,Bauchi,winning,False,90.0,0.0,True
2024-03-01,146,TraderAgent,Kano,3,20.0,136.0786666666667,497003.5625,Kano,False,Bauchi,Bauchi,winning,False,90.25,1.0,False
2024-03-01,147,TraderAgent,Kano,1,129.43052631578945,169.43052631578945,495001.8,Bauchi,True,Bauchi,Bauchi,winning,False,90.0,0.0,True
2024-03-01,148,TraderAgent,Kano,0,230.86692810058594,210.86692810058594,500200.0,Kano,False,,Kano,losing,False,90.0,1.0,False
2024-03-01,149,BuyerAgent,Kano,0,19.133071899414062,67.38731384277344,,,,,,,,,,
2024-03-01,150,BuyerAgent,Kano,0,19.133071899414062,111.40129089355469,,,,,,,,,,
2024-03-01,151,BuyerAgent,Kano,1,0.0,92.26821899414062,,,,,,,,,,
2024-03-01,152,BuyerAgent,Kano,2,0.0,44.01397705078125,,,,,,,,,,
2024-03-01,153,BuyerAgent,Kano,1,0.0,0.0,,,,,,,,,,
2024-03-01,154,BuyerAgent,Kano,1,0.0,0.0,,,,,,,,,,
2024-03-01,155,BuyerAgent,Kano,1,0.0,0.0,,,,,,,,,,
2024-03-01,156,BuyerAgent,Kano,1,0.0,67.26821899414062,,,,,,,,,,
2024-03-01,157,BuyerAgent,Kano,0,0.0,0.0,,,,,,,,,,
2024-03-01,158,BuyerAgent,Kano,1,0.0,0.0,,,,,,,,,,
2024-03-01,159,BuyerAgent,Kano,0,0.0,0.0,,,,,,,,,,
2024-03-01,160,BuyerAgent,Kano,1,0.0,0.0,,,,,,,,,,
2024-03-01,161,BuyerAgent,Kano,0,0.0,44.01397705078125,,,,,,,,,,
2024-03-01,162,BuyerAgent,Kano,2,0.0,0.0,,,,,,,,,,
2024-03-01,163,BuyerAgent,Kano,0,0.0,0.0,,,,,,,,,,
2024-03-01,164,BuyerAgent,Kano,1,0.0,0.0,,,,,,,,,,
2024-03-01,165,BuyerAgent,Kano,0,0.0,0.0,,,,,,,,,,
2024-03-01,166,BuyerAgent,Kano,2,0.0,0.0,,,,,,,,,,
2024-03-01,167,BuyerAgent,Kano,2,0.0,0.0,,,,,,,,,,
2024-03-01,168,BuyerAgent,Kano,1,0.0,0.0,,,,,,,,,,
2024-03-01,169,BuyerAgent,Kano,0,0.0,0.0,,,,,,,,,,
2024-03-01,170,BuyerAgent,Kano,0,0.0,0.0,,,,,,,,,,
2024-03-01,171,BuyerAgent,Kano,1,0.0,0.0,,,,,,,,,,
2024-03-01,172,BuyerAgent,Kano,2,0.0,0.0,,,,,,,,,,
2024-03-01,173,BuyerAgent,Kano,1,0.0,0.0,,,,,,,,,,
2024-03-01,174,BuyerAgent,Kano,1,0.0,0.0,,,,,,,,,,
2024-03-01,175,BuyerAgent,Kano,2,0.0,0.0,,,,,,,,,,
2024-03-01,176,BuyerAgent,Kano,0,0.0,0.0,,,,,,,,,,
2024-03-01,177,BuyerAgent,Kano,0,0.0,0.0,,,,,,,,,,
2024-03-01,178,BuyerAgent,Kano,2,0.0,0.0,,,,,,,,,,
2024-03-01,179,TransporterAgent,Kano,3,50.0,17.402,,,,,,,,,,
2024-03-01,180,TransporterAgent,Kano,3,50.0,117.402,,,,,,,,,,
2024-03-01,181,TransporterAgent,Kano,3,50.0,-350.0,,,,,,,,,,
2024-03-01,182,TransporterAgent,Kano,0,17.17857142857143,52.58057142857143,,,,,,,,,,
2024-03-01,183,TransporterAgent,Kano,0,17.17857142857143,52.58057142857143,,,,,,,,,,
2024-03-01,184,TransporterAgent,Kano,3,50.0,-200.0,,,,,,,,,,
2024-03-01,185,TransporterAgent,Kano,0,17.17857142857143,-164.82142857142856,,,,,,,,,,
2024-03-01,186,TransporterAgent,Kano,1,-200.0,-232.598,,,,,,,,,,
2024-03-01,187,TransporterAgent,Kano,3,50.0,-100.0,,,,,,,,,,
2024-03-01,188,TransporterAgent,Kano,1,-200.0,-232.0,,,,,,,,,,
2024-03-01,189,BankingAgent,Kano,0,-0.0,-3.75,,,,,,,,,,
2024-03-01,190,BankingAgent,Kano,1,-2.4750000000000005,-9.500000000000002,,,,,,,,,,
2024-03-01,191,BankingAgent,Kano,1,-2.4750000000000005,-10.975000000000001,,,,,,,,,,
2024-03-01,193,TraderAgent,Lagos,0,1136.6400146484375,1116.6400146484375,501105.75,Lagos,False,,Lagos,losing,False,450.0,1.0,False
2024-03-01,194,TraderAgent,Lagos,1,143.82127659574468,141.07127659574468,491575.25,Onitsha,True,Onitsha,Onitsha,winning,False,450.0,0.0,True
2024-03-01,195,TraderAgent,Lagos,0,974.1400146484375,1633.283935546875,501580.15625,Lagos,False,,Lagos,winning,False,417.5,2.0,False
2024-03-01,196,TraderAgent,Lagos,0,1836.6400146484375,1959.140380859375,496634.375,Lagos,False,Onitsha,Onitsha,winning,False,440.0,1.0,False
2024-03-01,197,TraderAgent,Lagos,4,-10.0,150.58285714285714,446810.0,Lagos,False,Onitsha,Onitsha,winning,False,475.0,1.0,False
2024-03-01,198,TraderAgent,Lagos,1,143.82127659574468,111.55565159574468,491575.73,Onitsha,True,Onitsha,Onitsha,winning,False,450.0,0.0,True
2024-03-01,199,TraderAgent,Lagos,3,20.0,721.8939208984375,500659.625,Lagos,False,,Lagos,winning,False,396.62,1.0,False
2024-03-01,200,TraderAgent,Lagos,0,1836.6400146484375,1971.406005859375,496656.625,Lagos,False,Onitsha,Onitsha,winning,False,440.0,1.0,False
2024-03-01,201,TraderAgent,Lagos,3,20.0,-12.265625,499977.73,Lagos,False,,,losing,False,427.5,0.0,False
2024-03-01,202,TraderAgent,Lagos,1,143.82127659574468,141.55565159574468,491575.73,Onitsha,True,Onitsha,Onitsha,winning,False,450.0,0.0,True
2024-03-01,203,TraderAgent,Lagos,3,20.0,0.0,500000.0,Lagos,False,,,losing,False,427.5,0.0,False
2024-03-01,204,TraderAgent,Lagos,1,143.82127659574468,304.4041337386018,438408.0,Onitsha,True,Onitsha,Onitsha,winning,False,475.0,1.0,True
2024-03-01,205,TraderAgent,Lagos,0,1836.6400146484375,1959.140380859375,496634.375,Lagos,False,Onitsha,Onitsha,winning,False,440.0,1.0,False
2024-03-01,206,TraderAgent,Lagos,1,143.82127659574468,183.82127659574468,491598.0,Onitsha,True,Onitsha,Onitsha,winning,False,450.0,0.0,True
2024-03-01,207,TraderAgent,Lagos,1,143.82127659574468,304.4041337386018,438408.0,Onitsha,True,Onitsha,Onitsha,winning,False,475.0,1.0,True
2024-03-01,208,TraderAgent,Lagos,0,1836.6400146484375,2001.406005859375,496656.625,Lagos,False,Onitsha,Onitsha,winning,False,440.0,1.0,False
2024-03-01,209,TraderAgent,Lagos,0,1836.6400146484375,2663.2998046875,497316.28125,Lagos,False,Onitsha,Onitsha,winning,False,440.0,2.0,False
2024-03-01,210,TraderAgent,Lagos,1,143.82127659574468,153.82127659574468,491598.0,Onitsha,True,Onitsha,Onitsha,winning,False,450.0,0.0,True
2024-03-01,211,TraderAgent,Lagos,1,143.82127659574468,123.82127659574468,491598.0,Onitsha,True,Onitsha,Onitsha,winning,False,450.0,0.0,True
2024-03-01,212,TraderAgent,Lagos,1,143.82127659574468,1254.56591796875,492686.0,Onitsha,True,Onitsha,Onitsha,winning,False,462.5,1.0,True
2024-03-01,213,BuyerAgent,Lagos,0,275.8599853515625,343.966064453125,,,,,,,,,,
2024-03-01,214,BuyerAgent,Lagos,1,163.3599853515625,348.455810546875,,,,,,,,,,
2024-03-01,215,BuyerAgent,Lagos,1,163.3599853515625,163.3599853515625,,,,,,,,,,
2024-03-01,216,BuyerAgent,Lagos,0,163.3599853515625,163.3599853515625,,,,,,,,,,
2024-03-01,217,BuyerAgent,Lagos,1,163.3599853515625,163.3599853515625,,,,,,,,,,
2024-03-01,218,BuyerAgent,Lagos,2,0.0,68.1060791015625,,,,,,,,,,
2024-03-01,219,BuyerAgent,Lagos,0,163.3599853515625,163.3599853515625,,,,,,,,,,
2024-03-01,220,BuyerAgent,Lagos,1,113.3599853515625,113.3599853515625,,,,,,,,,,
2024-03-01,221,BuyerAgent,Lagos,2,0.0,0.0,,,,,,,,,,
2024-03-01,222,BuyerAgent,Lagos,1,0.0,0.0,,,,,,,,,,
2024-03-01,223,BuyerAgent,Lagos,2,0.0,0.0,,,,,,,,,,
2024-03-01,224,BuyerAgent,Lagos,1,0.0,0.0,,,,,,,,,,
2024-03-01,225,BuyerAgent,Lagos,1,0.0,0.0,,,,,,,,,,
2024-03-01,226,BuyerAgent,Lagos,2,0.0,0.0,,,,,,,,,,
2024-03-01,227,BuyerAgent,Lagos,1,0.0,0.0,,,,,,,,,,
2024-03-01,228,BuyerAgent,Lagos,2,0.0,0.0,,,,,,,,,,
2024-03-01,229,BuyerAgent,Lagos,2,0.0,0.0,,,,,,,,,,
2024-03-01,230,BuyerAgent,Lagos,1,0.0,0.0,,,,,,,,,,
2024-03-01,231,BuyerAgent,Lagos,0,0.0,0.0,,,,,,,,,,
2024-03-01,232,BuyerAgent,Lagos,0,0.0,0.0,,,,,,,,,,
2024-03-01,233,BuyerAgent,Lagos,0,0.0,0.0,,,,,,,,,,
2024-03-01,234,BuyerAgent,Lagos,0,0.0,0.0,,,,,,,,,,
2024-03-01,235,BuyerAgent,Lagos,0,0.0,0.0,,,,,,,,,,
2024-03-01,236,BuyerAgent,Lagos,0,0.0,0.0,,,,,,,,,,
2024-03-01,237,BuyerAgent,Lagos,0,0.0,0.0,,,,,,,,,,
2024-03-01,238,BuyerAgent,Lagos,2,0.0,0.0,,,,,,,,,,
2024-03-01,239,BuyerAgent,Lagos,2,0.0,0.0,,,,,,,,,,
2024-03-01,240,BuyerAgent,Lagos,2,0.0,0.0,,,,,,,,,,
2024-03-01,241,BuyerAgent,Lagos,2,0.0,0.0,,,,,,,,,,
2024-03-01,242,BuyerAgent,Lagos,0,0.0,0.0,,,,,,,,,,
2024-03-01,243,TransporterAgent,Lagos,2,-50.0,-81.39148606811145,,,,,,,,,,
2024-03-01,244,TransporterAgent,Lagos,2,-50.0,-450.0,,,,,,,,,,
2024-03-01,245,TransporterAgent,Lagos,2,-50.0,-234.62692307692308,,,,,,,,,,
2024-03-01,246,TransporterAgent,Lagos,1,-200.0,-384.62692307692305,,,,,,,,,,
2024-03-01,247,TransporterAgent,Lagos,1,-200.0,-134.62692307692308,,,,,,,,,,
2024-03-01,248,TransporterAgent,Lagos,2,-50.0,-231.39148606811145,,,,,,,,,,
2024-03-01,249,TransporterAgent,Lagos,2,-50.0,-200.0,,,,,,,,,,
2024-03-01,250,TransporterAgent,Lagos,2,-50.0,-200.0,,,,,,,,,,
2024-03-01,251,TransporterAgent,Lagos,3,50.0,50.0,,,,,,,,,,
2024-03-01,252,TransporterAgent,Lagos,2,-50.0,-300.0,,,,,,,,,,
2024-03-01,253,BankingAgent,Lagos,2,-1.2375000000000003,-4.3500000000000005,,,,,,,,,,
2024-03-01,254,BankingAgent,Lagos,2,-1.2375000000000003,-7.025000000000002,,,,,,,,,,
2024-03-01,255,BankingAgent,Lagos,1,-2.4750000000000005,-8.700000000000001,,,,,,,,,,
2024-03-01,257,TraderAgent,Onitsha,0,0.0,144.88,495654.875,Onitsha,False,Port_Harcourt,Port_Harcourt,winning,False,380.0,1.0,False
2024-03-01,258,TraderAgent,Onitsha,4,-10.0,895.14404296875,500865.0,Onitsha,False,,Onitsha,winning,False,370.0,1.0,False
2024-03-01,259,TraderAgent,Onitsha,0,932.87353515625,1808.017578125,501773.125,Onitsha,False,,Onitsha,winning,False,370.0,2.0,False
2024-03-01,260,TraderAgent,Onitsha,3,20.0,196.88285714285715,495894.15625,Onitsha,False,Port_Harcourt,Port_Harcourt,winning,False,361.0,1.0,False
2024-03-01,261,TraderAgent,Onitsha,0,932.87353515625,17623.6328125,517560.0,Onitsha,False,,Onitsha,winning,False,370.0,3.0,False
2024-03-01,262,TraderAgent,Onitsha,4,-10.0,-48.9121875,499961.09,Onitsha,False,,,losing,False,360.0,0.0,False
2024-03-01,263,TraderAgent,Onitsha,4,-10.0,895.14404296875,500865.0,Onitsha,False,,Onitsha,winning,False,370.0,1.0,False
2024-03-01,264,TraderAgent,Onitsha,3,20.0,-18.9121875,499961.09,Onitsha,False,,,losing,False,342.0,0.0,False
2024-03-01,265,TraderAgent,Onitsha,0,882.87353515625,862.87353515625,500858.125,Onitsha,False,,Onitsha,losing,False,360.0,1.0,False
2024-03-01,266,TraderAgent,Onitsha,1,149.94714285714286,15875.5625,506369.46875,Port_Harcourt,True,Port_Harcourt,Port_Harcourt,winning,False,380.0,1.0,True
2024-03-01,267,TraderAgent,Onitsha,4,-10.0,15685.615234375,515686.875,Onitsha,False,,Onitsha,winning,False,380.0,1.0,False
2024-03-01,268,TraderAgent,Onitsha,0,0.0,15860.4951171875,511341.75,Onitsha,False,Port_Harcourt,Port_Harcourt,winning,False,380.0,2.0,False
2024-03-01,269,TraderAgent,Onitsha,0,882.87353515625,852.7113647460938,500837.96875,Onitsha,False,,Onitsha,losing,False,360.0,1.0,False
2024-03-01,270,TraderAgent,Onitsha,2,-24.75,152.13285714285715,495869.40625,Onitsha,False,Port_Harcourt,Port_Harcourt,winning,False,380.0,1.0,False
2024-03-01,271,TraderAgent,Onitsha,4,-10.0,865.14404296875,500865.0,Onitsha,False,,Onitsha,winning,False,370.0,1.0,False
2024-03-01,272,TraderAgent,Onitsha,0,882.87353515625,854.12353515625,500839.375,Onitsha,False,,Onitsha,losing,False,360.0,1.0,False
2024-03-01,273,TraderAgent,Onitsha,2,-24.75,-53.5,499956.5,Onitsha,False,,,losing,False,360.0,0.0,False
2024-03-01,274,TraderAgent,Onitsha,2,-24.75,-63.6621875,499936.34,Onitsha,False,,,losing,False,360.0,0.0,False
2024-03-01,275,TraderAgent,Onitsha,1,149.94714285714286,119.78495535714286,490662.44,Port_Harcourt,True,Port_Harcourt,Port_Harcourt,losing,False,360.0,0.0,True
2024-03-01,276,TraderAgent,Onitsha,0,882.87353515625,882.7113647460938,500837.96875,Onitsha,False,,Onitsha,losing,False,360.0,1.0,False
2024-03-01,277,BuyerAgent,Onitsha,2,0.0,1794.384765625,,,,,,,,,,
2024-03-01,278,BuyerAgent,Onitsha,1,117.12646484375,117.12646484375,,,,,,,,,,
2024-03-01,279,BuyerAgent,Onitsha,0,117.12646484375,2026.3671875,,,,,,,,,,
2024-03-01,280,BuyerAgent,Onitsha,0,117.12646484375,2026.3671875,,,,,,,,,,
2024-03-01,281,BuyerAgent,Onitsha,2,0.0,1794.384765625,,,,,,,,,,
2024-03-01,282,BuyerAgent,Onitsha,2,0.0,114.85595703125,,,,,,,,,,
2024-03-01,283,BuyerAgent,Onitsha,2,0.0,0.0,,,,,,,,,,
2024-03-01,284,BuyerAgent,Onitsha,1,117.12646484375,231.982421875,,,,,,,,,,
2024-03-01,285,BuyerAgent,Onitsha,1,67.12646484375,81.982421875,,,,,,,,,,
2024-03-01,286,BuyerAgent,Onitsha,0,67.12646484375,81.982421875,,,,,,,,,,
2024-03-01,287,BuyerAgent,Onitsha,0,17.12646484375,31.982421875,,,,,,,,,,
2024-03-01,288,BuyerAgent,Onitsha,1,17.12646484375,17.12646484375,,,,,,,,,,
2024-03-01,289,BuyerAgent,Onitsha,2,0.0,0.0,,,,,,,,,,
2024-03-01,290,BuyerAgent,Onitsha,2,0.0,0.0,,,,,,,,,,
2024-03-01,291,BuyerAgent,Onitsha,1,0.0,0.0,,,,,,,,,,
2024-03-01,292,BuyerAgent,Onitsha,1,0.0,0.0,,,,,,,,,,
2024-03-01,293,BuyerAgent,Onitsha,1,0.0,0.0,,,,,,,,,,
2024-03-01,294,BuyerAgent,Onitsha,2,0.0,0.0,,,,,,,,,,
2024-03-01,295,BuyerAgent,Onitsha,1,0.0,0.0,,,,,,,,,,
2024-03-01,296,BuyerAgent,Onitsha,1,0.0,0.0,,,,,,,,,,
2024-03-01,297,BuyerAgent,Onitsha,2,0.0,0.0,,,,,,,,,,
2024-03-01,298,BuyerAgent,Onitsha,0,0.0,0.0,,,,,,,,,,
2024-03-01,299,BuyerAgent,Onitsha,2,0.0,0.0,,,,,,,,,,
2024-03-01,300,BuyerAgent,Onitsha,1,0.0,0.0,,,,,,,,,,
2024-03-01,301,BuyerAgent,Onitsha,1,0.0,0.0,,,,,,,,,,
2024-03-01,302,BuyerAgent,Onitsha,2,0.0,0.0,,,,,,,,,,
2024-03-01,303,BuyerAgent,Onitsha,0,0.0,0.0,,,,,,,,,,
2024-03-01,304,BuyerAgent,Onitsha,0,0.0,0.0,,,,,,,,,,
2024-03-01,305,BuyerAgent,Onitsha,1,0.0,0.0,,,,,,,,,,
2024-03-01,306,BuyerAgent,Onitsha,0,0.0,0.0,,,,,,,,,,
2024-03-01,307,TransporterAgent,Onitsha,3,50.0,24.444900000000004,,,,,,,,,,
2024-03-01,308,TransporterAgent,Onitsha,3,50.0,124.4449,,,,,,,,,,
2024-03-01,309,TransporterAgent,Onitsha,0,27.462500000000002,84.0074,,,,,,,,,,
2024-03-01,310,TransporterAgent,Onitsha,3,50.0,50.0,,,,,,,,,,
2024-03-01,311,TransporterAgent,Onitsha,3,50.0,24.444900000000004,,,,,,,,,,
2024-03-01,312,TransporterAgent,Onitsha,3,50.0,-50.0,,,,,,,,,,
2024-03-01,313,TransporterAgent,Onitsha,3,50.0,-200.0,,,,,,,,,,
2024-03-01,314,TransporterAgent,Onitsha,3,50.0,132.1,,,,,,,,,,
2024-03-01,315,TransporterAgent,Onitsha,1,-200.0,-225.55509999999998,,,,,,,,,,
2024-03-01,316,TransporterAgent,Onitsha,2,-50.0,24.444900000000004,,,,,,,,,,
2024-03-01,317,BankingAgent,Onitsha,0,-0.0,-6.025,,,,,,,,,,
2024-03-01,318,BankingAgent,Onitsha,0,-0.0,-6.425000000000001,,,,,,,,,,
2024-03-01,319,BankingAgent,Onitsha,0,-0.0,-2.2750000000000004,,,,,,,,,,
2024-03-01,321,TraderAgent,Port_Harcourt,0,3966.60693359375,4114.96240234375,501555.53125,Port_Harcourt,False,Onitsha,Onitsha,losing,False,550.0,1.0,False
2024-03-01,322,TraderAgent,Port_Harcourt,4,-10.0,1569.64111328125,501566.90625,Port_Harcourt,False,,Port_Harcourt,winning,False,662.5,1.0,False
2024-03-01,323,TraderAgent,Port_Harcourt,3,20.0,1599.64111328125,501566.90625,Port_Harcourt,False,,Port_Harcourt,winning,False,629.38,1.0,False
2024-03-01,324,TraderAgent,Port_Harcourt,3,20.0,1590.89111328125,501548.15625,Port_Harcourt,False,,Port_Harcourt,winning,False,629.38,1.0,False
2024-03-01,325,TraderAgent,Port_Harcourt,0,3966.60693359375,4114.96240234375,501555.53125,Port_Harcourt,False,Onitsha,Onitsha,losing,False,550.0,1.0,False
2024-03-01,326,TraderAgent,Port_Harcourt,1,158.31456,125.56456,494555.89,Onitsha,True,Onitsha,Onitsha,losing,False,720.0,0.0,True
2024-03-01,327,TraderAgent,Port_Harcourt,3,20.0,-12.75,499977.25,Port_Harcourt,False,,,losing,False,684.0,0.0,False
2024-03-01,328,TraderAgent,Port_Harcourt,0,1816.6070556640625,1787.8570556640625,501773.09375,Port_Harcourt,False,,Port_Harcourt,losing,False,720.0,1.0,False
2024-03-01,329,TraderAgent,Port_Harcourt,0,3966.60693359375,4106.21240234375,501536.75,Port_Harcourt,False,Onitsha,Onitsha,losing,False,550.0,1.0,False
2024-03-01,330,TraderAgent,Port_Harcourt,1,158.31456,1737.9556884765625,496145.53125,Onitsha,True,Onitsha,Onitsha,winning,False,662.5,1.0,True
2024-03-01,331,TraderAgent,Port_Harcourt,1,158.31456,116.81456,494537.14,Onitsha,True,Onitsha,Onitsha,losing,False,720.0,0.0,True
2024-03-01,332,TraderAgent,Port_Harcourt,2,-24.75,158.97266666666667,452027.53125,Port_Harcourt,False,Onitsha,Onitsha,losing,False,760.0,1.0,False
2024-03-01,333,TraderAgent,Port_Harcourt,2,-24.75,-66.25,499933.75,Port_Harcourt,False,,,losing,False,720.0,0.0,False
2024-03-01,334,TraderAgent,Port_Harcourt,3,20.0,-8.75,499981.25,Port_Harcourt,False,,,losing,False,684.0,0.0,False
2024-03-01,335,TraderAgent,Port_Harcourt,0,1816.6070556640625,1813.8570556640625,501769.09375,Port_Harcourt,False,,Port_Harcourt,losing,False,720.0,1.0,False
2024-03-01,336,TraderAgent,Port_Harcourt,1,158.31456,1501.3336181640625,495902.90625,Onitsha,True,Onitsha,Onitsha,winning,False,625.0,1.0,True
2024-03-01,337,TraderAgent,Port_Harcourt,1,158.31456,138.31456,494578.64,Onitsha,True,Onitsha,Onitsha,losing,False,720.0,0.0,True
2024-03-01,338,TraderAgent,Port_Harcourt,0,2016.6070556640625,2200.329833984375,454044.09375,Port_Harcourt,False,Onitsha,Port_Harcourt,winning,False,760.0,2.0,False
2024-03-01,339,TraderAgent,Port_Harcourt,0,3966.60693359375,4144.96240234375,501555.53125,Port_Harcourt,False,Onitsha,Onitsha,losing,False,550.0,1.0,False
2024-03-01,340,TraderAgent,Port_Harcourt,0,1816.6070556640625,1826.6070556640625,501791.84375,Port_Harcourt,False,,Port_Harcourt,losing,False,720.0,1.0,False
2024-03-01,341,BuyerAgent,Port_Harcourt,0,1033.3929443359375,1193.7518310546875,,,,,,,,,,
2024-03-01,342,BuyerAgent,Port_Harcourt,1,1033.3929443359375,1033.3929443359375,,,,,,,,,,
2024-03-01,343,BuyerAgent,Port_Harcourt,0,1033.3929443359375,1193.7518310546875,,,,,,,,,,
2024-03-01,344,BuyerAgent,Port_Harcourt,2,0.0,294.58984375,,,,,,,,,,
2024-03-01,345,BuyerAgent,Port_Harcourt,2,0.0,0.0,,,,,,,,,,
2024-03-01,346,BuyerAgent,Port_Harcourt,2,0.0,0.0,,,,,,,,,,
2024-03-01,347,BuyerAgent,Port_Harcourt,0,1033.3929443359375,1193.7518310546875,,,,,,,,,,
2024-03-01,348,BuyerAgent,Port_Harcourt,2,0.0,0.0,,,,,,,,,,
2024-03-01,349,BuyerAgent,Port_Harcourt,0,183.3929443359375,183.3929443359375,,,,,,,,,,
2024-03-01,350,BuyerAgent,Port_Harcourt,1,183.3929443359375,183.3929443359375,,,,,,,,,,
2024-03-01,351,BuyerAgent,Port_Harcourt,1,183.3929443359375,183.3929443359375,,,,,,,,,,
2024-03-01,352,BuyerAgent,Port_Harcourt,2,0.0,0.0,,,,,,,,,,
2024-03-01,353,BuyerAgent,Port_Harcourt,1,0.0,0.0,,,,,,,,,,
2024-03-01,354,BuyerAgent,Port_Harcourt,2,0.0,0.0,,,,,,,,,,
2024-03-01,355,BuyerAgent,Port_Harcourt,1,0.0,0.0,,,,,,,,,,
2024-03-01,356,BuyerAgent,Port_Harcourt,2,0.0,0.0,,,,,,,,,,
2024-03-01,357,BuyerAgent,Port_Harcourt,0,0.0,0.0,,,,,,,,,,
2024-03-01,358,BuyerAgent,Port_Harcourt,2,0.0,0.0,,,,,,,,,,
2024-03-01,359,BuyerAgent,Port_Harcourt,1,0.0,0.0,,,,,,,,,,
2024-03-01,360,BuyerAgent,Port_Harcourt,0,0.0,0.0,,,,,,,,,,
2024-03-01,361,BuyerAgent,Port_Harcourt,0,0.0,0.0,,,,,,,,,,
2024-03-01,362,BuyerAgent,Port_Harcourt,0,0.0,0.0,,,,,,,,,,
2024-03-01,363,BuyerAgent,Port_Harcourt,2,0.0,0.0,,,,,,,,,,
2024-03-01,364,BuyerAgent,Port_Harcourt,0,0.0,0.0,,,,,,,,,,
2024-03-01,365,BuyerAgent,Port_Harcourt,2,0.0,0.0,,,,,,,,,,
2024-03-01,366,BuyerAgent,Port_Harcourt,1,0.0,0.0,,,,,,,,,,
2024-03-01,367,BuyerAgent,Port_Harcourt,1,0.0,0.0,,,,,,,,,,
2024-03-01,368,BuyerAgent,Port_Harcourt,2,0.0,0.0,,,,,,,,,,
2024-03-01,369,BuyerAgent,Port_Harcourt,2,0.0,0.0,,,,,,,,,,
2024-03-01,370,BuyerAgent,Port_Harcourt,2,0.0,0.0,,,,,,,,,,
2024-03-01,371,TransporterAgent,Port_Harcourt,1,-200.0,-100.0,,,,,,,,,,
2024-03-01,372,TransporterAgent,Port_Harcourt,3,50.0,80.61363636363637,,,,,,,,,,
2024-03-01,373,TransporterAgent,Port_Harcourt,0,14.072727272727276,79.83636363636364,,,,,,,,,,
2024-03-01,374,TransporterAgent,Port_Harcourt,1,-200.0,-450.0,,,,,,,,,,
2024-03-01,375,TransporterAgent,Port_Harcourt,3,50.0,-200.0,,,,,,,,,,
2024-03-01,376,TransporterAgent,Port_Harcourt,1,-200.0,-450.0,,,,,,,,,,
2024-03-01,377,TransporterAgent,Port_Harcourt,2,-50.0,-200.0,,,,,,,,,,
2024-03-01,378,TransporterAgent,Port_Harcourt,3,50.0,14.850000000000001,,,,,,,,,,
2024-03-01,379,TransporterAgent,Port_Harcourt,0,14.072727272727276,-20.163636363636357,,,,,,,,,,
2024-03-01,380,TransporterAgent,Port_Harcourt,0,14.072727272727276,14.072727272727276,,,,,,,,,,
2024-03-01,381,BankingAgent,Port_Harcourt,1,-2.4750000000000005,-9.500000000000002,,,,,,,,,,
2024-03-01,382,BankingAgent,Port_Harcourt,0,-0.0,-3.75,,,,,,,,,,
2024-03-01,383,BankingAgent,Port_Harcourt,0,-0.0,0.0,,,,,,,,,,
2024-04-01,1,TraderAgent,Abuja,2,-30.875625000000003,-72.5628125,499947.44,Abuja,False,,,losing,False,450.0,0.0,False
2024-04-01,2,TraderAgent,Abuja,1,143.15866666666665,267.0943363095238,430809.09375,Onitsha,True,Onitsha,Onitsha,losing,False,475.0,1.0,True
2024-04-01,3,TraderAgent,Abuja,0,1193.200927734375,3577.27783203125,503479.75,Abuja,False,,Abuja,winning,False,462.5,4.0,False
2024-04-01,4,TraderAgent,Abuja,0,1830.700927734375,2620.61669921875,494455.8125,Abuja,False,Onitsha,Onitsha,winning,False,440.0,2.0,False
2024-04-01,5,TraderAgent,Abuja,0,1080.700927734375,3025.81689453125,494914.28125,Abuja,False,Onitsha,Abuja,winning,False,440.0,2.0,False
2024-04-01,6,TraderAgent,Abuja,2,-30.875625000000003,1083.0880126953125,501081.40625,Abuja,False,,Abuja,winning,False,462.5,1.0,False
2024-04-01,7,TraderAgent,Abuja,1,143.15866666666665,1547.7451171875,432068.03125,Onitsha,True,Onitsha,Onitsha,winning,False,462.5,2.0,True
2024-04-01,8,TraderAgent,Abuja,4,-10.0,2634.15283203125,494536.46875,Abuja,False,Onitsha,Onitsha,winning,False,440.0,2.0,False
2024-04-01,9,TraderAgent,Abuja,2,-30.875625000000003,93.06004464285714,442142.46875,Abuja,False,Onitsha,Onitsha,losing,False,475.0,1.0,False
2024-04-01,10,TraderAgent,Abuja,2,-30.875625000000003,650.2356567382812,500613.1875,Abuja,False,,Abuja,winning,False,417.5,1.0,False
2024-04-01,11,TraderAgent,Abuja,0,1830.700927734375,1921.5797119140625,493783.75,Abuja,False,Onitsha,Onitsha,losing,False,440.0,1.0,False
2024-04-01,12,TraderAgent,Abuja,0,1080.700927734375,3724.853759765625,495586.3125,Abuja,False,Onitsha,Abuja,winning,False,440.0,3.0,False
2024-04-01,13,TraderAgent,Abuja,4,-10.0,689.036865234375,500672.03125,Abuja,False,,Abuja,winning,False,417.5,1.0,False
2024-04-01,14,TraderAgent,Abuja,0,1130.700927734375,1130.700927734375,501099.8125,Abuja,False,,Abuja,losing,False,450.0,1.0,False
2024-04-01,15,TraderAgent,Abuja,0,1830.700927734375,2628.589599609375,494452.84375,Abuja,False,Onitsha,Onitsha,winning,False,440.0,2.0,False
2024-04-01,16,TraderAgent,Abuja,4,-10.0,155.62285714285713,442195.09375,Abuja,False,Onitsha,Onitsha,losing,False,475.0,1.0,False
2024-04-01,17,TraderAgent,Abuja,1,143.15866666666665,2787.3115234375,483172.1875,Onitsha,True,Onitsha,Onitsha,winning,False,440.0,2.0,True
2024-04-01,18,TraderAgent,Abuja,0,1193.200927734375,3577.27783203125,503479.75,Abuja,False,,Abuja,winning,False,462.5,4.0,False
2024-04-01,19,TraderAgent,Abuja,3,20.0,-4.917812499999997,499955.08,Abuja,False,,,losing,False,427.5,0.0,False
2024-04-01,20,TraderAgent,Abuja,0,1193.200927734375,2840.740966796875,502770.1875,Abuja,False,,Abuja,winning,False,462.5,3.0,False
2024-04-01,21,BuyerAgent,Abuja,1,169.29901123046875,508.79852294921875,,,,,,,,,,
2024-04-01,22,BuyerAgent,Abuja,1,169.29901123046875,294.185791015625,,,,,,,,,,
2024-04-01,23,BuyerAgent,Abuja,1,169.29901123046875,230.26214599609375,,,,,,,,,,
2024-04-01,24,BuyerAgent,Abuja,0,169.29901123046875,230.26214599609375,,,,,,,,,,
2024-04-01,25,BuyerAgent,Abuja,1,169.29901123046875,572.72216796875,,,,,,,,,,
2024-04-01,26,BuyerAgent,Abuja,2,0.0,339.49951171875,,,,,,,,,,
2024-04-01,27,BuyerAgent,Abuja,1,119.29901123046875,311.759033203125,,,,,,,,,,
2024-04-01,28,BuyerAgent,Abuja,2,0.0,226.99951171875,,,,,,,,,,
2024-04-01,29,BuyerAgent,Abuja,2,0.0,0.0,,,,,,,,,,
2024-04-01,30,BuyerAgent,Abuja,1,56.79901123046875,249.259033203125,,,,,,,,,,
2024-04-01,31,BuyerAgent,Abuja,2,0.0,226.99951171875,,,,,,,,,,
2024-04-01,32,BuyerAgent,Abuja,1,56.79901123046875,172.83538818359375,,,,,,,,,,
2024-04-01,33,BuyerAgent,Abuja,1,56.79901123046875,56.79901123046875,,,,,,,,,,
2024-04-01,34,BuyerAgent,Abuja,2,0.0,0.0,,,,,,,,,,
2024-04-01,35,BuyerAgent,Abuja,0,0.0,0.0,,,,,,,,,,
2024-04-01,36,BuyerAgent,Abuja,1,0.0,0.0,,,,,,,,,,
2024-04-01,37,BuyerAgent,Abuja,2,0.0,0.0,,,,,,,,,,
2024-04-01,38,BuyerAgent,Abuja,0,0.0,0.0,,,,,,,,,,
2024-04-01,39,BuyerAgent,Abuja,2,0.0,0.0,,,,,,,,,,
2024-04-01,40,BuyerAgent,Abuja,2,0.0,0.0,,,,,,,,,,
2024-04-01,41,BuyerAgent,Abuja,1,0.0,0.0,,,,,,,,,,
2024-04-01,42,BuyerAgent,Abuja,1,0.0,0.0,,,,,,,,,,
2024-04-01,43,BuyerAgent,Abuja,0,0.0,0.0,,,,,,,,,,
2024-04-01,44,BuyerAgent,Abuja,0,0.0,0.0,,,,,,,,,,
2024-04-01,45,BuyerAgent,Abuja,2,0.0,0.0,,,,,,,,,,
2024-04-01,46,BuyerAgent,Abuja,0,0.0,0.0,,,,,,,,,,
2024-04-01,47,BuyerAgent,Abuja,0,0.0,0.0,,,,,,,,,,
2024-04-01,48,BuyerAgent,Abuja,1,0.0,0.0,,,,,,,,,,
2024-04-01,49,BuyerAgent,Abuja,1,0.0,0.0,,,,,,,,,,
2024-04-01,50,BuyerAgent,Abuja,1,0.0,0.0,,,,,,,,,,
2024-04-01,51,TransporterAgent,Abuja,1,-200.0,-176.96373333333332,,,,,,,,,,
2024-04-01,52,TransporterAgent,Abuja,3,50.0,0.0,,,,,,,,,,
2024-04-01,53,TransporterAgent,Abuja,3,50.0,69.632,,,,,,,,,,
2024-04-01,54,TransporterAgent,Abuja,2,-50.0,70.654,,,,,,,,,,
2024-04-01,55,TransporterAgent,Abuja,3,50.0,-179.346,,,,,,,,,,
2024-04-01,56,TransporterAgent,Abuja,1,-200.0,-429.346,,,,,,,,,,
2024-04-01,57,TransporterAgent,Abuja,2,-50.0,42.66826666666668,,,,,,,,,,
2024-04-01,58,TransporterAgent,Abuja,1,-200.0,-150.0,,,,,,,,,,
2024-04-01,59,TransporterAgent,Abuja,3,50.0,169.632,,,,,,,,,,
2024-04-01,60,TransporterAgent,Abuja,3,50.0,-179.346,,,,,,,,,,
2024-04-01,61,BankingAgent,Abuja,1,-2.4750000000000005,-8.700000000000001,,,,,,,,,,
2024-04-01,62,BankingAgent,Abuja,0,-0.0,-10.775000000000002,,,,,,,,,,
2024-04-01,63,BankingAgent,Abuja,1,-2.4750000000000005,-13.850000000000005,,,,,,,,,,
2024-04-01,65,TraderAgent,Bauchi,0,697.4029541015625,1422.506103515625,501337.59375,Bauchi,False,,Bauchi,winning,False,277.5,2.0,False
2024-04-01,66,TraderAgent,Bauchi,1,145.9736,281.8253173828125,479636.625,Onitsha,True,Onitsha,Onitsha,winning,False,285.0,1.0,True
2024-04-01,67,TraderAgent,Bauchi,3,20.0,20.0,500000.0,Bauchi,False,,,losing,False,256.5,0.0,False
2024-04-01,68,TraderAgent,Bauchi,1,145.9736,262.6401714285714,429351.625,Onitsha,True,Onitsha,Onitsha,winning,False,285.0,1.0,True
2024-04-01,69,TraderAgent,Bauchi,0,0.0,275.66657142857144,432805.40625,Bauchi,False,Onitsha,Onitsha,winning,False,285.0,2.0,False
2024-04-01,70,TraderAgent,Bauchi,1,145.9736,841.0767822265625,488583.375,Onitsha,True,Onitsha,Onitsha,winning,False,277.5,1.0,True
2024-04-01,71,TraderAgent,Bauchi,4,-10.0,-10.0,500000.0,Bauchi,False,,,losing,False,270.0,0.0,False
2024-04-01,72,TraderAgent,Bauchi,4,-10.0,155.8517303466797,491718.1875,Bauchi,False,Onitsha,Onitsha,winning,False,285.0,1.0,False
2024-04-01,73,TraderAgent,Bauchi,0,659.9029541015625,596.2407836914062,500571.53125,Bauchi,False,,Bauchi,losing,False,270.0,1.0,False
2024-04-01,74,TraderAgent,Bauchi,1,145.9736,307.3901714285714,429376.40625,Onitsha,True,Onitsha,Onitsha,winning,False,285.0,1.0,True
2024-04-01,75,TraderAgent,Bauchi,0,697.4029541015625,2094.71435546875,502036.46875,Bauchi,False,,Bauchi,winning,False,277.5,3.0,False
2024-04-01,76,TraderAgent,Bauchi,1,145.9736,1543.2850341796875,489282.1875,Onitsha,True,Onitsha,Onitsha,winning,False,277.5,2.0,True
2024-04-01,77,TraderAgent,Bauchi,4,-10.0,155.8517303466797,491718.1875,Bauchi,False,Onitsha,Onitsha,winning,False,285.0,1.0,False
2024-04-01,78,TraderAgent,Bauchi,3,20.0,35.25,499975.25,Bauchi,False,,,losing,False,256.5,0.0,False
2024-04-01,79,TraderAgent,Bauchi,3,20.0,50.0,500000.0,Bauchi,False,,,losing,False,256.5,0.0,False
2024-04-01,80,TraderAgent,Bauchi,4,-10.0,2119.91455078125,502066.25,Bauchi,False,,Bauchi,winning,False,277.5,3.0,False
2024-04-01,81,TraderAgent,Bauchi,4,-10.0,125.85173034667969,491718.1875,Bauchi,False,Onitsha,Onitsha,winning,False,285.0,1.0,False
2024-04-01,82,TraderAgent,Bauchi,1,145.9736,802.443359375,488560.125,Onitsha,True,Onitsha,Onitsha,winning,False,277.5,1.0,True
2024-04-01,83,TraderAgent,Bauchi,0,697.4029541015625,2124.71435546875,502036.46875,Bauchi,False,,Bauchi,winning,False,277.5,3.0,False
2024-04-01,84,TraderAgent,Bauchi,1,145.9736,165.81141250000002,487898.24,Onitsha,True,Onitsha,Onitsha,winning,False,270.0,0.0,True
2024-04-01,85,BuyerAgent,Bauchi,0,90.0970458984375,285.1824951171875,,,,,,,,,,
2024-04-01,86,BuyerAgent,Bauchi,0,52.5970458984375,145.28564453125,,,,,,,,,,
2024-04-01,87,BuyerAgent,Bauchi,0,52.5970458984375,145.28564453125,,,,,,,,,,
2024-04-01,88,BuyerAgent,Bauchi,0,52.5970458984375,144.774169921875,,,,,,,,,,
2024-04-01,89,BuyerAgent,Bauchi,0,15.0970458984375,107.78564453125,,,,,,,,,,
2024-04-01,90,BuyerAgent,Bauchi,2,0.0,27.3968505859375,,,,,,,,,,
2024-04-01,91,BuyerAgent,Bauchi,2,0.0,0.0,,,,,,,,,,
2024-04-01,92,BuyerAgent,Bauchi,1,0.0,0.0,,,,,,,,,,
2024-04-01,93,BuyerAgent,Bauchi,0,0.0,0.0,,,,,,,,,,
2024-04-01,94,BuyerAgent,Bauchi,0,0.0,0.0,,,,,,,,,,
2024-04-01,95,BuyerAgent,Bauchi,0,0.0,0.0,,,,,,,,,,
2024-04-01,96,BuyerAgent,Bauchi,2,0.0,0.0,,,,,,,,,,
2024-04-01,97,BuyerAgent,Bauchi,1,0.0,0.0,,,,,,,,,,
2024-04-01,98,BuyerAgent,Bauchi,1,0.0,0.0,,,,,,,,,,
2024-04-01,99,BuyerAgent,Bauchi,0,0.0,0.0,,,,,,,,,,
2024-04-01,100,BuyerAgent,Bauchi,0,0.0,0.0,,,,,,,,,,
2024-04-01,101,BuyerAgent,Bauchi,1,0.0,0.0,,,,,,,,,,
2024-04-01,102,BuyerAgent,Bauchi,2,0.0,0.0,,,,,,,,,,
2024-04-01,103,BuyerAgent,Bauchi,0,0.0,0.0,,,,,,,,,,
2024-04-01,104,BuyerAgent,Bauchi,2,0.0,0.0,,,,,,,,,,
2024-04-01,105,BuyerAgent,Bauchi,1,0.0,0.0,,,,,,,,,,
2024-04-01,106,BuyerAgent,Bauchi,2,0.0,0.0,,,,,,,,,,
2024-04-01,107,BuyerAgent,Bauchi,0,0.0,0.0,,,,,,,,,,
2024-04-01,108,BuyerAgent,Bauchi,0,0.0,0.0,,,,,,,,,,
2024-04-01,109,BuyerAgent,Bauchi,0,0.0,0.0,,,,,,,,,,
2024-04-01,110,BuyerAgent,Bauchi,1,0.0,0.0,,,,,,,,,,
2024-04-01,111,BuyerAgent,Bauchi,1,0.0,0.0,,,,,,,,,,
2024-04-01,112,BuyerAgent,Bauchi,0,0.0,0.0,,,,,,,,,,
2024-04-01,113,BuyerAgent,Bauchi,2,0.0,0.0,,,,,,,,,,
2024-04-01,114,BuyerAgent,Bauchi,2,0.0,0.0,,,,,,,,,,
2024-04-01,115,TransporterAgent,Bauchi,1,-200.0,-500.0,,,,,,,,,,
2024-04-01,116,TransporterAgent,Bauchi,2,-50.0,-350.0,,,,,,,,,,
2024-04-01,117,TransporterAgent,Bauchi,3,50.0,100.0,,,,,,,,,,
2024-04-01,118,TransporterAgent,Bauchi,3,50.0,-339.9642857142857,,,,,,,,,,
2024-04-01,119,TransporterAgent,Bauchi,1,-200.0,-586.75,,,,,,,,,,
2024-04-01,120,TransporterAgent,Bauchi,3,50.0,0.0,,,,,,,,,,
2024-04-01,121,TransporterAgent,Bauchi,1,-200.0,-586.75,,,,,,,,,,
2024-04-01,122,TransporterAgent,Bauchi,0,9.9375,-230.71964285714284,,,,,,,,,,
2024-04-01,123,TransporterAgent,Bauchi,3,50.0,60.035714285714285,,,,,,,,,,
2024-04-01,124,TransporterAgent,Bauchi,2,-50.0,-189.96428571428572,,,,,,,,,,
2024-04-01,125,BankingAgent,Bauchi,0,-0.0,-10.975000000000001,,,,,,,,,,
2024-04-01,126,BankingAgent,Bauchi,0,-0.0,-2.4750000000000005,,,,,,,,,,
2024-04-01,127,BankingAgent,Bauchi,0,-0.0,-2.2750000000000004,,,,,,,,,,
2024-04-01,129,TraderAgent,Kano,2,-24.75,416.1201171875,500375.96875,Kano,False,,Kano,winning,False,185.0,1.0,False
2024-04-01,130,TraderAgent,Kano,4,-10.0,455.98602294921875,500433.75,Kano,False,,Kano,winning,False,185.0,1.0,False
2024-04-01,131,TraderAgent,Kano,0,0.0,99.26833881578945,496985.75,Kano,False,Bauchi,Bauchi,winning,False,190.0,1.0,False
2024-04-01,132,TraderAgent,Kano,0,0.0,99.26833881578945,496985.75,Kano,False,Bauchi,Bauchi,winning,False,190.0,1.0,False
2024-04-01,133,TraderAgent,Kano,1,129.52631578947367,501.471923828125,492248.5625,Bauchi,True,Bauchi,Bauchi,winning,False,162.5,2.0,True
2024-04-01,134,TraderAgent,Kano,0,366.6094970703125,1555.208251953125,501457.1875,Kano,False,,Kano,winning,False,162.5,4.0,False
2024-04-01,135,TraderAgent,Kano,4,-10.0,143.55473684210529,495971.28125,Kano,False,Bauchi,Bauchi,winning,False,190.0,1.0,False
2024-04-01,136,TraderAgent,Kano,0,0.0,601.17626953125,497437.53125,Kano,False,Bauchi,Bauchi,winning,False,190.0,2.0,False
2024-04-01,137,TraderAgent,Kano,0,0.0,127.16490131578945,496983.625,Kano,False,Bauchi,Bauchi,winning,False,190.0,1.0,False
2024-04-01,138,TraderAgent,Kano,2,-24.75,-75.625625,499944.37,Kano,False,,,losing,False,180.0,0.0,False
2024-04-01,139,TraderAgent,Kano,1,129.52631578947367,340.39324951171875,495220.0,Bauchi,True,Bauchi,Bauchi,winning,False,162.5,1.0,True
2024-04-01,140,TraderAgent,Kano,3,20.0,20.0,500000.0,Kano,False,,,losing,False,171.0,0.0,False
2024-04-01,141,TraderAgent,Kano,1,129.52631578947367,595.5123291015625,495453.75,Bauchi,True,Bauchi,Bauchi,winning,False,185.0,1.0,True
2024-04-01,142,TraderAgent,Kano,4,-10.0,455.98602294921875,500433.75,Kano,False,,Kano,winning,False,185.0,1.0,False
2024-04-01,143,TraderAgent,Kano,3,20.0,451.7457580566406,500431.59375,Kano,False,,Kano,winning,False,175.75,1.0,False
2024-04-01,144,TraderAgent,Kano,4,-10.0,455.98602294921875,500433.75,Kano,False,,Kano,winning,False,185.0,1.0,False
2024-04-01,145,TraderAgent,Kano,0,0.0,139.43052631578945,497005.90625,Kano,False,Bauchi,Bauchi,winning,False,190.0,1.0,False
2024-04-01,146,TraderAgent,Kano,3,20.0,156.0786666666667,497003.5625,Kano,False,Bauchi,Bauchi,winning,False,180.5,1.0,False
2024-04-01,147,TraderAgent,Kano,0,0.0,169.43052631578945,497005.90625,Kano,False,Bauchi,Bauchi,winning,False,190.0,1.0,False
2024-04-01,148,TraderAgent,Kano,2,-24.75,186.11692810058594,500175.25,Kano,False,,Kano,winning,False,162.5,1.0,False
2024-04-01,149,BuyerAgent,Kano,1,133.3905029296875,200.77781677246094,,,,,,,,,,
2024-04-01,150,BuyerAgent,Kano,0,0.0,111.40129089355469,,,,,,,,,,
2024-04-01,151,BuyerAgent,Kano,1,0.0,92.26821899414062,,,,,,,,,,
2024-04-01,152,BuyerAgent,Kano,1,0.0,44.01397705078125,,,,,,,,,,
2024-04-01,153,BuyerAgent,Kano,1,0.0,0.0,,,,,,,,,,
2024-04-01,154,BuyerAgent,Kano,2,0.0,0.0,,,,,,,,,,
2024-04-01,155,BuyerAgent,Kano,2,0.0,0.0,,,,,,,,,,
2024-04-01,156,BuyerAgent,Kano,1,0.0,67.26821899414062,,,,,,,,,,
2024-04-01,157,BuyerAgent,Kano,2,0.0,0.0,,,,,,,,,,
2024-04-01,158,BuyerAgent,Kano,1,0.0,0.0,,,,,,,,,,
2024-04-01,159,BuyerAgent,Kano,0,0.0,0.0,,,,,,,,,,
2024-04-01,160,BuyerAgent,Kano,0,0.0,0.0,,,,,,,,,,
2024-04-01,161,BuyerAgent,Kano,0,0.0,44.01397705078125,,,,,,,,,,
2024-04-01,162,BuyerAgent,Kano,2,0.0,0.0,,,,,,,,,,
2024-04-01,163,BuyerAgent,Kano,1,0.0,0.0,,,,,,,,,,
2024-04-01,164,BuyerAgent,Kano,2,0.0,0.0,,,,,,,,,,
2024-04-01,165,BuyerAgent,Kano,0,0.0,0.0,,,,,,,,,,
2024-04-01,166,BuyerAgent,Kano,2,0.0,0.0,,,,,,,,,,
2024-04-01,167,BuyerAgent,Kano,2,0.0,0.0,,,,,,,,,,
2024-04-01,168,BuyerAgent,Kano,2,0.0,0.0,,,,,,,,,,
2024-04-01,169,BuyerAgent,Kano,2,0.0,0.0,,,,,,,,,,
2024-04-01,170,BuyerAgent,Kano,0,0.0,0.0,,,,,,,,,,
2024-04-01,171,BuyerAgent,Kano,2,0.0,0.0,,,,,,,,,,
2024-04-01,172,BuyerAgent,Kano,0,0.0,0.0,,,,,,,,,,
2024-04-01,173,BuyerAgent,Kano,1,0.0,0.0,,,,,,,,,,
2024-04-01,174,BuyerAgent,Kano,2,0.0,0.0,,,,,,,,,,
2024-04-01,175,BuyerAgent,Kano,2,0.0,0.0,,,,,,,,,,
2024-04-01,176,BuyerAgent,Kano,1,0.0,0.0,,,,,,,,,,
2024-04-01,177,BuyerAgent,Kano,0,0.0,0.0,,,,,,,,,,
2024-04-01,178,BuyerAgent,Kano,1,0.0,0.0,,,,,,,,,,
2024-04-01,179,TransporterAgent,Kano,0,16.5,33.902,,,,,,,,,,
2024-04-01,180,TransporterAgent,Kano,3,50.0,167.402,,,,,,,,,,
2024-04-01,181,TransporterAgent,Kano,2,-50.0,-400.0,,,,,,,,,,
2024-04-01,182,TransporterAgent,Kano,3,50.0,102.58057142857143,,,,,,,,,,
2024-04-01,183,TransporterAgent,Kano,2,-50.0,2.5805714285714316,,,,,,,,,,
2024-04-01,184,TransporterAgent,Kano,2,-50.0,-250.0,,,,,,,,,,
2024-04-01,185,TransporterAgent,Kano,2,-50.0,-214.82142857142856,,,,,,,,,,
2024-04-01,186,TransporterAgent,Kano,2,-50.0,-282.598,,,,,,,,,,
2024-04-01,187,TransporterAgent,Kano,0,16.5,-83.5,,,,,,,,,,
2024-04-01,188,TransporterAgent,Kano,2,-50.0,-282.0,,,,,,,,,,
2024-04-01,189,BankingAgent,Kano,2,-1.2375000000000003,-6.225000000000001,,,,,,,,,,
2024-04-01,190,BankingAgent,Kano,1,-2.4750000000000005,-14.450000000000003,,,,,,,,,,
2024-04-01,191,BankingAgent,Kano,0,-0.0,-10.975000000000001,,,,,,,,,,
2024-04-01,193,TraderAgent,Lagos,0,1310.8026123046875,2427.442626953125,502394.875,Lagos,False,,Lagos,winning,False,532.5,2.0,False
2024-04-01,194,TraderAgent,Lagos,0,2698.302734375,2839.3740234375,497273.5625,Lagos,False,Onitsha,Onitsha,losing,False,510.0,1.0,False
2024-04-01,195,TraderAgent,Lagos,1,141.70285714285714,1774.98681640625,492803.15625,Onitsha,True,Onitsha,Onitsha,winning,False,532.5,2.0,True
2024-04-01,196,TraderAgent,Lagos,3,20.0,1979.140380859375,496634.375,Lagos,False,Onitsha,Onitsha,winning,False,484.5,1.0,False
2024-04-01,197,TraderAgent,Lagos,1,141.70285714285714,292.2857142857143,438033.0,Onitsha,True,Onitsha,Onitsha,losing,False,570.0,1.0,True
2024-04-01,198,TraderAgent,Lagos,0,2698.302734375,2809.8583984375,497274.09375,Lagos,False,Onitsha,Onitsha,losing,False,510.0,1.0,False
2024-04-01,199,TraderAgent,Lagos,2,-21.6871875,700.2067260742188,500637.96875,Lagos,False,,Lagos,winning,False,487.5,1.0,False
2024-04-01,200,TraderAgent,Lagos,1,141.70285714285714,2113.10888671875,487879.625,Onitsha,True,Onitsha,Onitsha,winning,False,510.0,1.0,True
2024-04-01,201,TraderAgent,Lagos,3,20.0,7.734375,499977.73,Lagos,False,,,losing,False,513.0,0.0,False
2024-04-01,202,TraderAgent,Lagos,0,2698.302734375,2839.8583984375,497274.09375,Lagos,False,Onitsha,Onitsha,losing,False,510.0,1.0,False
2024-04-01,203,TraderAgent,Lagos,2,-21.6871875,-21.6871875,499978.31,Lagos,False,,,losing,False,540.0,0.0,False
2024-04-01,204,TraderAgent,Lagos,0,2698.302734375,3002.706787109375,444106.3125,Lagos,False,Onitsha,Onitsha,losing,False,510.0,2.0,False
2024-04-01,205,TraderAgent,Lagos,3,20.0,1979.140380859375,496634.375,Lagos,False,Onitsha,Onitsha,winning,False,484.5,1.0,False
2024-04-01,206,TraderAgent,Lagos,0,2698.302734375,2882.1240234375,497296.3125,Lagos,False,Onitsha,Onitsha,losing,False,510.0,1.0,False
2024-04-01,207,TraderAgent,Lagos,0,2698.302734375,3002.706787109375,444106.3125,Lagos,False,Onitsha,Onitsha,losing,False,510.0,2.0,False
2024-04-01,208,TraderAgent,Lagos,4,-10.0,1991.406005859375,496656.625,Lagos,False,Onitsha,Onitsha,winning,False,510.0,1.0,False
2024-04-01,209,TraderAgent,Lagos,2,-21.6871875,2641.612548828125,497294.59375,Lagos,False,Onitsha,Onitsha,winning,False,510.0,2.0,False
2024-04-01,210,TraderAgent,Lagos,0,2698.302734375,2852.1240234375,497296.3125,Lagos,False,Onitsha,Onitsha,losing,False,510.0,1.0,False
2024-04-01,211,TraderAgent,Lagos,0,2698.302734375,2822.1240234375,497296.3125,Lagos,False,Onitsha,Onitsha,losing,False,510.0,1.0,False
2024-04-01,212,TraderAgent,Lagos,0,2698.302734375,3952.86865234375,498384.3125,Lagos,False,Onitsha,Onitsha,winning,False,510.0,2.0,False
2024-04-01,213,BuyerAgent,Lagos,0,301.6973876953125,645.6634521484375,,,,,,,,,,
2024-04-01,214,BuyerAgent,Lagos,0,301.6973876953125,650.1531982421875,,,,,,,,,,
2024-04-01,215,BuyerAgent,Lagos,1,301.6973876953125,465.057373046875,,,,,,,,,,
2024-04-01,216,BuyerAgent,Lagos,0,301.6973876953125,465.057373046875,,,,,,,,,,
2024-04-01,217,BuyerAgent,Lagos,1,301.6973876953125,465.057373046875,,,,,,,,,,
2024-04-01,218,BuyerAgent,Lagos,0,301.6973876953125,369.803466796875,,,,,,,,,,
2024-04-01,219,BuyerAgent,Lagos,2,0.0,163.3599853515625,,,,,,,,,,
2024-04-01,220,BuyerAgent,Lagos,0,301.6973876953125,415.057373046875,,,,,,,,,,
2024-04-01,221,BuyerAgent,Lagos,2,0.0,0.0,,,,,,,,,,
2024-04-01,222,BuyerAgent,Lagos,2,0.0,0.0,,,,,,,,,,
2024-04-01,223,BuyerAgent,Lagos,1,301.6973876953125,301.6973876953125,,,,,,,,,,
2024-04-01,224,BuyerAgent,Lagos,0,301.6973876953125,301.6973876953125,,,,,,,,,,
2024-04-01,225,BuyerAgent,Lagos,2,0.0,0.0,,,,,,,,,,
2024-04-01,226,BuyerAgent,Lagos,1,189.1973876953125,189.1973876953125,,,,,,,,,,
2024-04-01,227,BuyerAgent,Lagos,1,0.0,0.0,,,,,,,,,,
2024-04-01,228,BuyerAgent,Lagos,2,0.0,0.0,,,,,,,,,,
2024-04-01,229,BuyerAgent,Lagos,0,0.0,0.0,,,,,,,,,,
2024-04-01,230,BuyerAgent,Lagos,1,0.0,0.0,,,,,,,,,,
2024-04-01,231,BuyerAgent,Lagos,0,0.0,0.0,,,,,,,,,,
2024-04-01,232,BuyerAgent,Lagos,1,0.0,0.0,,,,,,,,,,
2024-04-01,233,BuyerAgent,Lagos,0,0.0,0.0,,,,,,,,,,
2024-04-01,234,BuyerAgent,Lagos,0,0.0,0.0,,,,,,,,,,
2024-04-01,235,BuyerAgent,Lagos,1,0.0,0.0,,,,,,,,,,
2024-04-01,236,BuyerAgent,Lagos,2,0.0,0.0,,,,,,,,,,
2024-04-01,237,BuyerAgent,Lagos,1,0.0,0.0,,,,,,,,,,
2024-04-01,238,BuyerAgent,Lagos,2,0.0,0.0,,,,,,,,,,
2024-04-01,239,BuyerAgent,Lagos,1,0.0,0.0,,,,,,,,,,
2024-04-01,240,BuyerAgent,Lagos,1,0.0,0.0,,,,,,,,,,
2024-04-01,241,BuyerAgent,Lagos,2,0.0,0.0,,,,,,,,,,
2024-04-01,242,BuyerAgent,Lagos,2,0.0,0.0,,,,,,,,,,
2024-04-01,243,TransporterAgent,Lagos,3,50.0,-31.391486068111448,,,,,,,,,,
2024-04-01,244,TransporterAgent,Lagos,1,-200.0,-650.0,,,,,,,,,,
2024-04-01,245,TransporterAgent,Lagos,0,18.4235,-216.2034230769231,,,,,,,,,,
2024-04-01,246,TransporterAgent,Lagos,0,18.4235,-366.20342307692306,,,,,,,,,,
2024-04-01,247,TransporterAgent,Lagos,1,-200.0,-334.62692307692305,,,,,,,,,,
2024-04-01,248,TransporterAgent,Lagos,2,-50.0,-281.3914860681115,,,,,,,,,,
2024-04-01,249,TransporterAgent,Lagos,0,18.4235,-181.5765,,,,,,,,,,
2024-04-01,250,TransporterAgent,Lagos,2,-50.0,-250.0,,,,,,,,,,
2024-04-01,251,TransporterAgent,Lagos,3,50.0,100.0,,,,,,,,,,
2024-04-01,252,TransporterAgent,Lagos,3,50.0,-250.0,,,,,,,,,,
2024-04-01,253,BankingAgent,Lagos,2,-1.2375000000000003,-6.825000000000001,,,,,,,,,,
2024-04-01,254,BankingAgent,Lagos,0,-0.0,-7.025000000000002,,,,,,,,,,
2024-04-01,255,BankingAgent,Lagos,2,-1.2375000000000003,-11.175000000000002,,,,,,,,,,
2024-04-01,257,TraderAgent,Onitsha,1,157.81028571428573,302.6902857142857,486371.6875,Port_Harcourt,True,Port_Harcourt,Port_Harcourt,winning,False,427.5,1.0,True
2024-04-01,258,TraderAgent,Onitsha,2,-21.6871875,873.4568481445312,500843.3125,Onitsha,False,,Onitsha,winning,False,405.0,1.0,False
2024-04-01,259,TraderAgent,Onitsha,2,-21.6871875,1786.3304443359375,501751.4375,Onitsha,False,,Onitsha,winning,False,405.0,2.0,False
2024-04-01,260,TraderAgent,Onitsha,3,20.0,216.88285714285715,495894.15625,Onitsha,False,Port_Harcourt,Port_Harcourt,winning,False,406.12,1.0,False
2024-04-01,261,TraderAgent,Onitsha,1,157.81028571428573,17781.443359375,508276.8125,Port_Harcourt,True,Port_Harcourt,Port_Harcourt,winning,False,405.0,3.0,True
2024-04-01,262,TraderAgent,Onitsha,2,-21.6871875,-70.59937500000001,499939.4,Onitsha,False,,,losing,False,405.0,0.0,False
2024-04-01,263,TraderAgent,Onitsha,3,20.0,915.14404296875,500865.0,Onitsha,False,,Onitsha,winning,False,384.75,1.0,False
2024-04-01,264,TraderAgent,Onitsha,0,1001.6275024414062,982.71533203125,500941.03125,Onitsha,False,,Onitsha,losing,False,405.0,1.0,False
2024-04-01,265,TraderAgent,Onitsha,0,1001.6275024414062,1864.5009765625,501838.09375,Onitsha,False,,Onitsha,winning,False,405.0,2.0,False
2024-04-01,266,TraderAgent,Onitsha,0,0.0,15875.5625,510858.59375,Onitsha,False,Port_Harcourt,Port_Harcourt,winning,False,427.5,2.0,False
2024-04-01,267,TraderAgent,Onitsha,2,-21.6871875,15663.927734375,515665.1875,Onitsha,False,,Onitsha,winning,False,427.5,1.0,False
2024-04-01,268,TraderAgent,Onitsha,4,-10.0,15850.4951171875,511341.75,Onitsha,False,Port_Harcourt,Port_Harcourt,winning,False,427.5,2.0,False
2024-04-01,269,TraderAgent,Onitsha,0,1001.6275024414062,1854.3388671875,501817.90625,Onitsha,False,,Onitsha,winning,False,405.0,2.0,False
2024-04-01,270,TraderAgent,Onitsha,2,-21.6871875,130.44566964285715,495847.71875,Onitsha,False,Port_Harcourt,Port_Harcourt,losing,False,427.5,1.0,False
2024-04-01,271,TraderAgent,Onitsha,0,1001.6275024414062,1866.771484375,501844.90625,Onitsha,False,,Onitsha,winning,False,405.0,2.0,False
2024-04-01,272,TraderAgent,Onitsha,0,1001.6275024414062,1855.7509765625,501819.3125,Onitsha,False,,Onitsha,winning,False,405.0,2.0,False
2024-04-01,273,TraderAgent,Onitsha,4,-10.0,-63.5,499956.5,Onitsha,False,,,losing,False,405.0,0.0,False
2024-04-01,274,TraderAgent,Onitsha,3,20.0,-43.6621875,499936.34,Onitsha,False,,,losing,False,384.75,0.0,False
2024-04-01,275,TraderAgent,Onitsha,0,0.0,119.78495535714286,495151.5625,Onitsha,False,Port_Harcourt,Port_Harcourt,losing,False,427.5,1.0,False
2024-04-01,276,TraderAgent,Onitsha,3,20.0,902.7113647460938,500837.96875,Onitsha,False,,Onitsha,winning,False,384.75,1.0,False
2024-04-01,277,BuyerAgent,Onitsha,0,123.37249755859375,1917.75732421875,,,,,,,,,,
2024-04-01,278,BuyerAgent,Onitsha,2,0.0,117.12646484375,,,,,,,,,,
2024-04-01,279,BuyerAgent,Onitsha,0,123.37249755859375,2149.73974609375,,,,,,,,,,
2024-04-01,280,BuyerAgent,Onitsha,2,0.0,2026.3671875,,,,,,,,,,
2024-04-01,281,BuyerAgent,Onitsha,0,123.37249755859375,1917.75732421875,,,,,,,,,,
2024-04-01,282,BuyerAgent,Onitsha,2,0.0,114.85595703125,,,,,,,,,,
2024-04-01,283,BuyerAgent,Onitsha,2,0.0,0.0,,,,,,,,,,
2024-04-01,284,BuyerAgent,Onitsha,2,0.0,231.982421875,,,,,,,,,,
2024-04-01,285,BuyerAgent,Onitsha,2,0.0,81.982421875,,,,,,,,,,
2024-04-01,286,BuyerAgent,Onitsha,2,0.0,81.982421875,,,,,,,,,,
2024-04-01,287,BuyerAgent,Onitsha,1,123.37249755859375,155.35491943359375,,,,,,,,,,
2024-04-01,288,BuyerAgent,Onitsha,1,123.37249755859375,140.49896240234375,,,,,,,,,,
2024-04-01,289,BuyerAgent,Onitsha,1,10.87249755859375,10.87249755859375,,,,,,,,,,
2024-04-01,290,BuyerAgent,Onitsha,1,10.87249755859375,10.87249755859375,,,,,,,,,,
2024-04-01,291,BuyerAgent,Onitsha,2,0.0,0.0,,,,,,,,,,
2024-04-01,292,BuyerAgent,Onitsha,0,0.0,0.0,,,,,,,,,,
2024-04-01,293,BuyerAgent,Onitsha,2,0.0,0.0,,,,,,,,,,
2024-04-01,294,BuyerAgent,Onitsha,1,0.0,0.0,,,,,,,,,,
2024-04-01,295,BuyerAgent,Onitsha,1,0.0,0.0,,,,,,,,,,
2024-04-01,296,BuyerAgent,Onitsha,2,0.0,0.0,,,,,,,,,,
2024-04-01,297,BuyerAgent,Onitsha,1,0.0,0.0,,,,,,,,,,
2024-04-01,298,BuyerAgent,Onitsha,2,0.0,0.0,,,,,,,,,,
2024-04-01,299,BuyerAgent,Onitsha,1,0.0,0.0,,,,,,,,,,
2024-04-01,300,BuyerAgent,Onitsha,2,0.0,0.0,,,,,,,,,,
2024-04-01,301,BuyerAgent,Onitsha,0,0.0,0.0,,,,,,,,,,
2024-04-01,302,BuyerAgent,Onitsha,2,0.0,0.0,,,,,,,,,,
2024-04-01,303,BuyerAgent,Onitsha,1,0.0,0.0,,,,,,,,,,
2024-04-01,304,BuyerAgent,Onitsha,2,0.0,0.0,,,,,,,,,,
2024-04-01,305,BuyerAgent,Onitsha,2,0.0,0.0,,,,,,,,,,
2024-04-01,306,BuyerAgent,Onitsha,1,0.0,0.0,,,,,,,,,,
2024-04-01,307,TransporterAgent,Onitsha,3,50.0,74.4449,,,,,,,,,,
2024-04-01,308,TransporterAgent,Onitsha,1,-200.0,-75.5551,,,,,,,,,,
2024-04-01,309,TransporterAgent,Onitsha,3,50.0,134.00740000000002,,,,,,,,,,
2024-04-01,310,TransporterAgent,Onitsha,2,-50.0,0.0,,,,,,,,,,
2024-04-01,311,TransporterAgent,Onitsha,3,50.0,74.4449,,,,,,,,,,
2024-04-01,312,TransporterAgent,Onitsha,1,-200.0,-250.0,,,,,,,,,,
2024-04-01,313,TransporterAgent,Onitsha,0,26.764285714285716,-173.2357142857143,,,,,,,,,,
2024-04-01,314,TransporterAgent,Onitsha,3,50.0,182.1,,,,,,,,,,
2024-04-01,315,TransporterAgent,Onitsha,1,-200.0,-425.5551,,,,,,,,,,
2024-04-01,316,TransporterAgent,Onitsha,1,-200.0,-175.55509999999998,,,,,,,,,,
2024-04-01,317,BankingAgent,Onitsha,0,-0.0,-6.025,,,,,,,,,,
2024-04-01,318,BankingAgent,Onitsha,1,-2.4750000000000005,-11.375000000000004,,,,,,,,,,
2024-04-01,319,BankingAgent,Onitsha,2,-1.2375000000000003,-4.750000000000001,,,,,,,,,,
2024-04-01,321,TraderAgent,Port_Harcourt,0,965.9918212890625,5080.9541015625,502499.8125,Port_Harcourt,False,Onitsha,Port_Harcourt,winning,False,550.0,2.0,False
2024-04-01,322,TraderAgent,Port_Harcourt,4,-10.0,1559.64111328125,501566.90625,Port_Harcourt,False,,Port_Harcourt,winning,False,662.5,1.0,False
2024-04-01,323,TraderAgent,Port_Harcourt,3,20.0,1619.64111328125,501566.90625,Port_Harcourt,False,,Port_Harcourt,winning,False,629.38,1.0,False
2024-04-01,324,TraderAgent,Port_Harcourt,2,-21.6871875,1569.2039794921875,501526.46875,Port_Harcourt,False,,Port_Harcourt,winning,False,662.5,1.0,False
2024-04-01,325,TraderAgent,Port_Harcourt,2,-21.6871875,4093.275146484375,501533.8125,Port_Harcourt,False,Onitsha,Onitsha,winning,False,550.0,1.0,False
2024-04-01,326,TraderAgent,Port_Harcourt,0,3965.99169921875,4091.55615234375,501521.875,Port_Harcourt,False,Onitsha,Onitsha,losing,False,550.0,1.0,False
2024-04-01,327,TraderAgent,Port_Harcourt,0,1815.9918212890625,1803.2418212890625,501771.5625,Port_Harcourt,False,,Port_Harcourt,losing,False,720.0,1.0,False
2024-04-01,328,TraderAgent,Port_Harcourt,3,20.0,1807.8570556640625,501773.09375,Port_Harcourt,False,,Port_Harcourt,winning,False,665.0,1.0,False
2024-04-01,329,TraderAgent,Port_Harcourt,1,171.15560000000002,4277.3681640625,495750.625,Onitsha,True,Onitsha,Onitsha,winning,False,550.0,1.0,True
2024-04-01,330,TraderAgent,Port_Harcourt,0,3965.99169921875,5703.947265625,503111.53125,Port_Harcourt,False,Onitsha,Onitsha,winning,False,550.0,2.0,False
2024-04-01,331,TraderAgent,Port_Harcourt,0,3965.99169921875,4082.80615234375,501503.125,Port_Harcourt,False,Onitsha,Onitsha,losing,False,550.0,1.0,False
2024-04-01,332,TraderAgent,Port_Harcourt,4,-10.0,148.97266666666667,452027.53125,Port_Harcourt,False,Onitsha,Onitsha,losing,False,760.0,1.0,False
2024-04-01,333,TraderAgent,Port_Harcourt,1,171.15560000000002,104.90560000000002,494147.65,Onitsha,True,Onitsha,Onitsha,losing,False,720.0,0.0,True
2024-04-01,334,TraderAgent,Port_Harcourt,0,1815.9918212890625,1807.2418212890625,501775.5625,Port_Harcourt,False,,Port_Harcourt,losing,False,720.0,1.0,False
2024-04-01,335,TraderAgent,Port_Harcourt,0,1715.9918212890625,3529.848876953125,503463.40625,Port_Harcourt,False,,Port_Harcourt,winning,False,700.0,2.0,False
2024-04-01,336,TraderAgent,Port_Harcourt,0,3965.99169921875,5467.3251953125,502868.90625,Port_Harcourt,False,Onitsha,Onitsha,winning,False,550.0,2.0,False
2024-04-01,337,TraderAgent,Port_Harcourt,0,3965.99169921875,4104.30615234375,501544.625,Port_Harcourt,False,Onitsha,Onitsha,losing,False,550.0,1.0,False
2024-04-01,338,TraderAgent,Port_Harcourt,0,1715.9918212890625,3916.32177734375,455738.40625,Port_Harcourt,False,Onitsha,Port_Harcourt,winning,False,700.0,3.0,False
2024-04-01,339,TraderAgent,Port_Harcourt,1,171.15560000000002,4316.1181640625,495769.40625,Onitsha,True,Onitsha,Onitsha,winning,False,550.0,1.0,True
2024-04-01,340,TraderAgent,Port_Harcourt,1,171.15560000000002,1997.7626953125,496005.75,Onitsha,True,Onitsha,Onitsha,winning,False,700.0,1.0,True
2024-04-01,341,BuyerAgent,Port_Harcourt,2,0.0,1193.7518310546875,,,,,,,,,,
2024-04-01,342,BuyerAgent,Port_Harcourt,0,1034.0081787109375,2067.401123046875,,,,,,,,,,
2024-04-01,343,BuyerAgent,Port_Harcourt,2,0.0,1193.7518310546875,,,,,,,,,,
2024-04-01,344,BuyerAgent,Port_Harcourt,2,0.0,294.58984375,,,,,,,,,,
2024-04-01,345,BuyerAgent,Port_Harcourt,2,0.0,0.0,,,,,,,,,,
2024-04-01,346,BuyerAgent,Port_Harcourt,0,1034.0081787109375,1034.0081787109375,,,,,,,,,,
2024-04-01,347,BuyerAgent,Port_Harcourt,1,1034.0081787109375,2227.760009765625,,,,,,,,,,
2024-04-01,348,BuyerAgent,Port_Harcourt,0,1034.0081787109375,1034.0081787109375,,,,,,,,,,
2024-04-01,349,BuyerAgent,Port_Harcourt,2,0.0,183.3929443359375,,,,,,,,,,
2024-04-01,350,BuyerAgent,Port_Harcourt,2,0.0,183.3929443359375,,,,,,,,,,
2024-04-01,351,BuyerAgent,Port_Harcourt,0,1034.0081787109375,1217.401123046875,,,,,,,,,,
2024-04-01,352,BuyerAgent,Port_Harcourt,1,1034.0081787109375,1034.0081787109375,,,,,,,,,,
2024-04-01,353,BuyerAgent,Port_Harcourt,0,284.0081787109375,284.0081787109375,,,,,,,,,,
2024-04-01,354,BuyerAgent,Port_Harcourt,0,284.0081787109375,284.0081787109375,,,,,,,,,,
2024-04-01,355,BuyerAgent,Port_Harcourt,0,184.0081787109375,184.0081787109375,,,,,,,,,,
2024-04-01,356,BuyerAgent,Port_Harcourt,2,0.0,0.0,,,,,,,,,,
2024-04-01,357,BuyerAgent,Port_Harcourt,2,0.0,0.0,,,,,,,,,,
2024-04-01,358,BuyerAgent,Port_Harcourt,2,0.0,0.0,,,,,,,,,,
2024-04-01,359,BuyerAgent,Port_Harcourt,2,0.0,0.0,,,,,,,,,,
2024-04-01,360,BuyerAgent,Port_Harcourt,2,0.0,0.0,,,,,,,,,,
2024-04-01,361,BuyerAgent,Port_Harcourt,2,0.0,0.0,,,,,,,,,,
2024-04-01,362,BuyerAgent,Port_Harcourt,0,184.0081787109375,184.0081787109375,,,,,,,,,,
2024-04-01,363,BuyerAgent,Port_Harcourt,1,0.0,0.0,,,,,,,,,,
2024-04-01,364,BuyerAgent,Port_Harcourt,0,0.0,0.0,,,,,,,,,,
2024-04-01,365,BuyerAgent,Port_Harcourt,0,0.0,0.0,,,,,,,,,,
2024-04-01,366,BuyerAgent,Port_Harcourt,0,0.0,0.0,,,,,,,,,,
2024-04-01,367,BuyerAgent,Port_Harcourt,0,0.0,0.0,,,,,,,,,,
2024-04-01,368,BuyerAgent,Port_Harcourt,1,0.0,0.0,,,,,,,,,,
2024-04-01,369,BuyerAgent,Port_Harcourt,0,0.0,0.0,,,,,,,,,,
2024-04-01,370,BuyerAgent,Port_Harcourt,2,0.0,0.0,,,,,,,,,,
2024-04-01,371,TransporterAgent,Port_Harcourt,0,14.370000000000001,-85.63,,,,,,,,,,
2024-04-01,372,TransporterAgent,Port_Harcourt,2,-50.0,30.613636363636374,,,,,,,,,,
2024-04-01,373,TransporterAgent,Port_Harcourt,0,14.370000000000001,94.20636363636365,,,,,,,,,,
2024-04-01,374,TransporterAgent,Port_Harcourt,2,-50.0,-500.0,,,,,,,,,,
2024-04-01,375,TransporterAgent,Port_Harcourt,0,14.370000000000001,-185.63,,,,,,,,,,
2024-04-01,376,TransporterAgent,Port_Harcourt,1,-200.0,-650.0,,,,,,,,,,
2024-04-01,377,TransporterAgent,Port_Harcourt,0,14.370000000000001,-185.63,,,,,,,,,,
2024-04-01,378,TransporterAgent,Port_Harcourt,0,14.370000000000001,29.220000000000002,,,,,,,,,,
2024-04-01,379,TransporterAgent,Port_Harcourt,0,14.370000000000001,-5.793636363636356,,,,,,,,,,
2024-04-01,380,TransporterAgent,Port_Harcourt,3,50.0,64.07272727272728,,,,,,,,,,
2024-04-01,381,BankingAgent,Port_Harcourt,1,-2.4750000000000005,-14.450000000000003,,,,,,,,,,
2024-04-01,382,BankingAgent,Port_Harcourt,2,-1.2375000000000003,-6.225000000000001,,,,,,,,,,
2024-04-01,383,BankingAgent,Port_Harcourt,2,-1.2375000000000003,-2.4750000000000005,,,,,,,,,,
2024-05-01,1,TraderAgent,Abuja,0,2176.96240234375,2104.399658203125,502101.59375,Abuja,False,,Abuja,losing,False,900.0,1.0,False
2024-05-01,2,TraderAgent,Abuja,0,5808.21240234375,6075.306640625,439992.28125,Abuja,False,Onitsha,Onitsha,losing,False,801.25,2.0,False
2024-05-01,3,TraderAgent,Abuja,2,-22.8046875,3554.47314453125,503456.90625,Abuja,False,,Abuja,winning,False,812.5,4.0,False
2024-05-01,4,TraderAgent,Abuja,0,1626.9622802734375,4247.5791015625,496059.90625,Abuja,False,Onitsha,Abuja,winning,False,790.0,3.0,False
2024-05-01,5,TraderAgent,Abuja,2,-22.8046875,3003.01220703125,494891.46875,Abuja,False,Onitsha,Abuja,winning,False,812.5,2.0,False
2024-05-01,6,TraderAgent,Abuja,4,-10.0,1073.0880126953125,501081.40625,Abuja,False,,Abuja,winning,False,812.5,1.0,False
2024-05-01,7,TraderAgent,Abuja,0,5808.21240234375,7355.95751953125,441251.25,Abuja,False,Onitsha,Onitsha,winning,False,801.25,3.0,False
2024-05-01,8,TraderAgent,Abuja,0,1626.9622802734375,4261.115234375,496140.625,Abuja,False,Onitsha,Abuja,winning,False,790.0,3.0,False
2024-05-01,9,TraderAgent,Abuja,3,20.0,113.06004464285714,442142.46875,Abuja,False,Onitsha,Onitsha,losing,False,902.5,1.0,False
2024-05-01,10,TraderAgent,Abuja,4,-10.0,640.2356567382812,500613.1875,Abuja,False,,Abuja,winning,False,767.5,1.0,False
2024-05-01,11,TraderAgent,Abuja,3,20.0,1941.5797119140625,493783.75,Abuja,False,Onitsha,Onitsha,winning,False,750.5,1.0,False
2024-05-01,12,TraderAgent,Abuja,3,20.0,3744.853759765625,495586.3125,Abuja,False,Onitsha,Abuja,winning,False,771.88,3.0,False
2024-05-01,13,TraderAgent,Abuja,4,-10.0,679.036865234375,500672.03125,Abuja,False,,Abuja,winning,False,767.5,1.0,False
2024-05-01,14,TraderAgent,Abuja,2,-22.8046875,1107.896240234375,501077.0,Abuja,False,,Abuja,winning,False,812.5,1.0,False
2024-05-01,15,TraderAgent,Abuja,0,1626.9622802734375,4255.5517578125,496057.0,Abuja,False,Onitsha,Abuja,winning,False,790.0,3.0,False
2024-05-01,16,TraderAgent,Abuja,4,-10.0,145.62285714285713,442195.09375,Abuja,False,Onitsha,Onitsha,losing,False,950.0,1.0,False
2024-05-01,17,TraderAgent,Abuja,0,5808.21240234375,8595.5234375,492355.40625,Abuja,False,Onitsha,Onitsha,winning,False,801.25,3.0,False
2024-05-01,18,TraderAgent,Abuja,3,20.0,3597.27783203125,503479.75,Abuja,False,,Abuja,winning,False,771.88,4.0,False
2024-05-01,19,TraderAgent,Abuja,1,129.02444444444444,124.10663194444444,488235.58,Onitsha,True,Onitsha,Onitsha,losing,False,900.0,0.0,True
2024-05-01,20,TraderAgent,Abuja,3,20.0,2860.740966796875,502770.1875,Abuja,False,,Abuja,winning,False,771.88,3.0,False
2024-05-01,21,BuyerAgent,Abuja,0,873.0377197265625,1381.836181640625,,,,,,,,,,
2024-05-01,22,BuyerAgent,Abuja,2,0.0,294.185791015625,,,,,,,,,,
2024-05-01,23,BuyerAgent,Abuja,1,873.0377197265625,1103.2998046875,,,,,,,,,,
2024-05-01,24,BuyerAgent,Abuja,0,873.0377197265625,1103.2998046875,,,,,,,,,,
2024-05-01,25,BuyerAgent,Abuja,1,816.7877197265625,1389.5098876953125,,,,,,,,,,
2024-05-01,26,BuyerAgent,Abuja,0,816.7877197265625,1156.2872314453125,,,,,,,,,,
2024-05-01,27,BuyerAgent,Abuja,1,816.7877197265625,1128.5467529296875,,,,,,,,,,
2024-05-01,28,BuyerAgent,Abuja,2,0.0,226.99951171875,,,,,,,,,,
2024-05-01,29,BuyerAgent,Abuja,1,323.0377197265625,323.0377197265625,,,,,,,,,,
2024-05-01,30,BuyerAgent,Abuja,0,0.0,249.259033203125,,,,,,,,,,
2024-05-01,31,BuyerAgent,Abuja,1,0.0,226.99951171875,,,,,,,,,,
2024-05-01,32,BuyerAgent,Abuja,1,0.0,172.83538818359375,,,,,,,,,,
2024-05-01,33,BuyerAgent,Abuja,1,0.0,56.79901123046875,,,,,,,,,,
2024-05-01,34,BuyerAgent,Abuja,1,0.0,0.0,,,,,,,,,,
2024-05-01,35,BuyerAgent,Abuja,0,0.0,0.0,,,,,,,,,,
2024-05-01,36,BuyerAgent,Abuja,1,0.0,0.0,,,,,,,,,,
2024-05-01,37,BuyerAgent,Abuja,0,0.0,0.0,,,,,,,,,,
2024-05-01,38,BuyerAgent,Abuja,1,0.0,0.0,,,,,,,,,,
2024-05-01,39,BuyerAgent,Abuja,1,0.0,0.0,,,,,,,,,,
2024-05-01,40,BuyerAgent,Abuja,2,0.0,0.0,,,,,,,,,,
2024-05-01,41,BuyerAgent,Abuja,2,0.0,0.0,,,,,,,,,,
2024-05-01,42,BuyerAgent,Abuja,0,0.0,0.0,,,,,,,,,,
2024-05-01,43,BuyerAgent,Abuja,2,0.0,0.0,,,,,,,,,,
2024-05-01,44,BuyerAgent,Abuja,1,0.0,0.0,,,,,,,,,,
2024-05-01,45,BuyerAgent,Abuja,2,0.0,0.0,,,,,,,,,,
2024-05-01,46,BuyerAgent,Abuja,2,0.0,0.0,,,,,,,,,,
2024-05-01,47,BuyerAgent,Abuja,0,0.0,0.0,,,,,,,,,,
2024-05-01,48,BuyerAgent,Abuja,1,0.0,0.0,,,,,,,,,,
2024-05-01,49,BuyerAgent,Abuja,0,0.0,0.0,,,,,,,,,,
2024-05-01,50,BuyerAgent,Abuja,0,0.0,0.0,,,,,,,,,,
2024-05-01,51,TransporterAgent,Abuja,3,50.0,-126.96373333333332,,,,,,,,,,
2024-05-01,52,TransporterAgent,Abuja,1,-200.0,-200.0,,,,,,,,,,
2024-05-01,53,TransporterAgent,Abuja,1,-200.0,-130.368,,,,,,,,,,
2024-05-01,54,TransporterAgent,Abuja,3,50.0,120.654,,,,,,,,,,
2024-05-01,55,TransporterAgent,Abuja,2,-50.0,-229.346,,,,,,,,,,
2024-05-01,56,TransporterAgent,Abuja,2,-50.0,-479.346,,,,,,,,,,
2024-05-01,57,TransporterAgent,Abuja,3,50.0,92.66826666666668,,,,,,,,,,
2024-05-01,58,TransporterAgent,Abuja,3,50.0,-100.0,,,,,,,,,,
2024-05-01,59,TransporterAgent,Abuja,3,50.0,219.632,,,,,,,,,,
2024-05-01,60,TransporterAgent,Abuja,0,20.368066666666667,-158.97793333333334,,,,,,,,,,
2024-05-01,61,BankingAgent,Abuja,1,-2.6249999999999996,-13.950000000000001,,,,,,,,,,
2024-05-01,62,BankingAgent,Abuja,2,-1.3124999999999998,-13.400000000000002,,,,,,,,,,
2024-05-01,63,BankingAgent,Abuja,2,-1.3124999999999998,-16.475000000000005,,,,,,,,,,
2024-05-01,65,TraderAgent,Bauchi,4,-10.0,1412.506103515625,501337.59375,Bauchi,False,,Bauchi,winning,False,417.5,2.0,False
2024-05-01,66,TraderAgent,Bauchi,0,1482.264404296875,1764.0897216796875,484493.875,Bauchi,False,Onitsha,Onitsha,winning,False,451.25,2.0,False
2024-05-01,67,TraderAgent,Bauchi,2,-22.8046875,-2.8046875,499977.2,Bauchi,False,,,losing,False,450.0,0.0,False
2024-05-01,68,TraderAgent,Bauchi,0,1482.264404296875,1744.904541015625,434208.90625,Bauchi,False,Onitsha,Onitsha,winning,False,451.25,2.0,False
2024-05-01,69,TraderAgent,Bauchi,2,-22.8046875,252.86188392857144,432782.59375,Bauchi,False,Onitsha,Onitsha,winning,False,440.0,2.0,False
2024-05-01,70,TraderAgent,Bauchi,0,1482.264404296875,2323.34130859375,493440.59375,Bauchi,False,Onitsha,Onitsha,winning,False,451.25,2.0,False
2024-05-01,71,TraderAgent,Bauchi,1,147.98628571428574,137.98628571428574,487405.2,Onitsha,True,Onitsha,Onitsha,winning,False,450.0,0.0,True
2024-05-01,72,TraderAgent,Bauchi,1,147.98628571428574,303.8380126953125,479123.40625,Onitsha,True,Onitsha,Onitsha,winning,False,440.0,1.0,True
2024-05-01,73,TraderAgent,Bauchi,4,-10.0,586.2407836914062,500571.53125,Bauchi,False,,Bauchi,winning,False,417.5,1.0,False
2024-05-01,74,TraderAgent,Bauchi,0,1482.264404296875,1789.654541015625,434233.625,Bauchi,False,Onitsha,Onitsha,winning,False,451.25,2.0,False
2024-05-01,75,TraderAgent,Bauchi,0,938.514404296875,3033.228759765625,502952.15625,Bauchi,False,,Bauchi,winning,False,417.5,4.0,False
2024-05-01,76,TraderAgent,Bauchi,0,1482.264404296875,3025.54931640625,494139.46875,Bauchi,False,Onitsha,Onitsha,winning,False,451.25,3.0,False
2024-05-01,77,TraderAgent,Bauchi,4,-10.0,145.8517303466797,491718.1875,Bauchi,False,Onitsha,Onitsha,winning,False,440.0,1.0,False
2024-05-01,78,TraderAgent,Bauchi,3,20.0,55.25,499975.25,Bauchi,False,,,losing,False,427.5,0.0,False
2024-05-01,79,TraderAgent,Bauchi,3,20.0,70.0,500000.0,Bauchi,False,,,losing,False,427.5,0.0,False
2024-05-01,80,TraderAgent,Bauchi,0,938.514404296875,3058.428955078125,502981.90625,Bauchi,False,,Bauchi,winning,False,417.5,4.0,False
2024-05-01,81,TraderAgent,Bauchi,4,-10.0,115.85173034667969,491718.1875,Bauchi,False,Onitsha,Onitsha,winning,False,440.0,1.0,False
2024-05-01,82,TraderAgent,Bauchi,0,1482.264404296875,2284.707763671875,493417.375,Bauchi,False,Onitsha,Onitsha,winning,False,451.25,2.0,False
2024-05-01,83,TraderAgent,Bauchi,0,938.514404296875,3063.228759765625,502952.15625,Bauchi,False,,Bauchi,winning,False,417.5,4.0,False
2024-05-01,84,TraderAgent,Bauchi,0,1482.264404296875,1648.0758056640625,492755.53125,Bauchi,False,Onitsha,Onitsha,winning,False,451.25,1.0,False
2024-05-01,85,BuyerAgent,Bauchi,2,0.0,285.1824951171875,,,,,,,,,,
2024-05-01,86,BuyerAgent,Bauchi,0,311.485595703125,456.771240234375,,,,,,,,,,
2024-05-01,87,BuyerAgent,Bauchi,0,311.485595703125,456.771240234375,,,,,,,,,,
2024-05-01,88,BuyerAgent,Bauchi,2,0.0,144.774169921875,,,,,,,,,,
2024-05-01,89,BuyerAgent,Bauchi,0,311.485595703125,419.271240234375,,,,,,,,,,
2024-05-01,90,BuyerAgent,Bauchi,0,142.735595703125,170.1324462890625,,,,,,,,,,
2024-05-01,91,BuyerAgent,Bauchi,0,142.735595703125,142.735595703125,,,,,,,,,,
2024-05-01,92,BuyerAgent,Bauchi,0,142.735595703125,142.735595703125,,,,,,,,,,
2024-05-01,93,BuyerAgent,Bauchi,1,142.735595703125,142.735595703125,,,,,,,,,,
2024-05-01,94,BuyerAgent,Bauchi,0,142.735595703125,142.735595703125,,,,,,,,,,
2024-05-01,95,BuyerAgent,Bauchi,0,142.735595703125,142.735595703125,,,,,,,,,,
2024-05-01,96,BuyerAgent,Bauchi,1,142.735595703125,142.735595703125,,,,,,,,,,
2024-05-01,97,BuyerAgent,Bauchi,0,0.0,0.0,,,,,,,,,,
2024-05-01,98,BuyerAgent,Bauchi,2,0.0,0.0,,,,,,,,,,
2024-05-01,99,BuyerAgent,Bauchi,0,0.0,0.0,,,,,,,,,,
2024-05-01,100,BuyerAgent,Bauchi,0,0.0,0.0,,,,,,,,,,
2024-05-01,101,BuyerAgent,Bauchi,2,0.0,0.0,,,,,,,,,,
2024-05-01,102,BuyerAgent,Bauchi,2,0.0,0.0,,,,,,,,,,
2024-05-01,103,BuyerAgent,Bauchi,2,0.0,0.0,,,,,,,,,,
2024-05-01,104,BuyerAgent,Bauchi,1,0.0,0.0,,,,,,,,,,
2024-05-01,105,BuyerAgent,Bauchi,0,0.0,0.0,,,,,,,,,,
2024-05-01,106,BuyerAgent,Bauchi,2,0.0,0.0,,,,,,,,,,
2024-05-01,107,BuyerAgent,Bauchi,0,0.0,0.0,,,,,,,,,,
2024-05-01,108,BuyerAgent,Bauchi,2,0.0,0.0,,,,,,,,,,
2024-05-01,109,BuyerAgent,Bauchi,0,0.0,0.0,,,,,,,,,,
2024-05-01,110,BuyerAgent,Bauchi,1,0.0,0.0,,,,,,,,,,
2024-05-01,111,BuyerAgent,Bauchi,2,0.0,0.0,,,,,,,,,,
2024-05-01,112,BuyerAgent,Bauchi,0,0.0,0.0,,,,,,,,,,
2024-05-01,113,BuyerAgent,Bauchi,0,0.0,0.0,,,,,,,,,,
2024-05-01,114,BuyerAgent,Bauchi,1,0.0,0.0,,,,,,,,,,
2024-05-01,115,TransporterAgent,Bauchi,1,-200.0,-700.0,,,,,,,,,,
2024-05-01,116,TransporterAgent,Bauchi,0,11.185833333333335,-338.81416666666667,,,,,,,,,,
2024-05-01,117,TransporterAgent,Bauchi,3,50.0,150.0,,,,,,,,,,
2024-05-01,118,TransporterAgent,Bauchi,2,-50.0,-389.9642857142857,,,,,,,,,,
2024-05-01,119,TransporterAgent,Bauchi,1,-200.0,-786.75,,,,,,,,,,
2024-05-01,120,TransporterAgent,Bauchi,3,50.0,50.0,,,,,,,,,,
2024-05-01,121,TransporterAgent,Bauchi,2,-50.0,-636.75,,,,,,,,,,
2024-05-01,122,TransporterAgent,Bauchi,1,-200.0,-430.71964285714284,,,,,,,,,,
2024-05-01,123,TransporterAgent,Bauchi,3,50.0,110.03571428571428,,,,,,,,,,
2024-05-01,124,TransporterAgent,Bauchi,0,11.185833333333335,-178.7784523809524,,,,,,,,,,
2024-05-01,125,BankingAgent,Bauchi,2,-1.3124999999999998,-13.600000000000001,,,,,,,,,,
2024-05-01,126,BankingAgent,Bauchi,0,-0.0,-2.4750000000000005,,,,,,,,,,
2024-05-01,127,BankingAgent,Bauchi,2,-1.3124999999999998,-4.9,,,,,,,,,,
2024-05-01,129,TraderAgent,Kano,4,-10.0,406.1201171875,500375.96875,Kano,False,,Kano,winning,False,395.0,1.0,False
2024-05-01,130,TraderAgent,Kano,0,856.7391967773438,1312.7252197265625,501264.25,Kano,False,,Kano,winning,False,395.0,2.0,False
2024-05-01,131,TraderAgent,Kano,3,20.0,119.26833881578945,496985.75,Kano,False,Bauchi,Bauchi,winning,False,396.62,1.0,False
2024-05-01,132,TraderAgent,Kano,0,969.2391967773438,1068.507568359375,497928.75,Kano,False,Bauchi,Kano,winning,False,417.5,2.0,False
2024-05-01,133,TraderAgent,Kano,0,2469.2392578125,2970.711181640625,496967.8125,Kano,False,Bauchi,Bauchi,winning,False,417.5,3.0,False
2024-05-01,134,TraderAgent,Kano,2,-26.25,1528.958251953125,501430.96875,Kano,False,,Kano,winning,False,395.0,4.0,False
2024-05-01,135,TraderAgent,Kano,2,-26.25,117.30473684210529,495945.03125,Kano,False,Bauchi,Bauchi,winning,False,417.5,1.0,False
2024-05-01,136,TraderAgent,Kano,0,969.2391967773438,1570.41552734375,498380.53125,Kano,False,Bauchi,Kano,winning,False,417.5,3.0,False
2024-05-01,137,TraderAgent,Kano,0,969.2391967773438,1096.404052734375,497926.625,Kano,False,Bauchi,Kano,winning,False,417.5,2.0,False
2024-05-01,138,TraderAgent,Kano,3,20.0,-55.625625,499944.37,Kano,False,,,losing,False,427.5,0.0,False
2024-05-01,139,TraderAgent,Kano,0,2469.2392578125,2809.632568359375,499939.25,Kano,False,Bauchi,Bauchi,winning,False,417.5,2.0,False
2024-05-01,140,TraderAgent,Kano,3,20.0,40.0,500000.0,Kano,False,,,winning,False,427.5,0.0,False
2024-05-01,141,TraderAgent,Kano,0,2469.2392578125,3064.75146484375,500173.0,Kano,False,Bauchi,Bauchi,winning,False,417.5,2.0,False
2024-05-01,142,TraderAgent,Kano,2,-26.25,429.73602294921875,500407.53125,Kano,False,,Kano,winning,False,395.0,1.0,False
2024-05-01,143,TraderAgent,Kano,2,-26.25,425.4957580566406,500405.375,Kano,False,,Kano,winning,False,395.0,1.0,False
2024-05-01,144,TraderAgent,Kano,3,20.0,475.98602294921875,500433.75,Kano,False,,Kano,winning,False,375.25,1.0,False
2024-05-01,145,TraderAgent,Kano,1,107.88031578947368,247.31084210526313,490513.1875,Bauchi,True,Bauchi,Bauchi,winning,False,417.5,1.0,True
2024-05-01,146,TraderAgent,Kano,4,-10.0,146.0786666666667,497003.5625,Kano,False,Bauchi,Bauchi,winning,False,417.5,1.0,False
2024-05-01,147,TraderAgent,Kano,2,-26.25,143.18052631578945,496979.6875,Kano,False,Bauchi,Bauchi,winning,False,417.5,1.0,False
2024-05-01,148,TraderAgent,Kano,0,744.2391967773438,930.3561401367188,500893.25,Kano,False,,Kano,winning,False,372.5,2.0,False
2024-05-01,149,BuyerAgent,Kano,1,505.76080322265625,706.5386352539062,,,,,,,,,,
2024-05-01,150,BuyerAgent,Kano,0,393.26080322265625,504.662109375,,,,,,,,,,
2024-05-01,151,BuyerAgent,Kano,1,280.76080322265625,373.0290222167969,,,,,,,,,,
2024-05-01,152,BuyerAgent,Kano,1,280.76080322265625,324.7747802734375,,,,,,,,,,
2024-05-01,153,BuyerAgent,Kano,2,0.0,0.0,,,,,,,,,,
2024-05-01,154,BuyerAgent,Kano,2,0.0,0.0,,,,,,,,,,
2024-05-01,155,BuyerAgent,Kano,1,280.76080322265625,280.76080322265625,,,,,,,,,,
2024-05-01,156,BuyerAgent,Kano,2,0.0,67.26821899414062,,,,,,,,,,
2024-05-01,157,BuyerAgent,Kano,1,280.76080322265625,280.76080322265625,,,,,,,,,,
2024-05-01,158,BuyerAgent,Kano,2,0.0,0.0,,,,,,,,,,
2024-05-01,159,BuyerAgent,Kano,1,280.76080322265625,280.76080322265625,,,,,,,,,,
2024-05-01,160,BuyerAgent,Kano,0,280.76080322265625,280.76080322265625,,,,,,,,,,
2024-05-01,161,BuyerAgent,Kano,1,0.0,44.01397705078125,,,,,,,,,,
2024-05-01,162,BuyerAgent,Kano,0,0.0,0.0,,,,,,,,,,
2024-05-01,163,BuyerAgent,Kano,1,0.0,0.0,,,,,,,,,,
2024-05-01,164,BuyerAgent,Kano,2,0.0,0.0,,,,,,,,,,
2024-05-01,165,BuyerAgent,Kano,2,0.0,0.0,,,,,,,,,,
2024-05-01,166,BuyerAgent,Kano,0,0.0,0.0,,,,,,,,,,
2024-05-01,167,BuyerAgent,Kano,2,0.0,0.0,,,,,,,,,,
2024-05-01,168,BuyerAgent,Kano,1,0.0,0.0,,,,,,,,,,
2024-05-01,169,BuyerAgent,Kano,0,0.0,0.0,,,,,,,,,,
2024-05-01,170,BuyerAgent,Kano,2,0.0,0.0,,,,,,,,,,
2024-05-01,171,BuyerAgent,Kano,1,0.0,0.0,,,,,,,,,,
2024-05-01,172,BuyerAgent,Kano,2,0.0,0.0,,,,,,,,,,
2024-05-01,173,BuyerAgent,Kano,2,0.0,0.0,,,,,,,,,,
2024-05-01,174,BuyerAgent,Kano,1,0.0,0.0,,,,,,,,,,
2024-05-01,175,BuyerAgent,Kano,1,0.0,0.0,,,,,,,,,,
2024-05-01,176,BuyerAgent,Kano,0,0.0,0.0,,,,,,,,,,
2024-05-01,177,BuyerAgent,Kano,0,0.0,0.0,,,,,,,,,,
2024-05-01,178,BuyerAgent,Kano,0,0.0,0.0,,,,,,,,,,
2024-05-01,179,TransporterAgent,Kano,2,-50.0,-16.098,,,,,,,,,,
2024-05-01,180,TransporterAgent,Kano,2,-50.0,117.40199999999999,,,,,,,,,,
2024-05-01,181,TransporterAgent,Kano,0,13.889285714285716,-386.11071428571427,,,,,,,,,,
2024-05-01,182,TransporterAgent,Kano,3,50.0,152.58057142857143,,,,,,,,,,
2024-05-01,183,TransporterAgent,Kano,3,50.0,52.58057142857143,,,,,,,,,,
2024-05-01,184,TransporterAgent,Kano,0,13.889285714285716,-236.1107142857143,,,,,,,,,,
2024-05-01,185,TransporterAgent,Kano,3,50.0,-164.82142857142856,,,,,,,,,,
2024-05-01,186,TransporterAgent,Kano,1,-200.0,-482.598,,,,,,,,,,
2024-05-01,187,TransporterAgent,Kano,2,-50.0,-133.5,,,,,,,,,,
2024-05-01,188,TransporterAgent,Kano,3,50.0,-232.0,,,,,,,,,,
2024-05-01,189,BankingAgent,Kano,2,-1.3124999999999998,-8.850000000000001,,,,,,,,,,
2024-05-01,190,BankingAgent,Kano,1,-2.6249999999999996,-19.700000000000003,,,,,,,,,,
2024-05-01,191,BankingAgent,Kano,0,-0.0,-10.975000000000001,,,,,,,,,,
2024-05-01,193,TraderAgent,Lagos,4,-10.0,2417.442626953125,502394.875,Lagos,False,,Lagos,winning,False,555.0,2.0,False
2024-05-01,194,TraderAgent,Lagos,4,-10.0,2829.3740234375,497273.5625,Lagos,False,Onitsha,Onitsha,winning,False,510.0,1.0,False
2024-05-01,195,TraderAgent,Lagos,0,2394.89013671875,4169.876953125,498573.03125,Lagos,False,Onitsha,Onitsha,winning,False,521.25,3.0,False
2024-05-01,196,TraderAgent,Lagos,3,20.0,1999.140380859375,496634.375,Lagos,False,Onitsha,Onitsha,winning,False,484.5,1.0,False
2024-05-01,197,TraderAgent,Lagos,0,2394.89013671875,2687.17578125,443802.875,Lagos,False,Onitsha,Onitsha,losing,False,521.25,2.0,False
2024-05-01,198,TraderAgent,Lagos,1,137.32468085106382,2947.18310546875,488155.375,Onitsha,True,Onitsha,Onitsha,winning,False,510.0,1.0,True
2024-05-01,199,TraderAgent,Lagos,4,-10.0,690.2067260742188,500637.96875,Lagos,False,,Lagos,winning,False,487.5,1.0,False
2024-05-01,200,TraderAgent,Lagos,0,2394.89013671875,4507.9990234375,493649.53125,Lagos,False,Onitsha,Onitsha,winning,False,521.25,2.0,False
2024-05-01,201,TraderAgent,Lagos,2,-26.25,-18.515625,499951.48,Lagos,False,,,losing,False,540.0,0.0,False
2024-05-01,202,TraderAgent,Lagos,3,20.0,2859.8583984375,497274.09375,Lagos,False,Onitsha,Onitsha,winning,False,484.5,1.0,False
2024-05-01,203,TraderAgent,Lagos,3,20.0,-1.6871875000000003,499978.31,Lagos,False,,,losing,False,513.0,0.0,False
2024-05-01,204,TraderAgent,Lagos,4,-10.0,2992.706787109375,444106.3125,Lagos,False,Onitsha,Onitsha,winning,False,510.0,2.0,False
2024-05-01,205,TraderAgent,Lagos,0,1213.64013671875,3192.780517578125,497821.75,Lagos,False,Onitsha,Lagos,winning,False,510.0,2.0,False
2024-05-01,206,TraderAgent,Lagos,4,-10.0,2872.1240234375,497296.3125,Lagos,False,Onitsha,Onitsha,winning,False,510.0,1.0,False
2024-05-01,207,TraderAgent,Lagos,1,137.32468085106382,3140.031494140625,434987.625,Onitsha,True,Onitsha,Onitsha,winning,False,510.0,2.0,True
2024-05-01,208,TraderAgent,Lagos,2,-26.25,1965.156005859375,496630.375,Lagos,False,Onitsha,Onitsha,winning,False,510.0,1.0,False
2024-05-01,209,TraderAgent,Lagos,4,-10.0,2631.612548828125,497294.59375,Lagos,False,Onitsha,Onitsha,winning,False,510.0,2.0,False
2024-05-01,210,TraderAgent,Lagos,1,137.32468085106382,2989.44873046875,488177.625,Onitsha,True,Onitsha,Onitsha,winning,False,510.0,1.0,True
2024-05-01,211,TraderAgent,Lagos,2,-26.25,2795.8740234375,497270.09375,Lagos,False,Onitsha,Onitsha,winning,False,510.0,1.0,False
2024-05-01,212,TraderAgent,Lagos,2,-26.25,3926.61865234375,498358.09375,Lagos,False,Onitsha,Onitsha,winning,False,510.0,2.0,False
2024-05-01,213,BuyerAgent,Lagos,0,286.35986328125,932.0233154296875,,,,,,,,,,
2024-05-01,214,BuyerAgent,Lagos,2,0.0,650.1531982421875,,,,,,,,,,
2024-05-01,215,BuyerAgent,Lagos,1,230.10986328125,695.167236328125,,,,,,,,,,
2024-05-01,216,BuyerAgent,Lagos,1,230.10986328125,695.167236328125,,,,,,,,,,
2024-05-01,217,BuyerAgent,Lagos,2,0.0,465.057373046875,,,,,,,,,,
2024-05-01,218,BuyerAgent,Lagos,1,230.10986328125,599.913330078125,,,,,,,,,,
2024-05-01,219,BuyerAgent,Lagos,0,0.0,163.3599853515625,,,,,,,,,,
2024-05-01,220,BuyerAgent,Lagos,2,0.0,415.057373046875,,,,,,,,,,
2024-05-01,221,BuyerAgent,Lagos,2,0.0,0.0,,,,,,,,,,
2024-05-01,222,BuyerAgent,Lagos,2,0.0,0.0,,,,,,,,,,
2024-05-01,223,BuyerAgent,Lagos,1,0.0,301.6973876953125,,,,,,,,,,
2024-05-01,224,BuyerAgent,Lagos,0,0.0,301.6973876953125,,,,,,,,,,
2024-05-01,225,BuyerAgent,Lagos,1,0.0,0.0,,,,,,,,,,
2024-05-01,226,BuyerAgent,Lagos,1,0.0,189.1973876953125,,,,,,,,,,
2024-05-01,227,BuyerAgent,Lagos,0,0.0,0.0,,,,,,,,,,
2024-05-01,228,BuyerAgent,Lagos,2,0.0,0.0,,,,,,,,,,
2024-05-01,229,BuyerAgent,Lagos,2,0.0,0.0,,,,,,,,,,
2024-05-01,230,BuyerAgent,Lagos,0,0.0,0.0,,,,,,,,,,
2024-05-01,231,BuyerAgent,Lagos,2,0.0,0.0,,,,,,,,,,
2024-05-01,232,BuyerAgent,Lagos,2,0.0,0.0,,,,,,,,,,
2024-05-01,233,BuyerAgent,Lagos,0,0.0,0.0,,,,,,,,,,
2024-05-01,234,BuyerAgent,Lagos,2,0.0,0.0,,,,,,,,,,
2024-05-01,235,BuyerAgent,Lagos,0,0.0,0.0,,,,,,,,,,
2024-05-01,236,BuyerAgent,Lagos,0,0.0,0.0,,,,,,,,,,
2024-05-01,237,BuyerAgent,Lagos,0,0.0,0.0,,,,,,,,,,
2024-05-01,238,BuyerAgent,Lagos,0,0.0,0.0,,,,,,,,,,
2024-05-01,239,BuyerAgent,Lagos,0,0.0,0.0,,,,,,,,,,
2024-05-01,240,BuyerAgent,Lagos,0,0.0,0.0,,,,,,,,,,
2024-05-01,241,BuyerAgent,Lagos,0,0.0,0.0,,,,,,,,,,
2024-05-01,242,BuyerAgent,Lagos,2,0.0,0.0,,,,,,,,,,
2024-05-01,243,TransporterAgent,Lagos,3,50.0,18.608513931888552,,,,,,,,,,
2024-05-01,244,TransporterAgent,Lagos,2,-50.0,-700.0,,,,,,,,,,
2024-05-01,245,TransporterAgent,Lagos,3,50.0,-166.2034230769231,,,,,,,,,,
2024-05-01,246,TransporterAgent,Lagos,2,-50.0,-416.20342307692306,,,,,,,,,,
2024-05-01,247,TransporterAgent,Lagos,2,-50.0,-384.62692307692305,,,,,,,,,,
2024-05-01,248,TransporterAgent,Lagos,1,-200.0,-481.3914860681115,,,,,,,,,,
2024-05-01,249,TransporterAgent,Lagos,3,50.0,-131.5765,,,,,,,,,,
2024-05-01,250,TransporterAgent,Lagos,0,17.171000000000003,-232.829,,,,,,,,,,
2024-05-01,251,TransporterAgent,Lagos,0,17.171000000000003,117.171,,,,,,,,,,
2024-05-01,252,TransporterAgent,Lagos,2,-50.0,-300.0,,,,,,,,,,
2024-05-01,253,BankingAgent,Lagos,2,-1.3124999999999998,-9.450000000000001,,,,,,,,,,
2024-05-01,254,BankingAgent,Lagos,0,-0.0,-7.025000000000002,,,,,,,,,,
2024-05-01,255,BankingAgent,Lagos,0,-0.0,-11.175000000000002,,,,,,,,,,
2024-05-01,257,TraderAgent,Onitsha,0,0.0,302.6902857142857,491341.40625,Onitsha,False,Port_Harcourt,Port_Harcourt,winning,False,475.0,2.0,False
2024-05-01,258,TraderAgent,Onitsha,0,1044.7125244140625,1918.16943359375,501861.8125,Onitsha,False,,Onitsha,winning,False,440.0,2.0,False
2024-05-01,259,TraderAgent,Onitsha,1,154.67,1941.00048828125,490110.4375,Lagos,True,Lagos,Lagos,winning,False,440.0,2.0,True
2024-05-01,260,TraderAgent,Onitsha,3,20.0,236.88285714285715,495894.15625,Onitsha,False,Port_Harcourt,Port_Harcourt,winning,False,451.25,1.0,False
2024-05-01,261,TraderAgent,Onitsha,0,0.0,17781.443359375,513246.53125,Onitsha,False,Port_Harcourt,Port_Harcourt,winning,False,475.0,4.0,False
2024-05-01,262,TraderAgent,Onitsha,2,-26.25,-96.84937500000001,499913.15,Onitsha,False,,,losing,False,450.0,0.0,False
2024-05-01,263,TraderAgent,Onitsha,2,-26.25,888.89404296875,500838.75,Onitsha,False,,Onitsha,winning,False,440.0,1.0,False
2024-05-01,264,TraderAgent,Onitsha,0,1100.9625244140625,2083.677734375,502015.75,Onitsha,False,,Onitsha,winning,False,451.25,2.0,False
2024-05-01,265,TraderAgent,Onitsha,4,-10.0,1854.5009765625,501838.09375,Onitsha,False,,Onitsha,winning,False,451.25,2.0,False
2024-05-01,266,TraderAgent,Onitsha,4,-10.0,15865.5625,510858.59375,Onitsha,False,Port_Harcourt,Port_Harcourt,winning,False,475.0,2.0,False
2024-05-01,267,TraderAgent,Onitsha,3,20.0,15683.927734375,515665.1875,Onitsha,False,,Onitsha,winning,False,451.25,1.0,False
2024-05-01,268,TraderAgent,Onitsha,4,-10.0,15840.4951171875,511341.75,Onitsha,False,Port_Harcourt,Port_Harcourt,winning,False,475.0,2.0,False
2024-05-01,269,TraderAgent,Onitsha,1,154.67,2009.0089111328125,490176.90625,Lagos,True,Lagos,Lagos,winning,False,451.25,2.0,True
2024-05-01,270,TraderAgent,Onitsha,2,-26.25,104.19566964285715,495821.46875,Onitsha,False,Port_Harcourt,Port_Harcourt,losing,False,475.0,1.0,False
2024-05-01,271,TraderAgent,Onitsha,0,1100.9625244140625,2967.73388671875,502919.625,Onitsha,False,,Onitsha,winning,False,451.25,3.0,False
2024-05-01,272,TraderAgent,Onitsha,1,154.67,2010.4210205078125,490178.3125,Lagos,True,Lagos,Lagos,winning,False,451.25,2.0,True
2024-05-01,273,TraderAgent,Onitsha,2,-26.25,-89.75,499930.25,Onitsha,False,,,losing,False,450.0,0.0,False
2024-05-01,274,TraderAgent,Onitsha,4,-10.0,-53.6621875,499936.34,Onitsha,False,,,losing,False,450.0,0.0,False
2024-05-01,275,TraderAgent,Onitsha,3,20.0,139.78495535714285,495151.5625,Onitsha,False,Port_Harcourt,Port_Harcourt,winning,False,451.25,1.0,False
2024-05-01,276,TraderAgent,Onitsha,1,154.67,1057.38134765625,489196.96875,Lagos,True,Lagos,Lagos,winning,False,440.0,1.0,True
2024-05-01,277,BuyerAgent,Onitsha,1,205.2874755859375,2123.044921875,,,,,,,,,,
2024-05-01,278,BuyerAgent,Onitsha,2,0.0,117.12646484375,,,,,,,,,,
2024-05-01,279,BuyerAgent,Onitsha,0,149.0374755859375,2298.77734375,,,,,,,,,,
2024-05-01,280,BuyerAgent,Onitsha,1,149.0374755859375,2175.40478515625,,,,,,,,,,
2024-05-01,281,BuyerAgent,Onitsha,2,0.0,1917.75732421875,,,,,,,,,,
2024-05-01,282,BuyerAgent,Onitsha,0,30.2874755859375,145.1434326171875,,,,,,,,,,
2024-05-01,283,BuyerAgent,Onitsha,2,0.0,0.0,,,,,,,,,,
2024-05-01,284,BuyerAgent,Onitsha,2,0.0,231.982421875,,,,,,,,,,
2024-05-01,285,BuyerAgent,Onitsha,1,30.2874755859375,112.2698974609375,,,,,,,,,,
2024-05-01,286,BuyerAgent,Onitsha,1,0.0,81.982421875,,,,,,,,,,
2024-05-01,287,BuyerAgent,Onitsha,0,0.0,155.35491943359375,,,,,,,,,,
2024-05-01,288,BuyerAgent,Onitsha,1,0.0,140.49896240234375,,,,,,,,,,
2024-05-01,289,BuyerAgent,Onitsha,2,0.0,10.87249755859375,,,,,,,,,,
2024-05-01,290,BuyerAgent,Onitsha,0,0.0,10.87249755859375,,,,,,,,,,
2024-05-01,291,BuyerAgent,Onitsha,2,0.0,0.0,,,,,,,,,,
2024-05-01,292,BuyerAgent,Onitsha,0,0.0,0.0,,,,,,,,,,
2024-05-01,293,BuyerAgent,Onitsha,1,0.0,0.0,,,,,,,,,,
2024-05-01,294,BuyerAgent,Onitsha,0,0.0,0.0,,,,,,,,,,
2024-05-01,295,BuyerAgent,Onitsha,0,0.0,0.0,,,,,,,,,,
2024-05-01,296,BuyerAgent,Onitsha,0,0.0,0.0,,,,,,,,,,
2024-05-01,297,BuyerAgent,Onitsha,1,0.0,0.0,,,,,,,,,,
2024-05-01,298,BuyerAgent,Onitsha,1,0.0,0.0,,,,,,,,,,
2024-05-01,299,BuyerAgent,Onitsha,2,0.0,0.0,,,,,,,,,,
2024-05-01,300,BuyerAgent,Onitsha,0,0.0,0.0,,,,,,,,,,
2024-05-01,301,BuyerAgent,Onitsha,1,0.0,0.0,,,,,,,,,,
2024-05-01,302,BuyerAgent,Onitsha,0,0.0,0.0,,,,,,,,,,
2024-05-01,303,BuyerAgent,Onitsha,2,0.0,0.0,,,,,,,,,,
2024-05-01,304,BuyerAgent,Onitsha,0,0.0,0.0,,,,,,,,,,
2024-05-01,305,BuyerAgent,Onitsha,0,0.0,0.0,,,,,,,,,,
2024-05-01,306,BuyerAgent,Onitsha,0,0.0,0.0,,,,,,,,,,
2024-05-01,307,TransporterAgent,Onitsha,0,25.241666666666667,99.68656666666666,,,,,,,,,,
2024-05-01,308,TransporterAgent,Onitsha,1,-200.0,-275.5551,,,,,,,,,,
2024-05-01,309,TransporterAgent,Onitsha,2,-50.0,84.00740000000002,,,,,,,,,,
2024-05-01,310,TransporterAgent,Onitsha,1,-200.0,-200.0,,,,,,,,,,
2024-05-01,311,TransporterAgent,Onitsha,0,25.241666666666667,99.68656666666666,,,,,,,,,,
2024-05-01,312,TransporterAgent,Onitsha,1,-200.0,-450.0,,,,,,,,,,
2024-05-01,313,TransporterAgent,Onitsha,1,-200.0,-373.23571428571427,,,,,,,,,,
2024-05-01,314,TransporterAgent,Onitsha,2,-50.0,132.1,,,,,,,,,,
2024-05-01,315,TransporterAgent,Onitsha,0,25.241666666666667,-400.3134333333333,,,,,,,,,,
2024-05-01,316,TransporterAgent,Onitsha,2,-50.0,-225.55509999999998,,,,,,,,,,
2024-05-01,317,BankingAgent,Onitsha,0,-0.0,-6.025,,,,,,,,,,
2024-05-01,318,BankingAgent,Onitsha,2,-1.3124999999999998,-14.000000000000004,,,,,,,,,,
2024-05-01,319,BankingAgent,Onitsha,0,-0.0,-4.750000000000001,,,,,,,,,,
2024-05-01,321,TraderAgent,Port_Harcourt,4,-10.0,5070.9541015625,502499.8125,Port_Harcourt,False,Onitsha,Port_Harcourt,winning,False,750.0,2.0,False
2024-05-01,322,TraderAgent,Port_Harcourt,4,-10.0,1549.64111328125,501566.90625,Port_Harcourt,False,,Port_Harcourt,winning,False,712.5,1.0,False
2024-05-01,323,TraderAgent,Port_Harcourt,2,-33.140625,1586.50048828125,501533.75,Port_Harcourt,False,,Port_Harcourt,winning,False,712.5,1.0,False
2024-05-01,324,TraderAgent,Port_Harcourt,3,20.0,1589.2039794921875,501526.46875,Port_Harcourt,False,,Port_Harcourt,winning,False,676.88,1.0,False
2024-05-01,325,TraderAgent,Port_Harcourt,2,-33.140625,4060.134521484375,501500.6875,Port_Harcourt,False,Onitsha,Onitsha,winning,False,600.0,1.0,False
2024-05-01,326,TraderAgent,Port_Harcourt,3,20.0,4111.55615234375,501521.875,Port_Harcourt,False,Onitsha,Onitsha,winning,False,570.0,1.0,False
2024-05-01,327,TraderAgent,Port_Harcourt,1,162.11036363636362,1965.3521728515625,495601.90625,Onitsha,True,Onitsha,Onitsha,winning,False,750.0,1.0,True
2024-05-01,328,TraderAgent,Port_Harcourt,1,162.11036363636362,1969.9674072265625,495603.4375,Onitsha,True,Onitsha,Onitsha,winning,False,750.0,1.0,True
2024-05-01,329,TraderAgent,Port_Harcourt,0,4459.544921875,8736.9130859375,503585.1875,Port_Harcourt,False,Onitsha,Onitsha,winning,False,618.75,2.0,False
2024-05-01,330,TraderAgent,Port_Harcourt,3,20.0,5723.947265625,503111.53125,Port_Harcourt,False,Onitsha,Onitsha,winning,False,570.0,2.0,False
2024-05-01,331,TraderAgent,Port_Harcourt,0,990.794677734375,5073.6005859375,502460.8125,Port_Harcourt,False,Onitsha,Port_Harcourt,winning,False,600.0,2.0,False
2024-05-01,332,TraderAgent,Port_Harcourt,4,-10.0,138.97266666666667,452027.53125,Port_Harcourt,False,Onitsha,Onitsha,losing,False,855.0,1.0,False
2024-05-01,333,TraderAgent,Port_Harcourt,0,4459.544921875,4564.45068359375,501982.1875,Port_Harcourt,False,Onitsha,Onitsha,losing,False,618.75,1.0,False
2024-05-01,334,TraderAgent,Port_Harcourt,4,-10.0,1797.2418212890625,501775.5625,Port_Harcourt,False,,Port_Harcourt,winning,False,750.0,1.0,False
2024-05-01,335,TraderAgent,Port_Harcourt,4,-10.0,3519.848876953125,503463.40625,Port_Harcourt,False,,Port_Harcourt,winning,False,750.0,2.0,False
2024-05-01,336,TraderAgent,Port_Harcourt,2,-33.140625,5434.1845703125,502835.75,Port_Harcourt,False,Onitsha,Onitsha,winning,False,600.0,2.0,False
2024-05-01,337,TraderAgent,Port_Harcourt,2,-33.140625,4071.16552734375,501511.53125,Port_Harcourt,False,Onitsha,Onitsha,winning,False,600.0,1.0,False
2024-05-01,338,TraderAgent,Port_Harcourt,4,-10.0,3906.32177734375,455738.40625,Port_Harcourt,False,Onitsha,Port_Harcourt,winning,False,750.0,3.0,False
2024-05-01,339,TraderAgent,Port_Harcourt,0,4459.544921875,8775.6630859375,503603.90625,Port_Harcourt,False,Onitsha,Onitsha,winning,False,618.75,2.0,False
2024-05-01,340,TraderAgent,Port_Harcourt,0,4459.544921875,6457.3076171875,503840.28125,Port_Harcourt,False,Onitsha,Onitsha,winning,False,618.75,2.0,False
2024-05-01,341,BuyerAgent,Port_Harcourt,2,0.0,1193.7518310546875,,,,,,,,,,
2024-05-01,342,BuyerAgent,Port_Harcourt,2,0.0,2067.401123046875,,,,,,,,,,
2024-05-01,343,BuyerAgent,Port_Harcourt,2,0.0,1193.7518310546875,,,,,,,,,,
2024-05-01,344,BuyerAgent,Port_Harcourt,1,1259.205322265625,1553.795166015625,,,,,,,,,,
2024-05-01,345,BuyerAgent,Port_Harcourt,1,1165.455322265625,1165.455322265625,,,,,,,,,,
2024-05-01,346,BuyerAgent,Port_Harcourt,2,0.0,1034.0081787109375,,,,,,,,,,
2024-05-01,347,BuyerAgent,Port_Harcourt,0,1165.455322265625,3393.21533203125,,,,,,,,,,
2024-05-01,348,BuyerAgent,Port_Harcourt,0,1165.455322265625,2199.46337890625,,,,,,,,,,
2024-05-01,349,BuyerAgent,Port_Harcourt,1,1165.455322265625,1348.8482666015625,,,,,,,,,,
2024-05-01,350,BuyerAgent,Port_Harcourt,1,0.0,183.3929443359375,,,,,,,,,,
2024-05-01,351,BuyerAgent,Port_Harcourt,1,0.0,1217.401123046875,,,,,,,,,,
2024-05-01,352,BuyerAgent,Port_Harcourt,2,0.0,1034.0081787109375,,,,,,,,,,
2024-05-01,353,BuyerAgent,Port_Harcourt,0,0.0,284.0081787109375,,,,,,,,,,
2024-05-01,354,BuyerAgent,Port_Harcourt,1,0.0,284.0081787109375,,,,,,,,,,
2024-05-01,355,BuyerAgent,Port_Harcourt,0,0.0,184.0081787109375,,,,,,,,,,
2024-05-01,356,BuyerAgent,Port_Harcourt,1,0.0,0.0,,,,,,,,,,
2024-05-01,357,BuyerAgent,Port_Harcourt,1,0.0,0.0,,,,,,,,,,
2024-05-01,358,BuyerAgent,Port_Harcourt,2,0.0,0.0,,,,,,,,,,
2024-05-01,359,BuyerAgent,Port_Harcourt,0,0.0,0.0,,,,,,,,,,
2024-05-01,360,BuyerAgent,Port_Harcourt,0,0.0,0.0,,,,,,,,,,
2024-05-01,361,BuyerAgent,Port_Harcourt,0,0.0,0.0,,,,,,,,,,
2024-05-01,362,BuyerAgent,Port_Harcourt,0,0.0,184.0081787109375,,,,,,,,,,
2024-05-01,363,BuyerAgent,Port_Harcourt,1,0.0,0.0,,,,,,,,,,
2024-05-01,364,BuyerAgent,Port_Harcourt,2,0.0,0.0,,,,,,,,,,
2024-05-01,365,BuyerAgent,Port_Harcourt,0,0.0,0.0,,,,,,,,,,
2024-05-01,366,BuyerAgent,Port_Harcourt,1,0.0,0.0,,,,,,,,,,
2024-05-01,367,BuyerAgent,Port_Harcourt,1,0.0,0.0,,,,,,,,,,
2024-05-01,368,BuyerAgent,Port_Harcourt,2,0.0,0.0,,,,,,,,,,
2024-05-01,369,BuyerAgent,Port_Harcourt,1,0.0,0.0,,,,,,,,,,
2024-05-01,370,BuyerAgent,Port_Harcourt,2,0.0,0.0,,,,,,,,,,
2024-05-01,371,TransporterAgent,Port_Harcourt,0,11.89318181818182,-73.73681818181818,,,,,,,,,,
2024-05-01,372,TransporterAgent,Port_Harcourt,0,11.89318181818182,42.50681818181819,,,,,,,,,,
2024-05-01,373,TransporterAgent,Port_Harcourt,3,50.0,144.20636363636365,,,,,,,,,,
2024-05-01,374,TransporterAgent,Port_Harcourt,0,11.89318181818182,-488.1068181818182,,,,,,,,,,
2024-05-01,375,TransporterAgent,Port_Harcourt,2,-50.0,-235.63,,,,,,,,,,
2024-05-01,376,TransporterAgent,Port_Harcourt,3,50.0,-600.0,,,,,,,,,,
2024-05-01,377,TransporterAgent,Port_Harcourt,0,11.89318181818182,-173.73681818181817,,,,,,,,,,
2024-05-01,378,TransporterAgent,Port_Harcourt,3,50.0,79.22,,,,,,,,,,
2024-05-01,379,TransporterAgent,Port_Harcourt,2,-50.0,-55.79363636363635,,,,,,,,,,
2024-05-01,380,TransporterAgent,Port_Harcourt,3,50.0,114.07272727272728,,,,,,,,,,
2024-05-01,381,BankingAgent,Port_Harcourt,0,-0.0,-14.450000000000003,,,,,,,,,,
2024-05-01,382,BankingAgent,Port_Harcourt,2,-1.3124999999999998,-8.850000000000001,,,,,,,,,,
2024-05-01,383,BankingAgent,Port_Harcourt,1,-2.6249999999999996,-7.725,,,,,,,,,,
2024-06-01,1,TraderAgent,Abuja,1,136.07931119999998,2240.47900390625,489621.40625,Onitsha,True,Onitsha,Onitsha,winning,False,925.0,1.0,True
2024-06-01,2,TraderAgent,Abuja,4,-10.0,6065.306640625,439992.28125,Abuja,False,Onitsha,Onitsha,winning,False,801.25,2.0,False
2024-06-01,3,TraderAgent,Abuja,3,20.0,3574.47314453125,503456.90625,Abuja,False,,Abuja,winning,False,771.88,4.0,False
2024-06-01,4,TraderAgent,Abuja,1,136.07931119999998,4383.658203125,483579.75,Onitsha,True,Onitsha,Onitsha,winning,False,925.0,3.0,True
2024-06-01,5,TraderAgent,Abuja,1,136.07931119999998,3139.091552734375,482411.28125,Onitsha,True,Onitsha,Onitsha,winning,False,812.5,2.0,True
2024-06-01,6,TraderAgent,Abuja,1,136.07931119999998,1209.1673583984375,488601.1875,Onitsha,True,Onitsha,Onitsha,winning,False,812.5,1.0,True
2024-06-01,7,TraderAgent,Abuja,1,136.07931119999998,7492.03662109375,428771.09375,Onitsha,True,Onitsha,Onitsha,winning,False,801.25,3.0,True
2024-06-01,8,TraderAgent,Abuja,1,136.07931119999998,4397.1943359375,483660.46875,Onitsha,True,Onitsha,Onitsha,winning,False,925.0,3.0,True
2024-06-01,9,TraderAgent,Abuja,4,-10.0,103.06004464285714,442142.46875,Abuja,False,Onitsha,Onitsha,losing,False,950.0,1.0,False
2024-06-01,10,TraderAgent,Abuja,3,20.0,660.2356567382812,500613.1875,Abuja,False,,Abuja,losing,False,729.12,1.0,False
2024-06-01,11,TraderAgent,Abuja,1,136.07931119999998,2077.658935546875,481303.5625,Onitsha,True,Onitsha,Onitsha,winning,False,790.0,1.0,True
2024-06-01,12,TraderAgent,Abuja,3,20.0,3764.853759765625,495586.3125,Abuja,False,Onitsha,Abuja,winning,False,771.88,3.0,False
2024-06-01,13,TraderAgent,Abuja,2,-33.140625,645.896240234375,500638.875,Abuja,False,,Abuja,losing,False,767.5,1.0,False
2024-06-01,14,TraderAgent,Abuja,4,-10.0,1097.896240234375,501077.0,Abuja,False,,Abuja,winning,False,812.5,1.0,False
2024-06-01,15,TraderAgent,Abuja,2,-33.140625,4222.4111328125,496023.875,Abuja,False,Onitsha,Abuja,winning,False,925.0,3.0,False
2024-06-01,16,TraderAgent,Abuja,3,20.0,165.62285714285713,442195.09375,Abuja,False,Onitsha,Onitsha,losing,False,902.5,1.0,False
2024-06-01,17,TraderAgent,Abuja,3,20.0,8615.5234375,492355.40625,Abuja,False,Onitsha,Onitsha,winning,False,761.19,3.0,False
2024-06-01,18,TraderAgent,Abuja,1,136.07931119999998,3733.357177734375,490999.5625,Onitsha,True,Onitsha,Onitsha,winning,False,812.5,4.0,True
2024-06-01,19,TraderAgent,Abuja,0,5484.5390625,5608.6455078125,497470.125,Abuja,False,Onitsha,Onitsha,losing,False,812.5,1.0,False
2024-06-01,20,TraderAgent,Abuja,3,20.0,2880.740966796875,502770.1875,Abuja,False,,Abuja,winning,False,771.88,3.0,False
2024-06-01,21,BuyerAgent,Abuja,0,765.4608154296875,2147.296875,,,,,,,,,,
2024-06-01,22,BuyerAgent,Abuja,1,0.0,294.185791015625,,,,,,,,,,
2024-06-01,23,BuyerAgent,Abuja,1,0.0,1103.2998046875,,,,,,,,,,
2024-06-01,24,BuyerAgent,Abuja,0,0.0,1103.2998046875,,,,,,,,,,
2024-06-01,25,BuyerAgent,Abuja,1,0.0,1389.5098876953125,,,,,,,,,,
2024-06-01,26,BuyerAgent,Abuja,0,0.0,1156.2872314453125,,,,,,,,,,
2024-06-01,27,BuyerAgent,Abuja,0,0.0,1128.5467529296875,,,,,,,,,,
2024-06-01,28,BuyerAgent,Abuja,2,0.0,226.99951171875,,,,,,,,,,
2024-06-01,29,BuyerAgent,Abuja,2,0.0,323.0377197265625,,,,,,,,,,
2024-06-01,30,BuyerAgent,Abuja,1,0.0,249.259033203125,,,,,,,,,,
2024-06-01,31,BuyerAgent,Abuja,2,0.0,226.99951171875,,,,,,,,,,
2024-06-01,32,BuyerAgent,Abuja,1,0.0,172.83538818359375,,,,,,,,,,
2024-06-01,33,BuyerAgent,Abuja,1,0.0,56.79901123046875,,,,,,,,,,
2024-06-01,34,BuyerAgent,Abuja,1,0.0,0.0,,,,,,,,,,
2024-06-01,35,BuyerAgent,Abuja,1,0.0,0.0,,,,,,,,,,
2024-06-01,36,BuyerAgent,Abuja,0,0.0,0.0,,,,,,,,,,
2024-06-01,37,BuyerAgent,Abuja,0,0.0,0.0,,,,,,,,,,
2024-06-01,38,BuyerAgent,Abuja,2,0.0,0.0,,,,,,,,,,
2024-06-01,39,BuyerAgent,Abuja,0,0.0,0.0,,,,,,,,,,
2024-06-01,40,BuyerAgent,Abuja,2,0.0,0.0,,,,,,,,,,
2024-06-01,41,BuyerAgent,Abuja,2,0.0,0.0,,,,,,,,,,
2024-06-01,42,BuyerAgent,Abuja,0,0.0,0.0,,,,,,,,,,
2024-06-01,43,BuyerAgent,Abuja,2,0.0,0.0,,,,,,,,,,
2024-06-01,44,BuyerAgent,Abuja,1,0.0,0.0,,,,,,,,,,
2024-06-01,45,BuyerAgent,Abuja,1,0.0,0.0,,,,,,,,,,
2024-06-01,46,BuyerAgent,Abuja,2,0.0,0.0,,,,,,,,,,
2024-06-01,47,BuyerAgent,Abuja,0,0.0,0.0,,,,,,,,,,
2024-06-01,48,BuyerAgent,Abuja,0,0.0,0.0,,,,,,,,,,
2024-06-01,49,BuyerAgent,Abuja,0,0.0,0.0,,,,,,,,,,
2024-06-01,50,BuyerAgent,Abuja,1,0.0,0.0,,,,,,,,,,
2024-06-01,51,TransporterAgent,Abuja,3,50.0,-76.96373333333332,,,,,,,,,,
2024-06-01,52,TransporterAgent,Abuja,1,-200.0,-400.0,,,,,,,,,,
2024-06-01,53,TransporterAgent,Abuja,2,-50.0,-180.368,,,,,,,,,,
2024-06-01,54,TransporterAgent,Abuja,3,50.0,170.654,,,,,,,,,,
2024-06-01,55,TransporterAgent,Abuja,0,19.4239,-209.9221,,,,,,,,,,
2024-06-01,56,TransporterAgent,Abuja,2,-50.0,-529.346,,,,,,,,,,
2024-06-01,57,TransporterAgent,Abuja,0,19.4239,112.09216666666669,,,,,,,,,,
2024-06-01,58,TransporterAgent,Abuja,0,19.4239,-80.5761,,,,,,,,,,
2024-06-01,59,TransporterAgent,Abuja,2,-50.0,169.632,,,,,,,,,,
2024-06-01,60,TransporterAgent,Abuja,1,-200.0,-358.97793333333334,,,,,,,,,,
2024-06-01,61,BankingAgent,Abuja,1,-2.6249999999999996,-19.2,,,,,,,,,,
2024-06-01,62,BankingAgent,Abuja,2,-1.3124999999999998,-16.025000000000002,,,,,,,,,,
2024-06-01,63,BankingAgent,Abuja,1,-2.6249999999999996,-21.725000000000005,,,,,,,,,,
2024-06-01,65,TraderAgent,Bauchi,3,20.0,1432.506103515625,501337.59375,Bauchi,False,,Bauchi,winning,False,596.12,2.0,False
2024-06-01,66,TraderAgent,Bauchi,4,-10.0,1754.0897216796875,484493.875,Bauchi,False,Onitsha,Onitsha,winning,False,661.25,2.0,False
2024-06-01,67,TraderAgent,Bauchi,1,144.74190476190475,141.93721726190475,480996.86,Port_Harcourt,True,Port_Harcourt,Port_Harcourt,losing,False,720.0,0.0,True
2024-06-01,68,TraderAgent,Bauchi,4,-10.0,1734.904541015625,434208.90625,Bauchi,False,Onitsha,Onitsha,winning,False,661.25,2.0,False
2024-06-01,69,TraderAgent,Bauchi,1,144.74190476190475,397.6037886904762,413802.25,Port_Harcourt,True,Port_Harcourt,Port_Harcourt,winning,False,650.0,2.0,True
2024-06-01,70,TraderAgent,Bauchi,3,20.0,2343.34130859375,493440.59375,Bauchi,False,Onitsha,Onitsha,winning,False,628.19,2.0,False
2024-06-01,71,TraderAgent,Bauchi,0,3773.9599609375,3911.9462890625,494929.15625,Bauchi,False,Onitsha,Onitsha,losing,False,672.5,1.0,False
2024-06-01,72,TraderAgent,Bauchi,0,3773.9599609375,4077.7978515625,486647.375,Bauchi,False,Onitsha,Onitsha,losing,False,672.5,2.0,False
2024-06-01,73,TraderAgent,Bauchi,1,144.74190476190475,730.982666015625,481591.15625,Port_Harcourt,True,Port_Harcourt,Port_Harcourt,winning,False,627.5,1.0,True
2024-06-01,74,TraderAgent,Bauchi,1,144.74190476190475,1934.396484375,415253.3125,Port_Harcourt,True,Port_Harcourt,Port_Harcourt,winning,False,661.25,2.0,True
2024-06-01,75,TraderAgent,Bauchi,3,20.0,3053.228759765625,502952.15625,Bauchi,False,,Bauchi,winning,False,638.88,4.0,False
2024-06-01,76,TraderAgent,Bauchi,0,1467.7099609375,4493.25927734375,495580.90625,Bauchi,False,Onitsha,Bauchi,winning,False,661.25,4.0,False
2024-06-01,77,TraderAgent,Bauchi,3,20.0,165.8517303466797,491718.1875,Bauchi,False,Onitsha,Onitsha,losing,False,617.5,1.0,False
2024-06-01,78,TraderAgent,Bauchi,3,20.0,75.25,499975.25,Bauchi,False,,,losing,False,684.0,0.0,False
2024-06-01,79,TraderAgent,Bauchi,4,-10.0,60.0,500000.0,Bauchi,False,,,losing,False,720.0,0.0,False
2024-06-01,80,TraderAgent,Bauchi,0,1523.9599609375,4582.388671875,504479.625,Bauchi,False,,Bauchi,winning,False,672.5,5.0,False
2024-06-01,81,TraderAgent,Bauchi,1,144.74190476190475,260.5936279296875,472737.875,Port_Harcourt,True,Port_Harcourt,Port_Harcourt,losing,False,650.0,1.0,True
2024-06-01,82,TraderAgent,Bauchi,3,20.0,2304.707763671875,493417.375,Bauchi,False,Onitsha,Onitsha,winning,False,628.19,2.0,False
2024-06-01,83,TraderAgent,Bauchi,2,-26.25,3036.978759765625,502925.90625,Bauchi,False,,Bauchi,winning,False,672.5,4.0,False
2024-06-01,84,TraderAgent,Bauchi,3,20.0,1668.0758056640625,492755.53125,Bauchi,False,Onitsha,Onitsha,winning,False,628.19,1.0,False
2024-06-01,85,BuyerAgent,Bauchi,1,532.2900390625,817.4725341796875,,,,,,,,,,
2024-06-01,86,BuyerAgent,Bauchi,0,476.0400390625,932.811279296875,,,,,,,,,,
2024-06-01,87,BuyerAgent,Bauchi,0,476.0400390625,932.811279296875,,,,,,,,,,
2024-06-01,88,BuyerAgent,Bauchi,2,0.0,144.774169921875,,,,,,,,,,
2024-06-01,89,BuyerAgent,Bauchi,0,476.0400390625,895.311279296875,,,,,,,,,,
2024-06-01,90,BuyerAgent,Bauchi,2,0.0,170.1324462890625,,,,,,,,,,
2024-06-01,91,BuyerAgent,Bauchi,0,0.0,142.735595703125,,,,,,,,,,
2024-06-01,92,BuyerAgent,Bauchi,1,0.0,142.735595703125,,,,,,,,,,
2024-06-01,93,BuyerAgent,Bauchi,1,0.0,142.735595703125,,,,,,,,,,
2024-06-01,94,BuyerAgent,Bauchi,0,0.0,142.735595703125,,,,,,,,,,
2024-06-01,95,BuyerAgent,Bauchi,2,0.0,142.735595703125,,,,,,,,,,
2024-06-01,96,BuyerAgent,Bauchi,0,0.0,142.735595703125,,,,,,,,,,
2024-06-01,97,BuyerAgent,Bauchi,2,0.0,0.0,,,,,,,,,,
2024-06-01,98,BuyerAgent,Bauchi,2,0.0,0.0,,,,,,,,,,
2024-06-01,99,BuyerAgent,Bauchi,0,0.0,0.0,,,,,,,,,,
2024-06-01,100,BuyerAgent,Bauchi,0,0.0,0.0,,,,,,,,,,
2024-06-01,101,BuyerAgent,Bauchi,2,0.0,0.0,,,,,,,,,,
2024-06-01,102,BuyerAgent,Bauchi,1,0.0,0.0,,,,,,,,,,
2024-06-01,103,BuyerAgent,Bauchi,1,0.0,0.0,,,,,,,,,,
2024-06-01,104,BuyerAgent,Bauchi,2,0.0,0.0,,,,,,,,,,
2024-06-01,105,BuyerAgent,Bauchi,1,0.0,0.0,,,,,,,,,,
2024-06-01,106,BuyerAgent,Bauchi,1,0.0,0.0,,,,,,,,,,
2024-06-01,107,BuyerAgent,Bauchi,2,0.0,0.0,,,,,,,,,,
2024-06-01,108,BuyerAgent,Bauchi,1,0.0,0.0,,,,,,,,,,
2024-06-01,109,BuyerAgent,Bauchi,0,0.0,0.0,,,,,,,,,,
2024-06-01,110,BuyerAgent,Bauchi,1,0.0,0.0,,,,,,,,,,
2024-06-01,111,BuyerAgent,Bauchi,2,0.0,0.0,,,,,,,,,,
2024-06-01,112,BuyerAgent,Bauchi,0,0.0,0.0,,,,,,,,,,
2024-06-01,113,BuyerAgent,Bauchi,2,0.0,0.0,,,,,,,,,,
2024-06-01,114,BuyerAgent,Bauchi,0,0.0,0.0,,,,,,,,,,
2024-06-01,115,TransporterAgent,Bauchi,0,10.020833333333336,-689.9791666666666,,,,,,,,,,
2024-06-01,116,TransporterAgent,Bauchi,2,-50.0,-388.81416666666667,,,,,,,,,,
2024-06-01,117,TransporterAgent,Bauchi,3,50.0,200.0,,,,,,,,,,
2024-06-01,118,TransporterAgent,Bauchi,3,50.0,-339.9642857142857,,,,,,,,,,
2024-06-01,119,TransporterAgent,Bauchi,3,50.0,-736.75,,,,,,,,,,
2024-06-01,120,TransporterAgent,Bauchi,3,50.0,100.0,,,,,,,,,,
2024-06-01,121,TransporterAgent,Bauchi,0,10.020833333333336,-626.7291666666666,,,,,,,,,,
2024-06-01,122,TransporterAgent,Bauchi,2,-50.0,-480.71964285714284,,,,,,,,,,
2024-06-01,123,TransporterAgent,Bauchi,3,50.0,160.03571428571428,,,,,,,,,,
2024-06-01,124,TransporterAgent,Bauchi,1,-200.0,-378.7784523809524,,,,,,,,,,
2024-06-01,125,BankingAgent,Bauchi,0,-0.0,-13.600000000000001,,,,,,,,,,
2024-06-01,126,BankingAgent,Bauchi,0,-0.0,-2.4750000000000005,,,,,,,,,,
2024-06-01,127,BankingAgent,Bauchi,0,-0.0,-4.9,,,,,,,,,,
2024-06-01,129,TraderAgent,Kano,3,20.0,426.1201171875,500375.96875,Kano,False,,Kano,winning,False,90.25,1.0,False
2024-06-01,130,TraderAgent,Kano,0,251.51382446289062,1564.239013671875,501492.90625,Kano,False,,Kano,winning,False,95.0,3.0,False
2024-06-01,131,TraderAgent,Kano,0,251.51382446289062,370.78216552734375,497214.4375,Kano,False,Bauchi,Kano,losing,False,95.0,2.0,False
2024-06-01,132,TraderAgent,Kano,0,251.51382446289062,1320.0213623046875,498157.4375,Kano,False,Bauchi,Kano,winning,False,95.0,3.0,False
2024-06-01,133,TraderAgent,Kano,3,20.0,2990.711181640625,496967.8125,Kano,False,Bauchi,Bauchi,winning,False,90.25,3.0,False
2024-06-01,134,TraderAgent,Kano,3,20.0,1548.958251953125,501430.96875,Kano,False,,Kano,winning,False,90.25,4.0,False
2024-06-01,135,TraderAgent,Kano,3,20.0,137.30473684210529,495945.03125,Kano,False,Bauchi,Bauchi,losing,False,90.25,1.0,False
2024-06-01,136,TraderAgent,Kano,2,-22.8046875,1547.61083984375,498357.71875,Kano,False,Bauchi,Kano,winning,False,95.0,3.0,False
2024-06-01,137,TraderAgent,Kano,3,20.0,1116.404052734375,497926.625,Kano,False,Bauchi,Kano,winning,False,90.25,2.0,False
2024-06-01,138,TraderAgent,Kano,0,226.51382446289062,170.88819885253906,500148.09375,Kano,False,,Kano,losing,False,90.0,1.0,False
2024-06-01,139,TraderAgent,Kano,2,-22.8046875,2786.827880859375,499916.4375,Kano,False,Bauchi,Bauchi,winning,False,95.0,2.0,False
2024-06-01,140,TraderAgent,Kano,2,-22.8046875,17.1953125,499977.2,Kano,False,,,losing,False,90.0,0.0,False
2024-06-01,141,TraderAgent,Kano,0,251.51382446289062,3316.265380859375,500401.6875,Kano,False,Bauchi,Kano,winning,False,95.0,3.0,False
2024-06-01,142,TraderAgent,Kano,1,107.89308771929824,537.6290893554688,491667.1875,Bauchi,True,Bauchi,Bauchi,winning,False,95.0,1.0,True
2024-06-01,143,TraderAgent,Kano,0,251.51382446289062,677.0095825195312,500634.03125,Kano,False,,Kano,winning,False,95.0,2.0,False
2024-06-01,144,TraderAgent,Kano,2,-22.8046875,453.18133544921875,500410.90625,Kano,False,,Kano,winning,False,95.0,1.0,False
2024-06-01,145,TraderAgent,Kano,0,0.0,247.31084210526313,491514.6875,Kano,False,Bauchi,Bauchi,losing,False,95.0,2.0,False
2024-06-01,146,TraderAgent,Kano,4,-10.0,136.0786666666667,497003.5625,Kano,False,Bauchi,Bauchi,losing,False,95.0,1.0,False
2024-06-01,147,TraderAgent,Kano,3,20.0,163.18052631578945,496979.6875,Kano,False,Bauchi,Bauchi,losing,False,90.25,1.0,False
2024-06-01,148,TraderAgent,Kano,2,-22.8046875,907.5514526367188,500870.4375,Kano,False,,Kano,winning,False,95.0,2.0,False
2024-06-01,149,BuyerAgent,Kano,0,23.486175537109375,730.0247802734375,,,,,,,,,,
2024-06-01,150,BuyerAgent,Kano,0,0.0,504.662109375,,,,,,,,,,
2024-06-01,151,BuyerAgent,Kano,2,0.0,373.0290222167969,,,,,,,,,,
2024-06-01,152,BuyerAgent,Kano,2,0.0,324.7747802734375,,,,,,,,,,
2024-06-01,153,BuyerAgent,Kano,1,0.0,0.0,,,,,,,,,,
2024-06-01,154,BuyerAgent,Kano,0,0.0,0.0,,,,,,,,,,
2024-06-01,155,BuyerAgent,Kano,0,0.0,280.76080322265625,,,,,,,,,,
2024-06-01,156,BuyerAgent,Kano,1,0.0,67.26821899414062,,,,,,,,,,
2024-06-01,157,BuyerAgent,Kano,0,0.0,280.76080322265625,,,,,,,,,,
2024-06-01,158,BuyerAgent,Kano,1,0.0,0.0,,,,,,,,,,
2024-06-01,159,BuyerAgent,Kano,2,0.0,280.76080322265625,,,,,,,,,,
2024-06-01,160,BuyerAgent,Kano,1,0.0,280.76080322265625,,,,,,,,,,
2024-06-01,161,BuyerAgent,Kano,0,0.0,44.01397705078125,,,,,,,,,,
2024-06-01,162,BuyerAgent,Kano,1,0.0,0.0,,,,,,,,,,
2024-06-01,163,BuyerAgent,Kano,2,0.0,0.0,,,,,,,,,,
2024-06-01,164,BuyerAgent,Kano,0,0.0,0.0,,,,,,,,,,
2024-06-01,165,BuyerAgent,Kano,0,0.0,0.0,,,,,,,,,,
2024-06-01,166,BuyerAgent,Kano,0,0.0,0.0,,,,,,,,,,
2024-06-01,167,BuyerAgent,Kano,0,0.0,0.0,,,,,,,,,,
2024-06-01,168,BuyerAgent,Kano,2,0.0,0.0,,,,,,,,,,
2024-06-01,169,BuyerAgent,Kano,2,0.0,0.0,,,,,,,,,,
2024-06-01,170,BuyerAgent,Kano,0,0.0,0.0,,,,,,,,,,
2024-06-01,171,BuyerAgent,Kano,2,0.0,0.0,,,,,,,,,,
2024-06-01,172,BuyerAgent,Kano,2,0.0,0.0,,,,,,,,,,
2024-06-01,173,BuyerAgent,Kano,1,0.0,0.0,,,,,,,,,,
2024-06-01,174,BuyerAgent,Kano,0,0.0,0.0,,,,,,,,,,
2024-06-01,175,BuyerAgent,Kano,1,0.0,0.0,,,,,,,,,,
2024-06-01,176,BuyerAgent,Kano,2,0.0,0.0,,,,,,,,,,
2024-06-01,177,BuyerAgent,Kano,0,0.0,0.0,,,,,,,,,,
2024-06-01,178,BuyerAgent,Kano,1,0.0,0.0,,,,,,,,,,
2024-06-01,179,TransporterAgent,Kano,0,16.1780303030303,0.08003030303030201,,,,,,,,,,
2024-06-01,180,TransporterAgent,Kano,3,50.0,167.402,,,,,,,,,,
2024-06-01,181,TransporterAgent,Kano,3,50.0,-336.11071428571427,,,,,,,,,,
2024-06-01,182,TransporterAgent,Kano,1,-200.0,-47.41942857142857,,,,,,,,,,
2024-06-01,183,TransporterAgent,Kano,2,-50.0,2.5805714285714316,,,,,,,,,,
2024-06-01,184,TransporterAgent,Kano,3,50.0,-186.1107142857143,,,,,,,,,,
2024-06-01,185,TransporterAgent,Kano,3,50.0,-114.82142857142856,,,,,,,,,,
2024-06-01,186,TransporterAgent,Kano,3,50.0,-432.598,,,,,,,,,,
2024-06-01,187,TransporterAgent,Kano,2,-50.0,-183.5,,,,,,,,,,
2024-06-01,188,TransporterAgent,Kano,3,50.0,-182.0,,,,,,,,,,
2024-06-01,189,BankingAgent,Kano,2,-1.3124999999999998,-11.475000000000001,,,,,,,,,,
2024-06-01,190,BankingAgent,Kano,1,-2.6249999999999996,-24.950000000000003,,,,,,,,,,
2024-06-01,191,BankingAgent,Kano,2,-1.3124999999999998,-13.600000000000001,,,,,,,,,,
2024-06-01,193,TraderAgent,Lagos,1,133.3415,2550.7841796875,492563.1875,Onitsha,True,Onitsha,Onitsha,winning,False,555.0,2.0,True
2024-06-01,194,TraderAgent,Lagos,1,133.3415,2962.715576171875,487441.875,Onitsha,True,Onitsha,Onitsha,winning,False,510.0,1.0,True
2024-06-01,195,TraderAgent,Lagos,1,133.3415,4303.21826171875,488741.375,Onitsha,True,Onitsha,Onitsha,winning,False,521.25,3.0,True
2024-06-01,196,TraderAgent,Lagos,3,20.0,2019.140380859375,496634.375,Lagos,False,Onitsha,Onitsha,winning,False,484.5,1.0,False
2024-06-01,197,TraderAgent,Lagos,0,1268.187255859375,3955.363037109375,445044.8125,Lagos,False,Onitsha,Lagos,winning,False,521.25,3.0,False
2024-06-01,198,TraderAgent,Lagos,0,2074.437255859375,5021.6201171875,493979.8125,Lagos,False,Onitsha,Onitsha,winning,False,532.5,2.0,False
2024-06-01,199,TraderAgent,Lagos,1,133.3415,823.5482177734375,490806.28125,Onitsha,True,Onitsha,Onitsha,winning,False,487.5,1.0,True
2024-06-01,200,TraderAgent,Lagos,1,133.3415,4641.34033203125,483817.8125,Onitsha,True,Onitsha,Onitsha,winning,False,521.25,2.0,True
2024-06-01,201,TraderAgent,Lagos,0,1361.937255859375,1343.421630859375,501287.1875,Lagos,False,,Lagos,losing,False,540.0,1.0,False
2024-06-01,202,TraderAgent,Lagos,3,20.0,2879.8583984375,497274.09375,Lagos,False,Onitsha,Onitsha,winning,False,484.5,1.0,False
2024-06-01,203,TraderAgent,Lagos,2,-26.25,-27.9371875,499952.06,Lagos,False,,,losing,False,540.0,0.0,False
2024-06-01,204,TraderAgent,Lagos,2,-26.25,2966.456787109375,444080.09375,Lagos,False,Onitsha,Onitsha,winning,False,510.0,2.0,False
2024-06-01,205,TraderAgent,Lagos,0,1436.937255859375,4629.7177734375,499232.4375,Lagos,False,Onitsha,Lagos,winning,False,555.0,3.0,False
2024-06-01,206,TraderAgent,Lagos,0,1211.937255859375,4084.061279296875,498482.0,Lagos,False,Onitsha,Lagos,winning,False,510.0,2.0,False
2024-06-01,207,TraderAgent,Lagos,0,2074.437255859375,5214.46875,440812.09375,Lagos,False,Onitsha,Onitsha,winning,False,532.5,3.0,False
2024-06-01,208,TraderAgent,Lagos,2,-26.25,1938.906005859375,496604.125,Lagos,False,Onitsha,Onitsha,winning,False,510.0,1.0,False
2024-06-01,209,TraderAgent,Lagos,4,-10.0,2621.612548828125,497294.59375,Lagos,False,Onitsha,Onitsha,winning,False,510.0,2.0,False
2024-06-01,210,TraderAgent,Lagos,0,2074.437255859375,5063.8857421875,494002.09375,Lagos,False,Onitsha,Onitsha,winning,False,532.5,2.0,False
2024-06-01,211,TraderAgent,Lagos,1,133.3415,2929.215576171875,487438.375,Onitsha,True,Onitsha,Onitsha,winning,False,510.0,1.0,True
2024-06-01,212,TraderAgent,Lagos,4,-10.0,3916.61865234375,498358.09375,Lagos,False,Onitsha,Onitsha,winning,False,510.0,2.0,False
2024-06-01,213,BuyerAgent,Lagos,2,0.0,932.0233154296875,,,,,,,,,,
2024-06-01,214,BuyerAgent,Lagos,2,0.0,650.1531982421875,,,,,,,,,,
2024-06-01,215,BuyerAgent,Lagos,1,288.062744140625,983.22998046875,,,,,,,,,,
2024-06-01,216,BuyerAgent,Lagos,2,0.0,695.167236328125,,,,,,,,,,
2024-06-01,217,BuyerAgent,Lagos,1,231.812744140625,696.8701171875,,,,,,,,,,
2024-06-01,218,BuyerAgent,Lagos,0,175.562744140625,775.47607421875,,,,,,,,,,
2024-06-01,219,BuyerAgent,Lagos,1,175.562744140625,338.9227294921875,,,,,,,,,,
2024-06-01,220,BuyerAgent,Lagos,2,0.0,415.057373046875,,,,,,,,,,
2024-06-01,221,BuyerAgent,Lagos,2,0.0,0.0,,,,,,,,,,
2024-06-01,222,BuyerAgent,Lagos,1,175.562744140625,175.562744140625,,,,,,,,,,
2024-06-01,223,BuyerAgent,Lagos,1,138.062744140625,439.7601318359375,,,,,,,,,,
2024-06-01,224,BuyerAgent,Lagos,1,63.062744140625,364.7601318359375,,,,,,,,,,
2024-06-01,225,BuyerAgent,Lagos,0,0.0,0.0,,,,,,,,,,
2024-06-01,226,BuyerAgent,Lagos,2,0.0,189.1973876953125,,,,,,,,,,
2024-06-01,227,BuyerAgent,Lagos,1,0.0,0.0,,,,,,,,,,
2024-06-01,228,BuyerAgent,Lagos,1,0.0,0.0,,,,,,,,,,
2024-06-01,229,BuyerAgent,Lagos,2,0.0,0.0,,,,,,,,,,
2024-06-01,230,BuyerAgent,Lagos,1,0.0,0.0,,,,,,,,,,
2024-06-01,231,BuyerAgent,Lagos,0,0.0,0.0,,,,,,,,,,
2024-06-01,232,BuyerAgent,Lagos,2,0.0,0.0,,,,,,,,,,
2024-06-01,233,BuyerAgent,Lagos,2,0.0,0.0,,,,,,,,,,
2024-06-01,234,BuyerAgent,Lagos,2,0.0,0.0,,,,,,,,,,
2024-06-01,235,BuyerAgent,Lagos,2,0.0,0.0,,,,,,,,,,
2024-06-01,236,BuyerAgent,Lagos,2,0.0,0.0,,,,,,,,,,
2024-06-01,237,BuyerAgent,Lagos,0,0.0,0.0,,,,,,,,,,
2024-06-01,238,BuyerAgent,Lagos,0,0.0,0.0,,,,,,,,,,
2024-06-01,239,BuyerAgent,Lagos,0,0.0,0.0,,,,,,,,,,
2024-06-01,240,BuyerAgent,Lagos,2,0.0,0.0,,,,,,,,,,
2024-06-01,241,BuyerAgent,Lagos,0,0.0,0.0,,,,,,,,,,
2024-06-01,242,BuyerAgent,Lagos,2,0.0,0.0,,,,,,,,,,
2024-06-01,243,TransporterAgent,Lagos,2,-50.0,-31.391486068111448,,,,,,,,,,
2024-06-01,244,TransporterAgent,Lagos,2,-50.0,-750.0,,,,,,,,,,
2024-06-01,245,TransporterAgent,Lagos,3,50.0,-116.20342307692309,,,,,,,,,,
2024-06-01,246,TransporterAgent,Lagos,1,-200.0,-616.2034230769231,,,,,,,,,,
2024-06-01,247,TransporterAgent,Lagos,3,50.0,-334.62692307692305,,,,,,,,,,
2024-06-01,248,TransporterAgent,Lagos,1,-200.0,-681.3914860681115,,,,,,,,,,
2024-06-01,249,TransporterAgent,Lagos,2,-50.0,-181.5765,,,,,,,,,,
2024-06-01,250,TransporterAgent,Lagos,0,17.21676470588235,-215.61223529411765,,,,,,,,,,
2024-06-01,251,TransporterAgent,Lagos,2,-50.0,67.171,,,,,,,,,,
2024-06-01,252,TransporterAgent,Lagos,0,17.21676470588235,-282.7832352941177,,,,,,,,,,
2024-06-01,253,BankingAgent,Lagos,1,-2.6249999999999996,-14.700000000000001,,,,,,,,,,
2024-06-01,254,BankingAgent,Lagos,2,-1.3124999999999998,-9.650000000000002,,,,,,,,,,
2024-06-01,255,BankingAgent,Lagos,0,-0.0,-11.175000000000002,,,,,,,,,,
2024-06-01,257,TraderAgent,Onitsha,2,-26.25,276.4402857142857,491315.15625,Onitsha,False,Port_Harcourt,Port_Harcourt,winning,False,570.0,2.0,False
2024-06-01,258,TraderAgent,Onitsha,3,20.0,1938.16943359375,501861.8125,Onitsha,False,,Onitsha,winning,False,505.88,2.0,False
2024-06-01,259,TraderAgent,Onitsha,0,1385.13427734375,3326.134765625,495995.5625,Onitsha,False,Lagos,Lagos,winning,False,555.0,3.0,False
2024-06-01,260,TraderAgent,Onitsha,3,20.0,256.8828571428571,495894.15625,Onitsha,False,Port_Harcourt,Port_Harcourt,winning,False,527.25,1.0,False
2024-06-01,261,TraderAgent,Onitsha,1,153.48252100000002,17934.92578125,501753.03125,Lagos,True,Lagos,Lagos,winning,False,570.0,4.0,True
2024-06-01,262,TraderAgent,Onitsha,4,-10.0,-106.84937500000001,499913.15,Onitsha,False,,,losing,False,540.0,0.0,False
2024-06-01,263,TraderAgent,Onitsha,3,20.0,908.89404296875,500838.75,Onitsha,False,,Onitsha,winning,False,484.5,1.0,False
2024-06-01,264,TraderAgent,Onitsha,3,20.0,2103.677734375,502015.75,Onitsha,False,,Onitsha,winning,False,505.88,2.0,False
2024-06-01,265,TraderAgent,Onitsha,3,20.0,1874.5009765625,501838.09375,Onitsha,False,,Onitsha,winning,False,495.19,2.0,False
2024-06-01,266,TraderAgent,Onitsha,3,20.0,15885.5625,510858.59375,Onitsha,False,Port_Harcourt,Port_Harcourt,winning,False,541.5,2.0,False
2024-06-01,267,TraderAgent,Onitsha,2,-26.25,15657.677734375,515638.90625,Onitsha,False,,Onitsha,winning,False,570.0,1.0,False
2024-06-01,268,TraderAgent,Onitsha,1,153.48252100000002,15993.9775390625,499848.25,Lagos,True,Lagos,Lagos,winning,False,570.0,2.0,True
2024-06-01,269,TraderAgent,Onitsha,0,1385.13427734375,3394.14306640625,496062.03125,Onitsha,False,Lagos,Lagos,winning,False,555.0,3.0,False
2024-06-01,270,TraderAgent,Onitsha,1,153.48252100000002,257.6781906428572,484327.96875,Lagos,True,Lagos,Lagos,winning,False,555.0,1.0,True
2024-06-01,271,TraderAgent,Onitsha,1,153.48252100000002,3121.21630859375,491426.15625,Lagos,True,Lagos,Lagos,winning,False,532.5,3.0,True
2024-06-01,272,TraderAgent,Onitsha,0,1385.13427734375,3395.55517578125,496063.4375,Onitsha,False,Lagos,Lagos,winning,False,555.0,3.0,False
2024-06-01,273,TraderAgent,Onitsha,4,-10.0,-99.75,499930.25,Onitsha,False,,,losing,False,540.0,0.0,False
2024-06-01,274,TraderAgent,Onitsha,0,1310.13427734375,1256.4720458984375,501220.1875,Onitsha,False,,Onitsha,losing,False,540.0,1.0,False
2024-06-01,275,TraderAgent,Onitsha,1,153.48252100000002,293.26747635714287,483658.09375,Lagos,True,Lagos,Lagos,winning,False,570.0,1.0,True
2024-06-01,276,TraderAgent,Onitsha,0,1385.13427734375,2442.515625,495082.09375,Onitsha,False,Lagos,Lagos,winning,False,555.0,2.0,False
2024-06-01,277,BuyerAgent,Onitsha,0,189.86572265625,2312.91064453125,,,,,,,,,,
2024-06-01,278,BuyerAgent,Onitsha,1,114.86572265625,231.9921875,,,,,,,,,,
2024-06-01,279,BuyerAgent,Onitsha,2,0.0,2298.77734375,,,,,,,,,,
2024-06-01,280,BuyerAgent,Onitsha,2,0.0,2175.40478515625,,,,,,,,,,
2024-06-01,281,BuyerAgent,Onitsha,1,114.86572265625,2032.623046875,,,,,,,,,,
2024-06-01,282,BuyerAgent,Onitsha,2,0.0,145.1434326171875,,,,,,,,,,
2024-06-01,283,BuyerAgent,Onitsha,0,114.86572265625,114.86572265625,,,,,,,,,,
2024-06-01,284,BuyerAgent,Onitsha,0,114.86572265625,346.84814453125,,,,,,,,,,
2024-06-01,285,BuyerAgent,Onitsha,0,0.0,112.2698974609375,,,,,,,,,,
2024-06-01,286,BuyerAgent,Onitsha,0,0.0,81.982421875,,,,,,,,,,
2024-06-01,287,BuyerAgent,Onitsha,2,0.0,155.35491943359375,,,,,,,,,,
2024-06-01,288,BuyerAgent,Onitsha,2,0.0,140.49896240234375,,,,,,,,,,
2024-06-01,289,BuyerAgent,Onitsha,0,0.0,10.87249755859375,,,,,,,,,,
2024-06-01,290,BuyerAgent,Onitsha,1,0.0,10.87249755859375,,,,,,,,,,
2024-06-01,291,BuyerAgent,Onitsha,0,0.0,0.0,,,,,,,,,,
2024-06-01,292,BuyerAgent,Onitsha,1,0.0,0.0,,,,,,,,,,
2024-06-01,293,BuyerAgent,Onitsha,1,0.0,0.0,,,,,,,,,,
2024-06-01,294,BuyerAgent,Onitsha,0,0.0,0.0,,,,,,,,,,
2024-06-01,295,BuyerAgent,Onitsha,2,0.0,0.0,,,,,,,,,,
2024-06-01,296,BuyerAgent,Onitsha,1,0.0,0.0,,,,,,,,,,
2024-06-01,297,BuyerAgent,Onitsha,2,0.0,0.0,,,,,,,,,,
2024-06-01,298,BuyerAgent,Onitsha,1,0.0,0.0,,,,,,,,,,
2024-06-01,299,BuyerAgent,Onitsha,0,0.0,0.0,,,,,,,,,,
2024-06-01,300,BuyerAgent,Onitsha,2,0.0,0.0,,,,,,,,,,
2024-06-01,301,BuyerAgent,Onitsha,1,0.0,0.0,,,,,,,,,,
2024-06-01,302,BuyerAgent,Onitsha,0,0.0,0.0,,,,,,,,,,
2024-06-01,303,BuyerAgent,Onitsha,2,0.0,0.0,,,,,,,,,,
2024-06-01,304,BuyerAgent,Onitsha,0,0.0,0.0,,,,,,,,,,
2024-06-01,305,BuyerAgent,Onitsha,1,0.0,0.0,,,,,,,,,,
2024-06-01,306,BuyerAgent,Onitsha,0,0.0,0.0,,,,,,,,,,
2024-06-01,307,TransporterAgent,Onitsha,2,-50.0,49.686566666666664,,,,,,,,,,
2024-06-01,308,TransporterAgent,Onitsha,2,-50.0,-325.5551,,,,,,,,,,
2024-06-01,309,TransporterAgent,Onitsha,2,-50.0,34.00740000000002,,,,,,,,,,
2024-06-01,310,TransporterAgent,Onitsha,3,50.0,-150.0,,,,,,,,,,
2024-06-01,311,TransporterAgent,Onitsha,3,50.0,149.68656666666666,,,,,,,,,,
2024-06-01,312,TransporterAgent,Onitsha,2,-50.0,-500.0,,,,,,,,,,
2024-06-01,313,TransporterAgent,Onitsha,1,-200.0,-573.2357142857143,,,,,,,,,,
2024-06-01,314,TransporterAgent,Onitsha,2,-50.0,82.1,,,,,,,,,,
2024-06-01,315,TransporterAgent,Onitsha,2,-50.0,-450.3134333333333,,,,,,,,,,
2024-06-01,316,TransporterAgent,Onitsha,1,-200.0,-425.5551,,,,,,,,,,
2024-06-01,317,BankingAgent,Onitsha,2,-1.3124999999999998,-8.65,,,,,,,,,,
2024-06-01,318,BankingAgent,Onitsha,2,-1.3124999999999998,-16.625000000000004,,,,,,,,,,
2024-06-01,319,BankingAgent,Onitsha,0,-0.0,-4.750000000000001,,,,,,,,,,
2024-06-01,321,TraderAgent,Port_Harcourt,3,20.0,5090.9541015625,502499.8125,Port_Harcourt,False,Onitsha,Port_Harcourt,winning,False,969.0,2.0,False
2024-06-01,322,TraderAgent,Port_Harcourt,2,-26.25,1523.39111328125,501540.625,Port_Harcourt,False,,Port_Harcourt,winning,False,997.5,1.0,False
2024-06-01,323,TraderAgent,Port_Harcourt,0,2316.5234375,3903.02392578125,503824.03125,Port_Harcourt,False,,Port_Harcourt,winning,False,997.5,2.0,False
2024-06-01,324,TraderAgent,Port_Harcourt,3,20.0,1609.2039794921875,501526.46875,Port_Harcourt,False,,Port_Harcourt,winning,False,947.62,1.0,False
2024-06-01,325,TraderAgent,Port_Harcourt,0,1979.0234375,6039.158203125,503453.46875,Port_Harcourt,False,Onitsha,Port_Harcourt,winning,False,930.0,2.0,False
2024-06-01,326,TraderAgent,Port_Harcourt,4,-10.0,4101.55615234375,501521.875,Port_Harcourt,False,Onitsha,Onitsha,winning,False,930.0,1.0,False
2024-06-01,327,TraderAgent,Port_Harcourt,0,7341.5234375,9306.8759765625,506693.4375,Port_Harcourt,False,Onitsha,Onitsha,winning,False,952.5,2.0,False
2024-06-01,328,TraderAgent,Port_Harcourt,0,7341.5234375,9311.4912109375,506694.96875,Port_Harcourt,False,Onitsha,Onitsha,winning,False,952.5,2.0,False
2024-06-01,329,TraderAgent,Port_Harcourt,4,-10.0,8726.9130859375,503585.1875,Port_Harcourt,False,Onitsha,Onitsha,winning,False,941.25,2.0,False
2024-06-01,330,TraderAgent,Port_Harcourt,3,20.0,5743.947265625,503111.53125,Port_Harcourt,False,Onitsha,Onitsha,winning,False,883.5,2.0,False
2024-06-01,331,TraderAgent,Port_Harcourt,3,20.0,5093.6005859375,502460.8125,Port_Harcourt,False,Onitsha,Port_Harcourt,winning,False,990.38,2.0,False
2024-06-01,332,TraderAgent,Port_Harcourt,2,-26.25,112.72266666666667,452001.25,Port_Harcourt,False,Onitsha,Onitsha,losing,False,1140.0,1.0,False
2024-06-01,333,TraderAgent,Port_Harcourt,4,-10.0,4554.45068359375,501982.1875,Port_Harcourt,False,Onitsha,Onitsha,winning,False,941.25,1.0,False
2024-06-01,334,TraderAgent,Port_Harcourt,4,-10.0,1787.2418212890625,501775.5625,Port_Harcourt,False,,Port_Harcourt,winning,False,1020.0,1.0,False
2024-06-01,335,TraderAgent,Port_Harcourt,2,-26.25,3493.598876953125,503437.15625,Port_Harcourt,False,,Port_Harcourt,winning,False,1020.0,2.0,False
2024-06-01,336,TraderAgent,Port_Harcourt,1,163.12990265486727,5597.314453125,495919.90625,Onitsha,True,Onitsha,Onitsha,winning,False,930.0,2.0,True
2024-06-01,337,TraderAgent,Port_Harcourt,1,163.12990265486727,4234.29541015625,494595.6875,Onitsha,True,Onitsha,Onitsha,winning,False,930.0,1.0,True
2024-06-01,338,TraderAgent,Port_Harcourt,3,20.0,3926.32177734375,455738.40625,Port_Harcourt,False,Onitsha,Port_Harcourt,winning,False,969.0,3.0,False
2024-06-01,339,TraderAgent,Port_Harcourt,4,-10.0,8765.6630859375,503603.90625,Port_Harcourt,False,Onitsha,Onitsha,winning,False,941.25,2.0,False
2024-06-01,340,TraderAgent,Port_Harcourt,0,2035.2734375,8492.5810546875,505849.3125,Port_Harcourt,False,Onitsha,Port_Harcourt,winning,False,941.25,3.0,False
2024-06-01,341,BuyerAgent,Port_Harcourt,1,1020.9765625,2214.728515625,,,,,,,,,,
2024-06-01,342,BuyerAgent,Port_Harcourt,0,964.7265625,3032.127685546875,,,,,,,,,,
2024-06-01,343,BuyerAgent,Port_Harcourt,1,908.4765625,2102.228515625,,,,,,,,,,
2024-06-01,344,BuyerAgent,Port_Harcourt,2,0.0,1553.795166015625,,,,,,,,,,
2024-06-01,345,BuyerAgent,Port_Harcourt,0,908.4765625,2073.931884765625,,,,,,,,,,
2024-06-01,346,BuyerAgent,Port_Harcourt,1,683.4765625,1717.4847412109375,,,,,,,,,,
2024-06-01,347,BuyerAgent,Port_Harcourt,1,0.0,3393.21533203125,,,,,,,,,,
2024-06-01,348,BuyerAgent,Port_Harcourt,1,0.0,2199.46337890625,,,,,,,,,,
2024-06-01,349,BuyerAgent,Port_Harcourt,1,0.0,1348.8482666015625,,,,,,,,,,
2024-06-01,350,BuyerAgent,Port_Harcourt,2,0.0,183.3929443359375,,,,,,,,,,
2024-06-01,351,BuyerAgent,Port_Harcourt,0,0.0,1217.401123046875,,,,,,,,,,
2024-06-01,352,BuyerAgent,Port_Harcourt,2,0.0,1034.0081787109375,,,,,,,,,,
2024-06-01,353,BuyerAgent,Port_Harcourt,2,0.0,284.0081787109375,,,,,,,,,,
2024-06-01,354,BuyerAgent,Port_Harcourt,2,0.0,284.0081787109375,,,,,,,,,,
2024-06-01,355,BuyerAgent,Port_Harcourt,1,0.0,184.0081787109375,,,,,,,,,,
2024-06-01,356,BuyerAgent,Port_Harcourt,1,0.0,0.0,,,,,,,,,,
2024-06-01,357,BuyerAgent,Port_Harcourt,1,0.0,0.0,,,,,,,,,,
2024-06-01,358,BuyerAgent,Port_Harcourt,0,0.0,0.0,,,,,,,,,,
2024-06-01,359,BuyerAgent,Port_Harcourt,0,0.0,0.0,,,,,,,,,,
2024-06-01,360,BuyerAgent,Port_Harcourt,0,0.0,0.0,,,,,,,,,,
2024-06-01,361,BuyerAgent,Port_Harcourt,2,0.0,0.0,,,,,,,,,,
2024-06-01,362,BuyerAgent,Port_Harcourt,0,0.0,184.0081787109375,,,,,,,,,,
2024-06-01,363,BuyerAgent,Port_Harcourt,1,0.0,0.0,,,,,,,,,,
2024-06-01,364,BuyerAgent,Port_Harcourt,1,0.0,0.0,,,,,,,,,,
2024-06-01,365,BuyerAgent,Port_Harcourt,1,0.0,0.0,,,,,,,,,,
2024-06-01,366,BuyerAgent,Port_Harcourt,2,0.0,0.0,,,,,,,,,,
2024-06-01,367,BuyerAgent,Port_Harcourt,2,0.0,0.0,,,,,,,,,,
2024-06-01,368,BuyerAgent,Port_Harcourt,0,0.0,0.0,,,,,,,,,,
2024-06-01,369,BuyerAgent,Port_Harcourt,0,0.0,0.0,,,,,,,,,,
2024-06-01,370,BuyerAgent,Port_Harcourt,1,0.0,0.0,,,,,,,,,,
2024-06-01,371,TransporterAgent,Port_Harcourt,2,-50.0,-123.73681818181818,,,,,,,,,,
2024-06-01,372,TransporterAgent,Port_Harcourt,1,-200.0,-157.49318181818182,,,,,,,,,,
2024-06-01,373,TransporterAgent,Port_Harcourt,3,50.0,194.20636363636365,,,,,,,,,,
2024-06-01,374,TransporterAgent,Port_Harcourt,1,-200.0,-688.1068181818182,,,,,,,,,,
2024-06-01,375,TransporterAgent,Port_Harcourt,1,-200.0,-435.63,,,,,,,,,,
2024-06-01,376,TransporterAgent,Port_Harcourt,0,11.01875,-588.98125,,,,,,,,,,
2024-06-01,377,TransporterAgent,Port_Harcourt,1,-200.0,-373.7368181818182,,,,,,,,,,
2024-06-01,378,TransporterAgent,Port_Harcourt,1,-200.0,-120.78,,,,,,,,,,
2024-06-01,379,TransporterAgent,Port_Harcourt,1,-200.0,-255.79363636363635,,,,,,,,,,
2024-06-01,380,TransporterAgent,Port_Harcourt,1,-200.0,-85.92727272727272,,,,,,,,,,
2024-06-01,381,BankingAgent,Port_Harcourt,2,-1.3124999999999998,-17.075000000000003,,,,,,,,,,
2024-06-01,382,BankingAgent,Port_Harcourt,0,-0.0,-8.850000000000001,,,,,,,,,,
2024-06-01,383,BankingAgent,Port_Harcourt,0,-0.0,-7.725,,,,,,,,,,
2024-07-01,1,TraderAgent,Abuja,0,9291.66015625,11532.138671875,503413.09375,Abuja,False,Onitsha,Onitsha,winning,False,1185.0,2.0,False
2024-07-01,2,TraderAgent,Abuja,3,20.0,6085.306640625,439992.28125,Abuja,False,Onitsha,Onitsha,winning,False,1093.69,2.0,False
2024-07-01,3,TraderAgent,Abuja,1,145.68877559999999,3720.161865234375,490979.125,Onitsha,True,Onitsha,Onitsha,winning,False,1162.5,4.0,True
2024-07-01,4,TraderAgent,Abuja,0,9291.66015625,13675.318359375,497371.40625,Abuja,False,Onitsha,Onitsha,winning,False,1185.0,4.0,False
2024-07-01,5,TraderAgent,Abuja,0,9291.66015625,12430.751953125,496202.90625,Abuja,False,Onitsha,Onitsha,winning,False,1185.0,3.0,False
2024-07-01,6,TraderAgent,Abuja,0,9291.66015625,10500.8271484375,502392.875,Abuja,False,Onitsha,Onitsha,winning,False,1185.0,2.0,False
2024-07-01,7,TraderAgent,Abuja,0,9291.66015625,16783.697265625,442562.71875,Abuja,False,Onitsha,Onitsha,winning,False,1185.0,4.0,False
2024-07-01,8,TraderAgent,Abuja,0,9291.66015625,13688.8544921875,497452.125,Abuja,False,Onitsha,Onitsha,winning,False,1185.0,4.0,False
2024-07-01,9,TraderAgent,Abuja,0,3741.66015625,3844.72021484375,445857.40625,Abuja,False,Onitsha,Abuja,losing,False,1425.0,2.0,False
2024-07-01,10,TraderAgent,Abuja,1,145.68877559999999,805.9244384765625,488135.40625,Onitsha,True,Onitsha,Onitsha,winning,False,1117.5,1.0,True
2024-07-01,11,TraderAgent,Abuja,0,9291.66015625,11369.3193359375,495095.1875,Abuja,False,Onitsha,Onitsha,winning,False,1185.0,2.0,False
2024-07-01,12,TraderAgent,Abuja,3,20.0,3784.853759765625,495586.3125,Abuja,False,Onitsha,Abuja,winning,False,1104.38,3.0,False
2024-07-01,13,TraderAgent,Abuja,0,2204.16015625,2850.056396484375,502816.28125,Abuja,False,,Abuja,winning,False,1117.5,2.0,False
2024-07-01,14,TraderAgent,Abuja,3,20.0,1117.896240234375,501077.0,Abuja,False,,Abuja,winning,False,1104.38,1.0,False
2024-07-01,15,TraderAgent,Abuja,1,145.68877559999999,4368.10009765625,483546.09375,Onitsha,True,Onitsha,Onitsha,winning,False,1275.0,3.0,True
2024-07-01,16,TraderAgent,Abuja,1,145.68877559999999,311.3116327428571,429717.25,Onitsha,True,Onitsha,Onitsha,winning,False,1425.0,1.0,True
2024-07-01,17,TraderAgent,Abuja,1,145.68877559999999,8761.2119140625,479877.59375,Onitsha,True,Onitsha,Onitsha,winning,False,1151.25,3.0,True
2024-07-01,18,TraderAgent,Abuja,0,9291.66015625,13025.017578125,504791.1875,Abuja,False,Onitsha,Onitsha,winning,False,1185.0,5.0,False
2024-07-01,19,TraderAgent,Abuja,4,-10.0,5598.6455078125,497470.125,Abuja,False,Onitsha,Onitsha,winning,False,1162.5,1.0,False
2024-07-01,20,TraderAgent,Abuja,2,-26.75,2853.990966796875,502743.46875,Abuja,False,,Abuja,winning,False,1162.5,3.0,False
2024-07-01,21,BuyerAgent,Abuja,1,1545.83984375,3693.13671875,,,,,,,,,,
2024-07-01,22,BuyerAgent,Abuja,2,0.0,294.185791015625,,,,,,,,,,
2024-07-01,23,BuyerAgent,Abuja,0,1208.33984375,2311.6396484375,,,,,,,,,,
2024-07-01,24,BuyerAgent,Abuja,2,0.0,1103.2998046875,,,,,,,,,,
2024-07-01,25,BuyerAgent,Abuja,2,0.0,1389.5098876953125,,,,,,,,,,
2024-07-01,26,BuyerAgent,Abuja,2,0.0,1156.2872314453125,,,,,,,,,,
2024-07-01,27,BuyerAgent,Abuja,2,0.0,1128.5467529296875,,,,,,,,,,
2024-07-01,28,BuyerAgent,Abuja,0,1208.33984375,1435.33935546875,,,,,,,,,,
2024-07-01,29,BuyerAgent,Abuja,0,1208.33984375,1531.3775634765625,,,,,,,,,,
2024-07-01,30,BuyerAgent,Abuja,0,1208.33984375,1457.598876953125,,,,,,,,,,
2024-07-01,31,BuyerAgent,Abuja,1,1208.33984375,1435.33935546875,,,,,,,,,,
2024-07-01,32,BuyerAgent,Abuja,2,0.0,172.83538818359375,,,,,,,,,,
2024-07-01,33,BuyerAgent,Abuja,0,1208.33984375,1265.138916015625,,,,,,,,,,
2024-07-01,34,BuyerAgent,Abuja,0,1208.33984375,1208.33984375,,,,,,,,,,
2024-07-01,35,BuyerAgent,Abuja,0,1208.33984375,1208.33984375,,,,,,,,,,
2024-07-01,36,BuyerAgent,Abuja,1,8.33984375,8.33984375,,,,,,,,,,
2024-07-01,37,BuyerAgent,Abuja,0,0.0,0.0,,,,,,,,,,
2024-07-01,38,BuyerAgent,Abuja,2,0.0,0.0,,,,,,,,,,
2024-07-01,39,BuyerAgent,Abuja,1,0.0,0.0,,,,,,,,,,
2024-07-01,40,BuyerAgent,Abuja,2,0.0,0.0,,,,,,,,,,
2024-07-01,41,BuyerAgent,Abuja,0,0.0,0.0,,,,,,,,,,
2024-07-01,42,BuyerAgent,Abuja,1,0.0,0.0,,,,,,,,,,
2024-07-01,43,BuyerAgent,Abuja,0,0.0,0.0,,,,,,,,,,
2024-07-01,44,BuyerAgent,Abuja,0,0.0,0.0,,,,,,,,,,
2024-07-01,45,BuyerAgent,Abuja,2,0.0,0.0,,,,,,,,,,
2024-07-01,46,BuyerAgent,Abuja,0,0.0,0.0,,,,,,,,,,
2024-07-01,47,BuyerAgent,Abuja,2,0.0,0.0,,,,,,,,,,
2024-07-01,48,BuyerAgent,Abuja,1,0.0,0.0,,,,,,,,,,
2024-07-01,49,BuyerAgent,Abuja,1,0.0,0.0,,,,,,,,,,
2024-07-01,50,BuyerAgent,Abuja,1,0.0,0.0,,,,,,,,,,
2024-07-01,51,TransporterAgent,Abuja,1,-200.0,-276.9637333333333,,,,,,,,,,
2024-07-01,52,TransporterAgent,Abuja,2,-50.0,-450.0,,,,,,,,,,
2024-07-01,53,TransporterAgent,Abuja,3,50.0,-130.368,,,,,,,,,,
2024-07-01,54,TransporterAgent,Abuja,3,50.0,220.654,,,,,,,,,,
2024-07-01,55,TransporterAgent,Abuja,3,50.0,-159.9221,,,,,,,,,,
2024-07-01,56,TransporterAgent,Abuja,1,-200.0,-729.346,,,,,,,,,,
2024-07-01,57,TransporterAgent,Abuja,1,-200.0,-87.90783333333331,,,,,,,,,,
2024-07-01,58,TransporterAgent,Abuja,1,-200.0,-280.5761,,,,,,,,,,
2024-07-01,59,TransporterAgent,Abuja,1,-200.0,-30.367999999999995,,,,,,,,,,
2024-07-01,60,TransporterAgent,Abuja,1,-200.0,-558.9779333333333,,,,,,,,,,
2024-07-01,61,BankingAgent,Abuja,0,-0.0,-19.2,,,,,,,,,,
2024-07-01,62,BankingAgent,Abuja,1,-2.6750000000000007,-21.375000000000004,,,,,,,,,,
2024-07-01,63,BankingAgent,Abuja,0,-0.0,-21.725000000000005,,,,,,,,,,
2024-07-01,65,TraderAgent,Bauchi,3,20.0,1452.506103515625,501337.59375,Bauchi,False,,Bauchi,winning,False,396.62,2.0,False
2024-07-01,66,TraderAgent,Bauchi,1,187.72364444444446,1941.8133544921875,466228.4375,Port_Harcourt,True,Port_Harcourt,Port_Harcourt,winning,False,451.25,2.0,True
2024-07-01,67,TraderAgent,Bauchi,0,0.0,141.93721726190475,486006.96875,Bauchi,False,Port_Harcourt,Port_Harcourt,losing,False,475.0,1.0,False
2024-07-01,68,TraderAgent,Bauchi,3,20.0,1754.904541015625,434208.90625,Bauchi,False,Onitsha,Onitsha,winning,False,428.69,2.0,False
2024-07-01,69,TraderAgent,Bauchi,0,0.0,397.6037886904762,418812.375,Bauchi,False,Port_Harcourt,Port_Harcourt,winning,False,475.0,3.0,False
2024-07-01,70,TraderAgent,Bauchi,4,-10.0,2333.34130859375,493440.59375,Bauchi,False,Onitsha,Onitsha,winning,False,451.25,2.0,False
2024-07-01,71,TraderAgent,Bauchi,0,1197.607177734375,5109.5537109375,496092.84375,Bauchi,False,Onitsha,Bauchi,winning,False,462.5,2.0,False
2024-07-01,72,TraderAgent,Bauchi,1,187.72364444444446,4265.521484375,468381.90625,Port_Harcourt,True,Port_Harcourt,Port_Harcourt,winning,False,462.5,2.0,True
2024-07-01,73,TraderAgent,Bauchi,0,0.0,730.982666015625,486601.25,Bauchi,False,Port_Harcourt,Port_Harcourt,winning,False,475.0,2.0,False
2024-07-01,74,TraderAgent,Bauchi,0,0.0,1934.396484375,420263.40625,Bauchi,False,Port_Harcourt,Port_Harcourt,winning,False,475.0,3.0,False
2024-07-01,75,TraderAgent,Bauchi,0,1197.607177734375,4250.8359375,504115.84375,Bauchi,False,,Bauchi,winning,False,462.5,5.0,False
2024-07-01,76,TraderAgent,Bauchi,1,187.72364444444446,4680.98291015625,477315.53125,Port_Harcourt,True,Port_Harcourt,Port_Harcourt,winning,False,475.0,4.0,True
2024-07-01,77,TraderAgent,Bauchi,1,187.72364444444446,353.57537841796875,473452.8125,Port_Harcourt,True,Port_Harcourt,Port_Harcourt,losing,False,440.0,1.0,True
2024-07-01,78,TraderAgent,Bauchi,3,20.0,95.25,499975.25,Bauchi,False,,,losing,False,427.5,0.0,False
2024-07-01,79,TraderAgent,Bauchi,3,20.0,80.0,500000.0,Bauchi,False,,,losing,False,427.5,0.0,False
2024-07-01,80,TraderAgent,Bauchi,4,-10.0,4572.388671875,504479.625,Bauchi,False,,Bauchi,winning,False,475.0,5.0,False
2024-07-01,81,TraderAgent,Bauchi,0,0.0,260.5936279296875,477747.96875,Bauchi,False,Port_Harcourt,Port_Harcourt,losing,False,475.0,2.0,False
2024-07-01,82,TraderAgent,Bauchi,4,-10.0,2294.707763671875,493417.375,Bauchi,False,Onitsha,Onitsha,winning,False,451.25,2.0,False
2024-07-01,83,TraderAgent,Bauchi,0,1197.607177734375,4234.5859375,504089.59375,Bauchi,False,,Bauchi,winning,False,462.5,5.0,False
2024-07-01,84,TraderAgent,Bauchi,4,-10.0,1658.0758056640625,492755.53125,Bauchi,False,Onitsha,Onitsha,winning,False,451.25,1.0,False
2024-07-01,85,BuyerAgent,Bauchi,1,52.39288330078125,869.8654174804688,,,,,,,,,,
2024-07-01,86,BuyerAgent,Bauchi,0,52.39288330078125,985.2041625976562,,,,,,,,,,
2024-07-01,87,BuyerAgent,Bauchi,0,52.39288330078125,985.2041625976562,,,,,,,,,,
2024-07-01,88,BuyerAgent,Bauchi,0,0.0,144.774169921875,,,,,,,,,,
2024-07-01,89,BuyerAgent,Bauchi,0,0.0,895.311279296875,,,,,,,,,,
2024-07-01,90,BuyerAgent,Bauchi,0,0.0,170.1324462890625,,,,,,,,,,
2024-07-01,91,BuyerAgent,Bauchi,0,0.0,142.735595703125,,,,,,,,,,
2024-07-01,92,BuyerAgent,Bauchi,1,0.0,142.735595703125,,,,,,,,,,
2024-07-01,93,BuyerAgent,Bauchi,0,0.0,142.735595703125,,,,,,,,,,
2024-07-01,94,BuyerAgent,Bauchi,0,0.0,142.735595703125,,,,,,,,,,
2024-07-01,95,BuyerAgent,Bauchi,0,0.0,142.735595703125,,,,,,,,,,
2024-07-01,96,BuyerAgent,Bauchi,0,0.0,142.735595703125,,,,,,,,,,
2024-07-01,97,BuyerAgent,Bauchi,1,0.0,0.0,,,,,,,,,,
2024-07-01,98,BuyerAgent,Bauchi,1,0.0,0.0,,,,,,,,,,
2024-07-01,99,BuyerAgent,Bauchi,2,0.0,0.0,,,,,,,,,,
2024-07-01,100,BuyerAgent,Bauchi,2,0.0,0.0,,,,,,,,,,
2024-07-01,101,BuyerAgent,Bauchi,0,0.0,0.0,,,,,,,,,,
2024-07-01,102,BuyerAgent,Bauchi,2,0.0,0.0,,,,,,,,,,
2024-07-01,103,BuyerAgent,Bauchi,1,0.0,0.0,,,,,,,,,,
2024-07-01,104,BuyerAgent,Bauchi,0,0.0,0.0,,,,,,,,,,
2024-07-01,105,BuyerAgent,Bauchi,0,0.0,0.0,,,,,,,,,,
2024-07-01,106,BuyerAgent,Bauchi,2,0.0,0.0,,,,,,,,,,
2024-07-01,107,BuyerAgent,Bauchi,2,0.0,0.0,,,,,,,,,,
2024-07-01,108,BuyerAgent,Bauchi,0,0.0,0.0,,,,,,,,,,
2024-07-01,109,BuyerAgent,Bauchi,2,0.0,0.0,,,,,,,,,,
2024-07-01,110,BuyerAgent,Bauchi,0,0.0,0.0,,,,,,,,,,
2024-07-01,111,BuyerAgent,Bauchi,2,0.0,0.0,,,,,,,,,,
2024-07-01,112,BuyerAgent,Bauchi,0,0.0,0.0,,,,,,,,,,
2024-07-01,113,BuyerAgent,Bauchi,2,0.0,0.0,,,,,,,,,,
2024-07-01,114,BuyerAgent,Bauchi,1,0.0,0.0,,,,,,,,,,
2024-07-01,115,TransporterAgent,Bauchi,0,7.206944444444448,-682.7722222222221,,,,,,,,,,
2024-07-01,116,TransporterAgent,Bauchi,0,7.206944444444448,-381.6072222222222,,,,,,,,,,
2024-07-01,117,TransporterAgent,Bauchi,2,-50.0,150.0,,,,,,,,,,
2024-07-01,118,TransporterAgent,Bauchi,3,50.0,-289.9642857142857,,,,,,,,,,
2024-07-01,119,TransporterAgent,Bauchi,0,7.206944444444448,-729.5430555555555,,,,,,,,,,
2024-07-01,120,TransporterAgent,Bauchi,3,50.0,150.0,,,,,,,,,,
2024-07-01,121,TransporterAgent,Bauchi,1,-200.0,-826.7291666666666,,,,,,,,,,
2024-07-01,122,TransporterAgent,Bauchi,2,-50.0,-530.7196428571428,,,,,,,,,,
2024-07-01,123,TransporterAgent,Bauchi,3,50.0,210.03571428571428,,,,,,,,,,
2024-07-01,124,TransporterAgent,Bauchi,0,7.206944444444448,-371.57150793650794,,,,,,,,,,
2024-07-01,125,BankingAgent,Bauchi,0,-0.0,-13.600000000000001,,,,,,,,,,
2024-07-01,126,BankingAgent,Bauchi,1,-2.6750000000000007,-7.825000000000002,,,,,,,,,,
2024-07-01,127,BankingAgent,Bauchi,1,-2.6750000000000007,-10.250000000000002,,,,,,,,,,
2024-07-01,129,TraderAgent,Kano,3,20.0,446.1201171875,500375.96875,Kano,False,,Kano,winning,False,90.25,1.0,False
2024-07-01,130,TraderAgent,Kano,1,76.16656296296298,1640.405517578125,484017.90625,Onitsha,True,Onitsha,Onitsha,winning,False,92.5,3.0,True
2024-07-01,131,TraderAgent,Kano,4,-10.0,360.78216552734375,497214.4375,Kano,False,Bauchi,Kano,winning,False,92.5,2.0,False
2024-07-01,132,TraderAgent,Kano,0,239.63516235351562,1559.656494140625,498373.875,Kano,False,Bauchi,Kano,winning,False,92.5,4.0,False
2024-07-01,133,TraderAgent,Kano,2,-23.1721875,2967.5390625,496944.625,Kano,False,Bauchi,Bauchi,winning,False,95.0,3.0,False
2024-07-01,134,TraderAgent,Kano,1,76.16656296296298,1625.124755859375,483955.90625,Onitsha,True,Onitsha,Onitsha,winning,False,95.0,4.0,True
2024-07-01,135,TraderAgent,Kano,3,20.0,157.30473684210529,495945.03125,Kano,False,Bauchi,Bauchi,winning,False,90.25,1.0,False
2024-07-01,136,TraderAgent,Kano,2,-23.1721875,1524.4385986328125,498334.53125,Kano,False,Bauchi,Kano,winning,False,95.0,3.0,False
2024-07-01,137,TraderAgent,Kano,2,-23.1721875,1093.2318115234375,497903.46875,Kano,False,Bauchi,Kano,winning,False,95.0,2.0,False
2024-07-01,138,TraderAgent,Kano,4,-10.0,160.88819885253906,500148.09375,Kano,False,,Kano,winning,False,92.5,1.0,False
2024-07-01,139,TraderAgent,Kano,2,-23.1721875,2763.65576171875,499893.25,Kano,False,Bauchi,Bauchi,winning,False,95.0,2.0,False
2024-07-01,140,TraderAgent,Kano,4,-10.0,7.1953125,499977.2,Kano,False,,,losing,False,90.0,0.0,False
2024-07-01,141,TraderAgent,Kano,0,239.63516235351562,3555.900634765625,500618.125,Kano,False,Bauchi,Kano,winning,False,92.5,4.0,False
2024-07-01,142,TraderAgent,Kano,0,0.0,537.6290893554688,492669.3125,Kano,False,Bauchi,Bauchi,winning,False,95.0,2.0,False
2024-07-01,143,TraderAgent,Kano,2,-23.1721875,653.83740234375,500610.84375,Kano,False,,Kano,winning,False,92.5,2.0,False
2024-07-01,144,TraderAgent,Kano,1,76.16656296296298,529.347900390625,482935.90625,Onitsha,True,Onitsha,Onitsha,winning,False,95.0,1.0,True
2024-07-01,145,TraderAgent,Kano,1,76.16656296296298,323.4774050682261,474039.6875,Onitsha,True,Onitsha,Onitsha,winning,False,95.0,2.0,True
2024-07-01,146,TraderAgent,Kano,1,76.16656296296298,212.24522962962968,479528.5625,Onitsha,True,Onitsha,Onitsha,winning,False,95.0,1.0,True
2024-07-01,147,TraderAgent,Kano,1,76.16656296296298,239.34708927875243,479504.6875,Onitsha,True,Onitsha,Onitsha,winning,False,95.0,1.0,True
2024-07-01,148,TraderAgent,Kano,4,-10.0,897.5514526367188,500870.4375,Kano,False,,Kano,winning,False,95.0,2.0,False
2024-07-01,149,BuyerAgent,Kano,0,10.364837646484375,740.3896484375,,,,,,,,,,
2024-07-01,150,BuyerAgent,Kano,1,10.364837646484375,515.0269775390625,,,,,,,,,,
2024-07-01,151,BuyerAgent,Kano,1,0.0,373.0290222167969,,,,,,,,,,
2024-07-01,152,BuyerAgent,Kano,0,0.0,324.7747802734375,,,,,,,,,,
2024-07-01,153,BuyerAgent,Kano,0,0.0,0.0,,,,,,,,,,
2024-07-01,154,BuyerAgent,Kano,0,0.0,0.0,,,,,,,,,,
2024-07-01,155,BuyerAgent,Kano,0,0.0,280.76080322265625,,,,,,,,,,
2024-07-01,156,BuyerAgent,Kano,1,0.0,67.26821899414062,,,,,,,,,,
2024-07-01,157,BuyerAgent,Kano,0,0.0,280.76080322265625,,,,,,,,,,
2024-07-01,158,BuyerAgent,Kano,0,0.0,0.0,,,,,,,,,,
2024-07-01,159,BuyerAgent,Kano,2,0.0,280.76080322265625,,,,,,,,,,
2024-07-01,160,BuyerAgent,Kano,1,0.0,280.76080322265625,,,,,,,,,,
2024-07-01,161,BuyerAgent,Kano,0,0.0,44.01397705078125,,,,,,,,,,
2024-07-01,162,BuyerAgent,Kano,0,0.0,0.0,,,,,,,,,,
2024-07-01,163,BuyerAgent,Kano,1,0.0,0.0,,,,,,,,,,
2024-07-01,164,BuyerAgent,Kano,2,0.0,0.0,,,,,,,,,,
2024-07-01,165,BuyerAgent,Kano,1,0.0,0.0,,,,,,,,,,
2024-07-01,166,BuyerAgent,Kano,0,0.0,0.0,,,,,,,,,,
2024-07-01,167,BuyerAgent,Kano,0,0.0,0.0,,,,,,,,,,
2024-07-01,168,BuyerAgent,Kano,1,0.0,0.0,,,,,,,,,,
2024-07-01,169,BuyerAgent,Kano,0,0.0,0.0,,,,,,,,,,
2024-07-01,170,BuyerAgent,Kano,2,0.0,0.0,,,,,,,,,,
2024-07-01,171,BuyerAgent,Kano,0,0.0,0.0,,,,,,,,,,
2024-07-01,172,BuyerAgent,Kano,2,0.0,0.0,,,,,,,,,,
2024-07-01,173,BuyerAgent,Kano,1,0.0,0.0,,,,,,,,,,
2024-07-01,174,BuyerAgent,Kano,1,0.0,0.0,,,,,,,,,,
2024-07-01,175,BuyerAgent,Kano,1,0.0,0.0,,,,,,,,,,
2024-07-01,176,BuyerAgent,Kano,2,0.0,0.0,,,,,,,,,,
2024-07-01,177,BuyerAgent,Kano,2,0.0,0.0,,,,,,,,,,
2024-07-01,178,BuyerAgent,Kano,0,0.0,0.0,,,,,,,,,,
2024-07-01,179,TransporterAgent,Kano,0,14.969841269841268,15.04987157287157,,,,,,,,,,
2024-07-01,180,TransporterAgent,Kano,1,-200.0,-32.59800000000001,,,,,,,,,,
2024-07-01,181,TransporterAgent,Kano,0,14.969841269841268,-321.140873015873,,,,,,,,,,
2024-07-01,182,TransporterAgent,Kano,0,14.969841269841268,-32.4495873015873,,,,,,,,,,
2024-07-01,183,TransporterAgent,Kano,3,50.0,52.58057142857143,,,,,,,,,,
2024-07-01,184,TransporterAgent,Kano,1,-200.0,-386.11071428571427,,,,,,,,,,
2024-07-01,185,TransporterAgent,Kano,2,-50.0,-164.82142857142856,,,,,,,,,,
2024-07-01,186,TransporterAgent,Kano,3,50.0,-382.598,,,,,,,,,,
2024-07-01,187,TransporterAgent,Kano,2,-50.0,-233.5,,,,,,,,,,
2024-07-01,188,TransporterAgent,Kano,2,-50.0,-232.0,,,,,,,,,,
2024-07-01,189,BankingAgent,Kano,0,-0.0,-11.475000000000001,,,,,,,,,,
2024-07-01,190,BankingAgent,Kano,1,-2.6750000000000007,-30.300000000000004,,,,,,,,,,
2024-07-01,191,BankingAgent,Kano,2,-1.3375000000000004,-16.275000000000002,,,,,,,,,,
2024-07-01,193,TraderAgent,Lagos,0,1513.00537109375,4063.78955078125,498576.1875,Lagos,False,Onitsha,Onitsha,winning,False,555.0,3.0,False
2024-07-01,194,TraderAgent,Lagos,0,1513.00537109375,4475.720703125,493454.875,Lagos,False,Onitsha,Onitsha,winning,False,555.0,2.0,False
2024-07-01,195,TraderAgent,Lagos,0,1513.00537109375,5816.2236328125,494754.375,Lagos,False,Onitsha,Onitsha,winning,False,555.0,4.0,False
2024-07-01,196,TraderAgent,Lagos,1,145.14398166666666,2164.284423828125,486763.15625,Onitsha,True,Onitsha,Onitsha,winning,False,510.0,1.0,True
2024-07-01,197,TraderAgent,Lagos,4,-10.0,3945.363037109375,445044.8125,Lagos,False,Onitsha,Lagos,winning,False,555.0,3.0,False
2024-07-01,198,TraderAgent,Lagos,2,-33.905625,4987.71435546875,493945.90625,Lagos,False,Onitsha,Onitsha,winning,False,532.5,2.0,False
2024-07-01,199,TraderAgent,Lagos,0,1513.00537109375,2336.5537109375,496819.28125,Lagos,False,Onitsha,Onitsha,winning,False,555.0,2.0,False
2024-07-01,200,TraderAgent,Lagos,0,1513.00537109375,6154.345703125,489830.8125,Lagos,False,Onitsha,Onitsha,winning,False,555.0,3.0,False
2024-07-01,201,TraderAgent,Lagos,4,-10.0,1333.421630859375,501287.1875,Lagos,False,,Lagos,winning,False,555.0,1.0,False
2024-07-01,202,TraderAgent,Lagos,0,1288.00537109375,4167.86376953125,498528.15625,Lagos,False,Onitsha,Lagos,winning,False,510.0,2.0,False
2024-07-01,203,TraderAgent,Lagos,2,-33.905625,-61.8428125,499918.16,Lagos,False,,,losing,False,540.0,0.0,False
2024-07-01,204,TraderAgent,Lagos,1,145.14398166666666,3111.600830078125,434208.84375,Onitsha,True,Onitsha,Onitsha,winning,False,510.0,2.0,True
2024-07-01,205,TraderAgent,Lagos,4,-10.0,4619.7177734375,499232.4375,Lagos,False,Onitsha,Lagos,winning,False,555.0,3.0,False
2024-07-01,206,TraderAgent,Lagos,3,20.0,4104.0615234375,498482.0,Lagos,False,Onitsha,Lagos,winning,False,527.25,2.0,False
2024-07-01,207,TraderAgent,Lagos,3,20.0,5234.46875,440812.09375,Lagos,False,Onitsha,Onitsha,winning,False,505.88,3.0,False
2024-07-01,208,TraderAgent,Lagos,4,-10.0,1928.906005859375,496604.125,Lagos,False,Onitsha,Onitsha,winning,False,510.0,1.0,False
2024-07-01,209,TraderAgent,Lagos,4,-10.0,2611.612548828125,497294.59375,Lagos,False,Onitsha,Onitsha,winning,False,510.0,2.0,False
2024-07-01,210,TraderAgent,Lagos,1,145.14398166666666,5209.02978515625,484130.84375,Onitsha,True,Onitsha,Onitsha,winning,False,532.5,2.0,True
2024-07-01,211,TraderAgent,Lagos,0,1513.00537109375,4442.220703125,493451.375,Lagos,False,Onitsha,Onitsha,winning,False,555.0,2.0,False
2024-07-01,212,TraderAgent,Lagos,3,20.0,3936.61865234375,498358.09375,Lagos,False,Onitsha,Onitsha,winning,False,484.5,2.0,False
2024-07-01,213,BuyerAgent,Lagos,2,0.0,932.0233154296875,,,,,,,,,,
2024-07-01,214,BuyerAgent,Lagos,0,211.99462890625,862.1478271484375,,,,,,,,,,
2024-07-01,215,BuyerAgent,Lagos,1,0.0,983.22998046875,,,,,,,,,,
2024-07-01,216,BuyerAgent,Lagos,2,0.0,695.167236328125,,,,,,,,,,
2024-07-01,217,BuyerAgent,Lagos,2,0.0,696.8701171875,,,,,,,,,,
2024-07-01,218,BuyerAgent,Lagos,2,0.0,775.47607421875,,,,,,,,,,
2024-07-01,219,BuyerAgent,Lagos,1,0.0,338.9227294921875,,,,,,,,,,
2024-07-01,220,BuyerAgent,Lagos,2,0.0,415.057373046875,,,,,,,,,,
2024-07-01,221,BuyerAgent,Lagos,2,0.0,0.0,,,,,,,,,,
2024-07-01,222,BuyerAgent,Lagos,1,0.0,175.562744140625,,,,,,,,,,
2024-07-01,223,BuyerAgent,Lagos,1,0.0,439.7601318359375,,,,,,,,,,
2024-07-01,224,BuyerAgent,Lagos,1,0.0,364.7601318359375,,,,,,,,,,
2024-07-01,225,BuyerAgent,Lagos,2,0.0,0.0,,,,,,,,,,
2024-07-01,226,BuyerAgent,Lagos,2,0.0,189.1973876953125,,,,,,,,,,
2024-07-01,227,BuyerAgent,Lagos,2,0.0,0.0,,,,,,,,,,
2024-07-01,228,BuyerAgent,Lagos,1,0.0,0.0,,,,,,,,,,
2024-07-01,229,BuyerAgent,Lagos,2,0.0,0.0,,,,,,,,,,
2024-07-01,230,BuyerAgent,Lagos,1,0.0,0.0,,,,,,,,,,
2024-07-01,231,BuyerAgent,Lagos,0,0.0,0.0,,,,,,,,,,
2024-07-01,232,BuyerAgent,Lagos,2,0.0,0.0,,,,,,,,,,
2024-07-01,233,BuyerAgent,Lagos,0,0.0,0.0,,,,,,,,,,
2024-07-01,234,BuyerAgent,Lagos,1,0.0,0.0,,,,,,,,,,
2024-07-01,235,BuyerAgent,Lagos,0,0.0,0.0,,,,,,,,,,
2024-07-01,236,BuyerAgent,Lagos,1,0.0,0.0,,,,,,,,,,
2024-07-01,237,BuyerAgent,Lagos,1,0.0,0.0,,,,,,,,,,
2024-07-01,238,BuyerAgent,Lagos,1,0.0,0.0,,,,,,,,,,
2024-07-01,239,BuyerAgent,Lagos,1,0.0,0.0,,,,,,,,,,
2024-07-01,240,BuyerAgent,Lagos,2,0.0,0.0,,,,,,,,,,
2024-07-01,241,BuyerAgent,Lagos,0,0.0,0.0,,,,,,,,,,
2024-07-01,242,BuyerAgent,Lagos,0,0.0,0.0,,,,,,,,,,
2024-07-01,243,TransporterAgent,Lagos,0,15.47721078431373,-15.914275283797718,,,,,,,,,,
2024-07-01,244,TransporterAgent,Lagos,3,50.0,-700.0,,,,,,,,,,
2024-07-01,245,TransporterAgent,Lagos,2,-50.0,-166.2034230769231,,,,,,,,,,
2024-07-01,246,TransporterAgent,Lagos,0,15.47721078431373,-600.7262122926094,,,,,,,,,,
2024-07-01,247,TransporterAgent,Lagos,1,-200.0,-534.626923076923,,,,,,,,,,
2024-07-01,248,TransporterAgent,Lagos,1,-200.0,-881.3914860681115,,,,,,,,,,
2024-07-01,249,TransporterAgent,Lagos,3,50.0,-131.5765,,,,,,,,,,
2024-07-01,250,TransporterAgent,Lagos,3,50.0,-165.61223529411765,,,,,,,,,,
2024-07-01,251,TransporterAgent,Lagos,3,50.0,117.171,,,,,,,,,,
2024-07-01,252,TransporterAgent,Lagos,1,-200.0,-482.7832352941177,,,,,,,,,,
2024-07-01,253,BankingAgent,Lagos,1,-2.6750000000000007,-20.05,,,,,,,,,,
2024-07-01,254,BankingAgent,Lagos,0,-0.0,-9.650000000000002,,,,,,,,,,
2024-07-01,255,BankingAgent,Lagos,1,-2.6750000000000007,-16.525000000000006,,,,,,,,,,
2024-07-01,257,TraderAgent,Onitsha,1,153.052507,429.4927927142857,479735.625,Lagos,True,Lagos,Lagos,winning,False,570.0,2.0,True
2024-07-01,258,TraderAgent,Onitsha,3,20.0,1958.16943359375,501861.8125,Onitsha,False,,Onitsha,winning,False,505.88,2.0,False
2024-07-01,259,TraderAgent,Onitsha,1,153.052507,3479.187255859375,484416.09375,Lagos,True,Lagos,Lagos,winning,False,555.0,3.0,True
2024-07-01,260,TraderAgent,Onitsha,4,-10.0,246.88285714285712,495894.15625,Onitsha,False,Port_Harcourt,Port_Harcourt,winning,False,555.0,1.0,False
2024-07-01,261,TraderAgent,Onitsha,0,1394.3975830078125,19329.32421875,507647.4375,Onitsha,False,Lagos,Lagos,winning,False,555.0,5.0,False
2024-07-01,262,TraderAgent,Onitsha,2,-23.1721875,-130.02156250000002,499889.98,Onitsha,False,,,losing,False,540.0,0.0,False
2024-07-01,263,TraderAgent,Onitsha,3,20.0,928.89404296875,500838.75,Onitsha,False,,Onitsha,winning,False,484.5,1.0,False
2024-07-01,264,TraderAgent,Onitsha,4,-10.0,2093.677734375,502015.75,Onitsha,False,,Onitsha,winning,False,532.5,2.0,False
2024-07-01,265,TraderAgent,Onitsha,2,-23.1721875,1851.3287353515625,501814.875,Onitsha,False,,Onitsha,winning,False,521.25,2.0,False
2024-07-01,266,TraderAgent,Onitsha,4,-10.0,15875.5625,510858.59375,Onitsha,False,Port_Harcourt,Port_Harcourt,winning,False,570.0,2.0,False
2024-07-01,267,TraderAgent,Onitsha,4,-10.0,15647.677734375,515638.90625,Onitsha,False,,Onitsha,winning,False,570.0,1.0,False
2024-07-01,268,TraderAgent,Onitsha,0,1394.3975830078125,17388.375,505742.625,Onitsha,False,Lagos,Lagos,winning,False,555.0,3.0,False
2024-07-01,269,TraderAgent,Onitsha,4,-10.0,3384.14306640625,496062.03125,Onitsha,False,Lagos,Lagos,winning,False,555.0,3.0,False
2024-07-01,270,TraderAgent,Onitsha,0,1394.3975830078125,1652.0758056640625,490222.375,Onitsha,False,Lagos,Lagos,winning,False,555.0,2.0,False
2024-07-01,271,TraderAgent,Onitsha,0,1394.3975830078125,4515.61376953125,497320.5625,Onitsha,False,Lagos,Lagos,winning,False,555.0,4.0,False
2024-07-01,272,TraderAgent,Onitsha,4,-10.0,3385.55517578125,496063.4375,Onitsha,False,Lagos,Lagos,winning,False,555.0,3.0,False
2024-07-01,273,TraderAgent,Onitsha,0,1319.3975830078125,1219.6475830078125,501226.46875,Onitsha,False,,Onitsha,losing,False,540.0,1.0,False
2024-07-01,274,TraderAgent,Onitsha,4,-10.0,1246.4720458984375,501220.1875,Onitsha,False,,Onitsha,winning,False,555.0,1.0,False
2024-07-01,275,TraderAgent,Onitsha,0,1394.3975830078125,1687.6650390625,489552.46875,Onitsha,False,Lagos,Lagos,winning,False,555.0,2.0,False
2024-07-01,276,TraderAgent,Onitsha,2,-23.1721875,2419.343505859375,495058.90625,Onitsha,False,Lagos,Lagos,winning,False,555.0,2.0,False
2024-07-01,277,BuyerAgent,Onitsha,1,180.6024169921875,2493.51318359375,,,,,,,,,,
2024-07-01,278,BuyerAgent,Onitsha,1,105.6024169921875,337.5946044921875,,,,,,,,,,
2024-07-01,279,BuyerAgent,Onitsha,0,105.6024169921875,2404.3798828125,,,,,,,,,,
2024-07-01,280,BuyerAgent,Onitsha,1,105.6024169921875,2281.00732421875,,,,,,,,,,
2024-07-01,281,BuyerAgent,Onitsha,1,105.6024169921875,2138.2255859375,,,,,,,,,,
2024-07-01,282,BuyerAgent,Onitsha,2,0.0,145.1434326171875,,,,,,,,,,
2024-07-01,283,BuyerAgent,Onitsha,2,0.0,114.86572265625,,,,,,,,,,
2024-07-01,284,BuyerAgent,Onitsha,1,105.6024169921875,452.4505615234375,,,,,,,,,,
2024-07-01,285,BuyerAgent,Onitsha,0,0.0,112.2698974609375,,,,,,,,,,
2024-07-01,286,BuyerAgent,Onitsha,0,0.0,81.982421875,,,,,,,,,,
2024-07-01,287,BuyerAgent,Onitsha,0,0.0,155.35491943359375,,,,,,,,,,
2024-07-01,288,BuyerAgent,Onitsha,0,0.0,140.49896240234375,,,,,,,,,,
2024-07-01,289,BuyerAgent,Onitsha,0,0.0,10.87249755859375,,,,,,,,,,
2024-07-01,290,BuyerAgent,Onitsha,2,0.0,10.87249755859375,,,,,,,,,,
2024-07-01,291,BuyerAgent,Onitsha,2,0.0,0.0,,,,,,,,,,
2024-07-01,292,BuyerAgent,Onitsha,0,0.0,0.0,,,,,,,,,,
2024-07-01,293,BuyerAgent,Onitsha,1,0.0,0.0,,,,,,,,,,
2024-07-01,294,BuyerAgent,Onitsha,2,0.0,0.0,,,,,,,,,,
2024-07-01,295,BuyerAgent,Onitsha,1,0.0,0.0,,,,,,,,,,
2024-07-01,296,BuyerAgent,Onitsha,2,0.0,0.0,,,,,,,,,,
2024-07-01,297,BuyerAgent,Onitsha,2,0.0,0.0,,,,,,,,,,
2024-07-01,298,BuyerAgent,Onitsha,0,0.0,0.0,,,,,,,,,,
2024-07-01,299,BuyerAgent,Onitsha,0,0.0,0.0,,,,,,,,,,
2024-07-01,300,BuyerAgent,Onitsha,2,0.0,0.0,,,,,,,,,,
2024-07-01,301,BuyerAgent,Onitsha,2,0.0,0.0,,,,,,,,,,
2024-07-01,302,BuyerAgent,Onitsha,1,0.0,0.0,,,,,,,,,,
2024-07-01,303,BuyerAgent,Onitsha,0,0.0,0.0,,,,,,,,,,
2024-07-01,304,BuyerAgent,Onitsha,1,0.0,0.0,,,,,,,,,,
2024-07-01,305,BuyerAgent,Onitsha,1,0.0,0.0,,,,,,,,,,
2024-07-01,306,BuyerAgent,Onitsha,1,0.0,0.0,,,,,,,,,,
2024-07-01,307,TransporterAgent,Onitsha,0,24.374613748604908,74.06118041527156,,,,,,,,,,
2024-07-01,308,TransporterAgent,Onitsha,0,24.374613748604908,-301.18048625139505,,,,,,,,,,
2024-07-01,309,TransporterAgent,Onitsha,2,-50.0,-15.992599999999982,,,,,,,,,,
2024-07-01,310,TransporterAgent,Onitsha,0,24.374613748604908,-125.6253862513951,,,,,,,,,,
2024-07-01,311,TransporterAgent,Onitsha,3,50.0,199.68656666666666,,,,,,,,,,
2024-07-01,312,TransporterAgent,Onitsha,3,50.0,-450.0,,,,,,,,,,
2024-07-01,313,TransporterAgent,Onitsha,3,50.0,-523.2357142857143,,,,,,,,,,
2024-07-01,314,TransporterAgent,Onitsha,0,24.374613748604908,106.4746137486049,,,,,,,,,,
2024-07-01,315,TransporterAgent,Onitsha,2,-50.0,-500.3134333333333,,,,,,,,,,
2024-07-01,316,TransporterAgent,Onitsha,3,50.0,-375.5551,,,,,,,,,,
2024-07-01,317,BankingAgent,Onitsha,1,-2.6750000000000007,-14.000000000000002,,,,,,,,,,
2024-07-01,318,BankingAgent,Onitsha,1,-2.6750000000000007,-21.975000000000005,,,,,,,,,,
2024-07-01,319,BankingAgent,Onitsha,2,-1.3375000000000004,-7.425000000000002,,,,,,,,,,
2024-07-01,321,TraderAgent,Port_Harcourt,1,171.36698357142856,5262.3212890625,495582.5625,Onitsha,True,Onitsha,Onitsha,winning,False,950.0,2.0,True
2024-07-01,322,TraderAgent,Port_Harcourt,1,171.36698357142856,1694.758056640625,494623.40625,Onitsha,True,Onitsha,Onitsha,winning,False,927.5,1.0,True
2024-07-01,323,TraderAgent,Port_Harcourt,3,20.0,3923.02392578125,503824.03125,Port_Harcourt,False,,Port_Harcourt,winning,False,988.0,2.0,False
2024-07-01,324,TraderAgent,Port_Harcourt,3,20.0,1629.2039794921875,501526.46875,Port_Harcourt,False,,Port_Harcourt,winning,False,881.12,1.0,False
2024-07-01,325,TraderAgent,Port_Harcourt,0,2762.432861328125,8801.5908203125,506189.15625,Port_Harcourt,False,Onitsha,Port_Harcourt,winning,False,1040.0,3.0,False
2024-07-01,326,TraderAgent,Port_Harcourt,0,1862.432861328125,5963.9892578125,503357.5625,Port_Harcourt,False,Onitsha,Port_Harcourt,winning,False,860.0,2.0,False
2024-07-01,327,TraderAgent,Port_Harcourt,4,-10.0,9296.8759765625,506693.4375,Port_Harcourt,False,Onitsha,Onitsha,winning,False,882.5,2.0,False
2024-07-01,328,TraderAgent,Port_Harcourt,1,171.36698357142856,9482.8583984375,499777.71875,Onitsha,True,Onitsha,Onitsha,winning,False,882.5,2.0,True
2024-07-01,329,TraderAgent,Port_Harcourt,4,-10.0,8716.9130859375,503585.1875,Port_Harcourt,False,Onitsha,Onitsha,winning,False,871.25,2.0,False
2024-07-01,330,TraderAgent,Port_Harcourt,0,1862.432861328125,7606.3798828125,504947.1875,Port_Harcourt,False,Onitsha,Port_Harcourt,winning,False,860.0,3.0,False
2024-07-01,331,TraderAgent,Port_Harcourt,0,2424.932861328125,7518.533203125,504858.96875,Port_Harcourt,False,Onitsha,Port_Harcourt,winning,False,972.5,3.0,False
2024-07-01,332,TraderAgent,Port_Harcourt,3,20.0,132.72266666666667,452001.25,Port_Harcourt,False,Onitsha,Onitsha,losing,False,992.75,1.0,False
2024-07-01,333,TraderAgent,Port_Harcourt,2,-26.75,4527.70068359375,501955.4375,Port_Harcourt,False,Onitsha,Onitsha,winning,False,871.25,1.0,False
2024-07-01,334,TraderAgent,Port_Harcourt,3,20.0,1807.2418212890625,501775.5625,Port_Harcourt,False,,Port_Harcourt,winning,False,902.5,1.0,False
2024-07-01,335,TraderAgent,Port_Harcourt,2,-26.75,3466.848876953125,503410.40625,Port_Harcourt,False,,Port_Harcourt,winning,False,950.0,2.0,False
2024-07-01,336,TraderAgent,Port_Harcourt,0,5837.4326171875,11434.7470703125,506257.375,Port_Harcourt,False,Onitsha,Onitsha,winning,False,905.0,3.0,False
2024-07-01,337,TraderAgent,Port_Harcourt,0,5837.4326171875,10071.728515625,504933.125,Port_Harcourt,False,Onitsha,Onitsha,winning,False,905.0,2.0,False
2024-07-01,338,TraderAgent,Port_Harcourt,3,20.0,3946.32177734375,455738.40625,Port_Harcourt,False,Onitsha,Port_Harcourt,winning,False,902.5,3.0,False
2024-07-01,339,TraderAgent,Port_Harcourt,0,1918.682861328125,10684.345703125,505495.875,Port_Harcourt,False,Onitsha,Port_Harcourt,winning,False,871.25,3.0,False
2024-07-01,340,TraderAgent,Port_Harcourt,0,2762.432861328125,11255.013671875,508585.0,Port_Harcourt,False,Onitsha,Port_Harcourt,winning,False,1040.0,4.0,False
2024-07-01,341,BuyerAgent,Port_Harcourt,1,887.567138671875,3102.295654296875,,,,,,,,,,
2024-07-01,342,BuyerAgent,Port_Harcourt,1,887.567138671875,3919.69482421875,,,,,,,,,,
2024-07-01,343,BuyerAgent,Port_Harcourt,2,0.0,2102.228515625,,,,,,,,,,
2024-07-01,344,BuyerAgent,Port_Harcourt,2,0.0,1553.795166015625,,,,,,,,,,
2024-07-01,345,BuyerAgent,Port_Harcourt,2,0.0,2073.931884765625,,,,,,,,,,
2024-07-01,346,BuyerAgent,Port_Harcourt,1,831.317138671875,2548.8017578125,,,,,,,,,,
2024-07-01,347,BuyerAgent,Port_Harcourt,0,662.567138671875,4055.782470703125,,,,,,,,,,
2024-07-01,348,BuyerAgent,Port_Harcourt,1,662.567138671875,2862.030517578125,,,,,,,,,,
2024-07-01,349,BuyerAgent,Port_Harcourt,1,325.067138671875,1673.9154052734375,,,,,,,,,,
2024-07-01,350,BuyerAgent,Port_Harcourt,2,0.0,183.3929443359375,,,,,,,,,,
2024-07-01,351,BuyerAgent,Port_Harcourt,0,0.0,1217.401123046875,,,,,,,,,,
2024-07-01,352,BuyerAgent,Port_Harcourt,1,0.0,1034.0081787109375,,,,,,,,,,
2024-07-01,353,BuyerAgent,Port_Harcourt,2,0.0,284.0081787109375,,,,,,,,,,
2024-07-01,354,BuyerAgent,Port_Harcourt,2,0.0,284.0081787109375,,,,,,,,,,
2024-07-01,355,BuyerAgent,Port_Harcourt,0,0.0,184.0081787109375,,,,,,,,,,
2024-07-01,356,BuyerAgent,Port_Harcourt,0,0.0,0.0,,,,,,,,,,
2024-07-01,357,BuyerAgent,Port_Harcourt,1,0.0,0.0,,,,,,,,,,
2024-07-01,358,BuyerAgent,Port_Harcourt,2,0.0,0.0,,,,,,,,,,
2024-07-01,359,BuyerAgent,Port_Harcourt,2,0.0,0.0,,,,,,,,,,
2024-07-01,360,BuyerAgent,Port_Harcourt,2,0.0,0.0,,,,,,,,,,
2024-07-01,361,BuyerAgent,Port_Harcourt,0,0.0,0.0,,,,,,,,,,
2024-07-01,362,BuyerAgent,Port_Harcourt,1,0.0,184.0081787109375,,,,,,,,,,
2024-07-01,363,BuyerAgent,Port_Harcourt,0,0.0,0.0,,,,,,,,,,
2024-07-01,364,BuyerAgent,Port_Harcourt,2,0.0,0.0,,,,,,,,,,
2024-07-01,365,BuyerAgent,Port_Harcourt,2,0.0,0.0,,,,,,,,,,
2024-07-01,366,BuyerAgent,Port_Harcourt,1,0.0,0.0,,,,,,,,,,
2024-07-01,367,BuyerAgent,Port_Harcourt,1,0.0,0.0,,,,,,,,,,
2024-07-01,368,BuyerAgent,Port_Harcourt,0,0.0,0.0,,,,,,,,,,
2024-07-01,369,BuyerAgent,Port_Harcourt,1,0.0,0.0,,,,,,,,,,
2024-07-01,370,BuyerAgent,Port_Harcourt,1,0.0,0.0,,,,,,,,,,
2024-07-01,371,TransporterAgent,Port_Harcourt,2,-50.0,-173.7368181818182,,,,,,,,,,
2024-07-01,372,TransporterAgent,Port_Harcourt,3,50.0,-107.49318181818182,,,,,,,,,,
2024-07-01,373,TransporterAgent,Port_Harcourt,3,50.0,244.20636363636365,,,,,,,,,,
2024-07-01,374,TransporterAgent,Port_Harcourt,0,14.803469696969701,-673.3033484848485,,,,,,,,,,
2024-07-01,375,TransporterAgent,Port_Harcourt,0,14.803469696969701,-420.82653030303027,,,,,,,,,,
2024-07-01,376,TransporterAgent,Port_Harcourt,1,-200.0,-788.98125,,,,,,,,,,
2024-07-01,377,TransporterAgent,Port_Harcourt,2,-50.0,-423.7368181818182,,,,,,,,,,
2024-07-01,378,TransporterAgent,Port_Harcourt,2,-50.0,-170.78,,,,,,,,,,
2024-07-01,379,TransporterAgent,Port_Harcourt,2,-50.0,-305.7936363636363,,,,,,,,,,
2024-07-01,380,TransporterAgent,Port_Harcourt,1,-200.0,-285.92727272727274,,,,,,,,,,
2024-07-01,381,BankingAgent,Port_Harcourt,2,-1.3375000000000004,-19.75,,,,,,,,,,
2024-07-01,382,BankingAgent,Port_Harcourt,2,-1.3375000000000004,-11.525000000000002,,,,,,,,,,
2024-07-01,383,BankingAgent,Port_Harcourt,0,-0.0,-7.725,,,,,,,,,,
2024-08-01,1,TraderAgent,Abuja,4,-10.0,11522.138671875,503413.09375,Abuja,False,Onitsha,Onitsha,winning,False,1185.0,2.0,False
2024-08-01,2,TraderAgent,Abuja,1,147.63426872727274,6232.94091796875,427491.71875,Onitsha,True,Onitsha,Onitsha,winning,False,1151.25,2.0,True
2024-08-01,3,TraderAgent,Abuja,0,9326.3427734375,13046.5048828125,504805.46875,Abuja,False,Onitsha,Onitsha,winning,False,1185.0,5.0,False
2024-08-01,4,TraderAgent,Abuja,1,147.63426872727274,13822.9521484375,484870.84375,Onitsha,True,Onitsha,Onitsha,winning,False,1185.0,4.0,True
2024-08-01,5,TraderAgent,Abuja,2,-26.75,12404.001953125,496176.1875,Abuja,False,Onitsha,Onitsha,winning,False,1185.0,3.0,False
2024-08-01,6,TraderAgent,Abuja,4,-10.0,10490.8271484375,502392.875,Abuja,False,Onitsha,Onitsha,winning,False,1185.0,2.0,False
2024-08-01,7,TraderAgent,Abuja,1,147.63426872727274,16931.33203125,430062.15625,Onitsha,True,Onitsha,Onitsha,winning,False,1185.0,4.0,True
2024-08-01,8,TraderAgent,Abuja,0,2576.3427734375,16265.197265625,500001.71875,Abuja,False,Onitsha,Abuja,winning,False,1185.0,5.0,False
2024-08-01,9,TraderAgent,Abuja,0,3588.8427734375,7433.56298828125,449419.53125,Abuja,False,Onitsha,Abuja,winning,False,1387.5,3.0,False
2024-08-01,10,TraderAgent,Abuja,0,9326.3427734375,10132.267578125,501961.75,Abuja,False,Onitsha,Onitsha,losing,False,1185.0,2.0,False
2024-08-01,11,TraderAgent,Abuja,1,147.63426872727274,11516.953125,482594.625,Onitsha,True,Onitsha,Onitsha,winning,False,1185.0,2.0,True
2024-08-01,12,TraderAgent,Abuja,2,-26.75,3758.103759765625,495559.5625,Abuja,False,Onitsha,Abuja,winning,False,1162.5,3.0,False
2024-08-01,13,TraderAgent,Abuja,0,3588.8427734375,6438.8994140625,506378.375,Abuja,False,,Abuja,winning,False,1387.5,3.0,False
2024-08-01,14,TraderAgent,Abuja,3,20.0,1137.896240234375,501077.0,Abuja,False,,Abuja,losing,False,1104.38,1.0,False
2024-08-01,15,TraderAgent,Abuja,0,9326.3427734375,13694.443359375,497372.40625,Abuja,False,Onitsha,Onitsha,winning,False,1185.0,4.0,False
2024-08-01,16,TraderAgent,Abuja,0,9326.3427734375,9637.654296875,443543.59375,Abuja,False,Onitsha,Onitsha,losing,False,1185.0,2.0,False
2024-08-01,17,TraderAgent,Abuja,0,9326.3427734375,18087.5546875,493703.90625,Abuja,False,Onitsha,Onitsha,winning,False,1185.0,4.0,False
2024-08-01,18,TraderAgent,Abuja,4,-10.0,13015.017578125,504791.1875,Abuja,False,Onitsha,Onitsha,winning,False,1185.0,5.0,False
2024-08-01,19,TraderAgent,Abuja,4,-10.0,5588.6455078125,497470.125,Abuja,False,Onitsha,Onitsha,winning,False,1162.5,1.0,False
2024-08-01,20,TraderAgent,Abuja,0,2463.8427734375,5317.833984375,505180.5625,Abuja,False,,Abuja,winning,False,1162.5,4.0,False
2024-08-01,21,BuyerAgent,Abuja,2,0.0,3693.13671875,,,,,,,,,,
2024-08-01,22,BuyerAgent,Abuja,0,1286.1572265625,1580.343017578125,,,,,,,,,,
2024-08-01,23,BuyerAgent,Abuja,0,1173.6572265625,3485.296875,,,,,,,,,,
2024-08-01,24,BuyerAgent,Abuja,0,1173.6572265625,2276.95703125,,,,,,,,,,
2024-08-01,25,BuyerAgent,Abuja,0,1173.6572265625,2563.1669921875,,,,,,,,,,
2024-08-01,26,BuyerAgent,Abuja,1,1173.6572265625,2329.9443359375,,,,,,,,,,
2024-08-01,27,BuyerAgent,Abuja,2,0.0,1128.5467529296875,,,,,,,,,,
2024-08-01,28,BuyerAgent,Abuja,1,1173.6572265625,2608.99658203125,,,,,,,,,,
2024-08-01,29,BuyerAgent,Abuja,1,1173.6572265625,2705.03466796875,,,,,,,,,,
2024-08-01,30,BuyerAgent,Abuja,1,161.1572265625,1618.756103515625,,,,,,,,,,
2024-08-01,31,BuyerAgent,Abuja,2,0.0,1435.33935546875,,,,,,,,,,
2024-08-01,32,BuyerAgent,Abuja,2,0.0,172.83538818359375,,,,,,,,,,
2024-08-01,33,BuyerAgent,Abuja,2,0.0,1265.138916015625,,,,,,,,,,
2024-08-01,34,BuyerAgent,Abuja,0,161.1572265625,1369.4970703125,,,,,,,,,,
2024-08-01,35,BuyerAgent,Abuja,1,0.0,1208.33984375,,,,,,,,,,
2024-08-01,36,BuyerAgent,Abuja,2,0.0,8.33984375,,,,,,,,,,
2024-08-01,37,BuyerAgent,Abuja,0,0.0,0.0,,,,,,,,,,
2024-08-01,38,BuyerAgent,Abuja,2,0.0,0.0,,,,,,,,,,
2024-08-01,39,BuyerAgent,Abuja,1,0.0,0.0,,,,,,,,,,
2024-08-01,40,BuyerAgent,Abuja,0,0.0,0.0,,,,,,,,,,
2024-08-01,41,BuyerAgent,Abuja,2,0.0,0.0,,,,,,,,,,
2024-08-01,42,BuyerAgent,Abuja,2,0.0,0.0,,,,,,,,,,
2024-08-01,43,BuyerAgent,Abuja,1,0.0,0.0,,,,,,,,,,
2024-08-01,44,BuyerAgent,Abuja,0,0.0,0.0,,,,,,,,,,
2024-08-01,45,BuyerAgent,Abuja,2,0.0,0.0,,,,,,,,,,
2024-08-01,46,BuyerAgent,Abuja,0,0.0,0.0,,,,,,,,,,
2024-08-01,47,BuyerAgent,Abuja,1,0.0,0.0,,,,,,,,,,
2024-08-01,48,BuyerAgent,Abuja,0,0.0,0.0,,,,,,,,,,
2024-08-01,49,BuyerAgent,Abuja,1,0.0,0.0,,,,,,,,,,
2024-08-01,50,BuyerAgent,Abuja,1,0.0,0.0,,,,,,,,,,
2024-08-01,51,TransporterAgent,Abuja,2,-50.0,-326.9637333333333,,,,,,,,,,
2024-08-01,52,TransporterAgent,Abuja,0,19.249449999999996,-430.75055,,,,,,,,,,
2024-08-01,53,TransporterAgent,Abuja,3,50.0,-80.368,,,,,,,,,,
2024-08-01,54,TransporterAgent,Abuja,0,19.249449999999996,239.90345,,,,,,,,,,
2024-08-01,55,TransporterAgent,Abuja,0,19.249449999999996,-140.67265,,,,,,,,,,
2024-08-01,56,TransporterAgent,Abuja,1,-200.0,-929.346,,,,,,,,,,
2024-08-01,57,TransporterAgent,Abuja,1,-200.0,-287.9078333333333,,,,,,,,,,
2024-08-01,58,TransporterAgent,Abuja,0,19.249449999999996,-261.32665,,,,,,,,,,
2024-08-01,59,TransporterAgent,Abuja,0,19.249449999999996,-11.118549999999999,,,,,,,,,,
2024-08-01,60,TransporterAgent,Abuja,0,19.249449999999996,-539.7284833333333,,,,,,,,,,
2024-08-01,61,BankingAgent,Abuja,1,-2.6750000000000007,-24.55,,,,,,,,,,
2024-08-01,62,BankingAgent,Abuja,1,-2.6750000000000007,-26.725000000000005,,,,,,,,,,
2024-08-01,63,BankingAgent,Abuja,0,-0.0,-21.725000000000005,,,,,,,,,,
2024-08-01,65,TraderAgent,Bauchi,1,187.67565925925928,1640.1817626953125,482637.15625,Port_Harcourt,True,Port_Harcourt,Port_Harcourt,winning,False,347.5,2.0,True
2024-08-01,66,TraderAgent,Bauchi,0,0.0,1941.8133544921875,470238.28125,Bauchi,False,Port_Harcourt,Port_Harcourt,winning,False,380.0,3.0,False
2024-08-01,67,TraderAgent,Bauchi,4,-10.0,131.93721726190475,486006.96875,Bauchi,False,Port_Harcourt,Port_Harcourt,winning,False,380.0,1.0,False
2024-08-01,68,TraderAgent,Bauchi,1,187.67565925925928,1942.5802001953125,415508.46875,Port_Harcourt,True,Port_Harcourt,Port_Harcourt,winning,False,380.0,2.0,True
2024-08-01,69,TraderAgent,Bauchi,1,187.67565925925928,585.2794479497355,400111.90625,Port_Harcourt,True,Port_Harcourt,Port_Harcourt,winning,False,380.0,3.0,True
2024-08-01,70,TraderAgent,Bauchi,2,-26.75,2306.59130859375,493413.84375,Bauchi,False,Onitsha,Onitsha,winning,False,380.0,2.0,False
2024-08-01,71,TraderAgent,Bauchi,4,-10.0,5099.5537109375,496092.84375,Bauchi,False,Onitsha,Bauchi,winning,False,380.0,2.0,False
2024-08-01,72,TraderAgent,Bauchi,0,0.0,4265.521484375,472391.8125,Bauchi,False,Port_Harcourt,Port_Harcourt,winning,False,380.0,3.0,False
2024-08-01,73,TraderAgent,Bauchi,4,-10.0,720.982666015625,486601.25,Bauchi,False,Port_Harcourt,Port_Harcourt,winning,False,380.0,2.0,False
2024-08-01,74,TraderAgent,Bauchi,1,187.67565925925928,2122.072265625,401562.96875,Port_Harcourt,True,Port_Harcourt,Port_Harcourt,winning,False,380.0,3.0,True
2024-08-01,75,TraderAgent,Bauchi,0,1009.8568725585938,5260.69287109375,505098.90625,Bauchi,False,,Bauchi,winning,False,380.0,6.0,False
2024-08-01,76,TraderAgent,Bauchi,0,0.0,4680.98291015625,481325.375,Bauchi,False,Port_Harcourt,Port_Harcourt,winning,False,380.0,5.0,False
2024-08-01,77,TraderAgent,Bauchi,0,0.0,353.57537841796875,477462.625,Bauchi,False,Port_Harcourt,Port_Harcourt,winning,False,380.0,2.0,False
2024-08-01,78,TraderAgent,Bauchi,3,20.0,115.25,499975.25,Bauchi,False,,,winning,False,342.0,0.0,False
2024-08-01,79,TraderAgent,Bauchi,1,187.67565925925928,267.6756592592593,481299.57,Port_Harcourt,True,Port_Harcourt,Port_Harcourt,winning,False,360.0,0.0,True
2024-08-01,80,TraderAgent,Bauchi,0,1009.8568725585938,5582.24560546875,505462.75,Bauchi,False,,Bauchi,winning,False,380.0,6.0,False
2024-08-01,81,TraderAgent,Bauchi,1,187.67565925925928,448.269287109375,459047.53125,Port_Harcourt,True,Port_Harcourt,Port_Harcourt,winning,False,380.0,2.0,True
2024-08-01,82,TraderAgent,Bauchi,1,187.67565925925928,2482.38330078125,474716.90625,Port_Harcourt,True,Port_Harcourt,Port_Harcourt,winning,False,380.0,2.0,True
2024-08-01,83,TraderAgent,Bauchi,0,1009.8568725585938,5244.44287109375,505072.6875,Bauchi,False,,Bauchi,winning,False,380.0,6.0,False
2024-08-01,84,TraderAgent,Bauchi,1,187.67565925925928,1845.75146484375,474055.09375,Port_Harcourt,True,Port_Harcourt,Port_Harcourt,winning,False,380.0,1.0,True
2024-08-01,85,BuyerAgent,Bauchi,2,0.0,869.8654174804688,,,,,,,,,,
2024-08-01,86,BuyerAgent,Bauchi,0,0.0,985.2041625976562,,,,,,,,,,
2024-08-01,87,BuyerAgent,Bauchi,0,0.0,985.2041625976562,,,,,,,,,,
2024-08-01,88,BuyerAgent,Bauchi,0,0.0,144.774169921875,,,,,,,,,,
2024-08-01,89,BuyerAgent,Bauchi,0,0.0,895.311279296875,,,,,,,,,,
2024-08-01,90,BuyerAgent,Bauchi,1,0.0,170.1324462890625,,,,,,,,,,
2024-08-01,91,BuyerAgent,Bauchi,0,0.0,142.735595703125,,,,,,,,,,
2024-08-01,92,BuyerAgent,Bauchi,1,0.0,142.735595703125,,,,,,,,,,
2024-08-01,93,BuyerAgent,Bauchi,0,0.0,142.735595703125,,,,,,,,,,
2024-08-01,94,BuyerAgent,Bauchi,0,0.0,142.735595703125,,,,,,,,,,
2024-08-01,95,BuyerAgent,Bauchi,1,0.0,142.735595703125,,,,,,,,,,
2024-08-01,96,BuyerAgent,Bauchi,2,0.0,142.735595703125,,,,,,,,,,
2024-08-01,97,BuyerAgent,Bauchi,0,0.0,0.0,,,,,,,,,,
2024-08-01,98,BuyerAgent,Bauchi,1,0.0,0.0,,,,,,,,,,
2024-08-01,99,BuyerAgent,Bauchi,0,0.0,0.0,,,,,,,,,,
2024-08-01,100,BuyerAgent,Bauchi,1,0.0,0.0,,,,,,,,,,
2024-08-01,101,BuyerAgent,Bauchi,2,0.0,0.0,,,,,,,,,,
2024-08-01,102,BuyerAgent,Bauchi,1,0.0,0.0,,,,,,,,,,
2024-08-01,103,BuyerAgent,Bauchi,1,0.0,0.0,,,,,,,,,,
2024-08-01,104,BuyerAgent,Bauchi,1,0.0,0.0,,,,,,,,,,
2024-08-01,105,BuyerAgent,Bauchi,1,0.0,0.0,,,,,,,,,,
2024-08-01,106,BuyerAgent,Bauchi,2,0.0,0.0,,,,,,,,,,
2024-08-01,107,BuyerAgent,Bauchi,0,0.0,0.0,,,,,,,,,,
2024-08-01,108,BuyerAgent,Bauchi,0,0.0,0.0,,,,,,,,,,
2024-08-01,109,BuyerAgent,Bauchi,2,0.0,0.0,,,,,,,,,,
2024-08-01,110,BuyerAgent,Bauchi,1,0.0,0.0,,,,,,,,,,
2024-08-01,111,BuyerAgent,Bauchi,1,0.0,0.0,,,,,,,,,,
2024-08-01,112,BuyerAgent,Bauchi,0,0.0,0.0,,,,,,,,,,
2024-08-01,113,BuyerAgent,Bauchi,0,0.0,0.0,,,,,,,,,,
2024-08-01,114,BuyerAgent,Bauchi,2,0.0,0.0,,,,,,,,,,
2024-08-01,115,TransporterAgent,Bauchi,0,3.812830687830697,-678.9593915343914,,,,,,,,,,
2024-08-01,116,TransporterAgent,Bauchi,2,-50.0,-431.6072222222222,,,,,,,,,,
2024-08-01,117,TransporterAgent,Bauchi,3,50.0,200.0,,,,,,,,,,
2024-08-01,118,TransporterAgent,Bauchi,3,50.0,-239.96428571428572,,,,,,,,,,
2024-08-01,119,TransporterAgent,Bauchi,1,-200.0,-929.5430555555555,,,,,,,,,,
2024-08-01,120,TransporterAgent,Bauchi,3,50.0,200.0,,,,,,,,,,
2024-08-01,121,TransporterAgent,Bauchi,3,50.0,-776.7291666666666,,,,,,,,,,
2024-08-01,122,TransporterAgent,Bauchi,1,-200.0,-730.7196428571428,,,,,,,,,,
2024-08-01,123,TransporterAgent,Bauchi,0,3.812830687830697,213.84854497354496,,,,,,,,,,
2024-08-01,124,TransporterAgent,Bauchi,3,50.0,-321.57150793650794,,,,,,,,,,
2024-08-01,125,BankingAgent,Bauchi,0,-0.0,-13.600000000000001,,,,,,,,,,
2024-08-01,126,BankingAgent,Bauchi,0,-0.0,-7.825000000000002,,,,,,,,,,
2024-08-01,127,BankingAgent,Bauchi,0,-0.0,-10.250000000000002,,,,,,,,,,
2024-08-01,129,TraderAgent,Kano,2,-23.1721875,422.94793701171875,500352.8125,Kano,False,,Kano,winning,False,95.0,1.0,False
2024-08-01,130,TraderAgent,Kano,0,0.0,1640.405517578125,485014.875,Kano,False,Onitsha,Onitsha,winning,False,95.0,4.0,False
2024-08-01,131,TraderAgent,Kano,2,-23.1721875,337.6099853515625,497191.25,Kano,False,Bauchi,Kano,winning,False,92.5,2.0,False
2024-08-01,132,TraderAgent,Kano,4,-10.0,1549.656494140625,498373.875,Kano,False,Bauchi,Kano,winning,False,92.5,4.0,False
2024-08-01,133,TraderAgent,Kano,1,75.19567129629633,3042.734619140625,473680.90625,Port_Harcourt,True,Port_Harcourt,Port_Harcourt,winning,False,95.0,3.0,True
2024-08-01,134,TraderAgent,Kano,0,0.0,1625.124755859375,484952.875,Kano,False,Onitsha,Onitsha,winning,False,95.0,5.0,False
2024-08-01,135,TraderAgent,Kano,2,-23.1721875,134.13254934210528,495921.84375,Kano,False,Bauchi,Bauchi,winning,False,95.0,1.0,False
2024-08-01,136,TraderAgent,Kano,0,246.94778442382812,1771.3863525390625,498558.28125,Kano,False,Bauchi,Kano,winning,False,95.0,4.0,False
2024-08-01,137,TraderAgent,Kano,2,-23.1721875,1070.0595703125,497880.28125,Kano,False,Bauchi,Kano,winning,False,95.0,2.0,False
2024-08-01,138,TraderAgent,Kano,0,234.44778442382812,395.33599853515625,500359.3125,Kano,False,,Kano,winning,False,92.5,2.0,False
2024-08-01,139,TraderAgent,Kano,0,246.94778442382812,3010.603515625,500117.0,Kano,False,Bauchi,Kano,winning,False,95.0,3.0,False
2024-08-01,140,TraderAgent,Kano,4,-10.0,-2.8046875,499977.2,Kano,False,,,losing,False,90.0,0.0,False
2024-08-01,141,TraderAgent,Kano,4,-10.0,3545.900634765625,500618.125,Kano,False,Bauchi,Kano,winning,False,92.5,4.0,False
2024-08-01,142,TraderAgent,Kano,3,20.0,557.6290893554688,492669.3125,Kano,False,Bauchi,Bauchi,winning,False,90.25,2.0,False
2024-08-01,143,TraderAgent,Kano,0,234.44778442382812,888.28515625,500822.09375,Kano,False,,Kano,winning,False,92.5,3.0,False
2024-08-01,144,TraderAgent,Kano,0,0.0,529.347900390625,483932.875,Kano,False,Onitsha,Onitsha,winning,False,95.0,2.0,False
2024-08-01,145,TraderAgent,Kano,0,0.0,323.4774050682261,475036.625,Kano,False,Onitsha,Onitsha,winning,False,95.0,3.0,False
2024-08-01,146,TraderAgent,Kano,0,0.0,212.24522962962968,480525.53125,Kano,False,Onitsha,Onitsha,winning,False,95.0,2.0,False
2024-08-01,147,TraderAgent,Kano,0,0.0,239.34708927875243,480501.625,Kano,False,Onitsha,Onitsha,winning,False,95.0,2.0,False
2024-08-01,148,TraderAgent,Kano,2,-23.1721875,874.3792724609375,500847.25,Kano,False,,Kano,winning,False,95.0,2.0,False
2024-08-01,149,BuyerAgent,Kano,0,15.552215576171875,755.94189453125,,,,,,,,,,
2024-08-01,150,BuyerAgent,Kano,0,15.552215576171875,530.5792236328125,,,,,,,,,,
2024-08-01,151,BuyerAgent,Kano,0,3.052215576171875,376.08123779296875,,,,,,,,,,
2024-08-01,152,BuyerAgent,Kano,1,3.052215576171875,327.8269958496094,,,,,,,,,,
2024-08-01,153,BuyerAgent,Kano,1,3.052215576171875,3.052215576171875,,,,,,,,,,
2024-08-01,154,BuyerAgent,Kano,2,0.0,0.0,,,,,,,,,,
2024-08-01,155,BuyerAgent,Kano,0,3.052215576171875,283.8130187988281,,,,,,,,,,
2024-08-01,156,BuyerAgent,Kano,2,0.0,67.26821899414062,,,,,,,,,,
2024-08-01,157,BuyerAgent,Kano,0,3.052215576171875,283.8130187988281,,,,,,,,,,
2024-08-01,158,BuyerAgent,Kano,2,0.0,0.0,,,,,,,,,,
2024-08-01,159,BuyerAgent,Kano,2,0.0,280.76080322265625,,,,,,,,,,
2024-08-01,160,BuyerAgent,Kano,2,0.0,280.76080322265625,,,,,,,,,,
2024-08-01,161,BuyerAgent,Kano,2,0.0,44.01397705078125,,,,,,,,,,
2024-08-01,162,BuyerAgent,Kano,0,3.052215576171875,3.052215576171875,,,,,,,,,,
2024-08-01,163,BuyerAgent,Kano,1,3.052215576171875,3.052215576171875,,,,,,,,,,
2024-08-01,164,BuyerAgent,Kano,1,3.052215576171875,3.052215576171875,,,,,,,,,,
2024-08-01,165,BuyerAgent,Kano,2,0.0,0.0,,,,,,,,,,
2024-08-01,166,BuyerAgent,Kano,2,0.0,0.0,,,,,,,,,,
2024-08-01,167,BuyerAgent,Kano,1,0.0,0.0,,,,,,,,,,
2024-08-01,168,BuyerAgent,Kano,0,0.0,0.0,,,,,,,,,,
2024-08-01,169,BuyerAgent,Kano,2,0.0,0.0,,,,,,,,,,
2024-08-01,170,BuyerAgent,Kano,1,0.0,0.0,,,,,,,,,,
2024-08-01,171,BuyerAgent,Kano,0,0.0,0.0,,,,,,,,,,
2024-08-01,172,BuyerAgent,Kano,2,0.0,0.0,,,,,,,,,,
2024-08-01,173,BuyerAgent,Kano,2,0.0,0.0,,,,,,,,,,
2024-08-01,174,BuyerAgent,Kano,1,0.0,0.0,,,,,,,,,,
2024-08-01,175,BuyerAgent,Kano,2,0.0,0.0,,,,,,,,,,
2024-08-01,176,BuyerAgent,Kano,1,0.0,0.0,,,,,,,,,,
2024-08-01,177,BuyerAgent,Kano,2,0.0,0.0,,,,,,,,,,
2024-08-01,178,BuyerAgent,Kano,0,0.0,0.0,,,,,,,,,,
2024-08-01,179,TransporterAgent,Kano,0,11.481216931216927,26.531088504088498,,,,,,,,,,
2024-08-01,180,TransporterAgent,Kano,1,-200.0,-232.598,,,,,,,,,,
2024-08-01,181,TransporterAgent,Kano,0,11.481216931216927,-309.6596560846561,,,,,,,,,,
2024-08-01,182,TransporterAgent,Kano,2,-50.0,-82.4495873015873,,,,,,,,,,
2024-08-01,183,TransporterAgent,Kano,3,50.0,102.58057142857143,,,,,,,,,,
2024-08-01,184,TransporterAgent,Kano,1,-200.0,-586.1107142857143,,,,,,,,,,
2024-08-01,185,TransporterAgent,Kano,1,-200.0,-364.82142857142856,,,,,,,,,,
2024-08-01,186,TransporterAgent,Kano,1,-200.0,-582.598,,,,,,,,,,
2024-08-01,187,TransporterAgent,Kano,3,50.0,-183.5,,,,,,,,,,
2024-08-01,188,TransporterAgent,Kano,0,11.481216931216927,-220.51878306878308,,,,,,,,,,
2024-08-01,189,BankingAgent,Kano,0,-0.0,-11.475000000000001,,,,,,,,,,
2024-08-01,190,BankingAgent,Kano,0,-0.0,-30.300000000000004,,,,,,,,,,
2024-08-01,191,BankingAgent,Kano,2,-1.3375000000000004,-18.950000000000003,,,,,,,,,,
2024-08-01,193,TraderAgent,Lagos,0,1527.806396484375,5591.595703125,500077.25,Lagos,False,Onitsha,Lagos,winning,False,555.0,4.0,False
2024-08-01,194,TraderAgent,Lagos,3,20.0,4495.720703125,493454.875,Lagos,False,Onitsha,Onitsha,winning,False,527.25,2.0,False
2024-08-01,195,TraderAgent,Lagos,2,-26.75,5789.4736328125,494727.59375,Lagos,False,Onitsha,Onitsha,winning,False,555.0,4.0,False
2024-08-01,196,TraderAgent,Lagos,0,1527.806396484375,3692.0908203125,492790.96875,Lagos,False,Onitsha,Onitsha,winning,False,555.0,2.0,False
2024-08-01,197,TraderAgent,Lagos,0,1527.806396484375,5473.16943359375,446545.875,Lagos,False,Onitsha,Lagos,winning,False,555.0,4.0,False
2024-08-01,198,TraderAgent,Lagos,2,-26.75,4960.96435546875,493919.15625,Lagos,False,Onitsha,Onitsha,winning,False,532.5,2.0,False
2024-08-01,199,TraderAgent,Lagos,4,-10.0,2326.5537109375,496819.28125,Lagos,False,Onitsha,Onitsha,winning,False,555.0,2.0,False
2024-08-01,200,TraderAgent,Lagos,3,20.0,6174.345703125,489830.8125,Lagos,False,Onitsha,Onitsha,winning,False,527.25,3.0,False
2024-08-01,201,TraderAgent,Lagos,1,141.0104938888889,1474.43212890625,491389.28125,Onitsha,True,Onitsha,Onitsha,winning,False,555.0,1.0,True
2024-08-01,202,TraderAgent,Lagos,3,20.0,4187.86376953125,498528.15625,Lagos,False,Onitsha,Lagos,winning,False,527.25,2.0,False
2024-08-01,203,TraderAgent,Lagos,2,-26.75,-88.59281250000001,499891.41,Lagos,False,,,losing,False,540.0,0.0,False
2024-08-01,204,TraderAgent,Lagos,0,1527.806396484375,4639.4072265625,440236.625,Lagos,False,Onitsha,Onitsha,winning,False,555.0,3.0,False
2024-08-01,205,TraderAgent,Lagos,1,141.0104938888889,4760.728515625,489334.53125,Onitsha,True,Onitsha,Onitsha,winning,False,555.0,3.0,True
2024-08-01,206,TraderAgent,Lagos,1,141.0104938888889,4245.072265625,488584.09375,Onitsha,True,Onitsha,Onitsha,winning,False,555.0,2.0,True
2024-08-01,207,TraderAgent,Lagos,0,1415.306396484375,6649.775390625,442200.625,Lagos,False,Onitsha,Lagos,winning,False,532.5,4.0,False
2024-08-01,208,TraderAgent,Lagos,2,-26.75,1902.156005859375,496577.375,Lagos,False,Onitsha,Onitsha,winning,False,510.0,1.0,False
2024-08-01,209,TraderAgent,Lagos,1,141.0104938888889,2752.623046875,487396.6875,Onitsha,True,Onitsha,Onitsha,winning,False,510.0,2.0,True
2024-08-01,210,TraderAgent,Lagos,0,1527.806396484375,6736.8359375,490158.625,Lagos,False,Onitsha,Onitsha,winning,False,555.0,3.0,False
2024-08-01,211,TraderAgent,Lagos,4,-10.0,4432.220703125,493451.375,Lagos,False,Onitsha,Onitsha,winning,False,555.0,2.0,False
2024-08-01,212,TraderAgent,Lagos,0,1302.806396484375,5239.4248046875,499634.125,Lagos,False,Onitsha,Lagos,winning,False,510.0,3.0,False
2024-08-01,213,BuyerAgent,Lagos,1,197.193603515625,1129.2169189453125,,,,,,,,,,
2024-08-01,214,BuyerAgent,Lagos,0,84.693603515625,946.8414306640625,,,,,,,,,,
2024-08-01,215,BuyerAgent,Lagos,1,0.0,983.22998046875,,,,,,,,,,
2024-08-01,216,BuyerAgent,Lagos,2,0.0,695.167236328125,,,,,,,,,,
2024-08-01,217,BuyerAgent,Lagos,2,0.0,696.8701171875,,,,,,,,,,
2024-08-01,218,BuyerAgent,Lagos,2,0.0,775.47607421875,,,,,,,,,,
2024-08-01,219,BuyerAgent,Lagos,0,0.0,338.9227294921875,,,,,,,,,,
2024-08-01,220,BuyerAgent,Lagos,0,0.0,415.057373046875,,,,,,,,,,
2024-08-01,221,BuyerAgent,Lagos,0,0.0,0.0,,,,,,,,,,
2024-08-01,222,BuyerAgent,Lagos,2,0.0,175.562744140625,,,,,,,,,,
2024-08-01,223,BuyerAgent,Lagos,2,0.0,439.7601318359375,,,,,,,,,,
2024-08-01,224,BuyerAgent,Lagos,1,0.0,364.7601318359375,,,,,,,,,,
2024-08-01,225,BuyerAgent,Lagos,1,0.0,0.0,,,,,,,,,,
2024-08-01,226,BuyerAgent,Lagos,1,0.0,189.1973876953125,,,,,,,,,,
2024-08-01,227,BuyerAgent,Lagos,0,0.0,0.0,,,,,,,,,,
2024-08-01,228,BuyerAgent,Lagos,0,0.0,0.0,,,,,,,,,,
2024-08-01,229,BuyerAgent,Lagos,2,0.0,0.0,,,,,,,,,,
2024-08-01,230,BuyerAgent,Lagos,0,0.0,0.0,,,,,,,,,,
2024-08-01,231,BuyerAgent,Lagos,2,0.0,0.0,,,,,,,,,,
2024-08-01,232,BuyerAgent,Lagos,1,0.0,0.0,,,,,,,,,,
2024-08-01,233,BuyerAgent,Lagos,2,0.0,0.0,,,,,,,,,,
2024-08-01,234,BuyerAgent,Lagos,0,0.0,0.0,,,,,,,,,,
2024-08-01,235,BuyerAgent,Lagos,1,0.0,0.0,,,,,,,,,,
2024-08-01,236,BuyerAgent,Lagos,2,0.0,0.0,,,,,,,,,,
2024-08-01,237,BuyerAgent,Lagos,2,0.0,0.0,,,,,,,,,,
2024-08-01,238,BuyerAgent,Lagos,1,0.0,0.0,,,,,,,,,,
2024-08-01,239,BuyerAgent,Lagos,2,0.0,0.0,,,,,,,,,,
2024-08-01,240,BuyerAgent,Lagos,1,0.0,0.0,,,,,,,,,,
2024-08-01,241,BuyerAgent,Lagos,2,0.0,0.0,,,,,,,,,,
2024-08-01,242,BuyerAgent,Lagos,1,0.0,0.0,,,,,,,,,,
2024-08-01,243,TransporterAgent,Lagos,2,-50.0,-65.91427528379772,,,,,,,,,,
2024-08-01,244,TransporterAgent,Lagos,2,-50.0,-750.0,,,,,,,,,,
2024-08-01,245,TransporterAgent,Lagos,1,-200.0,-366.20342307692306,,,,,,,,,,
2024-08-01,246,TransporterAgent,Lagos,2,-50.0,-650.7262122926094,,,,,,,,,,
2024-08-01,247,TransporterAgent,Lagos,0,13.513482026143793,-521.1134410507792,,,,,,,,,,
2024-08-01,248,TransporterAgent,Lagos,2,-50.0,-931.3914860681115,,,,,,,,,,
2024-08-01,249,TransporterAgent,Lagos,1,-200.0,-331.5765,,,,,,,,,,
2024-08-01,250,TransporterAgent,Lagos,3,50.0,-115.61223529411765,,,,,,,,,,
2024-08-01,251,TransporterAgent,Lagos,2,-50.0,67.171,,,,,,,,,,
2024-08-01,252,TransporterAgent,Lagos,1,-200.0,-682.7832352941177,,,,,,,,,,
2024-08-01,253,BankingAgent,Lagos,0,-0.0,-20.05,,,,,,,,,,
2024-08-01,254,BankingAgent,Lagos,2,-1.3375000000000004,-12.325000000000003,,,,,,,,,,
2024-08-01,255,BankingAgent,Lagos,0,-0.0,-16.525000000000006,,,,,,,,,,
2024-08-01,257,TraderAgent,Onitsha,0,1435.6658935546875,1865.15869140625,485671.3125,Onitsha,False,Lagos,Lagos,winning,False,555.0,3.0,False
2024-08-01,258,TraderAgent,Onitsha,0,1323.1658935546875,3281.33544921875,503151.03125,Onitsha,False,,Onitsha,winning,False,532.5,3.0,False
2024-08-01,259,TraderAgent,Onitsha,0,1435.6658935546875,4914.85302734375,490351.71875,Onitsha,False,Lagos,Lagos,winning,False,555.0,4.0,False
2024-08-01,260,TraderAgent,Onitsha,2,-33.905625,212.97723214285713,495860.25,Onitsha,False,Port_Harcourt,Port_Harcourt,losing,False,555.0,1.0,False
2024-08-01,261,TraderAgent,Onitsha,3,20.0,19349.32421875,507647.4375,Onitsha,False,Lagos,Lagos,winning,False,527.25,5.0,False
2024-08-01,262,TraderAgent,Onitsha,4,-10.0,-140.02156250000002,499889.98,Onitsha,False,,,losing,False,540.0,0.0,False
2024-08-01,263,TraderAgent,Onitsha,0,1210.6658935546875,2139.56005859375,502015.53125,Onitsha,False,,Onitsha,winning,False,510.0,2.0,False
2024-08-01,264,TraderAgent,Onitsha,2,-33.905625,2059.772216796875,501981.84375,Onitsha,False,,Onitsha,winning,False,532.5,2.0,False
2024-08-01,265,TraderAgent,Onitsha,0,1266.9158935546875,3118.24462890625,503047.875,Onitsha,False,,Onitsha,winning,False,521.25,3.0,False
2024-08-01,266,TraderAgent,Onitsha,0,1510.6658935546875,17386.228515625,512335.375,Onitsha,False,Port_Harcourt,Onitsha,winning,False,570.0,3.0,False
2024-08-01,267,TraderAgent,Onitsha,1,153.0008426666667,15800.6787109375,504049.09375,Lagos,True,Lagos,Lagos,winning,False,570.0,1.0,True
2024-08-01,268,TraderAgent,Onitsha,1,153.0008426666667,17541.375,494152.8125,Lagos,True,Lagos,Lagos,winning,False,555.0,3.0,True
2024-08-01,269,TraderAgent,Onitsha,1,153.0008426666667,3537.143798828125,484472.1875,Lagos,True,Lagos,Lagos,winning,False,555.0,3.0,True
2024-08-01,270,TraderAgent,Onitsha,1,153.0008426666667,1805.07666015625,478632.53125,Lagos,True,Lagos,Lagos,winning,False,555.0,2.0,True
2024-08-01,271,TraderAgent,Onitsha,1,153.0008426666667,4668.61474609375,485730.71875,Lagos,True,Lagos,Lagos,winning,False,555.0,4.0,True
2024-08-01,272,TraderAgent,Onitsha,4,-10.0,3375.55517578125,496063.4375,Onitsha,False,Lagos,Lagos,winning,False,555.0,3.0,False
2024-08-01,273,TraderAgent,Onitsha,3,20.0,1239.6475830078125,501226.46875,Onitsha,False,,Onitsha,winning,False,527.25,1.0,False
2024-08-01,274,TraderAgent,Onitsha,3,20.0,1266.4720458984375,501220.1875,Onitsha,False,,Onitsha,winning,False,527.25,1.0,False
2024-08-01,275,TraderAgent,Onitsha,3,20.0,1707.6650390625,489552.46875,Onitsha,False,Lagos,Lagos,winning,False,527.25,2.0,False
2024-08-01,276,TraderAgent,Onitsha,4,-10.0,2409.343505859375,495058.90625,Onitsha,False,Lagos,Lagos,winning,False,555.0,2.0,False
2024-08-01,277,BuyerAgent,Onitsha,1,289.3341064453125,2782.84716796875,,,,,,,,,,
2024-08-01,278,BuyerAgent,Onitsha,2,0.0,337.5946044921875,,,,,,,,,,
2024-08-01,279,BuyerAgent,Onitsha,0,233.0841064453125,2637.4638671875,,,,,,,,,,
2024-08-01,280,BuyerAgent,Onitsha,1,176.8341064453125,2457.84130859375,,,,,,,,,,
2024-08-01,281,BuyerAgent,Onitsha,2,0.0,2138.2255859375,,,,,,,,,,
2024-08-01,282,BuyerAgent,Onitsha,0,64.3341064453125,209.4775390625,,,,,,,,,,
2024-08-01,283,BuyerAgent,Onitsha,2,0.0,114.86572265625,,,,,,,,,,
2024-08-01,284,BuyerAgent,Onitsha,1,64.3341064453125,516.78466796875,,,,,,,,,,
2024-08-01,285,BuyerAgent,Onitsha,1,0.0,112.2698974609375,,,,,,,,,,
2024-08-01,286,BuyerAgent,Onitsha,0,0.0,81.982421875,,,,,,,,,,
2024-08-01,287,BuyerAgent,Onitsha,0,0.0,155.35491943359375,,,,,,,,,,
2024-08-01,288,BuyerAgent,Onitsha,1,0.0,140.49896240234375,,,,,,,,,,
2024-08-01,289,BuyerAgent,Onitsha,1,0.0,10.87249755859375,,,,,,,,,,
2024-08-01,290,BuyerAgent,Onitsha,1,0.0,10.87249755859375,,,,,,,,,,
2024-08-01,291,BuyerAgent,Onitsha,1,0.0,0.0,,,,,,,,,,
2024-08-01,292,BuyerAgent,Onitsha,2,0.0,0.0,,,,,,,,,,
2024-08-01,293,BuyerAgent,Onitsha,1,0.0,0.0,,,,,,,,,,
2024-08-01,294,BuyerAgent,Onitsha,1,0.0,0.0,,,,,,,,,,
2024-08-01,295,BuyerAgent,Onitsha,2,0.0,0.0,,,,,,,,,,
2024-08-01,296,BuyerAgent,Onitsha,0,0.0,0.0,,,,,,,,,,
2024-08-01,297,BuyerAgent,Onitsha,0,0.0,0.0,,,,,,,,,,
2024-08-01,298,BuyerAgent,Onitsha,2,0.0,0.0,,,,,,,,,,
2024-08-01,299,BuyerAgent,Onitsha,1,0.0,0.0,,,,,,,,,,
2024-08-01,300,BuyerAgent,Onitsha,1,0.0,0.0,,,,,,,,,,
2024-08-01,301,BuyerAgent,Onitsha,1,0.0,0.0,,,,,,,,,,
2024-08-01,302,BuyerAgent,Onitsha,0,0.0,0.0,,,,,,,,,,
2024-08-01,303,BuyerAgent,Onitsha,2,0.0,0.0,,,,,,,,,,
2024-08-01,304,BuyerAgent,Onitsha,1,0.0,0.0,,,,,,,,,,
2024-08-01,305,BuyerAgent,Onitsha,1,0.0,0.0,,,,,,,,,,
2024-08-01,306,BuyerAgent,Onitsha,2,0.0,0.0,,,,,,,,,,
2024-08-01,307,TransporterAgent,Onitsha,1,-200.0,-125.93881958472844,,,,,,,,,,
2024-08-01,308,TransporterAgent,Onitsha,0,21.39235404285248,-279.78813220854255,,,,,,,,,,
2024-08-01,309,TransporterAgent,Onitsha,3,50.0,34.00740000000002,,,,,,,,,,
2024-08-01,310,TransporterAgent,Onitsha,3,50.0,-75.6253862513951,,,,,,,,,,
2024-08-01,311,TransporterAgent,Onitsha,1,-200.0,-0.3134333333333359,,,,,,,,,,
2024-08-01,312,TransporterAgent,Onitsha,1,-200.0,-650.0,,,,,,,,,,
2024-08-01,313,TransporterAgent,Onitsha,2,-50.0,-573.2357142857143,,,,,,,,,,
2024-08-01,314,TransporterAgent,Onitsha,3,50.0,156.4746137486049,,,,,,,,,,
2024-08-01,315,TransporterAgent,Onitsha,3,50.0,-450.3134333333333,,,,,,,,,,
2024-08-01,316,TransporterAgent,Onitsha,1,-200.0,-575.5551,,,,,,,,,,
2024-08-01,317,BankingAgent,Onitsha,0,-0.0,-14.000000000000002,,,,,,,,,,
2024-08-01,318,BankingAgent,Onitsha,1,-2.6750000000000007,-27.325000000000006,,,,,,,,,,
2024-08-01,319,BankingAgent,Onitsha,1,-2.6750000000000007,-12.775000000000002,,,,,,,,,,
2024-08-01,321,TraderAgent,Port_Harcourt,0,6285.0439453125,11547.365234375,506367.59375,Port_Harcourt,False,Onitsha,Onitsha,winning,False,940.0,3.0,False
2024-08-01,322,TraderAgent,Port_Harcourt,0,6285.0439453125,7979.8017578125,505408.4375,Port_Harcourt,False,Onitsha,Onitsha,winning,False,940.0,2.0,False
2024-08-01,323,TraderAgent,Port_Harcourt,4,-10.0,3913.02392578125,503824.03125,Port_Harcourt,False,,Port_Harcourt,winning,False,1075.0,2.0,False
2024-08-01,324,TraderAgent,Port_Harcourt,3,20.0,1649.2039794921875,501526.46875,Port_Harcourt,False,,Port_Harcourt,winning,False,914.38,1.0,False
2024-08-01,325,TraderAgent,Port_Harcourt,2,-33.905625,8767.685546875,506155.25,Port_Harcourt,False,Onitsha,Port_Harcourt,winning,False,1052.5,3.0,False
2024-08-01,326,TraderAgent,Port_Harcourt,4,-10.0,5953.9892578125,503357.5625,Port_Harcourt,False,Onitsha,Port_Harcourt,winning,False,1052.5,2.0,False
2024-08-01,327,TraderAgent,Port_Harcourt,0,2047.5439453125,11344.419921875,508707.09375,Port_Harcourt,False,Onitsha,Port_Harcourt,winning,False,917.5,3.0,False
2024-08-01,328,TraderAgent,Port_Harcourt,0,6285.0439453125,15767.90234375,510562.75,Port_Harcourt,False,Onitsha,Onitsha,winning,False,940.0,3.0,False
2024-08-01,329,TraderAgent,Port_Harcourt,3,20.0,8736.9130859375,503585.1875,Port_Harcourt,False,Onitsha,Onitsha,winning,False,860.94,2.0,False
2024-08-01,330,TraderAgent,Port_Harcourt,3,20.0,7626.3798828125,504947.1875,Port_Harcourt,False,Onitsha,Port_Harcourt,winning,False,999.88,3.0,False
2024-08-01,331,TraderAgent,Port_Harcourt,1,168.4134225,7686.94677734375,497914.71875,Onitsha,True,Onitsha,Onitsha,winning,False,1052.5,3.0,True
2024-08-01,332,TraderAgent,Port_Harcourt,2,-33.905625,98.81704166666667,451967.375,Port_Harcourt,False,Onitsha,Onitsha,losing,False,1092.5,1.0,False
2024-08-01,333,TraderAgent,Port_Harcourt,0,1991.2939453125,6518.99462890625,503912.8125,Port_Harcourt,False,Onitsha,Port_Harcourt,winning,False,906.25,2.0,False
2024-08-01,334,TraderAgent,Port_Harcourt,3,20.0,1827.2418212890625,501775.5625,Port_Harcourt,False,,Port_Harcourt,winning,False,935.75,1.0,False
2024-08-01,335,TraderAgent,Port_Harcourt,3,20.0,3486.848876953125,503410.40625,Port_Harcourt,False,,Port_Harcourt,winning,False,935.75,2.0,False
2024-08-01,336,TraderAgent,Port_Harcourt,0,2160.0439453125,13594.791015625,508383.53125,Port_Harcourt,False,Onitsha,Port_Harcourt,winning,False,940.0,4.0,False
2024-08-01,337,TraderAgent,Port_Harcourt,3,20.0,10091.728515625,504933.125,Port_Harcourt,False,Onitsha,Onitsha,winning,False,893.0,2.0,False
2024-08-01,338,TraderAgent,Port_Harcourt,0,2385.0439453125,6331.36572265625,458089.53125,Port_Harcourt,False,Onitsha,Port_Harcourt,winning,False,985.0,4.0,False
2024-08-01,339,TraderAgent,Port_Harcourt,3,20.0,10704.345703125,505495.875,Port_Harcourt,False,Onitsha,Port_Harcourt,winning,False,999.88,3.0,False
2024-08-01,340,TraderAgent,Port_Harcourt,2,-33.905625,11221.1083984375,508551.09375,Port_Harcourt,False,Onitsha,Port_Harcourt,winning,False,1052.5,4.0,False
2024-08-01,341,BuyerAgent,Port_Harcourt,0,883.7060546875,3986.001708984375,,,,,,,,,,
2024-08-01,342,BuyerAgent,Port_Harcourt,0,827.4560546875,4747.15087890625,,,,,,,,,,
2024-08-01,343,BuyerAgent,Port_Harcourt,1,714.9560546875,2817.1845703125,,,,,,,,,,
2024-08-01,344,BuyerAgent,Port_Harcourt,2,0.0,1553.795166015625,,,,,,,,,,
2024-08-01,345,BuyerAgent,Port_Harcourt,1,714.9560546875,2788.887939453125,,,,,,,,,,
2024-08-01,346,BuyerAgent,Port_Harcourt,2,0.0,2548.8017578125,,,,,,,,,,
2024-08-01,347,BuyerAgent,Port_Harcourt,0,714.9560546875,4770.73828125,,,,,,,,,,
2024-08-01,348,BuyerAgent,Port_Harcourt,2,0.0,2862.030517578125,,,,,,,,,,
2024-08-01,349,BuyerAgent,Port_Harcourt,1,714.9560546875,2388.87158203125,,,,,,,,,,
2024-08-01,350,BuyerAgent,Port_Harcourt,1,489.9560546875,673.3489990234375,,,,,,,,,,
2024-08-01,351,BuyerAgent,Port_Harcourt,1,0.0,1217.401123046875,,,,,,,,,,
2024-08-01,352,BuyerAgent,Port_Harcourt,2,0.0,1034.0081787109375,,,,,,,,,,
2024-08-01,353,BuyerAgent,Port_Harcourt,1,0.0,284.0081787109375,,,,,,,,,,
2024-08-01,354,BuyerAgent,Port_Harcourt,0,0.0,284.0081787109375,,,,,,,,,,
2024-08-01,355,BuyerAgent,Port_Harcourt,0,0.0,184.0081787109375,,,,,,,,,,
2024-08-01,356,BuyerAgent,Port_Harcourt,1,0.0,0.0,,,,,,,,,,
2024-08-01,357,BuyerAgent,Port_Harcourt,0,0.0,0.0,,,,,,,,,,
2024-08-01,358,BuyerAgent,Port_Harcourt,2,0.0,0.0,,,,,,,,,,
2024-08-01,359,BuyerAgent,Port_Harcourt,0,0.0,0.0,,,,,,,,,,
2024-08-01,360,BuyerAgent,Port_Harcourt,1,0.0,0.0,,,,,,,,,,
2024-08-01,361,BuyerAgent,Port_Harcourt,0,0.0,0.0,,,,,,,,,,
2024-08-01,362,BuyerAgent,Port_Harcourt,2,0.0,184.0081787109375,,,,,,,,,,
2024-08-01,363,BuyerAgent,Port_Harcourt,2,0.0,0.0,,,,,,,,,,
2024-08-01,364,BuyerAgent,Port_Harcourt,1,0.0,0.0,,,,,,,,,,
2024-08-01,365,BuyerAgent,Port_Harcourt,0,0.0,0.0,,,,,,,,,,
2024-08-01,366,BuyerAgent,Port_Harcourt,2,0.0,0.0,,,,,,,,,,
2024-08-01,367,BuyerAgent,Port_Harcourt,0,0.0,0.0,,,,,,,,,,
2024-08-01,368,BuyerAgent,Port_Harcourt,2,0.0,0.0,,,,,,,,,,
2024-08-01,369,BuyerAgent,Port_Harcourt,0,0.0,0.0,,,,,,,,,,
2024-08-01,370,BuyerAgent,Port_Harcourt,2,0.0,0.0,,,,,,,,,,
2024-08-01,371,TransporterAgent,Port_Harcourt,2,-50.0,-223.7368181818182,,,,,,,,,,
2024-08-01,372,TransporterAgent,Port_Harcourt,1,-200.0,-307.4931818181818,,,,,,,,,,
2024-08-01,373,TransporterAgent,Port_Harcourt,2,-50.0,194.20636363636365,,,,,,,,,,
2024-08-01,374,TransporterAgent,Port_Harcourt,3,50.0,-623.3033484848485,,,,,,,,,,
2024-08-01,375,TransporterAgent,Port_Harcourt,3,50.0,-370.82653030303027,,,,,,,,,,
2024-08-01,376,TransporterAgent,Port_Harcourt,0,15.170891414141416,-773.8103585858586,,,,,,,,,,
2024-08-01,377,TransporterAgent,Port_Harcourt,2,-50.0,-473.7368181818182,,,,,,,,,,
2024-08-01,378,TransporterAgent,Port_Harcourt,1,-200.0,-370.78,,,,,,,,,,
2024-08-01,379,TransporterAgent,Port_Harcourt,0,15.170891414141416,-290.6227449494949,,,,,,,,,,
2024-08-01,380,TransporterAgent,Port_Harcourt,1,-200.0,-485.92727272727274,,,,,,,,,,
2024-08-01,381,BankingAgent,Port_Harcourt,0,-0.0,-19.75,,,,,,,,,,
2024-08-01,382,BankingAgent,Port_Harcourt,2,-1.3375000000000004,-14.200000000000003,,,,,,,,,,
2024-08-01,383,BankingAgent,Port_Harcourt,1,-2.6750000000000007,-13.075000000000001,,,,,,,,,,
2024-09-01,1,TraderAgent,Abuja,2,-27.25,11494.888671875,503385.8125,Abuja,False,Onitsha,Onitsha,winning,False,1185.0,2.0,False
2024-09-01,2,TraderAgent,Abuja,0,9472.9775390625,15705.91796875,441464.6875,Abuja,False,Onitsha,Onitsha,winning,False,1185.0,3.0,False
2024-09-01,3,TraderAgent,Abuja,2,-27.25,13019.2548828125,504778.1875,Abuja,False,Onitsha,Onitsha,winning,False,1185.0,5.0,False
2024-09-01,4,TraderAgent,Abuja,0,9472.9775390625,23295.9296875,498843.8125,Abuja,False,Onitsha,Onitsha,winning,False,1185.0,5.0,False
2024-09-01,5,TraderAgent,Abuja,0,2722.977294921875,15126.9794921875,498871.90625,Abuja,False,Onitsha,Abuja,winning,False,1185.0,4.0,False
2024-09-01,6,TraderAgent,Abuja,4,-10.0,10480.8271484375,502392.875,Abuja,False,Onitsha,Onitsha,winning,False,1185.0,2.0,False
2024-09-01,7,TraderAgent,Abuja,0,9472.9775390625,26404.30859375,444035.125,Abuja,False,Onitsha,Onitsha,winning,False,1185.0,5.0,False
2024-09-01,8,TraderAgent,Abuja,0,3735.477294921875,20000.673828125,503709.90625,Abuja,False,Onitsha,Abuja,winning,False,1387.5,6.0,False
2024-09-01,9,TraderAgent,Abuja,2,-27.25,7406.31298828125,449392.25,Abuja,False,Onitsha,Abuja,winning,False,1387.5,3.0,False
2024-09-01,10,TraderAgent,Abuja,0,2722.977294921875,12855.2451171875,504657.46875,Abuja,False,Onitsha,Abuja,winning,False,1185.0,3.0,False
2024-09-01,11,TraderAgent,Abuja,0,9472.9775390625,20989.9296875,496567.625,Abuja,False,Onitsha,Onitsha,winning,False,1185.0,3.0,False
2024-09-01,12,TraderAgent,Abuja,1,155.40693815384614,3913.5107421875,483716.8125,Onitsha,True,Onitsha,Onitsha,winning,False,1162.5,3.0,True
2024-09-01,13,TraderAgent,Abuja,0,3735.477294921875,10174.376953125,510086.59375,Abuja,False,,Abuja,winning,False,1387.5,4.0,False
2024-09-01,14,TraderAgent,Abuja,4,-10.0,1127.896240234375,501077.0,Abuja,False,,Abuja,losing,False,1162.5,1.0,False
2024-09-01,15,TraderAgent,Abuja,4,-10.0,13684.443359375,497372.40625,Abuja,False,Onitsha,Onitsha,winning,False,1185.0,4.0,False
2024-09-01,16,TraderAgent,Abuja,3,20.0,9657.654296875,443543.59375,Abuja,False,Onitsha,Onitsha,winning,False,1125.75,2.0,False
2024-09-01,17,TraderAgent,Abuja,4,-10.0,18077.5546875,493703.90625,Abuja,False,Onitsha,Onitsha,winning,False,1185.0,4.0,False
2024-09-01,18,TraderAgent,Abuja,0,2722.977294921875,15737.9951171875,507486.90625,Abuja,False,Onitsha,Abuja,winning,False,1185.0,6.0,False
2024-09-01,19,TraderAgent,Abuja,3,20.0,5608.6455078125,497470.125,Abuja,False,Onitsha,Onitsha,winning,False,1104.38,1.0,False
2024-09-01,20,TraderAgent,Abuja,0,3735.477294921875,9053.3115234375,508888.8125,Abuja,False,,Abuja,winning,False,1387.5,5.0,False
2024-09-01,21,BuyerAgent,Abuja,0,1027.022705078125,4720.1591796875,,,,,,,,,,
2024-09-01,22,BuyerAgent,Abuja,0,1027.022705078125,2607.36572265625,,,,,,,,,,
2024-09-01,23,BuyerAgent,Abuja,2,0.0,3485.296875,,,,,,,,,,
2024-09-01,24,BuyerAgent,Abuja,2,0.0,2276.95703125,,,,,,,,,,
2024-09-01,25,BuyerAgent,Abuja,1,1027.022705078125,3590.189697265625,,,,,,,,,,
2024-09-01,26,BuyerAgent,Abuja,1,1027.022705078125,3356.967041015625,,,,,,,,,,
2024-09-01,27,BuyerAgent,Abuja,2,0.0,1128.5467529296875,,,,,,,,,,
2024-09-01,28,BuyerAgent,Abuja,1,1027.022705078125,3636.019287109375,,,,,,,,,,
2024-09-01,29,BuyerAgent,Abuja,2,0.0,2705.03466796875,,,,,,,,,,
2024-09-01,30,BuyerAgent,Abuja,0,1027.022705078125,2645.77880859375,,,,,,,,,,
2024-09-01,31,BuyerAgent,Abuja,2,0.0,1435.33935546875,,,,,,,,,,
2024-09-01,32,BuyerAgent,Abuja,2,0.0,172.83538818359375,,,,,,,,,,
2024-09-01,33,BuyerAgent,Abuja,2,0.0,1265.138916015625,,,,,,,,,,
2024-09-01,34,BuyerAgent,Abuja,1,1027.022705078125,2396.519775390625,,,,,,,,,,
2024-09-01,35,BuyerAgent,Abuja,1,14.522705078125,1222.862548828125,,,,,,,,,,
2024-09-01,36,BuyerAgent,Abuja,0,14.522705078125,22.862548828125,,,,,,,,,,
2024-09-01,37,BuyerAgent,Abuja,0,14.522705078125,14.522705078125,,,,,,,,,,
2024-09-01,38,BuyerAgent,Abuja,2,0.0,0.0,,,,,,,,,,
2024-09-01,39,BuyerAgent,Abuja,0,0.0,0.0,,,,,,,,,,
2024-09-01,40,BuyerAgent,Abuja,2,0.0,0.0,,,,,,,,,,
2024-09-01,41,BuyerAgent,Abuja,0,0.0,0.0,,,,,,,,,,
2024-09-01,42,BuyerAgent,Abuja,1,0.0,0.0,,,,,,,,,,
2024-09-01,43,BuyerAgent,Abuja,1,0.0,0.0,,,,,,,,,,
2024-09-01,44,BuyerAgent,Abuja,2,0.0,0.0,,,,,,,,,,
2024-09-01,45,BuyerAgent,Abuja,1,0.0,0.0,,,,,,,,,,
2024-09-01,46,BuyerAgent,Abuja,1,0.0,0.0,,,,,,,,,,
2024-09-01,47,BuyerAgent,Abuja,2,0.0,0.0,,,,,,,,,,
2024-09-01,48,BuyerAgent,Abuja,0,0.0,0.0,,,,,,,,,,
2024-09-01,49,BuyerAgent,Abuja,2,0.0,0.0,,,,,,,,,,
2024-09-01,50,BuyerAgent,Abuja,0,0.0,0.0,,,,,,,,,,
2024-09-01,51,TransporterAgent,Abuja,2,100.0,-226.96373333333332,,,,,,,,,,
2024-09-01,52,TransporterAgent,Abuja,2,100.0,-330.75055,,,,,,,,,,
2024-09-01,53,TransporterAgent,Abuja,0,10.122449999999999,-70.24555,,,,,,,,,,
2024-09-01,54,TransporterAgent,Abuja,1,-200.0,39.90344999999999,,,,,,,,,,
2024-09-01,55,TransporterAgent,Abuja,2,100.0,-40.672650000000004,,,,,,,,,,
2024-09-01,56,TransporterAgent,Abuja,0,10.122449999999999,-919.22355,,,,,,,,,,
2024-09-01,57,TransporterAgent,Abuja,3,50.0,-237.90783333333331,,,,,,,,,,
2024-09-01,58,TransporterAgent,Abuja,2,100.0,-161.32664999999997,,,,,,,,,,
2024-09-01,59,TransporterAgent,Abuja,0,10.122449999999999,-0.9961000000000002,,,,,,,,,,
2024-09-01,60,TransporterAgent,Abuja,2,100.0,-439.7284833333333,,,,,,,,,,
2024-09-01,61,BankingAgent,Abuja,1,-2.7249999999999996,-30.0,,,,,,,,,,
2024-09-01,62,BankingAgent,Abuja,0,-0.0,-26.725000000000005,,,,,,,,,,
2024-09-01,63,BankingAgent,Abuja,0,-0.0,-21.725000000000005,,,,,,,,,,
2024-09-01,65,TraderAgent,Bauchi,0,0.0,1640.1817626953125,485645.625,Bauchi,False,Port_Harcourt,Port_Harcourt,winning,False,285.0,3.0,False
2024-09-01,66,TraderAgent,Bauchi,1,187.34321185185186,2129.156494140625,450407.28125,Port_Harcourt,True,Port_Harcourt,Port_Harcourt,winning,False,285.0,3.0,True
2024-09-01,67,TraderAgent,Bauchi,3,20.0,151.93721726190475,486006.96875,Bauchi,False,Port_Harcourt,Port_Harcourt,winning,False,270.75,1.0,False
2024-09-01,68,TraderAgent,Bauchi,0,0.0,1942.5802001953125,418516.90625,Bauchi,False,Port_Harcourt,Port_Harcourt,winning,False,285.0,3.0,False
2024-09-01,69,TraderAgent,Bauchi,0,0.0,585.2794479497355,403120.375,Bauchi,False,Port_Harcourt,Port_Harcourt,winning,False,285.0,4.0,False
2024-09-01,70,TraderAgent,Bauchi,3,20.0,2326.59130859375,493413.84375,Bauchi,False,Onitsha,Onitsha,winning,False,270.75,2.0,False
2024-09-01,71,TraderAgent,Bauchi,1,187.34321185185186,5286.89697265625,476261.84375,Port_Harcourt,True,Port_Harcourt,Port_Harcourt,winning,False,285.0,2.0,True
2024-09-01,72,TraderAgent,Bauchi,1,187.34321185185186,4452.86474609375,452560.8125,Port_Harcourt,True,Port_Harcourt,Port_Harcourt,winning,False,285.0,3.0,True
2024-09-01,73,TraderAgent,Bauchi,0,758.460693359375,1479.443359375,487325.03125,Bauchi,False,Port_Harcourt,Bauchi,winning,False,285.0,3.0,False
2024-09-01,74,TraderAgent,Bauchi,0,0.0,2122.072265625,404571.4375,Bauchi,False,Port_Harcourt,Port_Harcourt,winning,False,285.0,4.0,False
2024-09-01,75,TraderAgent,Bauchi,0,758.460693359375,6019.1533203125,505822.71875,Bauchi,False,,Bauchi,winning,False,285.0,7.0,False
2024-09-01,76,TraderAgent,Bauchi,1,187.34321185185186,4868.326171875,461494.375,Port_Harcourt,True,Port_Harcourt,Port_Harcourt,winning,False,285.0,5.0,True
2024-09-01,77,TraderAgent,Bauchi,2,-34.675625,318.8997497558594,477427.90625,Bauchi,False,Port_Harcourt,Port_Harcourt,winning,False,285.0,2.0,False
2024-09-01,78,TraderAgent,Bauchi,3,20.0,135.25,499975.25,Bauchi,False,,,winning,False,256.5,0.0,False
2024-09-01,79,TraderAgent,Bauchi,0,0.0,267.6756592592593,484308.03125,Bauchi,False,Port_Harcourt,Port_Harcourt,winning,False,285.0,1.0,False
2024-09-01,80,TraderAgent,Bauchi,0,758.460693359375,6340.7060546875,506186.53125,Bauchi,False,,Bauchi,winning,False,285.0,7.0,False
2024-09-01,81,TraderAgent,Bauchi,0,0.0,448.269287109375,462056.0,Bauchi,False,Port_Harcourt,Port_Harcourt,winning,False,285.0,3.0,False
2024-09-01,82,TraderAgent,Bauchi,0,0.0,2482.38330078125,477725.40625,Bauchi,False,Port_Harcourt,Port_Harcourt,winning,False,285.0,3.0,False
2024-09-01,83,TraderAgent,Bauchi,0,758.460693359375,6002.9033203125,505796.46875,Bauchi,False,,Bauchi,winning,False,285.0,7.0,False
2024-09-01,84,TraderAgent,Bauchi,0,0.0,1845.75146484375,477063.53125,Bauchi,False,Port_Harcourt,Port_Harcourt,winning,False,285.0,2.0,False
2024-09-01,85,BuyerAgent,Bauchi,1,0.0,869.8654174804688,,,,,,,,,,
2024-09-01,86,BuyerAgent,Bauchi,0,0.0,985.2041625976562,,,,,,,,,,
2024-09-01,87,BuyerAgent,Bauchi,0,0.0,985.2041625976562,,,,,,,,,,
2024-09-01,88,BuyerAgent,Bauchi,1,0.0,144.774169921875,,,,,,,,,,
2024-09-01,89,BuyerAgent,Bauchi,0,0.0,895.311279296875,,,,,,,,,,
2024-09-01,90,BuyerAgent,Bauchi,0,0.0,170.1324462890625,,,,,,,,,,
2024-09-01,91,BuyerAgent,Bauchi,0,0.0,142.735595703125,,,,,,,,,,
2024-09-01,92,BuyerAgent,Bauchi,0,0.0,142.735595703125,,,,,,,,,,
2024-09-01,93,BuyerAgent,Bauchi,1,0.0,142.735595703125,,,,,,,,,,
2024-09-01,94,BuyerAgent,Bauchi,0,0.0,142.735595703125,,,,,,,,,,
2024-09-01,95,BuyerAgent,Bauchi,2,0.0,142.735595703125,,,,,,,,,,
2024-09-01,96,BuyerAgent,Bauchi,1,0.0,142.735595703125,,,,,,,,,,
2024-09-01,97,BuyerAgent,Bauchi,1,0.0,0.0,,,,,,,,,,
2024-09-01,98,BuyerAgent,Bauchi,1,0.0,0.0,,,,,,,,,,
2024-09-01,99,BuyerAgent,Bauchi,1,0.0,0.0,,,,,,,,,,
2024-09-01,100,BuyerAgent,Bauchi,0,0.0,0.0,,,,,,,,,,
2024-09-01,101,BuyerAgent,Bauchi,2,0.0,0.0,,,,,,,,,,
2024-09-01,102,BuyerAgent,Bauchi,2,0.0,0.0,,,,,,,,,,
2024-09-01,103,BuyerAgent,Bauchi,1,0.0,0.0,,,,,,,,,,
2024-09-01,104,BuyerAgent,Bauchi,1,0.0,0.0,,,,,,,,,,
2024-09-01,105,BuyerAgent,Bauchi,1,0.0,0.0,,,,,,,,,,
2024-09-01,106,BuyerAgent,Bauchi,2,0.0,0.0,,,,,,,,,,
2024-09-01,107,BuyerAgent,Bauchi,0,0.0,0.0,,,,,,,,,,
2024-09-01,108,BuyerAgent,Bauchi,0,0.0,0.0,,,,,,,,,,
2024-09-01,109,BuyerAgent,Bauchi,2,0.0,0.0,,,,,,,,,,
2024-09-01,110,BuyerAgent,Bauchi,2,0.0,0.0,,,,,,,,,,
2024-09-01,111,BuyerAgent,Bauchi,2,0.0,0.0,,,,,,,,,,
2024-09-01,112,BuyerAgent,Bauchi,1,0.0,0.0,,,,,,,,,,
2024-09-01,113,BuyerAgent,Bauchi,1,0.0,0.0,,,,,,,,,,
2024-09-01,114,BuyerAgent,Bauchi,1,0.0,0.0,,,,,,,,,,
2024-09-01,115,TransporterAgent,Bauchi,0,0.5845791245791497,-678.3748124098123,,,,,,,,,,
2024-09-01,116,TransporterAgent,Bauchi,0,0.5845791245791497,-431.0226430976431,,,,,,,,,,
2024-09-01,117,TransporterAgent,Bauchi,3,50.0,250.0,,,,,,,,,,
2024-09-01,118,TransporterAgent,Bauchi,3,50.0,-189.96428571428572,,,,,,,,,,
2024-09-01,119,TransporterAgent,Bauchi,0,0.5845791245791497,-928.9584764309764,,,,,,,,,,
2024-09-01,120,TransporterAgent,Bauchi,3,50.0,250.0,,,,,,,,,,
2024-09-01,121,TransporterAgent,Bauchi,0,0.5845791245791497,-776.1445875420875,,,,,,,,,,
2024-09-01,122,TransporterAgent,Bauchi,1,-200.0,-930.7196428571428,,,,,,,,,,
2024-09-01,123,TransporterAgent,Bauchi,1,-200.0,13.84854497354496,,,,,,,,,,
2024-09-01,124,TransporterAgent,Bauchi,3,50.0,-271.57150793650794,,,,,,,,,,
2024-09-01,125,BankingAgent,Bauchi,2,-1.3624999999999998,-16.325000000000003,,,,,,,,,,
2024-09-01,126,BankingAgent,Bauchi,1,-2.7249999999999996,-13.275,,,,,,,,,,
2024-09-01,127,BankingAgent,Bauchi,1,-2.7249999999999996,-15.700000000000001,,,,,,,,,,
2024-09-01,129,TraderAgent,Kano,2,-34.675625,388.2723083496094,500318.09375,Kano,False,,Kano,winning,False,95.0,1.0,False
2024-09-01,130,TraderAgent,Kano,3,20.0,1660.405517578125,485014.875,Kano,False,Onitsha,Onitsha,winning,False,90.25,4.0,False
2024-09-01,131,TraderAgent,Kano,4,-10.0,327.6099853515625,497191.25,Kano,False,Bauchi,Kano,winning,False,92.5,2.0,False
2024-09-01,132,TraderAgent,Kano,2,-34.675625,1514.9808349609375,498339.1875,Kano,False,Bauchi,Kano,winning,False,92.5,4.0,False
2024-09-01,133,TraderAgent,Kano,0,0.0,3042.734619140625,474681.46875,Kano,False,Port_Harcourt,Port_Harcourt,winning,False,95.0,4.0,False
2024-09-01,134,TraderAgent,Kano,0,250.51925659179688,1875.64404296875,485168.71875,Kano,False,Onitsha,Kano,winning,False,95.0,6.0,False
2024-09-01,135,TraderAgent,Kano,3,20.0,154.13254934210528,495921.84375,Kano,False,Bauchi,Bauchi,winning,False,90.25,1.0,False
2024-09-01,136,TraderAgent,Kano,3,20.0,1791.3863525390625,498558.28125,Kano,False,Bauchi,Kano,winning,False,87.88,4.0,False
2024-09-01,137,TraderAgent,Kano,2,-34.675625,1035.3839111328125,497845.59375,Kano,False,Bauchi,Kano,winning,False,95.0,2.0,False
2024-09-01,138,TraderAgent,Kano,0,238.01925659179688,633.355224609375,500562.625,Kano,False,,Kano,winning,False,92.5,3.0,False
2024-09-01,139,TraderAgent,Kano,0,238.01925659179688,3248.622802734375,500320.375,Kano,False,Bauchi,Kano,winning,False,92.5,4.0,False
2024-09-01,140,TraderAgent,Kano,4,-10.0,-12.8046875,499977.2,Kano,False,,,losing,False,90.0,0.0,False
2024-09-01,141,TraderAgent,Kano,4,-10.0,3535.900634765625,500618.125,Kano,False,Bauchi,Kano,winning,False,92.5,4.0,False
2024-09-01,142,TraderAgent,Kano,0,250.51925659179688,808.1483154296875,492885.15625,Kano,False,Bauchi,Kano,winning,False,95.0,3.0,False
2024-09-01,143,TraderAgent,Kano,4,-10.0,878.28515625,500822.09375,Kano,False,,Kano,winning,False,92.5,3.0,False
2024-09-01,144,TraderAgent,Kano,3,20.0,549.347900390625,483932.875,Kano,False,Onitsha,Onitsha,winning,False,90.25,2.0,False
2024-09-01,145,TraderAgent,Kano,2,-34.675625,288.8017800682261,475001.90625,Kano,False,Onitsha,Onitsha,winning,False,95.0,3.0,False
2024-09-01,146,TraderAgent,Kano,3,20.0,232.24522962962968,480525.53125,Kano,False,Onitsha,Onitsha,winning,False,90.25,2.0,False
2024-09-01,147,TraderAgent,Kano,3,20.0,259.34708927875243,480501.625,Kano,False,Onitsha,Onitsha,winning,False,90.25,2.0,False
2024-09-01,148,TraderAgent,Kano,3,20.0,894.3792724609375,500847.25,Kano,False,,Kano,winning,False,90.25,2.0,False
2024-09-01,149,BuyerAgent,Kano,0,11.980743408203125,767.922607421875,,,,,,,,,,
2024-09-01,150,BuyerAgent,Kano,0,11.980743408203125,542.5599365234375,,,,,,,,,,
2024-09-01,151,BuyerAgent,Kano,0,0.0,376.08123779296875,,,,,,,,,,
2024-09-01,152,BuyerAgent,Kano,2,0.0,327.8269958496094,,,,,,,,,,
2024-09-01,153,BuyerAgent,Kano,1,0.0,3.052215576171875,,,,,,,,,,
2024-09-01,154,BuyerAgent,Kano,0,0.0,0.0,,,,,,,,,,
2024-09-01,155,BuyerAgent,Kano,2,0.0,283.8130187988281,,,,,,,,,,
2024-09-01,156,BuyerAgent,Kano,0,0.0,67.26821899414062,,,,,,,,,,
2024-09-01,157,BuyerAgent,Kano,1,0.0,283.8130187988281,,,,,,,,,,
2024-09-01,158,BuyerAgent,Kano,1,0.0,0.0,,,,,,,,,,
2024-09-01,159,BuyerAgent,Kano,1,0.0,280.76080322265625,,,,,,,,,,
2024-09-01,160,BuyerAgent,Kano,1,0.0,280.76080322265625,,,,,,,,,,
2024-09-01,161,BuyerAgent,Kano,2,0.0,44.01397705078125,,,,,,,,,,
2024-09-01,162,BuyerAgent,Kano,1,0.0,3.052215576171875,,,,,,,,,,
2024-09-01,163,BuyerAgent,Kano,2,0.0,3.052215576171875,,,,,,,,,,
2024-09-01,164,BuyerAgent,Kano,0,0.0,3.052215576171875,,,,,,,,,,
2024-09-01,165,BuyerAgent,Kano,1,0.0,0.0,,,,,,,,,,
2024-09-01,166,BuyerAgent,Kano,2,0.0,0.0,,,,,,,,,,
2024-09-01,167,BuyerAgent,Kano,2,0.0,0.0,,,,,,,,,,
2024-09-01,168,BuyerAgent,Kano,1,0.0,0.0,,,,,,,,,,
2024-09-01,169,BuyerAgent,Kano,1,0.0,0.0,,,,,,,,,,
2024-09-01,170,BuyerAgent,Kano,2,0.0,0.0,,,,,,,,,,
2024-09-01,171,BuyerAgent,Kano,0,0.0,0.0,,,,,,,,,,
2024-09-01,172,BuyerAgent,Kano,1,0.0,0.0,,,,,,,,,,
2024-09-01,173,BuyerAgent,Kano,1,0.0,0.0,,,,,,,,,,
2024-09-01,174,BuyerAgent,Kano,1,0.0,0.0,,,,,,,,,,
2024-09-01,175,BuyerAgent,Kano,1,0.0,0.0,,,,,,,,,,
2024-09-01,176,BuyerAgent,Kano,2,0.0,0.0,,,,,,,,,,
2024-09-01,177,BuyerAgent,Kano,2,0.0,0.0,,,,,,,,,,
2024-09-01,178,BuyerAgent,Kano,0,0.0,0.0,,,,,,,,,,
2024-09-01,179,TransporterAgent,Kano,2,100.0,126.5310885040885,,,,,,,,,,
2024-09-01,180,TransporterAgent,Kano,3,50.0,-182.598,,,,,,,,,,
2024-09-01,181,TransporterAgent,Kano,1,-200.0,-509.6596560846561,,,,,,,,,,
2024-09-01,182,TransporterAgent,Kano,0,6.416314814814796,-76.0332724867725,,,,,,,,,,
2024-09-01,183,TransporterAgent,Kano,3,50.0,152.58057142857143,,,,,,,,,,
2024-09-01,184,TransporterAgent,Kano,1,-200.0,-786.1107142857143,,,,,,,,,,
2024-09-01,185,TransporterAgent,Kano,1,-200.0,-564.8214285714286,,,,,,,,,,
2024-09-01,186,TransporterAgent,Kano,3,50.0,-532.598,,,,,,,,,,
2024-09-01,187,TransporterAgent,Kano,3,50.0,-133.5,,,,,,,,,,
2024-09-01,188,TransporterAgent,Kano,3,50.0,-170.51878306878308,,,,,,,,,,
2024-09-01,189,BankingAgent,Kano,1,-2.7249999999999996,-16.925,,,,,,,,,,
2024-09-01,190,BankingAgent,Kano,1,-2.7249999999999996,-35.75000000000001,,,,,,,,,,
2024-09-01,191,BankingAgent,Kano,1,-2.7249999999999996,-24.400000000000006,,,,,,,,,,
2024-09-01,193,TraderAgent,Lagos,1,145.10552351421188,5736.701171875,490924.90625,Onitsha,True,Onitsha,Onitsha,winning,False,660.0,4.0,True
2024-09-01,194,TraderAgent,Lagos,2,-27.25,4468.470703125,493427.625,Lagos,False,Onitsha,Onitsha,winning,False,660.0,2.0,False
2024-09-01,195,TraderAgent,Lagos,0,1785.203857421875,7574.677734375,496485.5625,Lagos,False,Onitsha,Lagos,winning,False,660.0,5.0,False
2024-09-01,196,TraderAgent,Lagos,0,1785.203857421875,5477.294921875,494548.90625,Lagos,False,Onitsha,Lagos,winning,False,660.0,3.0,False
2024-09-01,197,TraderAgent,Lagos,0,1785.203857421875,7258.373046875,448303.84375,Lagos,False,Onitsha,Lagos,winning,False,660.0,5.0,False
2024-09-01,198,TraderAgent,Lagos,3,20.0,4980.96435546875,493919.15625,Lagos,False,Onitsha,Onitsha,winning,False,605.62,2.0,False
2024-09-01,199,TraderAgent,Lagos,4,-10.0,2316.5537109375,496819.28125,Lagos,False,Onitsha,Onitsha,winning,False,660.0,2.0,False
2024-09-01,200,TraderAgent,Lagos,0,1785.203857421875,7959.5498046875,491588.8125,Lagos,False,Onitsha,Lagos,winning,False,660.0,4.0,False
2024-09-01,201,TraderAgent,Lagos,0,2910.203857421875,4384.6357421875,498799.53125,Lagos,False,Onitsha,Onitsha,winning,False,660.0,2.0,False
2024-09-01,202,TraderAgent,Lagos,4,-10.0,4177.86376953125,498528.15625,Lagos,False,Onitsha,Lagos,winning,False,660.0,2.0,False
2024-09-01,203,TraderAgent,Lagos,0,1860.203857421875,1771.611083984375,501724.375,Lagos,False,,Lagos,losing,False,675.0,1.0,False
2024-09-01,204,TraderAgent,Lagos,2,-27.25,4612.1572265625,440209.40625,Lagos,False,Onitsha,Onitsha,winning,False,660.0,3.0,False
2024-09-01,205,TraderAgent,Lagos,0,2910.203857421875,7670.9326171875,496744.75,Lagos,False,Onitsha,Onitsha,winning,False,660.0,4.0,False
2024-09-01,206,TraderAgent,Lagos,0,2910.203857421875,7155.2763671875,495994.3125,Lagos,False,Onitsha,Onitsha,winning,False,660.0,3.0,False
2024-09-01,207,TraderAgent,Lagos,3,20.0,6669.775390625,442200.625,Lagos,False,Onitsha,Lagos,winning,False,627.0,4.0,False
2024-09-01,208,TraderAgent,Lagos,3,20.0,1922.156005859375,496577.375,Lagos,False,Onitsha,Onitsha,winning,False,584.25,1.0,False
2024-09-01,209,TraderAgent,Lagos,0,2910.203857421875,5662.8271484375,494806.90625,Lagos,False,Onitsha,Onitsha,winning,False,660.0,3.0,False
2024-09-01,210,TraderAgent,Lagos,0,1785.203857421875,8522.0400390625,491916.625,Lagos,False,Onitsha,Lagos,winning,False,660.0,4.0,False
2024-09-01,211,TraderAgent,Lagos,1,145.10552351421188,4577.326171875,484299.09375,Onitsha,True,Onitsha,Onitsha,winning,False,660.0,2.0,True
2024-09-01,212,TraderAgent,Lagos,4,-10.0,5229.4248046875,499634.125,Lagos,False,Onitsha,Lagos,winning,False,660.0,3.0,False
2024-09-01,213,BuyerAgent,Lagos,1,89.796142578125,1219.0130615234375,,,,,,,,,,
2024-09-01,214,BuyerAgent,Lagos,0,89.796142578125,1036.6375732421875,,,,,,,,,,
2024-09-01,215,BuyerAgent,Lagos,1,89.796142578125,1073.026123046875,,,,,,,,,,
2024-09-01,216,BuyerAgent,Lagos,1,89.796142578125,784.96337890625,,,,,,,,,,
2024-09-01,217,BuyerAgent,Lagos,2,0.0,696.8701171875,,,,,,,,,,
2024-09-01,218,BuyerAgent,Lagos,0,89.796142578125,865.272216796875,,,,,,,,,,
2024-09-01,219,BuyerAgent,Lagos,0,89.796142578125,428.7188720703125,,,,,,,,,,
2024-09-01,220,BuyerAgent,Lagos,1,89.796142578125,504.853515625,,,,,,,,,,
2024-09-01,221,BuyerAgent,Lagos,1,89.796142578125,89.796142578125,,,,,,,,,,
2024-09-01,222,BuyerAgent,Lagos,1,89.796142578125,265.35888671875,,,,,,,,,,
2024-09-01,223,BuyerAgent,Lagos,0,14.796142578125,454.5562744140625,,,,,,,,,,
2024-09-01,224,BuyerAgent,Lagos,1,0.0,364.7601318359375,,,,,,,,,,
2024-09-01,225,BuyerAgent,Lagos,2,0.0,0.0,,,,,,,,,,
2024-09-01,226,BuyerAgent,Lagos,2,0.0,189.1973876953125,,,,,,,,,,
2024-09-01,227,BuyerAgent,Lagos,0,0.0,0.0,,,,,,,,,,
2024-09-01,228,BuyerAgent,Lagos,2,0.0,0.0,,,,,,,,,,
2024-09-01,229,BuyerAgent,Lagos,2,0.0,0.0,,,,,,,,,,
2024-09-01,230,BuyerAgent,Lagos,2,0.0,0.0,,,,,,,,,,
2024-09-01,231,BuyerAgent,Lagos,2,0.0,0.0,,,,,,,,,,
2024-09-01,232,BuyerAgent,Lagos,0,0.0,0.0,,,,,,,,,,
2024-09-01,233,BuyerAgent,Lagos,1,0.0,0.0,,,,,,,,,,
2024-09-01,234,BuyerAgent,Lagos,2,0.0,0.0,,,,,,,,,,
2024-09-01,235,BuyerAgent,Lagos,1,0.0,0.0,,,,,,,,,,
2024-09-01,236,BuyerAgent,Lagos,1,0.0,0.0,,,,,,,,,,
2024-09-01,237,BuyerAgent,Lagos,0,0.0,0.0,,,,,,,,,,
2024-09-01,238,BuyerAgent,Lagos,0,0.0,0.0,,,,,,,,,,
2024-09-01,239,BuyerAgent,Lagos,0,0.0,0.0,,,,,,,,,,
2024-09-01,240,BuyerAgent,Lagos,2,0.0,0.0,,,,,,,,,,
2024-09-01,241,BuyerAgent,Lagos,1,0.0,0.0,,,,,,,,,,
2024-09-01,242,BuyerAgent,Lagos,1,0.0,0.0,,,,,,,,,,
2024-09-01,243,TransporterAgent,Lagos,0,6.487825396825388,-59.426449886972335,,,,,,,,,,
2024-09-01,244,TransporterAgent,Lagos,2,100.0,-650.0,,,,,,,,,,
2024-09-01,245,TransporterAgent,Lagos,3,50.0,-316.20342307692306,,,,,,,,,,
2024-09-01,246,TransporterAgent,Lagos,0,6.487825396825388,-644.238386895784,,,,,,,,,,
2024-09-01,247,TransporterAgent,Lagos,0,6.487825396825388,-514.6256156539538,,,,,,,,,,
2024-09-01,248,TransporterAgent,Lagos,0,6.487825396825388,-924.903660671286,,,,,,,,,,
2024-09-01,249,TransporterAgent,Lagos,1,-200.0,-531.5765,,,,,,,,,,
2024-09-01,250,TransporterAgent,Lagos,2,100.0,-15.612235294117653,,,,,,,,,,
2024-09-01,251,TransporterAgent,Lagos,3,50.0,117.171,,,,,,,,,,
2024-09-01,252,TransporterAgent,Lagos,1,-200.0,-882.7832352941177,,,,,,,,,,
2024-09-01,253,BankingAgent,Lagos,2,-1.3624999999999998,-22.775000000000002,,,,,,,,,,
2024-09-01,254,BankingAgent,Lagos,2,-1.3624999999999998,-15.050000000000004,,,,,,,,,,
2024-09-01,255,BankingAgent,Lagos,0,-0.0,-16.525000000000006,,,,,,,,,,
2024-09-01,257,TraderAgent,Onitsha,0,1272.28662109375,3137.4453125,486908.90625,Onitsha,False,Lagos,Onitsha,winning,False,475.0,4.0,False
2024-09-01,258,TraderAgent,Onitsha,3,20.0,3301.33544921875,503151.03125,Onitsha,False,,Onitsha,winning,False,451.25,3.0,False
2024-09-01,259,TraderAgent,Onitsha,0,1272.28662109375,6187.1396484375,491589.3125,Onitsha,False,Lagos,Onitsha,winning,False,475.0,5.0,False
2024-09-01,260,TraderAgent,Onitsha,1,148.46373194285712,361.44096408571426,482831.40625,Port_Harcourt,True,Port_Harcourt,Port_Harcourt,winning,False,475.0,1.0,True
2024-09-01,261,TraderAgent,Onitsha,2,-34.675625,19314.6484375,507612.75,Onitsha,False,Lagos,Lagos,winning,False,475.0,5.0,False
2024-09-01,262,TraderAgent,Onitsha,1,148.46373194285712,8.442169442857107,486861.13,Port_Harcourt,True,Port_Harcourt,Port_Harcourt,losing,False,450.0,0.0,True
2024-09-01,263,TraderAgent,Onitsha,1,148.46373194285712,2288.023681640625,488986.625,Port_Harcourt,True,Port_Harcourt,Port_Harcourt,winning,False,475.0,2.0,True
2024-09-01,264,TraderAgent,Onitsha,4,-10.0,2049.772216796875,501981.84375,Onitsha,False,,Onitsha,winning,False,462.5,2.0,False
2024-09-01,265,TraderAgent,Onitsha,1,148.46373194285712,3266.708251953125,490019.03125,Port_Harcourt,True,Port_Harcourt,Port_Harcourt,winning,False,475.0,3.0,True
2024-09-01,266,TraderAgent,Onitsha,3,20.0,17406.228515625,512335.375,Onitsha,False,Port_Harcourt,Onitsha,winning,False,451.25,3.0,False
2024-09-01,267,TraderAgent,Onitsha,0,522.2866821289062,16322.9658203125,509071.375,Onitsha,False,Lagos,Lagos,winning,False,475.0,2.0,False
2024-09-01,268,TraderAgent,Onitsha,0,522.2866821289062,18063.662109375,499175.09375,Onitsha,False,Lagos,Lagos,winning,False,475.0,4.0,False
2024-09-01,269,TraderAgent,Onitsha,0,522.2866821289062,4059.430419921875,489494.46875,Onitsha,False,Lagos,Lagos,winning,False,475.0,4.0,False
2024-09-01,270,TraderAgent,Onitsha,0,522.2866821289062,2327.36328125,483654.8125,Onitsha,False,Lagos,Lagos,winning,False,475.0,3.0,False
2024-09-01,271,TraderAgent,Onitsha,0,522.2866821289062,5190.9013671875,490753.0,Onitsha,False,Lagos,Lagos,winning,False,475.0,5.0,False
2024-09-01,272,TraderAgent,Onitsha,1,148.46373194285712,3524.018798828125,483034.59375,Port_Harcourt,True,Port_Harcourt,Port_Harcourt,winning,False,475.0,3.0,True
2024-09-01,273,TraderAgent,Onitsha,4,-10.0,1229.6475830078125,501226.46875,Onitsha,False,,Onitsha,winning,False,475.0,1.0,False
2024-09-01,274,TraderAgent,Onitsha,1,148.46373194285712,1414.935791015625,488191.375,Port_Harcourt,True,Port_Harcourt,Port_Harcourt,winning,False,475.0,1.0,True
2024-09-01,275,TraderAgent,Onitsha,3,20.0,1727.6650390625,489552.46875,Onitsha,False,Lagos,Lagos,winning,False,451.25,2.0,False
2024-09-01,276,TraderAgent,Onitsha,2,-34.675625,2374.66796875,495024.1875,Onitsha,False,Lagos,Lagos,winning,False,475.0,2.0,False
2024-09-01,277,BuyerAgent,Onitsha,1,0.0,2782.84716796875,,,,,,,,,,
2024-09-01,278,BuyerAgent,Onitsha,1,0.0,337.5946044921875,,,,,,,,,,
2024-09-01,279,BuyerAgent,Onitsha,1,0.0,2637.4638671875,,,,,,,,,,
2024-09-01,280,BuyerAgent,Onitsha,1,0.0,2457.84130859375,,,,,,,,,,
2024-09-01,281,BuyerAgent,Onitsha,2,0.0,2138.2255859375,,,,,,,,,,
2024-09-01,282,BuyerAgent,Onitsha,1,0.0,209.4775390625,,,,,,,,,,
2024-09-01,283,BuyerAgent,Onitsha,0,0.0,114.86572265625,,,,,,,,,,
2024-09-01,284,BuyerAgent,Onitsha,2,0.0,516.78466796875,,,,,,,,,,
2024-09-01,285,BuyerAgent,Onitsha,2,0.0,112.2698974609375,,,,,,,,,,
2024-09-01,286,BuyerAgent,Onitsha,0,0.0,81.982421875,,,,,,,,,,
2024-09-01,287,BuyerAgent,Onitsha,2,0.0,155.35491943359375,,,,,,,,,,
2024-09-01,288,BuyerAgent,Onitsha,0,0.0,140.49896240234375,,,,,,,,,,
2024-09-01,289,BuyerAgent,Onitsha,1,0.0,10.87249755859375,,,,,,,,,,
2024-09-01,290,BuyerAgent,Onitsha,1,0.0,10.87249755859375,,,,,,,,,,
2024-09-01,291,BuyerAgent,Onitsha,0,0.0,0.0,,,,,,,,,,
2024-09-01,292,BuyerAgent,Onitsha,2,0.0,0.0,,,,,,,,,,
2024-09-01,293,BuyerAgent,Onitsha,2,0.0,0.0,,,,,,,,,,
2024-09-01,294,BuyerAgent,Onitsha,1,0.0,0.0,,,,,,,,,,
2024-09-01,295,BuyerAgent,Onitsha,2,0.0,0.0,,,,,,,,,,
2024-09-01,296,BuyerAgent,Onitsha,0,0.0,0.0,,,,,,,,,,
2024-09-01,297,BuyerAgent,Onitsha,0,0.0,0.0,,,,,,,,,,
2024-09-01,298,BuyerAgent,Onitsha,0,0.0,0.0,,,,,,,,,,
2024-09-01,299,BuyerAgent,Onitsha,2,0.0,0.0,,,,,,,,,,
2024-09-01,300,BuyerAgent,Onitsha,0,0.0,0.0,,,,,,,,,,
2024-09-01,301,BuyerAgent,Onitsha,0,0.0,0.0,,,,,,,,,,
2024-09-01,302,BuyerAgent,Onitsha,0,0.0,0.0,,,,,,,,,,
2024-09-01,303,BuyerAgent,Onitsha,2,0.0,0.0,,,,,,,,,,
2024-09-01,304,BuyerAgent,Onitsha,1,0.0,0.0,,,,,,,,,,
2024-09-01,305,BuyerAgent,Onitsha,2,0.0,0.0,,,,,,,,,,
2024-09-01,306,BuyerAgent,Onitsha,1,0.0,0.0,,,,,,,,,,
2024-09-01,307,TransporterAgent,Onitsha,3,50.0,-75.93881958472844,,,,,,,,,,
2024-09-01,308,TransporterAgent,Onitsha,2,100.0,-179.78813220854255,,,,,,,,,,
2024-09-01,309,TransporterAgent,Onitsha,2,100.0,134.00740000000002,,,,,,,,,,
2024-09-01,310,TransporterAgent,Onitsha,2,100.0,24.3746137486049,,,,,,,,,,
2024-09-01,311,TransporterAgent,Onitsha,1,-200.0,-200.31343333333334,,,,,,,,,,
2024-09-01,312,TransporterAgent,Onitsha,3,50.0,-600.0,,,,,,,,,,
2024-09-01,313,TransporterAgent,Onitsha,3,50.0,-523.2357142857143,,,,,,,,,,
2024-09-01,314,TransporterAgent,Onitsha,2,100.0,256.4746137486049,,,,,,,,,,
2024-09-01,315,TransporterAgent,Onitsha,3,50.0,-400.3134333333333,,,,,,,,,,
2024-09-01,316,TransporterAgent,Onitsha,1,-200.0,-775.5551,,,,,,,,,,
2024-09-01,317,BankingAgent,Onitsha,2,-1.3624999999999998,-16.725,,,,,,,,,,
2024-09-01,318,BankingAgent,Onitsha,1,-2.7249999999999996,-32.775000000000006,,,,,,,,,,
2024-09-01,319,BankingAgent,Onitsha,1,-2.7249999999999996,-18.225,,,,,,,,,,
2024-09-01,321,TraderAgent,Port_Harcourt,2,-27.25,11520.115234375,506340.375,Port_Harcourt,False,Onitsha,Onitsha,winning,False,1045.0,3.0,False
2024-09-01,322,TraderAgent,Port_Harcourt,4,-10.0,7969.8017578125,505408.4375,Port_Harcourt,False,Onitsha,Onitsha,winning,False,1045.0,2.0,False
2024-09-01,323,TraderAgent,Port_Harcourt,1,170.4987535,4083.522705078125,497623.625,Onitsha,True,Onitsha,Onitsha,winning,False,1180.0,2.0,True
2024-09-01,324,TraderAgent,Port_Harcourt,4,-10.0,1639.2039794921875,501526.46875,Port_Harcourt,False,,Port_Harcourt,winning,False,1067.5,1.0,False
2024-09-01,325,TraderAgent,Port_Harcourt,4,-10.0,8757.685546875,506155.25,Port_Harcourt,False,Onitsha,Port_Harcourt,winning,False,1157.5,3.0,False
2024-09-01,326,TraderAgent,Port_Harcourt,1,170.4987535,6124.48779296875,497157.1875,Onitsha,True,Onitsha,Onitsha,winning,False,1157.5,2.0,True
2024-09-01,327,TraderAgent,Port_Harcourt,3,20.0,11364.419921875,508707.09375,Port_Harcourt,False,Onitsha,Port_Harcourt,winning,False,1110.31,3.0,False
2024-09-01,328,TraderAgent,Port_Harcourt,0,2383.45703125,18151.359375,512918.96875,Port_Harcourt,False,Onitsha,Port_Harcourt,winning,False,1045.0,4.0,False
2024-09-01,329,TraderAgent,Port_Harcourt,0,2214.70703125,10951.6201171875,505772.625,Port_Harcourt,False,Onitsha,Port_Harcourt,winning,False,1011.25,3.0,False
2024-09-01,330,TraderAgent,Port_Harcourt,3,20.0,7646.3798828125,504947.1875,Port_Harcourt,False,Onitsha,Port_Harcourt,winning,False,1099.62,3.0,False
2024-09-01,331,TraderAgent,Port_Harcourt,0,7633.45703125,15320.404296875,510048.1875,Port_Harcourt,False,Onitsha,Onitsha,winning,False,1045.0,4.0,False
2024-09-01,332,TraderAgent,Port_Harcourt,2,-27.25,71.56704166666667,451940.09375,Port_Harcourt,False,Onitsha,Onitsha,losing,False,1235.0,1.0,False
2024-09-01,333,TraderAgent,Port_Harcourt,2,-27.25,6491.74462890625,503885.5625,Port_Harcourt,False,Onitsha,Port_Harcourt,winning,False,1168.75,2.0,False
2024-09-01,334,TraderAgent,Port_Harcourt,0,2608.45703125,4435.69873046875,504356.8125,Port_Harcourt,False,,Port_Harcourt,winning,False,1090.0,2.0,False
2024-09-01,335,TraderAgent,Port_Harcourt,0,2608.45703125,6095.3056640625,505991.625,Port_Harcourt,False,,Port_Harcourt,winning,False,1090.0,3.0,False
2024-09-01,336,TraderAgent,Port_Harcourt,0,3002.20703125,16596.998046875,511358.46875,Port_Harcourt,False,Onitsha,Port_Harcourt,winning,False,1168.75,5.0,False
2024-09-01,337,TraderAgent,Port_Harcourt,0,2383.45703125,12475.185546875,507289.375,Port_Harcourt,False,Onitsha,Port_Harcourt,winning,False,1045.0,3.0,False
2024-09-01,338,TraderAgent,Port_Harcourt,3,20.0,6351.36572265625,458089.53125,Port_Harcourt,False,Onitsha,Port_Harcourt,winning,False,1110.31,4.0,False
2024-09-01,339,TraderAgent,Port_Harcourt,2,-27.25,10677.095703125,505468.625,Port_Harcourt,False,Onitsha,Port_Harcourt,winning,False,1157.5,3.0,False
2024-09-01,340,TraderAgent,Port_Harcourt,1,170.4987535,11391.607421875,502350.71875,Onitsha,True,Onitsha,Onitsha,winning,False,1157.5,4.0,True
2024-09-01,341,BuyerAgent,Port_Harcourt,0,1035.29296875,5021.294921875,,,,,,,,,,
2024-09-01,342,BuyerAgent,Port_Harcourt,0,866.54296875,5613.69384765625,,,,,,,,,,
2024-09-01,343,BuyerAgent,Port_Harcourt,1,866.54296875,3683.7275390625,,,,,,,,,,
2024-09-01,344,BuyerAgent,Port_Harcourt,2,0.0,1553.795166015625,,,,,,,,,,
2024-09-01,345,BuyerAgent,Port_Harcourt,0,866.54296875,3655.430908203125,,,,,,,,,,
2024-09-01,346,BuyerAgent,Port_Harcourt,1,641.54296875,3190.3447265625,,,,,,,,,,
2024-09-01,347,BuyerAgent,Port_Harcourt,0,641.54296875,5412.28125,,,,,,,,,,
2024-09-01,348,BuyerAgent,Port_Harcourt,0,247.79296875,3109.823486328125,,,,,,,,,,
2024-09-01,349,BuyerAgent,Port_Harcourt,2,0.0,2388.87158203125,,,,,,,,,,
2024-09-01,350,BuyerAgent,Port_Harcourt,2,0.0,673.3489990234375,,,,,,,,,,
2024-09-01,351,BuyerAgent,Port_Harcourt,0,0.0,1217.401123046875,,,,,,,,,,
2024-09-01,352,BuyerAgent,Port_Harcourt,2,0.0,1034.0081787109375,,,,,,,,,,
2024-09-01,353,BuyerAgent,Port_Harcourt,2,0.0,284.0081787109375,,,,,,,,,,
2024-09-01,354,BuyerAgent,Port_Harcourt,1,0.0,284.0081787109375,,,,,,,,,,
2024-09-01,355,BuyerAgent,Port_Harcourt,0,0.0,184.0081787109375,,,,,,,,,,
2024-09-01,356,BuyerAgent,Port_Harcourt,0,0.0,0.0,,,,,,,,,,
2024-09-01,357,BuyerAgent,Port_Harcourt,2,0.0,0.0,,,,,,,,,,
2024-09-01,358,BuyerAgent,Port_Harcourt,1,0.0,0.0,,,,,,,,,,
2024-09-01,359,BuyerAgent,Port_Harcourt,0,0.0,0.0,,,,,,,,,,
2024-09-01,360,BuyerAgent,Port_Harcourt,0,0.0,0.0,,,,,,,,,,
2024-09-01,361,BuyerAgent,Port_Harcourt,2,0.0,0.0,,,,,,,,,,
2024-09-01,362,BuyerAgent,Port_Harcourt,2,0.0,184.0081787109375,,,,,,,,,,
2024-09-01,363,BuyerAgent,Port_Harcourt,1,0.0,0.0,,,,,,,,,,
2024-09-01,364,BuyerAgent,Port_Harcourt,1,0.0,0.0,,,,,,,,,,
2024-09-01,365,BuyerAgent,Port_Harcourt,0,0.0,0.0,,,,,,,,,,
2024-09-01,366,BuyerAgent,Port_Harcourt,2,0.0,0.0,,,,,,,,,,
2024-09-01,367,BuyerAgent,Port_Harcourt,1,0.0,0.0,,,,,,,,,,
2024-09-01,368,BuyerAgent,Port_Harcourt,2,0.0,0.0,,,,,,,,,,
2024-09-01,369,BuyerAgent,Port_Harcourt,2,0.0,0.0,,,,,,,,,,
2024-09-01,370,BuyerAgent,Port_Harcourt,0,0.0,0.0,,,,,,,,,,
2024-09-01,371,TransporterAgent,Port_Harcourt,1,-200.0,-423.7368181818182,,,,,,,,,,
2024-09-01,372,TransporterAgent,Port_Harcourt,3,50.0,-257.4931818181818,,,,,,,,,,
2024-09-01,373,TransporterAgent,Port_Harcourt,0,4.47418055555555,198.6805441919192,,,,,,,,,,
2024-09-01,374,TransporterAgent,Port_Harcourt,3,50.0,-573.3033484848485,,,,,,,,,,
2024-09-01,375,TransporterAgent,Port_Harcourt,1,-200.0,-570.8265303030303,,,,,,,,,,
2024-09-01,376,TransporterAgent,Port_Harcourt,0,4.47418055555555,-769.336178030303,,,,,,,,,,
2024-09-01,377,TransporterAgent,Port_Harcourt,0,4.47418055555555,-469.26263762626263,,,,,,,,,,
2024-09-01,378,TransporterAgent,Port_Harcourt,3,50.0,-320.78,,,,,,,,,,
2024-09-01,379,TransporterAgent,Port_Harcourt,3,50.0,-240.62274494949492,,,,,,,,,,
2024-09-01,380,TransporterAgent,Port_Harcourt,3,50.0,-435.92727272727274,,,,,,,,,,
2024-09-01,381,BankingAgent,Port_Harcourt,1,-2.7249999999999996,-25.200000000000003,,,,,,,,,,
2024-09-01,382,BankingAgent,Port_Harcourt,2,-1.3624999999999998,-16.925000000000004,,,,,,,,,,
2024-09-01,383,BankingAgent,Port_Harcourt,0,-0.0,-13.075000000000001,,,,,,,,,,
2024-10-01,1,TraderAgent,Abuja,0,2018.3978271484375,13513.2861328125,505376.96875,Abuja,False,Onitsha,Abuja,winning,False,835.0,3.0,False
2024-10-01,2,TraderAgent,Abuja,3,20.0,15725.91796875,441464.6875,Abuja,False,Onitsha,Onitsha,winning,False,793.25,3.0,False
2024-10-01,3,TraderAgent,Abuja,4,-10.0,13009.2548828125,504778.1875,Abuja,False,Onitsha,Onitsha,winning,False,835.0,5.0,False
2024-10-01,4,TraderAgent,Abuja,3,20.0,23315.9296875,498843.8125,Abuja,False,Onitsha,Onitsha,winning,False,793.25,5.0,False
2024-10-01,5,TraderAgent,Abuja,2,-27.25,15099.7294921875,498844.625,Abuja,False,Onitsha,Abuja,winning,False,950.0,4.0,False
2024-10-01,6,TraderAgent,Abuja,1,150.31342892307694,10631.140625,490494.75,Onitsha,True,Onitsha,Onitsha,winning,False,835.0,2.0,True
2024-10-01,7,TraderAgent,Abuja,4,-10.0,26394.30859375,444035.125,Abuja,False,Onitsha,Onitsha,winning,False,835.0,5.0,False
2024-10-01,8,TraderAgent,Abuja,0,2593.39794921875,22594.072265625,506276.09375,Abuja,False,Onitsha,Abuja,winning,False,950.0,7.0,False
2024-10-01,9,TraderAgent,Abuja,0,2593.39794921875,9999.7109375,451958.40625,Abuja,False,Onitsha,Abuja,winning,False,950.0,4.0,False
2024-10-01,10,TraderAgent,Abuja,3,20.0,12875.2451171875,504657.46875,Abuja,False,Onitsha,Abuja,winning,False,902.5,3.0,False
2024-10-01,11,TraderAgent,Abuja,2,-27.25,20962.6796875,496540.375,Abuja,False,Onitsha,Onitsha,winning,False,835.0,3.0,False
2024-10-01,12,TraderAgent,Abuja,0,5655.89794921875,9569.408203125,493122.71875,Abuja,False,Onitsha,Onitsha,winning,False,812.5,4.0,False
2024-10-01,13,TraderAgent,Abuja,1,150.31342892307694,10324.6904296875,498188.46875,Onitsha,True,Onitsha,Onitsha,winning,False,950.0,4.0,True
2024-10-01,14,TraderAgent,Abuja,3,20.0,1147.896240234375,501077.0,Abuja,False,,Abuja,losing,False,771.88,1.0,False
2024-10-01,15,TraderAgent,Abuja,3,20.0,13704.443359375,497372.40625,Abuja,False,Onitsha,Onitsha,winning,False,793.25,4.0,False
2024-10-01,16,TraderAgent,Abuja,2,-27.25,9630.404296875,443516.375,Abuja,False,Onitsha,Onitsha,winning,False,835.0,2.0,False
2024-10-01,17,TraderAgent,Abuja,4,-10.0,18067.5546875,493703.90625,Abuja,False,Onitsha,Onitsha,winning,False,835.0,4.0,False
2024-10-01,18,TraderAgent,Abuja,0,2593.39794921875,18331.392578125,510053.09375,Abuja,False,Onitsha,Abuja,winning,False,950.0,7.0,False
2024-10-01,19,TraderAgent,Abuja,4,-10.0,5598.6455078125,497470.125,Abuja,False,Onitsha,Onitsha,winning,False,812.5,1.0,False
2024-10-01,20,TraderAgent,Abuja,2,-27.25,9026.0615234375,508861.53125,Abuja,False,,Abuja,winning,False,950.0,5.0,False
2024-10-01,21,BuyerAgent,Abuja,0,594.1021728515625,5314.26123046875,,,,,,,,,,
2024-10-01,22,BuyerAgent,Abuja,2,0.0,2607.36572265625,,,,,,,,,,
2024-10-01,23,BuyerAgent,Abuja,1,481.6021728515625,3966.89892578125,,,,,,,,,,
2024-10-01,24,BuyerAgent,Abuja,2,0.0,2276.95703125,,,,,,,,,,
2024-10-01,25,BuyerAgent,Abuja,0,0.0,3590.189697265625,,,,,,,,,,
2024-10-01,26,BuyerAgent,Abuja,2,0.0,3356.967041015625,,,,,,,,,,
2024-10-01,27,BuyerAgent,Abuja,0,0.0,1128.5467529296875,,,,,,,,,,
2024-10-01,28,BuyerAgent,Abuja,1,0.0,3636.019287109375,,,,,,,,,,
2024-10-01,29,BuyerAgent,Abuja,1,0.0,2705.03466796875,,,,,,,,,,
2024-10-01,30,BuyerAgent,Abuja,0,0.0,2645.77880859375,,,,,,,,,,
2024-10-01,31,BuyerAgent,Abuja,1,0.0,1435.33935546875,,,,,,,,,,
2024-10-01,32,BuyerAgent,Abuja,0,0.0,172.83538818359375,,,,,,,,,,
2024-10-01,33,BuyerAgent,Abuja,0,0.0,1265.138916015625,,,,,,,,,,
2024-10-01,34,BuyerAgent,Abuja,1,0.0,2396.519775390625,,,,,,,,,,
2024-10-01,35,BuyerAgent,Abuja,0,0.0,1222.862548828125,,,,,,,,,,
2024-10-01,36,BuyerAgent,Abuja,1,0.0,22.862548828125,,,,,,,,,,
2024-10-01,37,BuyerAgent,Abuja,1,0.0,14.522705078125,,,,,,,,,,
2024-10-01,38,BuyerAgent,Abuja,0,0.0,0.0,,,,,,,,,,
2024-10-01,39,BuyerAgent,Abuja,0,0.0,0.0,,,,,,,,,,
2024-10-01,40,BuyerAgent,Abuja,0,0.0,0.0,,,,,,,,,,
2024-10-01,41,BuyerAgent,Abuja,0,0.0,0.0,,,,,,,,,,
2024-10-01,42,BuyerAgent,Abuja,0,0.0,0.0,,,,,,,,,,
2024-10-01,43,BuyerAgent,Abuja,1,0.0,0.0,,,,,,,,,,
2024-10-01,44,BuyerAgent,Abuja,1,0.0,0.0,,,,,,,,,,
2024-10-01,45,BuyerAgent,Abuja,1,0.0,0.0,,,,,,,,,,
2024-10-01,46,BuyerAgent,Abuja,2,0.0,0.0,,,,,,,,,,
2024-10-01,47,BuyerAgent,Abuja,0,0.0,0.0,,,,,,,,,,
2024-10-01,48,BuyerAgent,Abuja,0,0.0,0.0,,,,,,,,,,
2024-10-01,49,BuyerAgent,Abuja,0,0.0,0.0,,,,,,,,,,
2024-10-01,50,BuyerAgent,Abuja,1,0.0,0.0,,,,,,,,,,
2024-10-01,51,TransporterAgent,Abuja,0,7.413825000000006,-219.54990833333332,,,,,,,,,,
2024-10-01,52,TransporterAgent,Abuja,0,7.413825000000006,-323.33672499999994,,,,,,,,,,
2024-10-01,53,TransporterAgent,Abuja,0,7.413825000000006,-62.83172499999999,,,,,,,,,,
2024-10-01,54,TransporterAgent,Abuja,1,-200.0,-160.09655,,,,,,,,,,
2024-10-01,55,TransporterAgent,Abuja,3,50.0,9.327349999999996,,,,,,,,,,
2024-10-01,56,TransporterAgent,Abuja,2,100.0,-819.22355,,,,,,,,,,
2024-10-01,57,TransporterAgent,Abuja,1,-200.0,-437.9078333333333,,,,,,,,,,
2024-10-01,58,TransporterAgent,Abuja,0,7.413825000000006,-153.91282499999997,,,,,,,,,,
2024-10-01,59,TransporterAgent,Abuja,1,-200.0,-200.9961,,,,,,,,,,
2024-10-01,60,TransporterAgent,Abuja,1,-200.0,-639.7284833333333,,,,,,,,,,
2024-10-01,61,BankingAgent,Abuja,2,-1.3624999999999998,-32.725,,,,,,,,,,
2024-10-01,62,BankingAgent,Abuja,1,-2.7249999999999996,-32.175000000000004,,,,,,,,,,
2024-10-01,63,BankingAgent,Abuja,0,-0.0,-21.725000000000005,,,,,,,,,,
2024-10-01,65,TraderAgent,Bauchi,0,763.4844970703125,2403.666259765625,486381.875,Bauchi,False,Port_Harcourt,Bauchi,winning,False,285.0,4.0,False
2024-10-01,66,TraderAgent,Bauchi,0,0.0,2129.156494140625,453420.75,Bauchi,False,Port_Harcourt,Port_Harcourt,winning,False,285.0,4.0,False
2024-10-01,67,TraderAgent,Bauchi,3,20.0,171.93721726190475,486006.96875,Bauchi,False,Port_Harcourt,Port_Harcourt,winning,False,270.75,1.0,False
2024-10-01,68,TraderAgent,Bauchi,1,186.68450595555555,2129.2646484375,397932.5625,Port_Harcourt,True,Port_Harcourt,Port_Harcourt,winning,False,285.0,3.0,True
2024-10-01,69,TraderAgent,Bauchi,1,186.68450595555555,771.9639539052911,382536.0,Port_Harcourt,True,Port_Harcourt,Port_Harcourt,winning,False,285.0,4.0,True
2024-10-01,70,TraderAgent,Bauchi,2,-27.25,2299.34130859375,493386.59375,Bauchi,False,Onitsha,Onitsha,winning,False,285.0,2.0,False
2024-10-01,71,TraderAgent,Bauchi,0,0.0,5286.89697265625,479275.3125,Bauchi,False,Port_Harcourt,Port_Harcourt,winning,False,285.0,3.0,False
2024-10-01,72,TraderAgent,Bauchi,0,0.0,4452.86474609375,455574.25,Bauchi,False,Port_Harcourt,Port_Harcourt,winning,False,285.0,4.0,False
2024-10-01,73,TraderAgent,Bauchi,0,725.9844970703125,2205.427734375,488023.75,Bauchi,False,Port_Harcourt,Bauchi,winning,False,277.5,4.0,False
2024-10-01,74,TraderAgent,Bauchi,3,20.0,2142.072265625,404571.4375,Bauchi,False,Port_Harcourt,Port_Harcourt,winning,False,270.75,4.0,False
2024-10-01,75,TraderAgent,Bauchi,0,725.9844970703125,6745.1376953125,506521.4375,Bauchi,False,,Bauchi,winning,False,277.5,8.0,False
2024-10-01,76,TraderAgent,Bauchi,0,0.0,4868.326171875,464507.8125,Bauchi,False,Port_Harcourt,Port_Harcourt,winning,False,285.0,6.0,False
2024-10-01,77,TraderAgent,Bauchi,1,186.68450595555555,505.5842590332031,456843.5625,Port_Harcourt,True,Port_Harcourt,Port_Harcourt,winning,False,285.0,2.0,True
2024-10-01,78,TraderAgent,Bauchi,3,20.0,155.25,499975.25,Bauchi,False,,,winning,False,256.5,0.0,False
2024-10-01,79,TraderAgent,Bauchi,2,-27.25,240.4256592592593,484280.8125,Bauchi,False,Port_Harcourt,Port_Harcourt,winning,False,285.0,1.0,False
2024-10-01,80,TraderAgent,Bauchi,0,725.9844970703125,7066.6904296875,506885.25,Bauchi,False,,Bauchi,winning,False,277.5,8.0,False
2024-10-01,81,TraderAgent,Bauchi,3,20.0,468.269287109375,462056.0,Bauchi,False,Port_Harcourt,Port_Harcourt,winning,False,270.75,3.0,False
2024-10-01,82,TraderAgent,Bauchi,3,20.0,2502.38330078125,477725.40625,Bauchi,False,Port_Harcourt,Port_Harcourt,winning,False,270.75,3.0,False
2024-10-01,83,TraderAgent,Bauchi,0,725.9844970703125,6728.8876953125,506495.1875,Bauchi,False,,Bauchi,winning,False,277.5,8.0,False
2024-10-01,84,TraderAgent,Bauchi,1,186.68450595555555,2032.43603515625,456479.15625,Port_Harcourt,True,Port_Harcourt,Port_Harcourt,winning,False,285.0,2.0,True
2024-10-01,85,BuyerAgent,Bauchi,1,24.0155029296875,893.8809204101562,,,,,,,,,,
2024-10-01,86,BuyerAgent,Bauchi,1,24.0155029296875,1009.2196655273438,,,,,,,,,,
2024-10-01,87,BuyerAgent,Bauchi,0,24.0155029296875,1009.2196655273438,,,,,,,,,,
2024-10-01,88,BuyerAgent,Bauchi,2,0.0,144.774169921875,,,,,,,,,,
2024-10-01,89,BuyerAgent,Bauchi,0,24.0155029296875,919.3267822265625,,,,,,,,,,
2024-10-01,90,BuyerAgent,Bauchi,2,0.0,170.1324462890625,,,,,,,,,,
2024-10-01,91,BuyerAgent,Bauchi,0,0.0,142.735595703125,,,,,,,,,,
2024-10-01,92,BuyerAgent,Bauchi,2,0.0,142.735595703125,,,,,,,,,,
2024-10-01,93,BuyerAgent,Bauchi,1,0.0,142.735595703125,,,,,,,,,,
2024-10-01,94,BuyerAgent,Bauchi,0,0.0,142.735595703125,,,,,,,,,,
2024-10-01,95,BuyerAgent,Bauchi,2,0.0,142.735595703125,,,,,,,,,,
2024-10-01,96,BuyerAgent,Bauchi,1,0.0,142.735595703125,,,,,,,,,,
2024-10-01,97,BuyerAgent,Bauchi,0,0.0,0.0,,,,,,,,,,
2024-10-01,98,BuyerAgent,Bauchi,0,0.0,0.0,,,,,,,,,,
2024-10-01,99,BuyerAgent,Bauchi,0,0.0,0.0,,,,,,,,,,
2024-10-01,100,BuyerAgent,Bauchi,2,0.0,0.0,,,,,,,,,,
2024-10-01,101,BuyerAgent,Bauchi,2,0.0,0.0,,,,,,,,,,
2024-10-01,102,BuyerAgent,Bauchi,1,0.0,0.0,,,,,,,,,,
2024-10-01,103,BuyerAgent,Bauchi,0,0.0,0.0,,,,,,,,,,
2024-10-01,104,BuyerAgent,Bauchi,2,0.0,0.0,,,,,,,,,,
2024-10-01,105,BuyerAgent,Bauchi,1,0.0,0.0,,,,,,,,,,
2024-10-01,106,BuyerAgent,Bauchi,2,0.0,0.0,,,,,,,,,,
2024-10-01,107,BuyerAgent,Bauchi,0,0.0,0.0,,,,,,,,,,
2024-10-01,108,BuyerAgent,Bauchi,1,0.0,0.0,,,,,,,,,,
2024-10-01,109,BuyerAgent,Bauchi,1,0.0,0.0,,,,,,,,,,
2024-10-01,110,BuyerAgent,Bauchi,0,0.0,0.0,,,,,,,,,,
2024-10-01,111,BuyerAgent,Bauchi,0,0.0,0.0,,,,,,,,,,
2024-10-01,112,BuyerAgent,Bauchi,0,0.0,0.0,,,,,,,,,,
2024-10-01,113,BuyerAgent,Bauchi,0,0.0,0.0,,,,,,,,,,
2024-10-01,114,BuyerAgent,Bauchi,1,0.0,0.0,,,,,,,,,,
2024-10-01,115,TransporterAgent,Bauchi,2,100.0,-578.3748124098123,,,,,,,,,,
2024-10-01,116,TransporterAgent,Bauchi,1,-200.0,-631.0226430976431,,,,,,,,,,
2024-10-01,117,TransporterAgent,Bauchi,3,50.0,300.0,,,,,,,,,,
2024-10-01,118,TransporterAgent,Bauchi,3,50.0,-139.96428571428572,,,,,,,,,,
2024-10-01,119,TransporterAgent,Bauchi,2,100.0,-828.9584764309764,,,,,,,,,,
2024-10-01,120,TransporterAgent,Bauchi,3,50.0,300.0,,,,,,,,,,
2024-10-01,121,TransporterAgent,Bauchi,1,-200.0,-976.1445875420875,,,,,,,,,,
2024-10-01,122,TransporterAgent,Bauchi,3,50.0,-880.7196428571428,,,,,,,,,,
2024-10-01,123,TransporterAgent,Bauchi,0,0.0,13.84854497354496,,,,,,,,,,
2024-10-01,124,TransporterAgent,Bauchi,3,50.0,-221.57150793650794,,,,,,,,,,
2024-10-01,125,BankingAgent,Bauchi,0,-0.0,-16.325000000000003,,,,,,,,,,
2024-10-01,126,BankingAgent,Bauchi,0,-0.0,-13.275,,,,,,,,,,
2024-10-01,127,BankingAgent,Bauchi,0,-0.0,-15.700000000000001,,,,,,,,,,
2024-10-01,129,TraderAgent,Kano,3,20.0,408.2723083496094,500318.09375,Kano,False,,Kano,winning,False,45.12,1.0,False
2024-10-01,130,TraderAgent,Kano,2,-23.5371875,1636.8682861328125,484991.375,Kano,False,Onitsha,Onitsha,winning,False,47.5,4.0,False
2024-10-01,131,TraderAgent,Kano,4,-10.0,317.6099853515625,497191.25,Kano,False,Bauchi,Kano,winning,False,47.5,2.0,False
2024-10-01,132,TraderAgent,Kano,4,-10.0,1504.9808349609375,498339.1875,Kano,False,Bauchi,Kano,winning,False,47.5,4.0,False
2024-10-01,133,TraderAgent,Kano,3,20.0,3062.734619140625,474681.46875,Kano,False,Port_Harcourt,Port_Harcourt,winning,False,45.12,4.0,False
2024-10-01,134,TraderAgent,Kano,2,-23.5371875,1852.1068115234375,485145.1875,Kano,False,Onitsha,Kano,winning,False,47.5,6.0,False
2024-10-01,135,TraderAgent,Kano,0,128.12240600585938,282.25494384765625,496026.4375,Kano,False,Bauchi,Kano,winning,False,47.5,2.0,False
2024-10-01,136,TraderAgent,Kano,2,-23.5371875,1767.84912109375,498534.75,Kano,False,Bauchi,Kano,winning,False,47.5,4.0,False
2024-10-01,137,TraderAgent,Kano,3,20.0,1055.3839111328125,497845.59375,Kano,False,Bauchi,Kano,winning,False,45.12,2.0,False
2024-10-01,138,TraderAgent,Kano,1,80.62136546031749,713.9765625,483721.40625,Onitsha,True,Onitsha,Onitsha,winning,False,47.5,3.0,True
2024-10-01,139,TraderAgent,Kano,3,20.0,3268.622802734375,500320.375,Kano,False,Bauchi,Kano,winning,False,45.12,4.0,False
2024-10-01,140,TraderAgent,Kano,3,20.0,7.1953125,499977.2,Kano,False,,,losing,False,42.75,0.0,False
2024-10-01,141,TraderAgent,Kano,3,20.0,3555.900634765625,500618.125,Kano,False,Bauchi,Kano,winning,False,45.12,4.0,False
2024-10-01,142,TraderAgent,Kano,3,20.0,828.1483154296875,492885.15625,Kano,False,Bauchi,Kano,winning,False,45.12,3.0,False
2024-10-01,143,TraderAgent,Kano,2,-23.5371875,854.7479858398438,500798.5625,Kano,False,,Kano,winning,False,47.5,3.0,False
2024-10-01,144,TraderAgent,Kano,3,20.0,569.347900390625,483932.875,Kano,False,Onitsha,Onitsha,winning,False,45.12,2.0,False
2024-10-01,145,TraderAgent,Kano,1,80.62136546031749,369.4231455285436,458160.6875,Onitsha,True,Onitsha,Onitsha,winning,False,47.5,3.0,True
2024-10-01,146,TraderAgent,Kano,4,-10.0,222.24522962962968,480525.53125,Kano,False,Onitsha,Onitsha,winning,False,47.5,2.0,False
2024-10-01,147,TraderAgent,Kano,4,-10.0,249.34708927875243,480501.625,Kano,False,Onitsha,Onitsha,winning,False,47.5,2.0,False
2024-10-01,148,TraderAgent,Kano,4,-10.0,884.3792724609375,500847.25,Kano,False,,Kano,winning,False,47.5,2.0,False
2024-10-01,149,BuyerAgent,Kano,2,0.0,767.922607421875,,,,,,,,,,
2024-10-01,150,BuyerAgent,Kano,1,0.0,542.5599365234375,,,,,,,,,,
2024-10-01,151,BuyerAgent,Kano,0,0.0,376.08123779296875,,,,,,,,,,
2024-10-01,152,BuyerAgent,Kano,1,0.0,327.8269958496094,,,,,,,,,,
2024-10-01,153,BuyerAgent,Kano,2,0.0,3.052215576171875,,,,,,,,,,
2024-10-01,154,BuyerAgent,Kano,1,0.0,0.0,,,,,,,,,,
2024-10-01,155,BuyerAgent,Kano,1,0.0,283.8130187988281,,,,,,,,,,
2024-10-01,156,BuyerAgent,Kano,1,0.0,67.26821899414062,,,,,,,,,,
2024-10-01,157,BuyerAgent,Kano,0,0.0,283.8130187988281,,,,,,,,,,
2024-10-01,158,BuyerAgent,Kano,2,0.0,0.0,,,,,,,,,,
2024-10-01,159,BuyerAgent,Kano,1,0.0,280.76080322265625,,,,,,,,,,
2024-10-01,160,BuyerAgent,Kano,0,0.0,280.76080322265625,,,,,,,,,,
2024-10-01,161,BuyerAgent,Kano,1,0.0,44.01397705078125,,,,,,,,,,
2024-10-01,162,BuyerAgent,Kano,0,0.0,3.052215576171875,,,,,,,,,,
2024-10-01,163,BuyerAgent,Kano,2,0.0,3.052215576171875,,,,,,,,,,
2024-10-01,164,BuyerAgent,Kano,2,0.0,3.052215576171875,,,,,,,,,,
2024-10-01,165,BuyerAgent,Kano,2,0.0,0.0,,,,,,,,,,
2024-10-01,166,BuyerAgent,Kano,1,0.0,0.0,,,,,,,,,,
2024-10-01,167,BuyerAgent,Kano,1,0.0,0.0,,,,,,,,,,
2024-10-01,168,BuyerAgent,Kano,1,0.0,0.0,,,,,,,,,,
2024-10-01,169,BuyerAgent,Kano,2,0.0,0.0,,,,,,,,,,
2024-10-01,170,BuyerAgent,Kano,0,0.0,0.0,,,,,,,,,,
2024-10-01,171,BuyerAgent,Kano,1,0.0,0.0,,,,,,,,,,
2024-10-01,172,BuyerAgent,Kano,0,0.0,0.0,,,,,,,,,,
2024-10-01,173,BuyerAgent,Kano,2,0.0,0.0,,,,,,,,,,
2024-10-01,174,BuyerAgent,Kano,1,0.0,0.0,,,,,,,,,,
2024-10-01,175,BuyerAgent,Kano,1,0.0,0.0,,,,,,,,,,
2024-10-01,176,BuyerAgent,Kano,2,0.0,0.0,,,,,,,,,,
2024-10-01,177,BuyerAgent,Kano,1,0.0,0.0,,,,,,,,,,
2024-10-01,178,BuyerAgent,Kano,1,0.0,0.0,,,,,,,,,,
2024-10-01,179,TransporterAgent,Kano,3,50.0,176.5310885040885,,,,,,,,,,
2024-10-01,180,TransporterAgent,Kano,1,-200.0,-382.598,,,,,,,,,,
2024-10-01,181,TransporterAgent,Kano,3,50.0,-459.6596560846561,,,,,,,,,,
2024-10-01,182,TransporterAgent,Kano,2,100.0,23.966727513227497,,,,,,,,,,
2024-10-01,183,TransporterAgent,Kano,0,2.8426944444444326,155.42326587301585,,,,,,,,,,
2024-10-01,184,TransporterAgent,Kano,1,-200.0,-986.1107142857143,,,,,,,,,,
2024-10-01,185,TransporterAgent,Kano,0,2.8426944444444326,-561.9787341269841,,,,,,,,,,
2024-10-01,186,TransporterAgent,Kano,2,100.0,-432.59799999999996,,,,,,,,,,
2024-10-01,187,TransporterAgent,Kano,3,50.0,-83.5,,,,,,,,,,
2024-10-01,188,TransporterAgent,Kano,2,100.0,-70.51878306878308,,,,,,,,,,
2024-10-01,189,BankingAgent,Kano,2,-1.3624999999999998,-19.650000000000002,,,,,,,,,,
2024-10-01,190,BankingAgent,Kano,0,-0.0,-35.75000000000001,,,,,,,,,,
2024-10-01,191,BankingAgent,Kano,2,-1.3624999999999998,-27.125000000000007,,,,,,,,,,
2024-10-01,193,TraderAgent,Lagos,0,3940.3291015625,9677.0302734375,498615.28125,Lagos,False,Onitsha,Onitsha,winning,False,672.5,5.0,False
2024-10-01,194,TraderAgent,Lagos,0,1802.8289794921875,6271.2998046875,495195.8125,Lagos,False,Onitsha,Lagos,winning,False,695.0,3.0,False
2024-10-01,195,TraderAgent,Lagos,1,137.33352170542634,7712.01123046875,487262.28125,Onitsha,True,Onitsha,Onitsha,winning,False,728.75,5.0,True
2024-10-01,196,TraderAgent,Lagos,4,-10.0,5467.294921875,494548.90625,Lagos,False,Onitsha,Lagos,winning,False,728.75,3.0,False
2024-10-01,197,TraderAgent,Lagos,2,-34.675625,7223.697265625,448269.15625,Lagos,False,Onitsha,Lagos,winning,False,728.75,5.0,False
2024-10-01,198,TraderAgent,Lagos,1,137.33352170542634,5118.2978515625,484695.875,Onitsha,True,Onitsha,Onitsha,winning,False,672.5,2.0,True
2024-10-01,199,TraderAgent,Lagos,2,-34.675625,2281.878173828125,496784.59375,Lagos,False,Onitsha,Onitsha,winning,False,695.0,2.0,False
2024-10-01,200,TraderAgent,Lagos,0,1971.5789794921875,9931.12890625,493525.6875,Lagos,False,Onitsha,Lagos,winning,False,728.75,5.0,False
2024-10-01,201,TraderAgent,Lagos,2,-34.675625,4349.9599609375,498764.8125,Lagos,False,Onitsha,Onitsha,winning,False,695.0,2.0,False
2024-10-01,202,TraderAgent,Lagos,1,137.33352170542634,4315.197265625,489304.875,Onitsha,True,Onitsha,Onitsha,winning,False,695.0,2.0,True
2024-10-01,203,TraderAgent,Lagos,4,-10.0,1761.611083984375,501724.375,Lagos,False,,Lagos,winning,False,728.75,1.0,False
2024-10-01,204,TraderAgent,Lagos,0,1802.8289794921875,6414.986328125,441977.5625,Lagos,False,Onitsha,Lagos,winning,False,695.0,4.0,False
2024-10-01,205,TraderAgent,Lagos,2,-34.675625,7636.2568359375,496710.09375,Lagos,False,Onitsha,Onitsha,winning,False,695.0,4.0,False
2024-10-01,206,TraderAgent,Lagos,2,-34.675625,7120.6005859375,495959.625,Lagos,False,Onitsha,Onitsha,winning,False,695.0,3.0,False
2024-10-01,207,TraderAgent,Lagos,3,20.0,6689.775390625,442200.625,Lagos,False,Onitsha,Lagos,winning,False,660.25,4.0,False
2024-10-01,208,TraderAgent,Lagos,1,137.33352170542634,2059.489501953125,487354.09375,Onitsha,True,Onitsha,Onitsha,winning,False,650.0,1.0,True
2024-10-01,209,TraderAgent,Lagos,1,137.33352170542634,5800.16064453125,485583.625,Onitsha,True,Onitsha,Onitsha,winning,False,695.0,3.0,True
2024-10-01,210,TraderAgent,Lagos,1,137.33352170542634,8659.3740234375,482693.375,Onitsha,True,Onitsha,Onitsha,winning,False,728.75,4.0,True
2024-10-01,211,TraderAgent,Lagos,0,3940.3291015625,8517.6552734375,491989.40625,Lagos,False,Onitsha,Onitsha,winning,False,672.5,3.0,False
2024-10-01,212,TraderAgent,Lagos,2,-34.675625,5194.7490234375,499599.4375,Lagos,False,Onitsha,Lagos,winning,False,695.0,3.0,False
2024-10-01,213,BuyerAgent,Lagos,1,309.6710205078125,1528.68408203125,,,,,,,,,,
2024-10-01,214,BuyerAgent,Lagos,2,0.0,1036.6375732421875,,,,,,,,,,
2024-10-01,215,BuyerAgent,Lagos,1,309.6710205078125,1382.6971435546875,,,,,,,,,,
2024-10-01,216,BuyerAgent,Lagos,1,197.1710205078125,982.1343994140625,,,,,,,,,,
2024-10-01,217,BuyerAgent,Lagos,2,0.0,696.8701171875,,,,,,,,,,
2024-10-01,218,BuyerAgent,Lagos,0,197.1710205078125,1062.4432373046875,,,,,,,,,,
2024-10-01,219,BuyerAgent,Lagos,2,0.0,428.7188720703125,,,,,,,,,,
2024-10-01,220,BuyerAgent,Lagos,1,28.4210205078125,533.2745361328125,,,,,,,,,,
2024-10-01,221,BuyerAgent,Lagos,1,0.0,89.796142578125,,,,,,,,,,
2024-10-01,222,BuyerAgent,Lagos,1,0.0,265.35888671875,,,,,,,,,,
2024-10-01,223,BuyerAgent,Lagos,2,0.0,454.5562744140625,,,,,,,,,,
2024-10-01,224,BuyerAgent,Lagos,0,0.0,364.7601318359375,,,,,,,,,,
2024-10-01,225,BuyerAgent,Lagos,2,0.0,0.0,,,,,,,,,,
2024-10-01,226,BuyerAgent,Lagos,0,0.0,189.1973876953125,,,,,,,,,,
2024-10-01,227,BuyerAgent,Lagos,2,0.0,0.0,,,,,,,,,,
2024-10-01,228,BuyerAgent,Lagos,1,0.0,0.0,,,,,,,,,,
2024-10-01,229,BuyerAgent,Lagos,0,0.0,0.0,,,,,,,,,,
2024-10-01,230,BuyerAgent,Lagos,1,0.0,0.0,,,,,,,,,,
2024-10-01,231,BuyerAgent,Lagos,2,0.0,0.0,,,,,,,,,,
2024-10-01,232,BuyerAgent,Lagos,2,0.0,0.0,,,,,,,,,,
2024-10-01,233,BuyerAgent,Lagos,0,0.0,0.0,,,,,,,,,,
2024-10-01,234,BuyerAgent,Lagos,1,0.0,0.0,,,,,,,,,,
2024-10-01,235,BuyerAgent,Lagos,1,0.0,0.0,,,,,,,,,,
2024-10-01,236,BuyerAgent,Lagos,2,0.0,0.0,,,,,,,,,,
2024-10-01,237,BuyerAgent,Lagos,2,0.0,0.0,,,,,,,,,,
2024-10-01,238,BuyerAgent,Lagos,0,0.0,0.0,,,,,,,,,,
2024-10-01,239,BuyerAgent,Lagos,0,0.0,0.0,,,,,,,,,,
2024-10-01,240,BuyerAgent,Lagos,2,0.0,0.0,,,,,,,,,,
2024-10-01,241,BuyerAgent,Lagos,1,0.0,0.0,,,,,,,,,,
2024-10-01,242,BuyerAgent,Lagos,2,0.0,0.0,,,,,,,,,,
2024-10-01,243,TransporterAgent,Lagos,3,50.0,-9.426449886972335,,,,,,,,,,
2024-10-01,244,TransporterAgent,Lagos,1,-200.0,-850.0,,,,,,,,,,
2024-10-01,245,TransporterAgent,Lagos,2,100.0,-216.20342307692306,,,,,,,,,,
2024-10-01,246,TransporterAgent,Lagos,3,50.0,-594.238386895784,,,,,,,,,,
2024-10-01,247,TransporterAgent,Lagos,3,50.0,-464.6256156539538,,,,,,,,,,
2024-10-01,248,TransporterAgent,Lagos,2,100.0,-824.903660671286,,,,,,,,,,
2024-10-01,249,TransporterAgent,Lagos,1,-200.0,-731.5765,,,,,,,,,,
2024-10-01,250,TransporterAgent,Lagos,2,100.0,84.38776470588235,,,,,,,,,,
2024-10-01,251,TransporterAgent,Lagos,3,50.0,167.171,,,,,,,,,,
2024-10-01,252,TransporterAgent,Lagos,1,-200.0,-1082.7832352941177,,,,,,,,,,
2024-10-01,253,BankingAgent,Lagos,2,-1.3624999999999998,-25.500000000000004,,,,,,,,,,
2024-10-01,254,BankingAgent,Lagos,2,-1.3624999999999998,-17.775000000000006,,,,,,,,,,
2024-10-01,255,BankingAgent,Lagos,1,-2.7249999999999996,-21.97500000000001,,,,,,,,,,
2024-10-01,257,TraderAgent,Onitsha,3,20.0,3157.4453125,486908.90625,Onitsha,False,Lagos,Onitsha,winning,False,439.38,4.0,False
2024-10-01,258,TraderAgent,Onitsha,4,-10.0,3291.33544921875,503151.03125,Onitsha,False,,Onitsha,winning,False,475.0,3.0,False
2024-10-01,259,TraderAgent,Onitsha,3,20.0,6207.1396484375,491589.3125,Onitsha,False,Lagos,Onitsha,winning,False,439.38,5.0,False
2024-10-01,260,TraderAgent,Onitsha,0,0.0,361.44096408571426,487861.1875,Onitsha,False,Port_Harcourt,Port_Harcourt,winning,False,475.0,2.0,False
2024-10-01,261,TraderAgent,Onitsha,3,20.0,19334.6484375,507612.75,Onitsha,False,Lagos,Lagos,winning,False,451.25,5.0,False
2024-10-01,262,TraderAgent,Onitsha,0,0.0,8.442169442857107,491890.90625,Onitsha,False,Port_Harcourt,Port_Harcourt,losing,False,475.0,1.0,False
2024-10-01,263,TraderAgent,Onitsha,0,0.0,2288.023681640625,494016.4375,Onitsha,False,Port_Harcourt,Port_Harcourt,winning,False,475.0,3.0,False
2024-10-01,264,TraderAgent,Onitsha,1,155.2067988095238,2204.97900390625,488885.28125,Lagos,True,Lagos,Lagos,winning,False,462.5,2.0,True
2024-10-01,265,TraderAgent,Onitsha,0,0.0,3266.708251953125,495048.8125,Onitsha,False,Port_Harcourt,Port_Harcourt,winning,False,475.0,4.0,False
2024-10-01,266,TraderAgent,Onitsha,0,1279.7943115234375,18686.0234375,513580.4375,Onitsha,False,Port_Harcourt,Onitsha,winning,False,475.0,4.0,False
2024-10-01,267,TraderAgent,Onitsha,0,1279.7943115234375,17602.759765625,510316.46875,Onitsha,False,Lagos,Onitsha,winning,False,475.0,3.0,False
2024-10-01,268,TraderAgent,Onitsha,4,-10.0,18053.662109375,499175.09375,Onitsha,False,Lagos,Lagos,winning,False,475.0,4.0,False
2024-10-01,269,TraderAgent,Onitsha,4,-10.0,4049.430419921875,489494.46875,Onitsha,False,Lagos,Lagos,winning,False,475.0,4.0,False
2024-10-01,270,TraderAgent,Onitsha,1,155.2067988095238,2482.570068359375,470558.25,Lagos,True,Lagos,Lagos,winning,False,475.0,3.0,True
2024-10-01,271,TraderAgent,Onitsha,4,-10.0,5180.9013671875,490753.0,Onitsha,False,Lagos,Lagos,winning,False,475.0,5.0,False
2024-10-01,272,TraderAgent,Onitsha,0,0.0,3524.018798828125,488064.375,Onitsha,False,Port_Harcourt,Port_Harcourt,winning,False,475.0,4.0,False
2024-10-01,273,TraderAgent,Onitsha,0,1279.7943115234375,2509.44189453125,502471.5625,Onitsha,False,,Onitsha,winning,False,475.0,2.0,False
2024-10-01,274,TraderAgent,Onitsha,0,0.0,1414.935791015625,493221.15625,Onitsha,False,Port_Harcourt,Port_Harcourt,winning,False,475.0,2.0,False
2024-10-01,275,TraderAgent,Onitsha,4,-10.0,1717.6650390625,489552.46875,Onitsha,False,Lagos,Lagos,winning,False,475.0,2.0,False
2024-10-01,276,TraderAgent,Onitsha,1,155.2067988095238,2529.874755859375,481927.625,Lagos,True,Lagos,Lagos,winning,False,475.0,2.0,True
2024-10-01,277,BuyerAgent,Onitsha,1,0.0,2782.84716796875,,,,,,,,,,
2024-10-01,278,BuyerAgent,Onitsha,0,0.0,337.5946044921875,,,,,,,,,,
2024-10-01,279,BuyerAgent,Onitsha,2,0.0,2637.4638671875,,,,,,,,,,
2024-10-01,280,BuyerAgent,Onitsha,1,0.0,2457.84130859375,,,,,,,,,,
2024-10-01,281,BuyerAgent,Onitsha,1,0.0,2138.2255859375,,,,,,,,,,
2024-10-01,282,BuyerAgent,Onitsha,2,0.0,209.4775390625,,,,,,,,,,
2024-10-01,283,BuyerAgent,Onitsha,0,0.0,114.86572265625,,,,,,,,,,
2024-10-01,284,BuyerAgent,Onitsha,2,0.0,516.78466796875,,,,,,,,,,
2024-10-01,285,BuyerAgent,Onitsha,0,0.0,112.2698974609375,,,,,,,,,,
2024-10-01,286,BuyerAgent,Onitsha,0,0.0,81.982421875,,,,,,,,,,
2024-10-01,287,BuyerAgent,Onitsha,0,0.0,155.35491943359375,,,,,,,,,,
2024-10-01,288,BuyerAgent,Onitsha,0,0.0,140.49896240234375,,,,,,,,,,
2024-10-01,289,BuyerAgent,Onitsha,0,0.0,10.87249755859375,,,,,,,,,,
2024-10-01,290,BuyerAgent,Onitsha,2,0.0,10.87249755859375,,,,,,,,,,
2024-10-01,291,BuyerAgent,Onitsha,0,0.0,0.0,,,,,,,,,,
2024-10-01,292,BuyerAgent,Onitsha,1,0.0,0.0,,,,,,,,,,
2024-10-01,293,BuyerAgent,Onitsha,1,0.0,0.0,,,,,,,,,,
2024-10-01,294,BuyerAgent,Onitsha,2,0.0,0.0,,,,,,,,,,
2024-10-01,295,BuyerAgent,Onitsha,0,0.0,0.0,,,,,,,,,,
2024-10-01,296,BuyerAgent,Onitsha,0,0.0,0.0,,,,,,,,,,
2024-10-01,297,BuyerAgent,Onitsha,1,0.0,0.0,,,,,,,,,,
2024-10-01,298,BuyerAgent,Onitsha,1,0.0,0.0,,,,,,,,,,
2024-10-01,299,BuyerAgent,Onitsha,1,0.0,0.0,,,,,,,,,,
2024-10-01,300,BuyerAgent,Onitsha,2,0.0,0.0,,,,,,,,,,
2024-10-01,301,BuyerAgent,Onitsha,2,0.0,0.0,,,,,,,,,,
2024-10-01,302,BuyerAgent,Onitsha,1,0.0,0.0,,,,,,,,,,
2024-10-01,303,BuyerAgent,Onitsha,1,0.0,0.0,,,,,,,,,,
2024-10-01,304,BuyerAgent,Onitsha,0,0.0,0.0,,,,,,,,,,
2024-10-01,305,BuyerAgent,Onitsha,1,0.0,0.0,,,,,,,,,,
2024-10-01,306,BuyerAgent,Onitsha,0,0.0,0.0,,,,,,,,,,
2024-10-01,307,TransporterAgent,Onitsha,3,50.0,-25.938819584728435,,,,,,,,,,
2024-10-01,308,TransporterAgent,Onitsha,3,50.0,-129.78813220854255,,,,,,,,,,
2024-10-01,309,TransporterAgent,Onitsha,3,50.0,184.00740000000002,,,,,,,,,,
2024-10-01,310,TransporterAgent,Onitsha,0,9.456062499999998,33.8306762486049,,,,,,,,,,
2024-10-01,311,TransporterAgent,Onitsha,0,9.456062499999998,-190.85737083333333,,,,,,,,,,
2024-10-01,312,TransporterAgent,Onitsha,3,50.0,-550.0,,,,,,,,,,
2024-10-01,313,TransporterAgent,Onitsha,2,100.0,-423.23571428571427,,,,,,,,,,
2024-10-01,314,TransporterAgent,Onitsha,1,-200.0,56.474613748604895,,,,,,,,,,
2024-10-01,315,TransporterAgent,Onitsha,2,100.0,-300.3134333333333,,,,,,,,,,
2024-10-01,316,TransporterAgent,Onitsha,1,-200.0,-975.5551,,,,,,,,,,
2024-10-01,317,BankingAgent,Onitsha,2,-1.3624999999999998,-19.450000000000003,,,,,,,,,,
2024-10-01,318,BankingAgent,Onitsha,0,-0.0,-32.775000000000006,,,,,,,,,,
2024-10-01,319,BankingAgent,Onitsha,1,-2.7249999999999996,-23.675000000000004,,,,,,,,,,
2024-10-01,321,TraderAgent,Port_Harcourt,3,20.0,11540.115234375,506340.375,Port_Harcourt,False,Onitsha,Onitsha,winning,False,1059.25,3.0,False
2024-10-01,322,TraderAgent,Port_Harcourt,2,-34.675625,7935.1259765625,505373.75,Port_Harcourt,False,Onitsha,Onitsha,winning,False,1115.0,2.0,False
2024-10-01,323,TraderAgent,Port_Harcourt,0,9151.0390625,13234.5615234375,510524.6875,Port_Harcourt,False,Onitsha,Onitsha,winning,False,1092.5,3.0,False
2024-10-01,324,TraderAgent,Port_Harcourt,0,2626.038818359375,4265.24267578125,504117.8125,Port_Harcourt,False,,Port_Harcourt,winning,False,1137.5,2.0,False
2024-10-01,325,TraderAgent,Port_Harcourt,1,165.16469658333335,8922.8505859375,499954.625,Onitsha,True,Onitsha,Onitsha,winning,False,1227.5,3.0,True
2024-10-01,326,TraderAgent,Port_Harcourt,0,9151.0390625,15275.52734375,510058.1875,Port_Harcourt,False,Onitsha,Onitsha,winning,False,1092.5,3.0,False
2024-10-01,327,TraderAgent,Port_Harcourt,0,3132.288818359375,14496.708984375,511804.625,Port_Harcourt,False,Onitsha,Port_Harcourt,winning,False,1238.75,4.0,False
2024-10-01,328,TraderAgent,Port_Harcourt,0,3301.038818359375,21452.3984375,516185.3125,Port_Harcourt,False,Onitsha,Port_Harcourt,winning,False,1272.5,5.0,False
2024-10-01,329,TraderAgent,Port_Harcourt,3,20.0,10971.6201171875,505772.625,Port_Harcourt,False,Onitsha,Port_Harcourt,winning,False,1208.88,3.0,False
2024-10-01,330,TraderAgent,Port_Harcourt,3,20.0,7666.3798828125,504947.1875,Port_Harcourt,False,Onitsha,Port_Harcourt,winning,False,1166.12,3.0,False
2024-10-01,331,TraderAgent,Port_Harcourt,4,-10.0,15310.404296875,510048.1875,Port_Harcourt,False,Onitsha,Onitsha,winning,False,1115.0,4.0,False
2024-10-01,332,TraderAgent,Port_Harcourt,0,3588.538818359375,3660.10595703125,455493.90625,Port_Harcourt,False,Onitsha,Port_Harcourt,losing,False,1330.0,2.0,False
2024-10-01,333,TraderAgent,Port_Harcourt,4,-10.0,6481.74462890625,503885.5625,Port_Harcourt,False,Onitsha,Port_Harcourt,winning,False,1238.75,2.0,False
2024-10-01,334,TraderAgent,Port_Harcourt,1,165.16469658333335,4600.86328125,498156.1875,Onitsha,True,Onitsha,Onitsha,winning,False,1272.5,2.0,True
2024-10-01,335,TraderAgent,Port_Harcourt,4,-10.0,6085.3056640625,505991.625,Port_Harcourt,False,,Port_Harcourt,winning,False,1272.5,3.0,False
2024-10-01,336,TraderAgent,Port_Harcourt,3,20.0,16616.998046875,511358.46875,Port_Harcourt,False,Onitsha,Port_Harcourt,winning,False,1208.88,5.0,False
2024-10-01,337,TraderAgent,Port_Harcourt,1,165.16469658333335,12640.3505859375,501088.75,Onitsha,True,Onitsha,Onitsha,winning,False,1272.5,3.0,True
2024-10-01,338,TraderAgent,Port_Harcourt,1,165.16469658333335,6516.5302734375,451888.90625,Onitsha,True,Onitsha,Onitsha,winning,False,1238.75,4.0,True
2024-10-01,339,TraderAgent,Port_Harcourt,3,20.0,10697.095703125,505468.625,Port_Harcourt,False,Onitsha,Port_Harcourt,winning,False,1166.12,3.0,False
2024-10-01,340,TraderAgent,Port_Harcourt,0,9151.0390625,20542.646484375,515251.75,Port_Harcourt,False,Onitsha,Onitsha,winning,False,1092.5,5.0,False
2024-10-01,341,BuyerAgent,Port_Harcourt,2,0.0,5021.294921875,,,,,,,,,,
2024-10-01,342,BuyerAgent,Port_Harcourt,2,0.0,5613.69384765625,,,,,,,,,,
2024-10-01,343,BuyerAgent,Port_Harcourt,0,1098.961181640625,4782.6884765625,,,,,,,,,,
2024-10-01,344,BuyerAgent,Port_Harcourt,1,1098.961181640625,2652.75634765625,,,,,,,,,,
2024-10-01,345,BuyerAgent,Port_Harcourt,1,1098.961181640625,4754.39208984375,,,,,,,,,,
2024-10-01,346,BuyerAgent,Port_Harcourt,2,0.0,3190.3447265625,,,,,,,,,,
2024-10-01,347,BuyerAgent,Port_Harcourt,0,873.961181640625,6286.2421875,,,,,,,,,,
2024-10-01,348,BuyerAgent,Port_Harcourt,1,367.711181640625,3477.53466796875,,,,,,,,,,
2024-10-01,349,BuyerAgent,Port_Harcourt,1,198.961181640625,2587.832763671875,,,,,,,,,,
2024-10-01,350,BuyerAgent,Port_Harcourt,2,0.0,673.3489990234375,,,,,,,,,,
2024-10-01,351,BuyerAgent,Port_Harcourt,2,0.0,1217.401123046875,,,,,,,,,,
2024-10-01,352,BuyerAgent,Port_Harcourt,0,0.0,1034.0081787109375,,,,,,,,,,
2024-10-01,353,BuyerAgent,Port_Harcourt,0,0.0,284.0081787109375,,,,,,,,,,
2024-10-01,354,BuyerAgent,Port_Harcourt,0,0.0,284.0081787109375,,,,,,,,,,
2024-10-01,355,BuyerAgent,Port_Harcourt,1,0.0,184.0081787109375,,,,,,,,,,
2024-10-01,356,BuyerAgent,Port_Harcourt,1,0.0,0.0,,,,,,,,,,
2024-10-01,357,BuyerAgent,Port_Harcourt,1,0.0,0.0,,,,,,,,,,
2024-10-01,358,BuyerAgent,Port_Harcourt,2,0.0,0.0,,,,,,,,,,
2024-10-01,359,BuyerAgent,Port_Harcourt,2,0.0,0.0,,,,,,,,,,
2024-10-01,360,BuyerAgent,Port_Harcourt,2,0.0,0.0,,,,,,,,,,
2024-10-01,361,BuyerAgent,Port_Harcourt,0,0.0,0.0,,,,,,,,,,
2024-10-01,362,BuyerAgent,Port_Harcourt,0,0.0,184.0081787109375,,,,,,,,,,
2024-10-01,363,BuyerAgent,Port_Harcourt,1,0.0,0.0,,,,,,,,,,
2024-10-01,364,BuyerAgent,Port_Harcourt,0,0.0,0.0,,,,,,,,,,
2024-10-01,365,BuyerAgent,Port_Harcourt,0,0.0,0.0,,,,,,,,,,
2024-10-01,366,BuyerAgent,Port_Harcourt,2,0.0,0.0,,,,,,,,,,
2024-10-01,367,BuyerAgent,Port_Harcourt,2,0.0,0.0,,,,,,,,,,
2024-10-01,368,BuyerAgent,Port_Harcourt,2,0.0,0.0,,,,,,,,,,
2024-10-01,369,BuyerAgent,Port_Harcourt,2,0.0,0.0,,,,,,,,,,
2024-10-01,370,BuyerAgent,Port_Harcourt,1,0.0,0.0,,,,,,,,,,
2024-10-01,371,TransporterAgent,Port_Harcourt,3,50.0,-373.7368181818182,,,,,,,,,,
2024-10-01,372,TransporterAgent,Port_Harcourt,0,1.1991723484847625,-256.2940094696971,,,,,,,,,,
2024-10-01,373,TransporterAgent,Port_Harcourt,0,1.1991723484847625,199.87971654040396,,,,,,,,,,
2024-10-01,374,TransporterAgent,Port_Harcourt,2,100.0,-473.30334848484847,,,,,,,,,,
2024-10-01,375,TransporterAgent,Port_Harcourt,0,1.1991723484847625,-569.6273579545455,,,,,,,,,,
2024-10-01,376,TransporterAgent,Port_Harcourt,0,1.1991723484847625,-768.1370056818182,,,,,,,,,,
2024-10-01,377,TransporterAgent,Port_Harcourt,2,100.0,-369.26263762626263,,,,,,,,,,
2024-10-01,378,TransporterAgent,Port_Harcourt,1,-200.0,-520.78,,,,,,,,,,
2024-10-01,379,TransporterAgent,Port_Harcourt,1,-200.0,-440.6227449494949,,,,,,,,,,
2024-10-01,380,TransporterAgent,Port_Harcourt,2,100.0,-335.92727272727274,,,,,,,,,,
2024-10-01,381,BankingAgent,Port_Harcourt,2,-1.3624999999999998,-27.925000000000004,,,,,,,,,,
2024-10-01,382,BankingAgent,Port_Harcourt,2,-1.3624999999999998,-19.650000000000006,,,,,,,,,,
2024-10-01,383,BankingAgent,Port_Harcourt,1,-2.7249999999999996,-18.525,,,,,,,,,,
2024-11-01,1,TraderAgent,Abuja,2,-35.0625,13478.2236328125,505341.90625,Abuja,False,Onitsha,Abuja,winning,False,925.0,3.0,False
2024-11-01,2,TraderAgent,Abuja,3,20.0,15745.91796875,441464.6875,Abuja,False,Onitsha,Onitsha,winning,False,793.25,3.0,False
2024-11-01,3,TraderAgent,Abuja,3,20.0,13029.2548828125,504778.1875,Abuja,False,Onitsha,Onitsha,winning,False,793.25,5.0,False
2024-11-01,4,TraderAgent,Abuja,0,2076.677734375,25392.607421875,500885.4375,Abuja,False,Onitsha,Abuja,winning,False,835.0,6.0,False
2024-11-01,5,TraderAgent,Abuja,3,20.0,15119.7294921875,498844.625,Abuja,False,Onitsha,Abuja,winning,False,902.5,4.0,False
2024-11-01,6,TraderAgent,Abuja,0,5714.177734375,16345.318359375,499958.90625,Abuja,False,Onitsha,Onitsha,winning,False,812.5,3.0,False
2024-11-01,7,TraderAgent,Abuja,0,2076.677734375,28470.986328125,446076.75,Abuja,False,Onitsha,Abuja,winning,False,835.0,6.0,False
2024-11-01,8,TraderAgent,Abuja,1,151.23400769230767,22745.306640625,493727.15625,Onitsha,True,Onitsha,Onitsha,winning,False,925.0,7.0,True
2024-11-01,9,TraderAgent,Abuja,4,-10.0,9989.7109375,451958.40625,Abuja,False,Onitsha,Abuja,winning,False,925.0,4.0,False
2024-11-01,10,TraderAgent,Abuja,2,-35.0625,12840.1826171875,504622.40625,Abuja,False,Onitsha,Abuja,winning,False,950.0,3.0,False
2024-11-01,11,TraderAgent,Abuja,0,2076.677734375,23039.357421875,498582.0,Abuja,False,Onitsha,Abuja,winning,False,835.0,4.0,False
2024-11-01,12,TraderAgent,Abuja,0,1964.1778564453125,11533.5859375,495051.84375,Abuja,False,Onitsha,Abuja,winning,False,812.5,5.0,False
2024-11-01,13,TraderAgent,Abuja,0,5714.177734375,16038.8681640625,507652.625,Abuja,False,Onitsha,Onitsha,winning,False,812.5,5.0,False
2024-11-01,14,TraderAgent,Abuja,3,20.0,1167.896240234375,501077.0,Abuja,False,,Abuja,winning,False,771.88,1.0,False
2024-11-01,15,TraderAgent,Abuja,0,2076.677734375,15781.12109375,499414.03125,Abuja,False,Onitsha,Abuja,winning,False,835.0,5.0,False
2024-11-01,16,TraderAgent,Abuja,4,-10.0,9620.404296875,443516.375,Abuja,False,Onitsha,Onitsha,winning,False,835.0,2.0,False
2024-11-01,17,TraderAgent,Abuja,0,2076.677734375,20144.232421875,495745.5625,Abuja,False,Onitsha,Abuja,winning,False,835.0,5.0,False
2024-11-01,18,TraderAgent,Abuja,2,-35.0625,18296.330078125,510018.03125,Abuja,False,Onitsha,Abuja,winning,False,925.0,7.0,False
2024-11-01,19,TraderAgent,Abuja,3,20.0,5618.6455078125,497470.125,Abuja,False,Onitsha,Onitsha,winning,False,771.88,1.0,False
2024-11-01,20,TraderAgent,Abuja,4,-10.0,9016.0615234375,508861.53125,Abuja,False,,Abuja,winning,False,950.0,5.0,False
2024-11-01,21,BuyerAgent,Abuja,0,535.8221435546875,5850.08349609375,,,,,,,,,,
2024-11-01,22,BuyerAgent,Abuja,2,0.0,2607.36572265625,,,,,,,,,,
2024-11-01,23,BuyerAgent,Abuja,1,535.8221435546875,4502.72119140625,,,,,,,,,,
2024-11-01,24,BuyerAgent,Abuja,1,535.8221435546875,2812.779296875,,,,,,,,,,
2024-11-01,25,BuyerAgent,Abuja,1,423.3221435546875,4013.51171875,,,,,,,,,,
2024-11-01,26,BuyerAgent,Abuja,1,423.3221435546875,3780.2890625,,,,,,,,,,
2024-11-01,27,BuyerAgent,Abuja,0,423.3221435546875,1551.868896484375,,,,,,,,,,
2024-11-01,28,BuyerAgent,Abuja,0,423.3221435546875,4059.34130859375,,,,,,,,,,
2024-11-01,29,BuyerAgent,Abuja,2,0.0,2705.03466796875,,,,,,,,,,
2024-11-01,30,BuyerAgent,Abuja,1,423.3221435546875,3069.10107421875,,,,,,,,,,
2024-11-01,31,BuyerAgent,Abuja,2,0.0,1435.33935546875,,,,,,,,,,
2024-11-01,32,BuyerAgent,Abuja,2,0.0,172.83538818359375,,,,,,,,,,
2024-11-01,33,BuyerAgent,Abuja,2,0.0,1265.138916015625,,,,,,,,,,
2024-11-01,34,BuyerAgent,Abuja,0,0.0,2396.519775390625,,,,,,,,,,
2024-11-01,35,BuyerAgent,Abuja,0,0.0,1222.862548828125,,,,,,,,,,
2024-11-01,36,BuyerAgent,Abuja,2,0.0,22.862548828125,,,,,,,,,,
2024-11-01,37,BuyerAgent,Abuja,1,0.0,14.522705078125,,,,,,,,,,
2024-11-01,38,BuyerAgent,Abuja,0,0.0,0.0,,,,,,,,,,
2024-11-01,39,BuyerAgent,Abuja,2,0.0,0.0,,,,,,,,,,
2024-11-01,40,BuyerAgent,Abuja,0,0.0,0.0,,,,,,,,,,
2024-11-01,41,BuyerAgent,Abuja,2,0.0,0.0,,,,,,,,,,
2024-11-01,42,BuyerAgent,Abuja,2,0.0,0.0,,,,,,,,,,
2024-11-01,43,BuyerAgent,Abuja,0,0.0,0.0,,,,,,,,,,
2024-11-01,44,BuyerAgent,Abuja,1,0.0,0.0,,,,,,,,,,
2024-11-01,45,BuyerAgent,Abuja,1,0.0,0.0,,,,,,,,,,
2024-11-01,46,BuyerAgent,Abuja,2,0.0,0.0,,,,,,,,,,
2024-11-01,47,BuyerAgent,Abuja,2,0.0,0.0,,,,,,,,,,
2024-11-01,48,BuyerAgent,Abuja,1,0.0,0.0,,,,,,,,,,
2024-11-01,49,BuyerAgent,Abuja,2,0.0,0.0,,,,,,,,,,
2024-11-01,50,BuyerAgent,Abuja,1,0.0,0.0,,,,,,,,,,
2024-11-01,51,TransporterAgent,Abuja,1,-200.0,-419.5499083333333,,,,,,,,,,
2024-11-01,52,TransporterAgent,Abuja,0,3.7344500000000016,-319.60227499999996,,,,,,,,,,
2024-11-01,53,TransporterAgent,Abuja,1,-200.0,-262.831725,,,,,,,,,,
2024-11-01,54,TransporterAgent,Abuja,2,100.0,-60.09655000000001,,,,,,,,,,
2024-11-01,55,TransporterAgent,Abuja,3,50.0,59.327349999999996,,,,,,,,,,
2024-11-01,56,TransporterAgent,Abuja,3,50.0,-769.22355,,,,,,,,,,
2024-11-01,57,TransporterAgent,Abuja,0,3.7344500000000016,-434.17338333333333,,,,,,,,,,
2024-11-01,58,TransporterAgent,Abuja,0,3.7344500000000016,-150.17837499999996,,,,,,,,,,
2024-11-01,59,TransporterAgent,Abuja,0,3.7344500000000016,-197.26165,,,,,,,,,,
2024-11-01,60,TransporterAgent,Abuja,3,50.0,-589.7284833333333,,,,,,,,,,
2024-11-01,61,BankingAgent,Abuja,1,-2.749999999999999,-38.225,,,,,,,,,,
2024-11-01,62,BankingAgent,Abuja,2,-1.3749999999999996,-34.925000000000004,,,,,,,,,,
2024-11-01,63,BankingAgent,Abuja,1,-2.749999999999999,-27.225000000000005,,,,,,,,,,
2024-11-01,65,TraderAgent,Bauchi,3,20.0,2423.666259765625,486381.875,Bauchi,False,Port_Harcourt,Bauchi,winning,False,263.62,4.0,False
2024-11-01,66,TraderAgent,Bauchi,1,186.01879984,2315.17529296875,431324.25,Port_Harcourt,True,Port_Harcourt,Port_Harcourt,winning,False,285.0,4.0,True
2024-11-01,67,TraderAgent,Bauchi,3,20.0,191.93721726190475,486006.96875,Bauchi,False,Port_Harcourt,Port_Harcourt,winning,False,270.75,1.0,False
2024-11-01,68,TraderAgent,Bauchi,0,0.0,2129.2646484375,400999.90625,Bauchi,False,Port_Harcourt,Port_Harcourt,winning,False,285.0,4.0,False
2024-11-01,69,TraderAgent,Bauchi,0,0.0,771.9639539052911,385603.375,Bauchi,False,Port_Harcourt,Port_Harcourt,winning,False,285.0,5.0,False
2024-11-01,70,TraderAgent,Bauchi,2,-27.5,2271.84130859375,493359.09375,Bauchi,False,Onitsha,Onitsha,winning,False,285.0,2.0,False
2024-11-01,71,TraderAgent,Bauchi,4,-10.0,5276.89697265625,479275.3125,Bauchi,False,Port_Harcourt,Port_Harcourt,winning,False,285.0,3.0,False
2024-11-01,72,TraderAgent,Bauchi,1,186.01879984,4638.8837890625,433477.75,Port_Harcourt,True,Port_Harcourt,Port_Harcourt,winning,False,285.0,4.0,True
2024-11-01,73,TraderAgent,Bauchi,0,779.8345947265625,2985.26220703125,488776.09375,Bauchi,False,Port_Harcourt,Bauchi,winning,False,277.5,5.0,False
2024-11-01,74,TraderAgent,Bauchi,3,20.0,2162.072265625,404571.4375,Bauchi,False,Port_Harcourt,Port_Harcourt,winning,False,270.75,4.0,False
2024-11-01,75,TraderAgent,Bauchi,0,779.8345947265625,7524.97216796875,507273.8125,Bauchi,False,,Bauchi,winning,False,277.5,9.0,False
2024-11-01,76,TraderAgent,Bauchi,0,817.3345947265625,5685.66064453125,465297.625,Bauchi,False,Port_Harcourt,Bauchi,winning,False,285.0,7.0,False
2024-11-01,77,TraderAgent,Bauchi,0,0.0,505.5842590332031,459910.90625,Bauchi,False,Port_Harcourt,Port_Harcourt,winning,False,285.0,3.0,False
2024-11-01,78,TraderAgent,Bauchi,3,20.0,175.25,499975.25,Bauchi,False,,,winning,False,256.5,0.0,False
2024-11-01,79,TraderAgent,Bauchi,3,20.0,260.4256592592593,484280.8125,Bauchi,False,Port_Harcourt,Port_Harcourt,winning,False,270.75,1.0,False
2024-11-01,80,TraderAgent,Bauchi,0,779.8345947265625,7846.52490234375,507637.59375,Bauchi,False,,Bauchi,winning,False,277.5,9.0,False
2024-11-01,81,TraderAgent,Bauchi,1,186.01879984,654.2880859375,439959.53125,Port_Harcourt,True,Port_Harcourt,Port_Harcourt,winning,False,285.0,3.0,True
2024-11-01,82,TraderAgent,Bauchi,1,186.01879984,2688.402099609375,455628.90625,Port_Harcourt,True,Port_Harcourt,Port_Harcourt,winning,False,285.0,3.0,True
2024-11-01,83,TraderAgent,Bauchi,0,779.8345947265625,7508.72216796875,507247.53125,Bauchi,False,,Bauchi,winning,False,277.5,9.0,False
2024-11-01,84,TraderAgent,Bauchi,0,0.0,2032.43603515625,459546.46875,Bauchi,False,Port_Harcourt,Port_Harcourt,winning,False,285.0,3.0,False
2024-11-01,85,BuyerAgent,Bauchi,0,0.0,893.8809204101562,,,,,,,,,,
2024-11-01,86,BuyerAgent,Bauchi,0,0.0,1009.2196655273438,,,,,,,,,,
2024-11-01,87,BuyerAgent,Bauchi,0,0.0,1009.2196655273438,,,,,,,,,,
2024-11-01,88,BuyerAgent,Bauchi,0,0.0,144.774169921875,,,,,,,,,,
2024-11-01,89,BuyerAgent,Bauchi,0,0.0,919.3267822265625,,,,,,,,,,
2024-11-01,90,BuyerAgent,Bauchi,0,0.0,170.1324462890625,,,,,,,,,,
2024-11-01,91,BuyerAgent,Bauchi,0,0.0,142.735595703125,,,,,,,,,,
2024-11-01,92,BuyerAgent,Bauchi,0,0.0,142.735595703125,,,,,,,,,,
2024-11-01,93,BuyerAgent,Bauchi,0,0.0,142.735595703125,,,,,,,,,,
2024-11-01,94,BuyerAgent,Bauchi,0,0.0,142.735595703125,,,,,,,,,,
2024-11-01,95,BuyerAgent,Bauchi,2,0.0,142.735595703125,,,,,,,,,,
2024-11-01,96,BuyerAgent,Bauchi,1,0.0,142.735595703125,,,,,,,,,,
2024-11-01,97,BuyerAgent,Bauchi,2,0.0,0.0,,,,,,,,,,
2024-11-01,98,BuyerAgent,Bauchi,0,0.0,0.0,,,,,,,,,,
2024-11-01,99,BuyerAgent,Bauchi,1,0.0,0.0,,,,,,,,,,
2024-11-01,100,BuyerAgent,Bauchi,1,0.0,0.0,,,,,,,,,,
2024-11-01,101,BuyerAgent,Bauchi,0,0.0,0.0,,,,,,,,,,
2024-11-01,102,BuyerAgent,Bauchi,2,0.0,0.0,,,,,,,,,,
2024-11-01,103,BuyerAgent,Bauchi,1,0.0,0.0,,,,,,,,,,
2024-11-01,104,BuyerAgent,Bauchi,1,0.0,0.0,,,,,,,,,,
2024-11-01,105,BuyerAgent,Bauchi,0,0.0,0.0,,,,,,,,,,
2024-11-01,106,BuyerAgent,Bauchi,2,0.0,0.0,,,,,,,,,,
2024-11-01,107,BuyerAgent,Bauchi,2,0.0,0.0,,,,,,,,,,
2024-11-01,108,BuyerAgent,Bauchi,0,0.0,0.0,,,,,,,,,,
2024-11-01,109,BuyerAgent,Bauchi,1,0.0,0.0,,,,,,,,,,
2024-11-01,110,BuyerAgent,Bauchi,1,0.0,0.0,,,,,,,,,,
2024-11-01,111,BuyerAgent,Bauchi,1,0.0,0.0,,,,,,,,,,
2024-11-01,112,BuyerAgent,Bauchi,0,0.0,0.0,,,,,,,,,,
2024-11-01,113,BuyerAgent,Bauchi,1,0.0,0.0,,,,,,,,,,
2024-11-01,114,BuyerAgent,Bauchi,2,0.0,0.0,,,,,,,,,,
2024-11-01,115,TransporterAgent,Bauchi,0,0.0,-578.3748124098123,,,,,,,,,,
2024-11-01,116,TransporterAgent,Bauchi,0,0.0,-631.0226430976431,,,,,,,,,,
2024-11-01,117,TransporterAgent,Bauchi,3,50.0,350.0,,,,,,,,,,
2024-11-01,118,TransporterAgent,Bauchi,3,50.0,-89.96428571428572,,,,,,,,,,
2024-11-01,119,TransporterAgent,Bauchi,0,0.0,-828.9584764309764,,,,,,,,,,
2024-11-01,120,TransporterAgent,Bauchi,3,50.0,350.0,,,,,,,,,,
2024-11-01,121,TransporterAgent,Bauchi,1,-200.0,-1176.1445875420875,,,,,,,,,,
2024-11-01,122,TransporterAgent,Bauchi,3,50.0,-830.7196428571428,,,,,,,,,,
2024-11-01,123,TransporterAgent,Bauchi,3,50.0,63.84854497354496,,,,,,,,,,
2024-11-01,124,TransporterAgent,Bauchi,0,0.0,-221.57150793650794,,,,,,,,,,
2024-11-01,125,BankingAgent,Bauchi,2,-1.3749999999999996,-19.075000000000003,,,,,,,,,,
2024-11-01,126,BankingAgent,Bauchi,0,-0.0,-13.275,,,,,,,,,,
2024-11-01,127,BankingAgent,Bauchi,0,-0.0,-15.700000000000001,,,,,,,,,,
2024-11-01,129,TraderAgent,Kano,1,123.99127272727273,532.2635498046875,482715.6875,Onitsha,True,Onitsha,Onitsha,winning,False,95.0,1.0,True
2024-11-01,130,TraderAgent,Kano,1,123.99127272727273,1760.859619140625,467388.90625,Onitsha,True,Onitsha,Onitsha,winning,False,95.0,4.0,True
2024-11-01,131,TraderAgent,Kano,1,123.99127272727273,441.60125732421875,479588.84375,Onitsha,True,Onitsha,Onitsha,winning,False,92.5,2.0,True
2024-11-01,132,TraderAgent,Kano,0,247.40631103515625,1752.38720703125,498562.875,Kano,False,Bauchi,Kano,winning,False,92.5,5.0,False
2024-11-01,133,TraderAgent,Kano,2,-23.71875,3039.015869140625,474657.75,Kano,False,Port_Harcourt,Port_Harcourt,winning,False,95.0,4.0,False
2024-11-01,134,TraderAgent,Kano,0,247.40631103515625,2099.51318359375,485368.875,Kano,False,Onitsha,Kano,winning,False,92.5,7.0,False
2024-11-01,135,TraderAgent,Kano,0,191.15631103515625,473.4112548828125,496193.875,Kano,False,Bauchi,Kano,winning,False,81.25,3.0,False
2024-11-01,136,TraderAgent,Kano,2,-23.71875,1744.13037109375,498511.03125,Kano,False,Bauchi,Kano,winning,False,92.5,4.0,False
2024-11-01,137,TraderAgent,Kano,2,-23.71875,1031.6651611328125,497821.875,Kano,False,Bauchi,Kano,winning,False,95.0,2.0,False
2024-11-01,138,TraderAgent,Kano,0,0.0,713.9765625,484731.3125,Kano,False,Onitsha,Onitsha,winning,False,95.0,4.0,False
2024-11-01,139,TraderAgent,Kano,1,123.99127272727273,3392.614013671875,482717.90625,Onitsha,True,Onitsha,Onitsha,winning,False,92.5,4.0,True
2024-11-01,140,TraderAgent,Kano,2,-23.71875,-16.5234375,499953.48,Kano,False,,,losing,False,90.0,0.0,False
2024-11-01,141,TraderAgent,Kano,0,247.40631103515625,3803.306884765625,500841.8125,Kano,False,Bauchi,Kano,winning,False,92.5,5.0,False
2024-11-01,142,TraderAgent,Kano,0,247.40631103515625,1075.5546875,493108.84375,Kano,False,Bauchi,Kano,winning,False,92.5,4.0,False
2024-11-01,143,TraderAgent,Kano,4,-10.0,844.7479858398438,500798.5625,Kano,False,,Kano,winning,False,92.5,3.0,False
2024-11-01,144,TraderAgent,Kano,4,-10.0,559.347900390625,483932.875,Kano,False,Onitsha,Onitsha,winning,False,95.0,2.0,False
2024-11-01,145,TraderAgent,Kano,0,0.0,369.4231455285436,459170.59375,Kano,False,Onitsha,Onitsha,winning,False,95.0,4.0,False
2024-11-01,146,TraderAgent,Kano,3,20.0,242.24522962962968,480525.53125,Kano,False,Onitsha,Onitsha,winning,False,90.25,2.0,False
2024-11-01,147,TraderAgent,Kano,0,259.90631103515625,509.25341796875,480737.8125,Kano,False,Onitsha,Kano,winning,False,95.0,3.0,False
2024-11-01,148,TraderAgent,Kano,3,20.0,904.3792724609375,500847.25,Kano,False,,Kano,winning,False,90.25,2.0,False
2024-11-01,149,BuyerAgent,Kano,0,58.84368896484375,826.7662963867188,,,,,,,,,,
2024-11-01,150,BuyerAgent,Kano,0,2.59368896484375,545.1536254882812,,,,,,,,,,
2024-11-01,151,BuyerAgent,Kano,0,2.59368896484375,378.6749267578125,,,,,,,,,,
2024-11-01,152,BuyerAgent,Kano,1,2.59368896484375,330.4206848144531,,,,,,,,,,
2024-11-01,153,BuyerAgent,Kano,2,0.0,3.052215576171875,,,,,,,,,,
2024-11-01,154,BuyerAgent,Kano,0,2.59368896484375,2.59368896484375,,,,,,,,,,
2024-11-01,155,BuyerAgent,Kano,0,0.0,283.8130187988281,,,,,,,,,,
2024-11-01,156,BuyerAgent,Kano,1,0.0,67.26821899414062,,,,,,,,,,
2024-11-01,157,BuyerAgent,Kano,2,0.0,283.8130187988281,,,,,,,,,,
2024-11-01,158,BuyerAgent,Kano,2,0.0,0.0,,,,,,,,,,
2024-11-01,159,BuyerAgent,Kano,2,0.0,280.76080322265625,,,,,,,,,,
2024-11-01,160,BuyerAgent,Kano,1,0.0,280.76080322265625,,,,,,,,,,
2024-11-01,161,BuyerAgent,Kano,2,0.0,44.01397705078125,,,,,,,,,,
2024-11-01,162,BuyerAgent,Kano,1,0.0,3.052215576171875,,,,,,,,,,
2024-11-01,163,BuyerAgent,Kano,2,0.0,3.052215576171875,,,,,,,,,,
2024-11-01,164,BuyerAgent,Kano,1,0.0,3.052215576171875,,,,,,,,,,
2024-11-01,165,BuyerAgent,Kano,1,0.0,0.0,,,,,,,,,,
2024-11-01,166,BuyerAgent,Kano,0,0.0,0.0,,,,,,,,,,
2024-11-01,167,BuyerAgent,Kano,1,0.0,0.0,,,,,,,,,,
2024-11-01,168,BuyerAgent,Kano,2,0.0,0.0,,,,,,,,,,
2024-11-01,169,BuyerAgent,Kano,2,0.0,0.0,,,,,,,,,,
2024-11-01,170,BuyerAgent,Kano,0,0.0,0.0,,,,,,,,,,
2024-11-01,171,BuyerAgent,Kano,0,0.0,0.0,,,,,,,,,,
2024-11-01,172,BuyerAgent,Kano,1,0.0,0.0,,,,,,,,,,
2024-11-01,173,BuyerAgent,Kano,2,0.0,0.0,,,,,,,,,,
2024-11-01,174,BuyerAgent,Kano,0,0.0,0.0,,,,,,,,,,
2024-11-01,175,BuyerAgent,Kano,1,0.0,0.0,,,,,,,,,,
2024-11-01,176,BuyerAgent,Kano,0,0.0,0.0,,,,,,,,,,
2024-11-01,177,BuyerAgent,Kano,0,0.0,0.0,,,,,,,,,,
2024-11-01,178,BuyerAgent,Kano,2,0.0,0.0,,,,,,,,,,
2024-11-01,179,TransporterAgent,Kano,0,3.414200000000001,179.9452885040885,,,,,,,,,,
2024-11-01,180,TransporterAgent,Kano,3,50.0,-332.598,,,,,,,,,,
2024-11-01,181,TransporterAgent,Kano,1,-200.0,-659.659656084656,,,,,,,,,,
2024-11-01,182,TransporterAgent,Kano,3,50.0,73.9667275132275,,,,,,,,,,
2024-11-01,183,TransporterAgent,Kano,2,100.0,255.42326587301585,,,,,,,,,,
2024-11-01,184,TransporterAgent,Kano,0,3.414200000000001,-982.6965142857142,,,,,,,,,,
2024-11-01,185,TransporterAgent,Kano,3,50.0,-511.97873412698414,,,,,,,,,,
2024-11-01,186,TransporterAgent,Kano,0,3.414200000000001,-429.18379999999996,,,,,,,,,,
2024-11-01,187,TransporterAgent,Kano,1,-200.0,-283.5,,,,,,,,,,
2024-11-01,188,TransporterAgent,Kano,1,-200.0,-270.5187830687831,,,,,,,,,,
2024-11-01,189,BankingAgent,Kano,0,-0.0,-19.650000000000002,,,,,,,,,,
2024-11-01,190,BankingAgent,Kano,0,-0.0,-35.75000000000001,,,,,,,,,,
2024-11-01,191,BankingAgent,Kano,2,-1.3749999999999996,-29.875000000000007,,,,,,,,,,
2024-11-01,193,TraderAgent,Lagos,4,-10.0,9667.0302734375,498615.28125,Lagos,False,Onitsha,Onitsha,winning,False,777.5,5.0,False
2024-11-01,194,TraderAgent,Lagos,2,-35.0625,6236.2373046875,495160.71875,Lagos,False,Onitsha,Lagos,winning,False,845.0,3.0,False
2024-11-01,195,TraderAgent,Lagos,0,5180.05078125,12892.0625,496192.375,Lagos,False,Onitsha,Onitsha,winning,False,777.5,6.0,False
2024-11-01,196,TraderAgent,Lagos,3,20.0,5487.294921875,494548.90625,Lagos,False,Onitsha,Lagos,winning,False,792.06,3.0,False
2024-11-01,197,TraderAgent,Lagos,1,137.66511627906976,7361.3623046875,438367.15625,Onitsha,True,Onitsha,Onitsha,winning,False,833.75,5.0,True
2024-11-01,198,TraderAgent,Lagos,0,5180.05078125,10298.3486328125,493625.90625,Lagos,False,Onitsha,Onitsha,winning,False,777.5,3.0,False
2024-11-01,199,TraderAgent,Lagos,2,-35.0625,2246.815673828125,496749.53125,Lagos,False,Onitsha,Onitsha,winning,False,800.0,2.0,False
2024-11-01,200,TraderAgent,Lagos,3,20.0,9951.12890625,493525.6875,Lagos,False,Onitsha,Lagos,winning,False,802.75,5.0,False
2024-11-01,201,TraderAgent,Lagos,4,-10.0,4339.9599609375,498764.8125,Lagos,False,Onitsha,Onitsha,winning,False,800.0,2.0,False
2024-11-01,202,TraderAgent,Lagos,0,5180.05078125,9495.248046875,498234.90625,Lagos,False,Onitsha,Onitsha,winning,False,777.5,3.0,False
2024-11-01,203,TraderAgent,Lagos,4,-10.0,1751.611083984375,501724.375,Lagos,False,,Lagos,winning,False,833.75,1.0,False
2024-11-01,204,TraderAgent,Lagos,1,137.66511627906976,6552.6513671875,432075.5625,Onitsha,True,Onitsha,Onitsha,winning,False,845.0,4.0,True
2024-11-01,205,TraderAgent,Lagos,4,-10.0,7626.2568359375,496710.09375,Lagos,False,Onitsha,Onitsha,winning,False,800.0,4.0,False
2024-11-01,206,TraderAgent,Lagos,0,1917.5506591796875,9038.1513671875,497842.125,Lagos,False,Onitsha,Lagos,winning,False,800.0,4.0,False
2024-11-01,207,TraderAgent,Lagos,2,-35.0625,6654.712890625,442165.5625,Lagos,False,Onitsha,Lagos,winning,False,800.0,4.0,False
2024-11-01,208,TraderAgent,Lagos,0,5180.05078125,7239.5400390625,496284.15625,Lagos,False,Onitsha,Onitsha,winning,False,777.5,2.0,False
2024-11-01,209,TraderAgent,Lagos,0,5180.05078125,10980.2109375,494513.6875,Lagos,False,Onitsha,Onitsha,winning,False,777.5,4.0,False
2024-11-01,210,TraderAgent,Lagos,0,5180.05078125,13839.4248046875,491623.40625,Lagos,False,Onitsha,Onitsha,winning,False,777.5,5.0,False
2024-11-01,211,TraderAgent,Lagos,0,1805.0506591796875,10322.7060546875,493759.40625,Lagos,False,Onitsha,Lagos,winning,False,777.5,4.0,False
2024-11-01,212,TraderAgent,Lagos,1,137.66511627906976,5332.4140625,489697.4375,Onitsha,True,Onitsha,Onitsha,winning,False,800.0,3.0,True
2024-11-01,213,BuyerAgent,Lagos,0,569.9493408203125,2098.63330078125,,,,,,,,,,
2024-11-01,214,BuyerAgent,Lagos,0,569.9493408203125,1606.5869140625,,,,,,,,,,
2024-11-01,215,BuyerAgent,Lagos,2,0.0,1382.6971435546875,,,,,,,,,,
2024-11-01,216,BuyerAgent,Lagos,1,569.9493408203125,1552.083740234375,,,,,,,,,,
2024-11-01,217,BuyerAgent,Lagos,1,569.9493408203125,1266.8194580078125,,,,,,,,,,
2024-11-01,218,BuyerAgent,Lagos,2,0.0,1062.4432373046875,,,,,,,,,,
2024-11-01,219,BuyerAgent,Lagos,2,0.0,428.7188720703125,,,,,,,,,,
2024-11-01,220,BuyerAgent,Lagos,1,569.9493408203125,1103.223876953125,,,,,,,,,,
2024-11-01,221,BuyerAgent,Lagos,2,0.0,89.796142578125,,,,,,,,,,
2024-11-01,222,BuyerAgent,Lagos,1,569.9493408203125,835.3082275390625,,,,,,,,,,
2024-11-01,223,BuyerAgent,Lagos,1,569.9493408203125,1024.505615234375,,,,,,,,,,
2024-11-01,224,BuyerAgent,Lagos,2,0.0,364.7601318359375,,,,,,,,,,
2024-11-01,225,BuyerAgent,Lagos,0,457.4493408203125,457.4493408203125,,,,,,,,,,
2024-11-01,226,BuyerAgent,Lagos,2,0.0,189.1973876953125,,,,,,,,,,
2024-11-01,227,BuyerAgent,Lagos,0,0.0,0.0,,,,,,,,,,
2024-11-01,228,BuyerAgent,Lagos,2,0.0,0.0,,,,,,,,,,
2024-11-01,229,BuyerAgent,Lagos,2,0.0,0.0,,,,,,,,,,
2024-11-01,230,BuyerAgent,Lagos,1,0.0,0.0,,,,,,,,,,
2024-11-01,231,BuyerAgent,Lagos,2,0.0,0.0,,,,,,,,,,
2024-11-01,232,BuyerAgent,Lagos,1,0.0,0.0,,,,,,,,,,
2024-11-01,233,BuyerAgent,Lagos,2,0.0,0.0,,,,,,,,,,
2024-11-01,234,BuyerAgent,Lagos,0,0.0,0.0,,,,,,,,,,
2024-11-01,235,BuyerAgent,Lagos,2,0.0,0.0,,,,,,,,,,
2024-11-01,236,BuyerAgent,Lagos,0,0.0,0.0,,,,,,,,,,
2024-11-01,237,BuyerAgent,Lagos,0,0.0,0.0,,,,,,,,,,
2024-11-01,238,BuyerAgent,Lagos,0,0.0,0.0,,,,,,,,,,
2024-11-01,239,BuyerAgent,Lagos,1,0.0,0.0,,,,,,,,,,
2024-11-01,240,BuyerAgent,Lagos,2,0.0,0.0,,,,,,,,,,
2024-11-01,241,BuyerAgent,Lagos,0,0.0,0.0,,,,,,,,,,
2024-11-01,242,BuyerAgent,Lagos,2,0.0,0.0,,,,,,,,,,
2024-11-01,243,TransporterAgent,Lagos,1,-200.0,-209.42644988697234,,,,,,,,,,
2024-11-01,244,TransporterAgent,Lagos,3,50.0,-800.0,,,,,,,,,,
2024-11-01,245,TransporterAgent,Lagos,1,-200.0,-416.20342307692306,,,,,,,,,,
2024-11-01,246,TransporterAgent,Lagos,3,50.0,-544.238386895784,,,,,,,,,,
2024-11-01,247,TransporterAgent,Lagos,1,-200.0,-664.6256156539538,,,,,,,,,,
2024-11-01,248,TransporterAgent,Lagos,3,50.0,-774.903660671286,,,,,,,,,,
2024-11-01,249,TransporterAgent,Lagos,1,-200.0,-931.5765,,,,,,,,,,
2024-11-01,250,TransporterAgent,Lagos,1,-200.0,-115.61223529411765,,,,,,,,,,
2024-11-01,251,TransporterAgent,Lagos,0,3.7163000000000013,170.88729999999998,,,,,,,,,,
2024-11-01,252,TransporterAgent,Lagos,1,-200.0,-1282.7832352941177,,,,,,,,,,
2024-11-01,253,BankingAgent,Lagos,0,-0.0,-25.500000000000004,,,,,,,,,,
2024-11-01,254,BankingAgent,Lagos,2,-1.3749999999999996,-20.525000000000006,,,,,,,,,,
2024-11-01,255,BankingAgent,Lagos,1,-2.749999999999999,-27.47500000000001,,,,,,,,,,
2024-11-01,257,TraderAgent,Onitsha,3,20.0,3177.4453125,486908.90625,Onitsha,False,Lagos,Onitsha,winning,False,505.88,4.0,False
2024-11-01,258,TraderAgent,Onitsha,4,-10.0,3281.33544921875,503151.03125,Onitsha,False,,Onitsha,winning,False,555.0,3.0,False
2024-11-01,259,TraderAgent,Onitsha,0,1433.4490966796875,7640.5888671875,492995.25,Onitsha,False,Lagos,Onitsha,winning,False,532.5,6.0,False
2024-11-01,260,TraderAgent,Onitsha,3,20.0,381.44096408571426,487861.1875,Onitsha,False,Port_Harcourt,Port_Harcourt,winning,False,541.5,2.0,False
2024-11-01,261,TraderAgent,Onitsha,0,1545.9490966796875,20880.59765625,509131.1875,Onitsha,False,Lagos,Onitsha,winning,False,555.0,6.0,False
2024-11-01,262,TraderAgent,Onitsha,1,153.3371438095238,161.77931325238092,477661.71875,Lagos,True,Lagos,Lagos,winning,False,570.0,1.0,True
2024-11-01,263,TraderAgent,Onitsha,1,153.3371438095238,2441.36083984375,479787.25,Lagos,True,Lagos,Lagos,winning,False,570.0,3.0,True
2024-11-01,264,TraderAgent,Onitsha,0,120.9490966796875,2325.92822265625,495006.1875,Onitsha,False,Lagos,Lagos,winning,False,570.0,3.0,False
2024-11-01,265,TraderAgent,Onitsha,0,1620.9490966796875,4887.6572265625,496642.25,Onitsha,False,Port_Harcourt,Onitsha,winning,False,570.0,5.0,False
2024-11-01,266,TraderAgent,Onitsha,0,1433.4490966796875,20119.47265625,514986.375,Onitsha,False,Port_Harcourt,Onitsha,winning,False,532.5,5.0,False
2024-11-01,267,TraderAgent,Onitsha,3,20.0,17622.759765625,510316.46875,Onitsha,False,Lagos,Onitsha,winning,False,505.88,3.0,False
2024-11-01,268,TraderAgent,Onitsha,0,1545.9490966796875,19599.611328125,500693.53125,Onitsha,False,Lagos,Onitsha,winning,False,555.0,5.0,False
2024-11-01,269,TraderAgent,Onitsha,2,-27.5,4021.930419921875,489466.96875,Onitsha,False,Lagos,Lagos,winning,False,555.0,4.0,False
2024-11-01,270,TraderAgent,Onitsha,0,120.9490966796875,2603.51904296875,476679.1875,Onitsha,False,Lagos,Lagos,winning,False,570.0,4.0,False
2024-11-01,271,TraderAgent,Onitsha,3,20.0,5200.9013671875,490753.0,Onitsha,False,Lagos,Lagos,winning,False,527.25,5.0,False
2024-11-01,272,TraderAgent,Onitsha,2,-27.5,3496.518798828125,488036.875,Onitsha,False,Port_Harcourt,Port_Harcourt,winning,False,570.0,4.0,False
2024-11-01,273,TraderAgent,Onitsha,4,-10.0,2499.44189453125,502471.5625,Onitsha,False,,Onitsha,winning,False,532.5,2.0,False
2024-11-01,274,TraderAgent,Onitsha,1,153.3371438095238,1568.27294921875,478991.96875,Lagos,True,Lagos,Lagos,winning,False,570.0,2.0,True
2024-11-01,275,TraderAgent,Onitsha,1,153.3371438095238,1871.002197265625,475323.28125,Lagos,True,Lagos,Lagos,winning,False,555.0,2.0,True
2024-11-01,276,TraderAgent,Onitsha,0,120.9490966796875,2650.82373046875,488048.59375,Onitsha,False,Lagos,Lagos,winning,False,570.0,3.0,False
2024-11-01,277,BuyerAgent,Onitsha,2,0.0,2782.84716796875,,,,,,,,,,
2024-11-01,278,BuyerAgent,Onitsha,1,66.5509033203125,404.1455078125,,,,,,,,,,
2024-11-01,279,BuyerAgent,Onitsha,0,66.5509033203125,2704.0146484375,,,,,,,,,,
2024-11-01,280,BuyerAgent,Onitsha,2,0.0,2457.84130859375,,,,,,,,,,
2024-11-01,281,BuyerAgent,Onitsha,2,0.0,2138.2255859375,,,,,,,,,,
2024-11-01,282,BuyerAgent,Onitsha,0,0.0,209.4775390625,,,,,,,,,,
2024-11-01,283,BuyerAgent,Onitsha,0,0.0,114.86572265625,,,,,,,,,,
2024-11-01,284,BuyerAgent,Onitsha,1,0.0,516.78466796875,,,,,,,,,,
2024-11-01,285,BuyerAgent,Onitsha,0,0.0,112.2698974609375,,,,,,,,,,
2024-11-01,286,BuyerAgent,Onitsha,0,0.0,81.982421875,,,,,,,,,,
2024-11-01,287,BuyerAgent,Onitsha,0,0.0,155.35491943359375,,,,,,,,,,
2024-11-01,288,BuyerAgent,Onitsha,0,0.0,140.49896240234375,,,,,,,,,,
2024-11-01,289,BuyerAgent,Onitsha,0,0.0,10.87249755859375,,,,,,,,,,
2024-11-01,290,BuyerAgent,Onitsha,1,0.0,10.87249755859375,,,,,,,,,,
2024-11-01,291,BuyerAgent,Onitsha,1,0.0,0.0,,,,,,,,,,
2024-11-01,292,BuyerAgent,Onitsha,2,0.0,0.0,,,,,,,,,,
2024-11-01,293,BuyerAgent,Onitsha,2,0.0,0.0,,,,,,,,,,
2024-11-01,294,BuyerAgent,Onitsha,2,0.0,0.0,,,,,,,,,,
2024-11-01,295,BuyerAgent,Onitsha,2,0.0,0.0,,,,,,,,,,
2024-11-01,296,BuyerAgent,Onitsha,2,0.0,0.0,,,,,,,,,,
2024-11-01,297,BuyerAgent,Onitsha,0,0.0,0.0,,,,,,,,,,
2024-11-01,298,BuyerAgent,Onitsha,2,0.0,0.0,,,,,,,,,,
2024-11-01,299,BuyerAgent,Onitsha,2,0.0,0.0,,,,,,,,,,
2024-11-01,300,BuyerAgent,Onitsha,1,0.0,0.0,,,,,,,,,,
2024-11-01,301,BuyerAgent,Onitsha,2,0.0,0.0,,,,,,,,,,
2024-11-01,302,BuyerAgent,Onitsha,0,0.0,0.0,,,,,,,,,,
2024-11-01,303,BuyerAgent,Onitsha,0,0.0,0.0,,,,,,,,,,
2024-11-01,304,BuyerAgent,Onitsha,1,0.0,0.0,,,,,,,,,,
2024-11-01,305,BuyerAgent,Onitsha,1,0.0,0.0,,,,,,,,,,
2024-11-01,306,BuyerAgent,Onitsha,1,0.0,0.0,,,,,,,,,,
2024-11-01,307,TransporterAgent,Onitsha,2,100.0,74.06118041527156,,,,,,,,,,
2024-11-01,308,TransporterAgent,Onitsha,0,9.878850000000002,-119.90928220854255,,,,,,,,,,
2024-11-01,309,TransporterAgent,Onitsha,2,100.0,284.0074,,,,,,,,,,
2024-11-01,310,TransporterAgent,Onitsha,1,-200.0,-166.1693237513951,,,,,,,,,,
2024-11-01,311,TransporterAgent,Onitsha,0,9.878850000000002,-180.97852083333333,,,,,,,,,,
2024-11-01,312,TransporterAgent,Onitsha,0,9.878850000000002,-540.12115,,,,,,,,,,
2024-11-01,313,TransporterAgent,Onitsha,2,100.0,-323.23571428571427,,,,,,,,,,
2024-11-01,314,TransporterAgent,Onitsha,0,9.878850000000002,66.3534637486049,,,,,,,,,,
2024-11-01,315,TransporterAgent,Onitsha,3,50.0,-250.3134333333333,,,,,,,,,,
2024-11-01,316,TransporterAgent,Onitsha,3,50.0,-925.5551,,,,,,,,,,
2024-11-01,317,BankingAgent,Onitsha,1,-2.749999999999999,-24.950000000000003,,,,,,,,,,
2024-11-01,318,BankingAgent,Onitsha,1,-2.749999999999999,-38.275000000000006,,,,,,,,,,
2024-11-01,319,BankingAgent,Onitsha,0,-0.0,-23.675000000000004,,,,,,,,,,
2024-11-01,321,TraderAgent,Port_Harcourt,1,167.82904615384615,11707.9443359375,499384.8125,Onitsha,True,Onitsha,Onitsha,winning,False,1025.0,3.0,True
2024-11-01,322,TraderAgent,Port_Harcourt,2,-27.5,7907.6259765625,505346.25,Port_Harcourt,False,Onitsha,Onitsha,winning,False,1025.0,2.0,False
2024-11-01,323,TraderAgent,Port_Harcourt,2,-27.5,13207.0615234375,510497.1875,Port_Harcourt,False,Onitsha,Onitsha,winning,False,987.5,3.0,False
2024-11-01,324,TraderAgent,Port_Harcourt,4,-10.0,4255.24267578125,504117.8125,Port_Harcourt,False,,Port_Harcourt,winning,False,1325.0,2.0,False
2024-11-01,325,TraderAgent,Port_Harcourt,0,9602.380859375,18525.23046875,513307.03125,Port_Harcourt,False,Onitsha,Onitsha,winning,False,987.5,4.0,False
2024-11-01,326,TraderAgent,Port_Harcourt,3,20.0,15295.52734375,510058.1875,Port_Harcourt,False,Onitsha,Onitsha,winning,False,938.12,3.0,False
2024-11-01,327,TraderAgent,Port_Harcourt,2,-27.5,14469.208984375,511777.15625,Port_Harcourt,False,Onitsha,Port_Harcourt,winning,False,1325.0,4.0,False
2024-11-01,328,TraderAgent,Port_Harcourt,4,-10.0,21442.3984375,516185.3125,Port_Harcourt,False,Onitsha,Port_Harcourt,winning,False,1325.0,5.0,False
2024-11-01,329,TraderAgent,Port_Harcourt,2,-27.5,10944.1201171875,505745.15625,Port_Harcourt,False,Onitsha,Port_Harcourt,winning,False,1287.5,3.0,False
2024-11-01,330,TraderAgent,Port_Harcourt,0,2477.38037109375,10143.759765625,507397.09375,Port_Harcourt,False,Onitsha,Port_Harcourt,winning,False,1212.5,4.0,False
2024-11-01,331,TraderAgent,Port_Harcourt,1,167.82904615384615,15478.2333984375,503092.625,Onitsha,True,Onitsha,Onitsha,winning,False,1025.0,4.0,True
2024-11-01,332,TraderAgent,Port_Harcourt,1,167.82904615384615,3827.93505859375,448538.375,Onitsha,True,Onitsha,Onitsha,winning,False,1325.0,2.0,True
2024-11-01,333,TraderAgent,Port_Harcourt,4,-10.0,6471.74462890625,503885.5625,Port_Harcourt,False,Onitsha,Port_Harcourt,winning,False,1231.25,2.0,False
2024-11-01,334,TraderAgent,Port_Harcourt,0,9602.380859375,14203.244140625,511508.5625,Port_Harcourt,False,Onitsha,Onitsha,winning,False,987.5,3.0,False
2024-11-01,335,TraderAgent,Port_Harcourt,1,167.82904615384615,6253.134765625,499036.09375,Onitsha,True,Onitsha,Onitsha,winning,False,1287.5,3.0,True
2024-11-01,336,TraderAgent,Port_Harcourt,4,-10.0,16606.998046875,511358.46875,Port_Harcourt,False,Onitsha,Port_Harcourt,winning,False,1287.5,5.0,False
2024-11-01,337,TraderAgent,Port_Harcourt,0,9602.380859375,22242.73046875,514441.125,Port_Harcourt,False,Onitsha,Onitsha,winning,False,987.5,4.0,False
2024-11-01,338,TraderAgent,Port_Harcourt,0,9602.380859375,16118.9111328125,465241.3125,Port_Harcourt,False,Onitsha,Onitsha,winning,False,987.5,5.0,False
2024-11-01,339,TraderAgent,Port_Harcourt,0,2477.38037109375,13174.4765625,507918.46875,Port_Harcourt,False,Onitsha,Port_Harcourt,winning,False,1212.5,4.0,False
2024-11-01,340,TraderAgent,Port_Harcourt,2,-27.5,20515.146484375,515224.25,Port_Harcourt,False,Onitsha,Onitsha,winning,False,987.5,5.0,False
2024-11-01,341,BuyerAgent,Port_Harcourt,0,2647.61962890625,7668.91455078125,,,,,,,,,,
2024-11-01,342,BuyerAgent,Port_Harcourt,0,2647.61962890625,8261.3134765625,,,,,,,,,,
2024-11-01,343,BuyerAgent,Port_Harcourt,2,0.0,4782.6884765625,,,,,,,,,,
2024-11-01,344,BuyerAgent,Port_Harcourt,1,2647.61962890625,5300.3759765625,,,,,,,,,,
2024-11-01,345,BuyerAgent,Port_Harcourt,0,2647.61962890625,7402.01171875,,,,,,,,,,
2024-11-01,346,BuyerAgent,Port_Harcourt,1,1522.61962890625,4712.96435546875,,,,,,,,,,
2024-11-01,347,BuyerAgent,Port_Harcourt,2,0.0,6286.2421875,,,,,,,,,,
2024-11-01,348,BuyerAgent,Port_Harcourt,2,0.0,3477.53466796875,,,,,,,,,,
2024-11-01,349,BuyerAgent,Port_Harcourt,2,0.0,2587.832763671875,,,,,,,,,,
2024-11-01,350,BuyerAgent,Port_Harcourt,1,1522.61962890625,2195.96875,,,,,,,,,,
2024-11-01,351,BuyerAgent,Port_Harcourt,0,0.0,1217.401123046875,,,,,,,,,,
2024-11-01,352,BuyerAgent,Port_Harcourt,2,0.0,1034.0081787109375,,,,,,,,,,
2024-11-01,353,BuyerAgent,Port_Harcourt,2,0.0,284.0081787109375,,,,,,,,,,
2024-11-01,354,BuyerAgent,Port_Harcourt,0,0.0,284.0081787109375,,,,,,,,,,
2024-11-01,355,BuyerAgent,Port_Harcourt,0,0.0,184.0081787109375,,,,,,,,,,
2024-11-01,356,BuyerAgent,Port_Harcourt,2,0.0,0.0,,,,,,,,,,
2024-11-01,357,BuyerAgent,Port_Harcourt,2,0.0,0.0,,,,,,,,,,
2024-11-01,358,BuyerAgent,Port_Harcourt,1,0.0,0.0,,,,,,,,,,
2024-11-01,359,BuyerAgent,Port_Harcourt,1,0.0,0.0,,,,,,,,,,
2024-11-01,360,BuyerAgent,Port_Harcourt,0,0.0,0.0,,,,,,,,,,
2024-11-01,361,BuyerAgent,Port_Harcourt,0,0.0,0.0,,,,,,,,,,
2024-11-01,362,BuyerAgent,Port_Harcourt,0,0.0,184.0081787109375,,,,,,,,,,
2024-11-01,363,BuyerAgent,Port_Harcourt,0,0.0,0.0,,,,,,,,,,
2024-11-01,364,BuyerAgent,Port_Harcourt,2,0.0,0.0,,,,,,,,,,
2024-11-01,365,BuyerAgent,Port_Harcourt,0,0.0,0.0,,,,,,,,,,
2024-11-01,366,BuyerAgent,Port_Harcourt,1,0.0,0.0,,,,,,,,,,
2024-11-01,367,BuyerAgent,Port_Harcourt,1,0.0,0.0,,,,,,,,,,
2024-11-01,368,BuyerAgent,Port_Harcourt,1,0.0,0.0,,,,,,,,,,
2024-11-01,369,BuyerAgent,Port_Harcourt,1,0.0,0.0,,,,,,,,,,
2024-11-01,370,BuyerAgent,Port_Harcourt,1,0.0,0.0,,,,,,,,,,
2024-11-01,371,TransporterAgent,Port_Harcourt,2,100.0,-273.7368181818182,,,,,,,,,,
2024-11-01,372,TransporterAgent,Port_Harcourt,2,100.0,-156.29400946969707,,,,,,,,,,
2024-11-01,373,TransporterAgent,Port_Harcourt,3,50.0,249.87971654040396,,,,,,,,,,
2024-11-01,374,TransporterAgent,Port_Harcourt,2,100.0,-373.30334848484847,,,,,,,,,,
2024-11-01,375,TransporterAgent,Port_Harcourt,3,50.0,-519.6273579545455,,,,,,,,,,
2024-11-01,376,TransporterAgent,Port_Harcourt,3,50.0,-718.1370056818182,,,,,,,,,,
2024-11-01,377,TransporterAgent,Port_Harcourt,3,50.0,-319.26263762626263,,,,,,,,,,
2024-11-01,378,TransporterAgent,Port_Harcourt,2,100.0,-420.78,,,,,,,,,,
2024-11-01,379,TransporterAgent,Port_Harcourt,2,100.0,-340.6227449494949,,,,,,,,,,
2024-11-01,380,TransporterAgent,Port_Harcourt,2,100.0,-235.92727272727274,,,,,,,,,,
2024-11-01,381,BankingAgent,Port_Harcourt,1,-2.749999999999999,-33.425000000000004,,,,,,,,,,
2024-11-01,382,BankingAgent,Port_Harcourt,0,-0.0,-19.650000000000006,,,,,,,,,,
2024-11-01,383,BankingAgent,Port_Harcourt,0,-0.0,-18.525,,,,,,,,,,
2024-12-01,1,TraderAgent,Abuja,4,-10.0,13468.2236328125,505341.90625,Abuja,False,Onitsha,Abuja,winning,False,925.0,3.0,False
2024-12-01,2,TraderAgent,Abuja,2,-27.5,15718.41796875,441437.1875,Abuja,False,Onitsha,Onitsha,winning,False,835.0,3.0,False
2024-12-01,3,TraderAgent,Abuja,2,-27.5,13001.7548828125,504750.71875,Abuja,False,Onitsha,Onitsha,winning,False,835.0,5.0,False
2024-12-01,4,TraderAgent,Abuja,0,2575.79833984375,27968.40625,503433.75,Abuja,False,Onitsha,Abuja,winning,False,925.0,7.0,False
2024-12-01,5,TraderAgent,Abuja,2,-27.5,15092.2294921875,498817.15625,Abuja,False,Onitsha,Abuja,winning,False,950.0,4.0,False
2024-12-01,6,TraderAgent,Abuja,1,150.89050815384616,16496.208984375,487298.375,Onitsha,True,Onitsha,Onitsha,winning,False,812.5,3.0,True
2024-12-01,7,TraderAgent,Abuja,1,150.89050815384616,28621.876953125,433416.15625,Onitsha,True,Onitsha,Onitsha,winning,False,925.0,6.0,True
2024-12-01,8,TraderAgent,Abuja,0,5125.79833984375,27871.10546875,503352.96875,Abuja,False,Onitsha,Onitsha,winning,False,835.0,8.0,False
2024-12-01,9,TraderAgent,Abuja,2,-27.5,9962.2109375,451930.90625,Abuja,False,Onitsha,Abuja,winning,False,925.0,4.0,False
2024-12-01,10,TraderAgent,Abuja,3,20.0,12860.1826171875,504622.40625,Abuja,False,Onitsha,Abuja,winning,False,902.5,3.0,False
2024-12-01,11,TraderAgent,Abuja,4,-10.0,23029.357421875,498582.0,Abuja,False,Onitsha,Abuja,winning,False,925.0,4.0,False
2024-12-01,12,TraderAgent,Abuja,3,20.0,11553.5859375,495051.84375,Abuja,False,Onitsha,Abuja,winning,False,878.75,5.0,False
2024-12-01,13,TraderAgent,Abuja,0,2013.29833984375,18052.166015625,509638.46875,Abuja,False,Onitsha,Abuja,winning,False,812.5,6.0,False
2024-12-01,14,TraderAgent,Abuja,4,-10.0,1157.896240234375,501077.0,Abuja,False,,Abuja,winning,False,812.5,1.0,False
2024-12-01,15,TraderAgent,Abuja,4,-10.0,15771.12109375,499414.03125,Abuja,False,Onitsha,Abuja,winning,False,925.0,5.0,False
2024-12-01,16,TraderAgent,Abuja,3,20.0,9640.404296875,443516.375,Abuja,False,Onitsha,Onitsha,winning,False,793.25,2.0,False
2024-12-01,17,TraderAgent,Abuja,1,150.89050815384616,20295.123046875,483084.96875,Onitsha,True,Onitsha,Onitsha,winning,False,925.0,5.0,True
2024-12-01,18,TraderAgent,Abuja,0,2575.79833984375,20872.12890625,512566.375,Abuja,False,Onitsha,Abuja,winning,False,925.0,8.0,False
2024-12-01,19,TraderAgent,Abuja,3,20.0,5638.6455078125,497470.125,Abuja,False,Onitsha,Onitsha,winning,False,771.88,1.0,False
2024-12-01,20,TraderAgent,Abuja,3,20.0,9036.0615234375,508861.53125,Abuja,False,,Abuja,winning,False,902.5,5.0,False
2024-12-01,21,BuyerAgent,Abuja,1,486.70166015625,6336.78515625,,,,,,,,,,
2024-12-01,22,BuyerAgent,Abuja,2,0.0,2607.36572265625,,,,,,,,,,
2024-12-01,23,BuyerAgent,Abuja,1,374.20166015625,4876.9228515625,,,,,,,,,,
2024-12-01,24,BuyerAgent,Abuja,0,0.0,2812.779296875,,,,,,,,,,
2024-12-01,25,BuyerAgent,Abuja,0,0.0,4013.51171875,,,,,,,,,,
2024-12-01,26,BuyerAgent,Abuja,1,0.0,3780.2890625,,,,,,,,,,
2024-12-01,27,BuyerAgent,Abuja,1,0.0,1551.868896484375,,,,,,,,,,
2024-12-01,28,BuyerAgent,Abuja,1,0.0,4059.34130859375,,,,,,,,,,
2024-12-01,29,BuyerAgent,Abuja,2,0.0,2705.03466796875,,,,,,,,,,
2024-12-01,30,BuyerAgent,Abuja,2,0.0,3069.10107421875,,,,,,,,,,
2024-12-01,31,BuyerAgent,Abuja,0,0.0,1435.33935546875,,,,,,,,,,
2024-12-01,32,BuyerAgent,Abuja,2,0.0,172.83538818359375,,,,,,,,,,
2024-12-01,33,BuyerAgent,Abuja,2,0.0,1265.138916015625,,,,,,,,,,
2024-12-01,34,BuyerAgent,Abuja,1,0.0,2396.519775390625,,,,,,,,,,
2024-12-01,35,BuyerAgent,Abuja,0,0.0,1222.862548828125,,,,,,,,,,
2024-12-01,36,BuyerAgent,Abuja,0,0.0,22.862548828125,,,,,,,,,,
2024-12-01,37,BuyerAgent,Abuja,2,0.0,14.522705078125,,,,,,,,,,
2024-12-01,38,BuyerAgent,Abuja,0,0.0,0.0,,,,,,,,,,
2024-12-01,39,BuyerAgent,Abuja,1,0.0,0.0,,,,,,,,,,
2024-12-01,40,BuyerAgent,Abuja,0,0.0,0.0,,,,,,,,,,
2024-12-01,41,BuyerAgent,Abuja,1,0.0,0.0,,,,,,,,,,
2024-12-01,42,BuyerAgent,Abuja,1,0.0,0.0,,,,,,,,,,
2024-12-01,43,BuyerAgent,Abuja,1,0.0,0.0,,,,,,,,,,
2024-12-01,44,BuyerAgent,Abuja,1,0.0,0.0,,,,,,,,,,
2024-12-01,45,BuyerAgent,Abuja,1,0.0,0.0,,,,,,,,,,
2024-12-01,46,BuyerAgent,Abuja,0,0.0,0.0,,,,,,,,,,
2024-12-01,47,BuyerAgent,Abuja,1,0.0,0.0,,,,,,,,,,
2024-12-01,48,BuyerAgent,Abuja,1,0.0,0.0,,,,,,,,,,
2024-12-01,49,BuyerAgent,Abuja,1,0.0,0.0,,,,,,,,,,
2024-12-01,50,BuyerAgent,Abuja,0,0.0,0.0,,,,,,,,,,
2024-12-01,51,TransporterAgent,Abuja,0,8.147574999999998,-411.4023333333333,,,,,,,,,,
2024-12-01,52,TransporterAgent,Abuja,0,8.147574999999998,-311.45469999999995,,,,,,,,,,
2024-12-01,53,TransporterAgent,Abuja,2,100.0,-162.831725,,,,,,,,,,
2024-12-01,54,TransporterAgent,Abuja,3,50.0,-10.096550000000008,,,,,,,,,,
2024-12-01,55,TransporterAgent,Abuja,3,50.0,109.32735,,,,,,,,,,
2024-12-01,56,TransporterAgent,Abuja,1,-200.0,-969.22355,,,,,,,,,,
2024-12-01,57,TransporterAgent,Abuja,0,8.147574999999998,-426.0258083333333,,,,,,,,,,
2024-12-01,58,TransporterAgent,Abuja,1,-200.0,-350.17837499999996,,,,,,,,,,
2024-12-01,59,TransporterAgent,Abuja,2,100.0,-97.26165,,,,,,,,,,
2024-12-01,60,TransporterAgent,Abuja,1,-200.0,-789.7284833333333,,,,,,,,,,
2024-12-01,61,BankingAgent,Abuja,1,-2.749999999999999,-43.725,,,,,,,,,,
2024-12-01,62,BankingAgent,Abuja,2,-1.3749999999999996,-37.675000000000004,,,,,,,,,,
2024-12-01,63,BankingAgent,Abuja,0,-0.0,-27.225000000000005,,,,,,,,,,
2024-12-01,65,TraderAgent,Bauchi,4,-10.0,2413.666259765625,486381.875,Bauchi,False,Port_Harcourt,Bauchi,winning,False,277.5,4.0,False
2024-12-01,66,TraderAgent,Bauchi,0,0.0,2315.17529296875,434358.84375,Bauchi,False,Port_Harcourt,Port_Harcourt,winning,False,285.0,5.0,False
2024-12-01,67,TraderAgent,Bauchi,3,20.0,211.93721726190475,486006.96875,Bauchi,False,Port_Harcourt,Port_Harcourt,winning,False,270.75,1.0,False
2024-12-01,68,TraderAgent,Bauchi,2,-27.5,2101.7646484375,400972.40625,Bauchi,False,Port_Harcourt,Port_Harcourt,winning,False,285.0,4.0,False
2024-12-01,69,TraderAgent,Bauchi,1,185.99564265777778,957.9595965630689,363477.90625,Port_Harcourt,True,Port_Harcourt,Port_Harcourt,winning,False,285.0,5.0,True
2024-12-01,70,TraderAgent,Bauchi,3,20.0,2291.84130859375,493359.09375,Bauchi,False,Onitsha,Onitsha,winning,False,270.75,2.0,False
2024-12-01,71,TraderAgent,Bauchi,4,-10.0,5266.89697265625,479275.3125,Bauchi,False,Port_Harcourt,Port_Harcourt,winning,False,285.0,3.0,False
2024-12-01,72,TraderAgent,Bauchi,0,0.0,4638.8837890625,436512.375,Bauchi,False,Port_Harcourt,Port_Harcourt,winning,False,285.0,5.0,False
2024-12-01,73,TraderAgent,Bauchi,3,20.0,3005.26220703125,488776.09375,Bauchi,False,Port_Harcourt,Bauchi,winning,False,263.62,5.0,False
2024-12-01,74,TraderAgent,Bauchi,1,185.99564265777778,2348.06787109375,382446.0,Port_Harcourt,True,Port_Harcourt,Port_Harcourt,winning,False,285.0,4.0,True
2024-12-01,75,TraderAgent,Bauchi,0,747.080078125,8272.052734375,507993.375,Bauchi,False,,Bauchi,winning,False,277.5,10.0,False
2024-12-01,76,TraderAgent,Bauchi,0,747.080078125,6432.74072265625,466017.25,Bauchi,False,Port_Harcourt,Bauchi,winning,False,277.5,8.0,False
2024-12-01,77,TraderAgent,Bauchi,3,20.0,525.584228515625,459910.90625,Bauchi,False,Port_Harcourt,Port_Harcourt,winning,False,270.75,3.0,False
2024-12-01,78,TraderAgent,Bauchi,3,20.0,195.25,499975.25,Bauchi,False,,,winning,False,256.5,0.0,False
2024-12-01,79,TraderAgent,Bauchi,3,20.0,280.4256592592593,484280.8125,Bauchi,False,Port_Harcourt,Port_Harcourt,winning,False,270.75,1.0,False
2024-12-01,80,TraderAgent,Bauchi,0,747.080078125,8593.60546875,508357.1875,Bauchi,False,,Bauchi,winning,False,277.5,10.0,False
2024-12-01,81,TraderAgent,Bauchi,0,0.0,654.2880859375,442994.09375,Bauchi,False,Port_Harcourt,Port_Harcourt,winning,False,285.0,4.0,False
2024-12-01,82,TraderAgent,Bauchi,0,0.0,2688.402099609375,458663.53125,Bauchi,False,Port_Harcourt,Port_Harcourt,winning,False,285.0,4.0,False
2024-12-01,83,TraderAgent,Bauchi,0,747.080078125,8255.802734375,507967.125,Bauchi,False,,Bauchi,winning,False,277.5,10.0,False
2024-12-01,84,TraderAgent,Bauchi,3,20.0,2052.43603515625,459546.46875,Bauchi,False,Port_Harcourt,Port_Harcourt,winning,False,270.75,3.0,False
2024-12-01,85,BuyerAgent,Bauchi,1,2.919921875,896.8008422851562,,,,,,,,,,
2024-12-01,86,BuyerAgent,Bauchi,0,2.919921875,1012.1395874023438,,,,,,,,,,
2024-12-01,87,BuyerAgent,Bauchi,0,2.919921875,1012.1395874023438,,,,,,,,,,
2024-12-01,88,BuyerAgent,Bauchi,0,2.919921875,147.694091796875,,,,,,,,,,
2024-12-01,89,BuyerAgent,Bauchi,0,0.0,919.3267822265625,,,,,,,,,,
2024-12-01,90,BuyerAgent,Bauchi,0,0.0,170.1324462890625,,,,,,,,,,
2024-12-01,91,BuyerAgent,Bauchi,0,0.0,142.735595703125,,,,,,,,,,
2024-12-01,92,BuyerAgent,Bauchi,0,0.0,142.735595703125,,,,,,,,,,
2024-12-01,93,BuyerAgent,Bauchi,1,0.0,142.735595703125,,,,,,,,,,
2024-12-01,94,BuyerAgent,Bauchi,0,0.0,142.735595703125,,,,,,,,,,
2024-12-01,95,BuyerAgent,Bauchi,0,0.0,142.735595703125,,,,,,,,,,
2024-12-01,96,BuyerAgent,Bauchi,2,0.0,142.735595703125,,,,,,,,,,
2024-12-01,97,BuyerAgent,Bauchi,2,0.0,0.0,,,,,,,,,,
2024-12-01,98,BuyerAgent,Bauchi,1,0.0,0.0,,,,,,,,,,
2024-12-01,99,BuyerAgent,Bauchi,1,0.0,0.0,,,,,,,,,,
2024-12-01,100,BuyerAgent,Bauchi,1,0.0,0.0,,,,,,,,,,
2024-12-01,101,BuyerAgent,Bauchi,2,0.0,0.0,,,,,,,,,,
2024-12-01,102,BuyerAgent,Bauchi,0,0.0,0.0,,,,,,,,,,
2024-12-01,103,BuyerAgent,Bauchi,1,0.0,0.0,,,,,,,,,,
2024-12-01,104,BuyerAgent,Bauchi,1,0.0,0.0,,,,,,,,,,
2024-12-01,105,BuyerAgent,Bauchi,0,0.0,0.0,,,,,,,,,,
2024-12-01,106,BuyerAgent,Bauchi,2,0.0,0.0,,,,,,,,,,
2024-12-01,107,BuyerAgent,Bauchi,2,0.0,0.0,,,,,,,,,,
2024-12-01,108,BuyerAgent,Bauchi,0,0.0,0.0,,,,,,,,,,
2024-12-01,109,BuyerAgent,Bauchi,2,0.0,0.0,,,,,,,,,,
2024-12-01,110,BuyerAgent,Bauchi,1,0.0,0.0,,,,,,,,,,
2024-12-01,111,BuyerAgent,Bauchi,2,0.0,0.0,,,,,,,,,,
2024-12-01,112,BuyerAgent,Bauchi,0,0.0,0.0,,,,,,,,,,
2024-12-01,113,BuyerAgent,Bauchi,0,0.0,0.0,,,,,,,,,,
2024-12-01,114,BuyerAgent,Bauchi,0,0.0,0.0,,,,,,,,,,
2024-12-01,115,TransporterAgent,Bauchi,0,0.0,-578.3748124098123,,,,,,,,,,
2024-12-01,116,TransporterAgent,Bauchi,0,0.0,-631.0226430976431,,,,,,,,,,
2024-12-01,117,TransporterAgent,Bauchi,3,50.0,400.0,,,,,,,,,,
2024-12-01,118,TransporterAgent,Bauchi,3,50.0,-39.96428571428572,,,,,,,,,,
2024-12-01,119,TransporterAgent,Bauchi,0,0.0,-828.9584764309764,,,,,,,,,,
2024-12-01,120,TransporterAgent,Bauchi,0,0.0,350.0,,,,,,,,,,
2024-12-01,121,TransporterAgent,Bauchi,0,0.0,-1176.1445875420875,,,,,,,,,,
2024-12-01,122,TransporterAgent,Bauchi,3,50.0,-780.7196428571428,,,,,,,,,,
2024-12-01,123,TransporterAgent,Bauchi,3,50.0,113.84854497354496,,,,,,,,,,
2024-12-01,124,TransporterAgent,Bauchi,3,50.0,-171.57150793650794,,,,,,,,,,
2024-12-01,125,BankingAgent,Bauchi,0,-0.0,-19.075000000000003,,,,,,,,,,
2024-12-01,126,BankingAgent,Bauchi,0,-0.0,-13.275,,,,,,,,,,
2024-12-01,127,BankingAgent,Bauchi,0,-0.0,-15.700000000000001,,,,,,,,,,
2024-12-01,129,TraderAgent,Kano,0,0.0,532.2635498046875,483731.1875,Kano,False,Onitsha,Onitsha,winning,False,95.0,2.0,False
2024-12-01,130,TraderAgent,Kano,0,0.0,1760.859619140625,468404.46875,Kano,False,Onitsha,Onitsha,winning,False,95.0,5.0,False
2024-12-01,131,TraderAgent,Kano,0,0.0,441.60125732421875,480604.375,Kano,False,Onitsha,Onitsha,winning,False,95.0,3.0,False
2024-12-01,132,TraderAgent,Kano,0,253.0352783203125,2005.4224853515625,498780.84375,Kano,False,Bauchi,Kano,winning,False,92.5,6.0,False
2024-12-01,133,TraderAgent,Kano,0,265.5352783203125,3304.55126953125,474888.1875,Kano,False,Port_Harcourt,Kano,winning,False,95.0,5.0,False
2024-12-01,134,TraderAgent,Kano,0,253.0352783203125,2352.54833984375,485586.84375,Kano,False,Onitsha,Kano,winning,False,92.5,8.0,False
2024-12-01,135,TraderAgent,Kano,0,253.0352783203125,726.446533203125,496411.84375,Kano,False,Bauchi,Kano,winning,False,92.5,4.0,False
2024-12-01,136,TraderAgent,Kano,4,-10.0,1734.13037109375,498511.03125,Kano,False,Bauchi,Kano,winning,False,92.5,4.0,False
2024-12-01,137,TraderAgent,Kano,2,-35.0625,996.6026611328125,497786.8125,Kano,False,Bauchi,Kano,winning,False,95.0,2.0,False
2024-12-01,138,TraderAgent,Kano,4,-10.0,703.9765625,484731.3125,Kano,False,Onitsha,Onitsha,winning,False,95.0,4.0,False
2024-12-01,139,TraderAgent,Kano,0,0.0,3392.614013671875,483733.46875,Kano,False,Onitsha,Onitsha,winning,False,95.0,5.0,False
2024-12-01,140,TraderAgent,Kano,3,20.0,3.4765625,499953.48,Kano,False,,,losing,False,85.5,0.0,False
2024-12-01,141,TraderAgent,Kano,3,20.0,3823.306884765625,500841.8125,Kano,False,Bauchi,Kano,winning,False,87.88,5.0,False
2024-12-01,142,TraderAgent,Kano,2,-35.0625,1040.4921875,493073.8125,Kano,False,Bauchi,Kano,winning,False,92.5,4.0,False
2024-12-01,143,TraderAgent,Kano,4,-10.0,834.7479858398438,500798.5625,Kano,False,,Kano,winning,False,92.5,3.0,False
2024-12-01,144,TraderAgent,Kano,1,123.90697048170595,683.2548828125,466307.28125,Onitsha,True,Onitsha,Onitsha,winning,False,95.0,2.0,True
2024-12-01,145,TraderAgent,Kano,1,123.90697048170595,493.3301160102496,441545.0,Onitsha,True,Onitsha,Onitsha,winning,False,95.0,4.0,True
2024-12-01,146,TraderAgent,Kano,3,20.0,262.24522962962965,480525.53125,Kano,False,Onitsha,Onitsha,winning,False,90.25,2.0,False
2024-12-01,147,TraderAgent,Kano,0,253.0352783203125,762.2886962890625,480955.8125,Kano,False,Onitsha,Kano,winning,False,92.5,4.0,False
2024-12-01,148,TraderAgent,Kano,3,20.0,924.3792724609375,500847.25,Kano,False,,Kano,winning,False,90.25,2.0,False
2024-12-01,149,BuyerAgent,Kano,0,0.0,826.7662963867188,,,,,,,,,,
2024-12-01,150,BuyerAgent,Kano,2,0.0,545.1536254882812,,,,,,,,,,
2024-12-01,151,BuyerAgent,Kano,1,0.0,378.6749267578125,,,,,,,,,,
2024-12-01,152,BuyerAgent,Kano,0,0.0,330.4206848144531,,,,,,,,,,
2024-12-01,153,BuyerAgent,Kano,1,0.0,3.052215576171875,,,,,,,,,,
2024-12-01,154,BuyerAgent,Kano,0,0.0,2.59368896484375,,,,,,,,,,
2024-12-01,155,BuyerAgent,Kano,2,0.0,283.8130187988281,,,,,,,,,,
2024-12-01,156,BuyerAgent,Kano,2,0.0,67.26821899414062,,,,,,,,,,
2024-12-01,157,BuyerAgent,Kano,0,0.0,283.8130187988281,,,,,,,,,,
2024-12-01,158,BuyerAgent,Kano,2,0.0,0.0,,,,,,,,,,
2024-12-01,159,BuyerAgent,Kano,2,0.0,280.76080322265625,,,,,,,,,,
2024-12-01,160,BuyerAgent,Kano,2,0.0,280.76080322265625,,,,,,,,,,
2024-12-01,161,BuyerAgent,Kano,2,0.0,44.01397705078125,,,,,,,,,,
2024-12-01,162,BuyerAgent,Kano,1,0.0,3.052215576171875,,,,,,,,,,
2024-12-01,163,BuyerAgent,Kano,1,0.0,3.052215576171875,,,,,,,,,,
2024-12-01,164,BuyerAgent,Kano,2,0.0,3.052215576171875,,,,,,,,,,
2024-12-01,165,BuyerAgent,Kano,1,0.0,0.0,,,,,,,,,,
2024-12-01,166,BuyerAgent,Kano,2,0.0,0.0,,,,,,,,,,
2024-12-01,167,BuyerAgent,Kano,2,0.0,0.0,,,,,,,,,,
2024-12-01,168,BuyerAgent,Kano,1,0.0,0.0,,,,,,,,,,
2024-12-01,169,BuyerAgent,Kano,1,0.0,0.0,,,,,,,,,,
2024-12-01,170,BuyerAgent,Kano,2,0.0,0.0,,,,,,,,,,
2024-12-01,171,BuyerAgent,Kano,2,0.0,0.0,,,,,,,,,,
2024-12-01,172,BuyerAgent,Kano,1,0.0,0.0,,,,,,,,,,
2024-12-01,173,BuyerAgent,Kano,1,0.0,0.0,,,,,,,,,,
2024-12-01,174,BuyerAgent,Kano,2,0.0,0.0,,,,,,,,,,
2024-12-01,175,BuyerAgent,Kano,2,0.0,0.0,,,,,,,,,,
2024-12-01,176,BuyerAgent,Kano,0,0.0,0.0,,,,,,,,,,
2024-12-01,177,BuyerAgent,Kano,1,0.0,0.0,,,,,,,,,,
2024-12-01,178,BuyerAgent,Kano,2,0.0,0.0,,,,,,,,,,
2024-12-01,179,TransporterAgent,Kano,2,100.0,279.94528850408847,,,,,,,,,,
2024-12-01,180,TransporterAgent,Kano,3,50.0,-282.598,,,,,,,,,,
2024-12-01,181,TransporterAgent,Kano,1,-200.0,-859.659656084656,,,,,,,,,,
2024-12-01,182,TransporterAgent,Kano,1,-200.0,-126.0332724867725,,,,,,,,,,
2024-12-01,183,TransporterAgent,Kano,3,50.0,305.42326587301585,,,,,,,,,,
2024-12-01,184,TransporterAgent,Kano,3,50.0,-932.6965142857142,,,,,,,,,,
2024-12-01,185,TransporterAgent,Kano,1,-200.0,-711.9787341269841,,,,,,,,,,
2024-12-01,186,TransporterAgent,Kano,1,-200.0,-629.1838,,,,,,,,,,
2024-12-01,187,TransporterAgent,Kano,1,-200.0,-483.5,,,,,,,,,,
2024-12-01,188,TransporterAgent,Kano,0,3.5030364197530752,-267.01574664903,,,,,,,,,,
2024-12-01,189,BankingAgent,Kano,0,-0.0,-19.650000000000002,,,,,,,,,,
2024-12-01,190,BankingAgent,Kano,2,-1.3749999999999996,-38.50000000000001,,,,,,,,,,
2024-12-01,191,BankingAgent,Kano,1,-2.749999999999999,-35.37500000000001,,,,,,,,,,
2024-12-01,193,TraderAgent,Lagos,0,1824.5587158203125,11491.5888671875,500404.8125,Lagos,False,Onitsha,Lagos,winning,False,777.5,6.0,False
2024-12-01,194,TraderAgent,Lagos,1,137.58428546080964,6373.82177734375,485241.375,Onitsha,True,Onitsha,Onitsha,winning,False,845.0,3.0,True
2024-12-01,195,TraderAgent,Lagos,3,20.0,12912.0625,496192.375,Lagos,False,Onitsha,Onitsha,winning,False,738.62,6.0,False
2024-12-01,196,TraderAgent,Lagos,3,20.0,5507.294921875,494548.90625,Lagos,False,Onitsha,Lagos,winning,False,792.06,3.0,False
2024-12-01,197,TraderAgent,Lagos,0,4562.05859375,11923.4208984375,447429.1875,Lagos,False,Onitsha,Onitsha,winning,False,800.0,6.0,False
2024-12-01,198,TraderAgent,Lagos,0,1824.5587158203125,12122.9072265625,495415.4375,Lagos,False,Onitsha,Lagos,winning,False,777.5,4.0,False
2024-12-01,199,TraderAgent,Lagos,4,-10.0,2236.815673828125,496749.53125,Lagos,False,Onitsha,Onitsha,winning,False,800.0,2.0,False
2024-12-01,200,TraderAgent,Lagos,2,-35.0625,9916.06640625,493490.625,Lagos,False,Onitsha,Lagos,winning,False,845.0,5.0,False
2024-12-01,201,TraderAgent,Lagos,3,20.0,4359.9599609375,498764.8125,Lagos,False,Onitsha,Onitsha,winning,False,760.0,2.0,False
2024-12-01,202,TraderAgent,Lagos,3,20.0,9515.248046875,498234.90625,Lagos,False,Onitsha,Onitsha,winning,False,738.62,3.0,False
2024-12-01,203,TraderAgent,Lagos,1,137.58428546080964,1889.1953125,491805.0,Onitsha,True,Onitsha,Onitsha,winning,False,833.75,1.0,True
2024-12-01,204,TraderAgent,Lagos,0,4562.05859375,11114.7099609375,441137.625,Lagos,False,Onitsha,Onitsha,winning,False,800.0,5.0,False
2024-12-01,205,TraderAgent,Lagos,4,-10.0,7616.2568359375,496710.09375,Lagos,False,Onitsha,Onitsha,winning,False,800.0,4.0,False
2024-12-01,206,TraderAgent,Lagos,1,137.58428546080964,9175.7353515625,487922.75,Onitsha,True,Onitsha,Onitsha,winning,False,878.75,4.0,True
2024-12-01,207,TraderAgent,Lagos,3,20.0,6674.712890625,442165.5625,Lagos,False,Onitsha,Lagos,winning,False,760.0,4.0,False
2024-12-01,208,TraderAgent,Lagos,3,20.0,7259.5400390625,496284.15625,Lagos,False,Onitsha,Onitsha,winning,False,738.62,2.0,False
2024-12-01,209,TraderAgent,Lagos,4,-10.0,10970.2109375,494513.6875,Lagos,False,Onitsha,Onitsha,winning,False,777.5,4.0,False
2024-12-01,210,TraderAgent,Lagos,2,-35.0625,13804.3623046875,491588.375,Lagos,False,Onitsha,Onitsha,winning,False,777.5,5.0,False
2024-12-01,211,TraderAgent,Lagos,3,20.0,10342.7060546875,493759.40625,Lagos,False,Onitsha,Lagos,winning,False,834.81,4.0,False
2024-12-01,212,TraderAgent,Lagos,0,4562.05859375,9894.47265625,498759.53125,Lagos,False,Onitsha,Onitsha,winning,False,800.0,4.0,False
2024-12-01,213,BuyerAgent,Lagos,0,550.4412841796875,2649.07470703125,,,,,,,,,,
2024-12-01,214,BuyerAgent,Lagos,2,0.0,1606.5869140625,,,,,,,,,,
2024-12-01,215,BuyerAgent,Lagos,2,0.0,1382.6971435546875,,,,,,,,,,
2024-12-01,216,BuyerAgent,Lagos,0,550.4412841796875,2102.52490234375,,,,,,,,,,
2024-12-01,217,BuyerAgent,Lagos,1,437.9412841796875,1704.7607421875,,,,,,,,,,
2024-12-01,218,BuyerAgent,Lagos,0,437.9412841796875,1500.384521484375,,,,,,,,,,
2024-12-01,219,BuyerAgent,Lagos,1,437.9412841796875,866.66015625,,,,,,,,,,
2024-12-01,220,BuyerAgent,Lagos,2,0.0,1103.223876953125,,,,,,,,,,
2024-12-01,221,BuyerAgent,Lagos,1,0.0,89.796142578125,,,,,,,,,,
2024-12-01,222,BuyerAgent,Lagos,2,0.0,835.3082275390625,,,,,,,,,,
2024-12-01,223,BuyerAgent,Lagos,1,0.0,1024.505615234375,,,,,,,,,,
2024-12-01,224,BuyerAgent,Lagos,1,0.0,364.7601318359375,,,,,,,,,,
2024-12-01,225,BuyerAgent,Lagos,2,0.0,457.4493408203125,,,,,,,,,,
2024-12-01,226,BuyerAgent,Lagos,2,0.0,189.1973876953125,,,,,,,,,,
2024-12-01,227,BuyerAgent,Lagos,1,0.0,0.0,,,,,,,,,,
2024-12-01,228,BuyerAgent,Lagos,1,0.0,0.0,,,,,,,,,,
2024-12-01,229,BuyerAgent,Lagos,0,0.0,0.0,,,,,,,,,,
2024-12-01,230,BuyerAgent,Lagos,2,0.0,0.0,,,,,,,,,,
2024-12-01,231,BuyerAgent,Lagos,0,0.0,0.0,,,,,,,,,,
2024-12-01,232,BuyerAgent,Lagos,0,0.0,0.0,,,,,,,,,,
2024-12-01,233,BuyerAgent,Lagos,2,0.0,0.0,,,,,,,,,,
2024-12-01,234,BuyerAgent,Lagos,1,0.0,0.0,,,,,,,,,,
2024-12-01,235,BuyerAgent,Lagos,1,0.0,0.0,,,,,,,,,,
2024-12-01,236,BuyerAgent,Lagos,0,0.0,0.0,,,,,,,,,,
2024-12-01,237,BuyerAgent,Lagos,1,0.0,0.0,,,,,,,,,,
2024-12-01,238,BuyerAgent,Lagos,0,0.0,0.0,,,,,,,,,,
2024-12-01,239,BuyerAgent,Lagos,1,0.0,0.0,,,,,,,,,,
2024-12-01,240,BuyerAgent,Lagos,1,0.0,0.0,,,,,,,,,,
2024-12-01,241,BuyerAgent,Lagos,2,0.0,0.0,,,,,,,,,,
2024-12-01,242,BuyerAgent,Lagos,1,0.0,0.0,,,,,,,,,,
2024-12-01,243,TransporterAgent,Lagos,2,100.0,-109.42644988697234,,,,,,,,,,
2024-12-01,244,TransporterAgent,Lagos,2,100.0,-700.0,,,,,,,,,,
2024-12-01,245,TransporterAgent,Lagos,3,50.0,-366.20342307692306,,,,,,,,,,
2024-12-01,246,TransporterAgent,Lagos,2,100.0,-444.23838689578395,,,,,,,,,,
2024-12-01,247,TransporterAgent,Lagos,1,-200.0,-864.6256156539538,,,,,,,,,,
2024-12-01,248,TransporterAgent,Lagos,0,3.4275231481481523,-771.4761375231379,,,,,,,,,,
2024-12-01,249,TransporterAgent,Lagos,0,3.4275231481481523,-928.1489768518519,,,,,,,,,,
2024-12-01,250,TransporterAgent,Lagos,2,100.0,-15.612235294117653,,,,,,,,,,
2024-12-01,251,TransporterAgent,Lagos,3,50.0,220.88729999999998,,,,,,,,,,
2024-12-01,252,TransporterAgent,Lagos,0,3.4275231481481523,-1279.3557121459696,,,,,,,,,,
2024-12-01,253,BankingAgent,Lagos,1,-2.749999999999999,-31.000000000000004,,,,,,,,,,
2024-12-01,254,BankingAgent,Lagos,0,-0.0,-20.525000000000006,,,,,,,,,,
2024-12-01,255,BankingAgent,Lagos,1,-2.749999999999999,-32.97500000000001,,,,,,,,,,
2024-12-01,257,TraderAgent,Onitsha,4,-10.0,3167.4453125,486908.90625,Onitsha,False,Lagos,Onitsha,winning,False,532.5,4.0,False
2024-12-01,258,TraderAgent,Onitsha,3,20.0,3301.33544921875,503151.03125,Onitsha,False,,Onitsha,winning,False,527.25,3.0,False
2024-12-01,259,TraderAgent,Onitsha,1,153.2873827248677,7793.87646484375,478755.59375,Lagos,True,Lagos,Lagos,winning,False,555.0,6.0,True
2024-12-01,260,TraderAgent,Onitsha,3,20.0,401.44096408571426,487861.1875,Onitsha,False,Port_Harcourt,Port_Harcourt,winning,False,541.5,2.0,False
2024-12-01,261,TraderAgent,Onitsha,4,-10.0,20870.59765625,509131.1875,Onitsha,False,Lagos,Onitsha,winning,False,555.0,6.0,False
2024-12-01,262,TraderAgent,Onitsha,0,0.0,161.77931325238092,483755.09375,Onitsha,False,Lagos,Lagos,losing,False,570.0,2.0,False
2024-12-01,263,TraderAgent,Onitsha,0,0.0,2441.36083984375,485880.59375,Onitsha,False,Lagos,Lagos,winning,False,570.0,4.0,False
2024-12-01,264,TraderAgent,Onitsha,4,-10.0,2315.92822265625,495006.1875,Onitsha,False,Lagos,Lagos,winning,False,570.0,3.0,False
2024-12-01,265,TraderAgent,Onitsha,4,-10.0,4877.6572265625,496642.25,Onitsha,False,Port_Harcourt,Onitsha,winning,False,555.0,5.0,False
2024-12-01,266,TraderAgent,Onitsha,0,1518.350830078125,21637.82421875,516481.0,Onitsha,False,Port_Harcourt,Onitsha,winning,False,555.0,6.0,False
2024-12-01,267,TraderAgent,Onitsha,4,-10.0,17612.759765625,510316.46875,Onitsha,False,Lagos,Onitsha,winning,False,532.5,3.0,False
2024-12-01,268,TraderAgent,Onitsha,0,1518.350830078125,21117.962890625,502188.15625,Onitsha,False,Lagos,Onitsha,winning,False,555.0,6.0,False
2024-12-01,269,TraderAgent,Onitsha,4,-10.0,4011.930419921875,489466.96875,Onitsha,False,Lagos,Lagos,winning,False,555.0,4.0,False
2024-12-01,270,TraderAgent,Onitsha,4,-10.0,2593.51904296875,476679.1875,Onitsha,False,Lagos,Lagos,winning,False,570.0,4.0,False
2024-12-01,271,TraderAgent,Onitsha,4,-10.0,5190.9013671875,490753.0,Onitsha,False,Lagos,Lagos,winning,False,555.0,5.0,False
2024-12-01,272,TraderAgent,Onitsha,3,20.0,3516.518798828125,488036.875,Onitsha,False,Port_Harcourt,Port_Harcourt,winning,False,541.5,4.0,False
2024-12-01,273,TraderAgent,Onitsha,3,20.0,2519.44189453125,502471.5625,Onitsha,False,,Onitsha,winning,False,505.88,2.0,False
2024-12-01,274,TraderAgent,Onitsha,0,0.0,1568.27294921875,485085.3125,Onitsha,False,Lagos,Lagos,winning,False,570.0,3.0,False
2024-12-01,275,TraderAgent,Onitsha,0,0.0,1871.002197265625,481416.625,Onitsha,False,Lagos,Lagos,winning,False,570.0,3.0,False
2024-12-01,276,TraderAgent,Onitsha,1,153.2873827248677,2804.111083984375,473808.90625,Lagos,True,Lagos,Lagos,winning,False,570.0,3.0,True
2024-12-01,277,BuyerAgent,Onitsha,2,0.0,2782.84716796875,,,,,,,,,,
2024-12-01,278,BuyerAgent,Onitsha,1,0.0,404.1455078125,,,,,,,,,,
2024-12-01,279,BuyerAgent,Onitsha,0,0.0,2704.0146484375,,,,,,,,,,
2024-12-01,280,BuyerAgent,Onitsha,0,0.0,2457.84130859375,,,,,,,,,,
2024-12-01,281,BuyerAgent,Onitsha,2,0.0,2138.2255859375,,,,,,,,,,
2024-12-01,282,BuyerAgent,Onitsha,1,0.0,209.4775390625,,,,,,,,,,
2024-12-01,283,BuyerAgent,Onitsha,2,0.0,114.86572265625,,,,,,,,,,
2024-12-01,284,BuyerAgent,Onitsha,1,0.0,516.78466796875,,,,,,,,,,
2024-12-01,285,BuyerAgent,Onitsha,0,0.0,112.2698974609375,,,,,,,,,,
2024-12-01,286,BuyerAgent,Onitsha,1,0.0,81.982421875,,,,,,,,,,
2024-12-01,287,BuyerAgent,Onitsha,1,0.0,155.35491943359375,,,,,,,,,,
2024-12-01,288,BuyerAgent,Onitsha,2,0.0,140.49896240234375,,,,,,,,,,
2024-12-01,289,BuyerAgent,Onitsha,1,0.0,10.87249755859375,,,,,,,,,,
2024-12-01,290,BuyerAgent,Onitsha,1,0.0,10.87249755859375,,,,,,,,,,
2024-12-01,291,BuyerAgent,Onitsha,0,0.0,0.0,,,,,,,,,,
2024-12-01,292,BuyerAgent,Onitsha,0,0.0,0.0,,,,,,,,,,
2024-12-01,293,BuyerAgent,Onitsha,1,0.0,0.0,,,,,,,,,,
2024-12-01,294,BuyerAgent,Onitsha,2,0.0,0.0,,,,,,,,,,
2024-12-01,295,BuyerAgent,Onitsha,1,0.0,0.0,,,,,,,,,,
2024-12-01,296,BuyerAgent,Onitsha,2,0.0,0.0,,,,,,,,,,
2024-12-01,297,BuyerAgent,Onitsha,0,0.0,0.0,,,,,,,,,,
2024-12-01,298,BuyerAgent,Onitsha,1,0.0,0.0,,,,,,,,,,
2024-12-01,299,BuyerAgent,Onitsha,2,0.0,0.0,,,,,,,,,,
2024-12-01,300,BuyerAgent,Onitsha,2,0.0,0.0,,,,,,,,,,
2024-12-01,301,BuyerAgent,Onitsha,2,0.0,0.0,,,,,,,,,,
2024-12-01,302,BuyerAgent,Onitsha,0,0.0,0.0,,,,,,,,,,
2024-12-01,303,BuyerAgent,Onitsha,0,0.0,0.0,,,,,,,,,,
2024-12-01,304,BuyerAgent,Onitsha,1,0.0,0.0,,,,,,,,,,
2024-12-01,305,BuyerAgent,Onitsha,0,0.0,0.0,,,,,,,,,,
2024-12-01,306,BuyerAgent,Onitsha,1,0.0,0.0,,,,,,,,,,
2024-12-01,307,TransporterAgent,Onitsha,2,100.0,174.06118041527156,,,,,,,,,,
2024-12-01,308,TransporterAgent,Onitsha,0,10.90915694444445,-109.0001252640981,,,,,,,,,,
2024-12-01,309,TransporterAgent,Onitsha,0,10.90915694444445,294.9165569444445,,,,,,,,,,
2024-12-01,310,TransporterAgent,Onitsha,3,50.0,-116.1693237513951,,,,,,,,,,
2024-12-01,311,TransporterAgent,Onitsha,0,10.90915694444445,-170.0693638888889,,,,,,,,,,
2024-12-01,312,TransporterAgent,Onitsha,1,-200.0,-740.12115,,,,,,,,,,
2024-12-01,313,TransporterAgent,Onitsha,0,10.90915694444445,-312.3265573412698,,,,,,,,,,
2024-12-01,314,TransporterAgent,Onitsha,3,50.0,116.3534637486049,,,,,,,,,,
2024-12-01,315,TransporterAgent,Onitsha,3,50.0,-200.3134333333333,,,,,,,,,,
2024-12-01,316,TransporterAgent,Onitsha,1,-200.0,-1125.5551,,,,,,,,,,
2024-12-01,317,BankingAgent,Onitsha,0,-0.0,-24.950000000000003,,,,,,,,,,
2024-12-01,318,BankingAgent,Onitsha,2,-1.3749999999999996,-41.025000000000006,,,,,,,,,,
2024-12-01,319,BankingAgent,Onitsha,2,-1.3749999999999996,-26.425000000000004,,,,,,,,,,
2024-12-01,321,TraderAgent,Port_Harcourt,0,8993.7265625,20701.671875,512878.46875,Port_Harcourt,False,Onitsha,Onitsha,winning,False,1025.0,4.0,False
2024-12-01,322,TraderAgent,Port_Harcourt,4,-10.0,7897.6259765625,505346.25,Port_Harcourt,False,Onitsha,Onitsha,winning,False,1025.0,2.0,False
2024-12-01,323,TraderAgent,Port_Harcourt,2,-35.0625,13171.9990234375,510462.125,Port_Harcourt,False,Onitsha,Onitsha,winning,False,987.5,3.0,False
2024-12-01,324,TraderAgent,Port_Harcourt,3,20.0,4275.24267578125,504117.8125,Port_Harcourt,False,,Port_Harcourt,winning,False,1258.75,2.0,False
2024-12-01,325,TraderAgent,Port_Harcourt,4,-10.0,18515.23046875,513307.03125,Port_Harcourt,False,Onitsha,Onitsha,winning,False,987.5,4.0,False
2024-12-01,326,TraderAgent,Port_Harcourt,3,20.0,15315.52734375,510058.1875,Port_Harcourt,False,Onitsha,Onitsha,winning,False,938.12,3.0,False
2024-12-01,327,TraderAgent,Port_Harcourt,3,20.0,14489.208984375,511777.15625,Port_Harcourt,False,Onitsha,Port_Harcourt,winning,False,1258.75,4.0,False
2024-12-01,328,TraderAgent,Port_Harcourt,2,-35.0625,21407.3359375,516150.25,Port_Harcourt,False,Onitsha,Port_Harcourt,winning,False,1325.0,5.0,False
2024-12-01,329,TraderAgent,Port_Harcourt,3,20.0,10964.1201171875,505745.15625,Port_Harcourt,False,Onitsha,Port_Harcourt,winning,False,1223.12,3.0,False
2024-12-01,330,TraderAgent,Port_Harcourt,0,3368.726806640625,13512.486328125,510730.75,Port_Harcourt,False,Onitsha,Port_Harcourt,winning,False,1400.0,5.0,False
2024-12-01,331,TraderAgent,Port_Harcourt,0,8993.7265625,24471.9609375,516586.375,Port_Harcourt,False,Onitsha,Onitsha,winning,False,1025.0,5.0,False
2024-12-01,332,TraderAgent,Port_Harcourt,0,8993.7265625,12821.662109375,462032.09375,Port_Harcourt,False,Onitsha,Onitsha,winning,False,1025.0,3.0,False
2024-12-01,333,TraderAgent,Port_Harcourt,3,20.0,6491.74462890625,503885.5625,Port_Harcourt,False,Onitsha,Port_Harcourt,winning,False,1169.69,2.0,False
2024-12-01,334,TraderAgent,Port_Harcourt,2,-35.0625,14168.181640625,511473.53125,Port_Harcourt,False,Onitsha,Onitsha,winning,False,987.5,3.0,False
2024-12-01,335,TraderAgent,Port_Harcourt,0,8993.7265625,15246.861328125,512529.8125,Port_Harcourt,False,Onitsha,Onitsha,winning,False,1025.0,4.0,False
2024-12-01,336,TraderAgent,Port_Harcourt,0,2806.226806640625,19413.224609375,514129.625,Port_Harcourt,False,Onitsha,Port_Harcourt,winning,False,1287.5,6.0,False
2024-12-01,337,TraderAgent,Port_Harcourt,3,20.0,22262.73046875,514441.125,Port_Harcourt,False,Onitsha,Onitsha,winning,False,938.12,4.0,False
2024-12-01,338,TraderAgent,Port_Harcourt,0,1306.226806640625,17425.138671875,466512.46875,Port_Harcourt,False,Onitsha,Port_Harcourt,winning,False,987.5,6.0,False
2024-12-01,339,TraderAgent,Port_Harcourt,0,3368.726806640625,16543.203125,511252.15625,Port_Harcourt,False,Onitsha,Port_Harcourt,winning,False,1400.0,5.0,False
2024-12-01,340,TraderAgent,Port_Harcourt,3,20.0,20535.146484375,515224.25,Port_Harcourt,False,Onitsha,Onitsha,winning,False,938.12,5.0,False
2024-12-01,341,BuyerAgent,Port_Harcourt,2,0.0,7668.91455078125,,,,,,,,,,
2024-12-01,342,BuyerAgent,Port_Harcourt,1,2693.773193359375,10955.0869140625,,,,,,,,,,
2024-12-01,343,BuyerAgent,Port_Harcourt,2,0.0,4782.6884765625,,,,,,,,,,
2024-12-01,344,BuyerAgent,Port_Harcourt,2,0.0,5300.3759765625,,,,,,,,,,
2024-12-01,345,BuyerAgent,Port_Harcourt,0,2506.273193359375,9908.28515625,,,,,,,,,,
2024-12-01,346,BuyerAgent,Port_Harcourt,1,2506.273193359375,7219.2373046875,,,,,,,,,,
2024-12-01,347,BuyerAgent,Port_Harcourt,0,2506.273193359375,8792.515625,,,,,,,,,,
2024-12-01,348,BuyerAgent,Port_Harcourt,0,2506.273193359375,5983.8076171875,,,,,,,,,,
2024-12-01,349,BuyerAgent,Port_Harcourt,0,1193.773193359375,3781.60595703125,,,,,,,,,,
2024-12-01,350,BuyerAgent,Port_Harcourt,1,631.273193359375,2827.241943359375,,,,,,,,,,
2024-12-01,351,BuyerAgent,Port_Harcourt,2,0.0,1217.401123046875,,,,,,,,,,
2024-12-01,352,BuyerAgent,Port_Harcourt,1,631.273193359375,1665.2813720703125,,,,,,,,,,
2024-12-01,353,BuyerAgent,Port_Harcourt,0,0.0,284.0081787109375,,,,,,,,,,
2024-12-01,354,BuyerAgent,Port_Harcourt,0,0.0,284.0081787109375,,,,,,,,,,
2024-12-01,355,BuyerAgent,Port_Harcourt,1,0.0,184.0081787109375,,,,,,,,,,
2024-12-01,356,BuyerAgent,Port_Harcourt,0,0.0,0.0,,,,,,,,,,
2024-12-01,357,BuyerAgent,Port_Harcourt,1,0.0,0.0,,,,,,,,,,
2024-12-01,358,BuyerAgent,Port_Harcourt,2,0.0,0.0,,,,,,,,,,
2024-12-01,359,BuyerAgent,Port_Harcourt,2,0.0,0.0,,,,,,,,,,
2024-12-01,360,BuyerAgent,Port_Harcourt,2,0.0,0.0,,,,,,,,,,
2024-12-01,361,BuyerAgent,Port_Harcourt,2,0.0,0.0,,,,,,,,,,
2024-12-01,362,BuyerAgent,Port_Harcourt,1,0.0,184.0081787109375,,,,,,,,,,
2024-12-01,363,BuyerAgent,Port_Harcourt,2,0.0,0.0,,,,,,,,,,
2024-12-01,364,BuyerAgent,Port_Harcourt,0,0.0,0.0,,,,,,,,,,
2024-12-01,365,BuyerAgent,Port_Harcourt,2,0.0,0.0,,,,,,,,,,
2024-12-01,366,BuyerAgent,Port_Harcourt,0,0.0,0.0,,,,,,,,,,
2024-12-01,367,BuyerAgent,Port_Harcourt,2,0.0,0.0,,,,,,,,,,
2024-12-01,368,BuyerAgent,Port_Harcourt,2,0.0,0.0,,,,,,,,,,
2024-12-01,369,BuyerAgent,Port_Harcourt,0,0.0,0.0,,,,,,,,,,
2024-12-01,370,BuyerAgent,Port_Harcourt,2,0.0,0.0,,,,,,,,,,
2024-12-01,371,TransporterAgent,Port_Harcourt,2,100.0,-173.7368181818182,,,,,,,,,,
2024-12-01,372,TransporterAgent,Port_Harcourt,3,50.0,-106.29400946969707,,,,,,,,,,
2024-12-01,373,TransporterAgent,Port_Harcourt,2,100.0,349.87971654040393,,,,,,,,,,
2024-12-01,374,TransporterAgent,Port_Harcourt,2,100.0,-273.30334848484847,,,,,,,,,,
2024-12-01,375,TransporterAgent,Port_Harcourt,2,100.0,-419.62735795454546,,,,,,,,,,
2024-12-01,376,TransporterAgent,Port_Harcourt,3,50.0,-668.1370056818182,,,,,,,,,,
2024-12-01,377,TransporterAgent,Port_Harcourt,0,1.0835770833333254,-318.1790605429293,,,,,,,,,,
2024-12-01,378,TransporterAgent,Port_Harcourt,1,-200.0,-620.78,,,,,,,,,,
2024-12-01,379,TransporterAgent,Port_Harcourt,0,1.0835770833333254,-339.53916786616156,,,,,,,,,,
2024-12-01,380,TransporterAgent,Port_Harcourt,3,50.0,-185.92727272727274,,,,,,,,,,
2024-12-01,381,BankingAgent,Port_Harcourt,2,-1.3749999999999996,-36.175000000000004,,,,,,,,,,
2024-12-01,382,BankingAgent,Port_Harcourt,0,-0.0,-19.650000000000006,,,,,,,,,,
2024-12-01,383,BankingAgent,Port_Harcourt,1,-2.749999999999999,-24.025,,,,,,,,,,
2025-01-01,1,TraderAgent,Abuja,2,-35.0625,13433.1611328125,505306.84375,Abuja,False,Onitsha,Abuja,winning,False,380.0,3.0,False
2025-01-01,2,TraderAgent,Abuja,2,-35.0625,15683.35546875,441402.125,Abuja,False,Onitsha,Onitsha,winning,False,380.0,3.0,False
2025-01-01,3,TraderAgent,Abuja,3,20.0,13021.7548828125,504750.71875,Abuja,False,Onitsha,Onitsha,winning,False,361.0,5.0,False
2025-01-01,4,TraderAgent,Abuja,1,150.75347692307693,28119.16015625,489978.625,Onitsha,True,Onitsha,Onitsha,winning,False,380.0,7.0,True
2025-01-01,5,TraderAgent,Abuja,0,1087.386474609375,16179.6162109375,499869.46875,Abuja,False,Onitsha,Abuja,winning,False,380.0,5.0,False
2025-01-01,6,TraderAgent,Abuja,0,0.0,16496.208984375,491385.71875,Abuja,False,Onitsha,Onitsha,winning,False,380.0,4.0,False
2025-01-01,7,TraderAgent,Abuja,0,0.0,28621.876953125,437503.53125,Abuja,False,Onitsha,Onitsha,winning,False,380.0,7.0,False
2025-01-01,8,TraderAgent,Abuja,1,150.75347692307693,28021.859375,489897.84375,Onitsha,True,Onitsha,Onitsha,winning,False,380.0,8.0,True
2025-01-01,9,TraderAgent,Abuja,1,150.75347692307693,10112.96484375,438475.8125,Onitsha,True,Onitsha,Onitsha,winning,False,380.0,4.0,True
2025-01-01,10,TraderAgent,Abuja,2,-35.0625,12825.1201171875,504587.375,Abuja,False,Onitsha,Abuja,winning,False,380.0,3.0,False
2025-01-01,11,TraderAgent,Abuja,1,150.75347692307693,23180.111328125,485126.875,Onitsha,True,Onitsha,Onitsha,winning,False,380.0,4.0,True
2025-01-01,12,TraderAgent,Abuja,3,20.0,11573.5859375,495051.84375,Abuja,False,Onitsha,Abuja,winning,False,361.0,5.0,False
2025-01-01,13,TraderAgent,Abuja,4,-10.0,18042.166015625,509638.46875,Abuja,False,Onitsha,Abuja,winning,False,380.0,6.0,False
2025-01-01,14,TraderAgent,Abuja,0,1087.386474609375,2245.28271484375,502129.3125,Abuja,False,,Abuja,winning,False,380.0,2.0,False
2025-01-01,15,TraderAgent,Abuja,3,20.0,15791.12109375,499414.03125,Abuja,False,Onitsha,Abuja,winning,False,361.0,5.0,False
2025-01-01,16,TraderAgent,Abuja,1,150.75347692307693,9791.158203125,430061.1875,Onitsha,True,Onitsha,Onitsha,winning,False,380.0,2.0,True
2025-01-01,17,TraderAgent,Abuja,0,0.0,20295.123046875,487172.375,Abuja,False,Onitsha,Onitsha,winning,False,380.0,6.0,False
2025-01-01,18,TraderAgent,Abuja,4,-10.0,20862.12890625,512566.375,Abuja,False,Onitsha,Abuja,winning,False,380.0,8.0,False
2025-01-01,19,TraderAgent,Abuja,1,150.75347692307693,5789.39892578125,484015.0,Onitsha,True,Onitsha,Onitsha,winning,False,380.0,1.0,True
2025-01-01,20,TraderAgent,Abuja,0,1087.386474609375,10123.4482421875,509913.84375,Abuja,False,,Abuja,winning,False,380.0,6.0,False
2025-01-01,21,BuyerAgent,Abuja,0,0.0,6336.78515625,,,,,,,,,,
2025-01-01,22,BuyerAgent,Abuja,1,0.0,2607.36572265625,,,,,,,,,,
2025-01-01,23,BuyerAgent,Abuja,0,0.0,4876.9228515625,,,,,,,,,,
2025-01-01,24,BuyerAgent,Abuja,0,0.0,2812.779296875,,,,,,,,,,
2025-01-01,25,BuyerAgent,Abuja,2,0.0,4013.51171875,,,,,,,,,,
2025-01-01,26,BuyerAgent,Abuja,1,0.0,3780.2890625,,,,,,,,,,
2025-01-01,27,BuyerAgent,Abuja,2,0.0,1551.868896484375,,,,,,,,,,
2025-01-01,28,BuyerAgent,Abuja,1,0.0,4059.34130859375,,,,,,,,,,
2025-01-01,29,BuyerAgent,Abuja,2,0.0,2705.03466796875,,,,,,,,,,
2025-01-01,30,BuyerAgent,Abuja,0,0.0,3069.10107421875,,,,,,,,,,
2025-01-01,31,BuyerAgent,Abuja,0,0.0,1435.33935546875,,,,,,,,,,
2025-01-01,32,BuyerAgent,Abuja,2,0.0,172.83538818359375,,,,,,,,,,
2025-01-01,33,BuyerAgent,Abuja,1,0.0,1265.138916015625,,,,,,,,,,
2025-01-01,34,BuyerAgent,Abuja,1,0.0,2396.519775390625,,,,,,,,,,
2025-01-01,35,BuyerAgent,Abuja,2,0.0,1222.862548828125,,,,,,,,,,
2025-01-01,36,BuyerAgent,Abuja,2,0.0,22.862548828125,,,,,,,,,,
2025-01-01,37,BuyerAgent,Abuja,1,0.0,14.522705078125,,,,,,,,,,
2025-01-01,38,BuyerAgent,Abuja,1,0.0,0.0,,,,,,,,,,
2025-01-01,39,BuyerAgent,Abuja,2,0.0,0.0,,,,,,,,,,
2025-01-01,40,BuyerAgent,Abuja,2,0.0,0.0,,,,,,,,,,
2025-01-01,41,BuyerAgent,Abuja,2,0.0,0.0,,,,,,,,,,
2025-01-01,42,BuyerAgent,Abuja,0,0.0,0.0,,,,,,,,,,
2025-01-01,43,BuyerAgent,Abuja,2,0.0,0.0,,,,,,,,,,
2025-01-01,44,BuyerAgent,Abuja,0,0.0,0.0,,,,,,,,,,
2025-01-01,45,BuyerAgent,Abuja,1,0.0,0.0,,,,,,,,,,
2025-01-01,46,BuyerAgent,Abuja,2,0.0,0.0,,,,,,,,,,
2025-01-01,47,BuyerAgent,Abuja,1,0.0,0.0,,,,,,,,,,
2025-01-01,48,BuyerAgent,Abuja,1,0.0,0.0,,,,,,,,,,
2025-01-01,49,BuyerAgent,Abuja,2,0.0,0.0,,,,,,,,,,
2025-01-01,50,BuyerAgent,Abuja,0,0.0,0.0,,,,,,,,,,
2025-01-01,51,TransporterAgent,Abuja,1,-200.0,-611.4023333333332,,,,,,,,,,
2025-01-01,52,TransporterAgent,Abuja,2,100.0,-211.45469999999995,,,,,,,,,,
2025-01-01,53,TransporterAgent,Abuja,2,100.0,-62.831725000000006,,,,,,,,,,
2025-01-01,54,TransporterAgent,Abuja,0,5.98,-4.116550000000007,,,,,,,,,,
2025-01-01,55,TransporterAgent,Abuja,1,-200.0,-90.67265,,,,,,,,,,
2025-01-01,56,TransporterAgent,Abuja,2,100.0,-869.22355,,,,,,,,,,
2025-01-01,57,TransporterAgent,Abuja,0,5.98,-420.0458083333333,,,,,,,,,,
2025-01-01,58,TransporterAgent,Abuja,3,50.0,-300.17837499999996,,,,,,,,,,
2025-01-01,59,TransporterAgent,Abuja,3,50.0,-47.26165,,,,,,,,,,
2025-01-01,60,TransporterAgent,Abuja,3,50.0,-739.7284833333333,,,,,,,,,,
2025-01-01,61,BankingAgent,Abuja,0,-0.0,-43.725,,,,,,,,,,
2025-01-01,62,BankingAgent,Abuja,2,-1.3749999999999996,-40.425000000000004,,,,,,,,,,
2025-01-01,63,BankingAgent,Abuja,1,-2.749999999999999,-32.725,,,,,,,,,,
2025-01-01,65,TraderAgent,Bauchi,0,511.666259765625,2925.33251953125,486866.03125,Bauchi,False,Port_Harcourt,Bauchi,winning,False,190.0,5.0,False
2025-01-01,66,TraderAgent,Bauchi,1,158.21525,2473.390625,420194.90625,Onitsha,True,Onitsha,Onitsha,winning,False,190.0,5.0,True
2025-01-01,67,TraderAgent,Bauchi,3,20.0,231.93721726190475,486006.96875,Bauchi,False,Port_Harcourt,Port_Harcourt,winning,False,180.5,1.0,False
2025-01-01,68,TraderAgent,Bauchi,1,158.21525,2259.97998046875,386808.46875,Onitsha,True,Onitsha,Onitsha,winning,False,190.0,4.0,True
2025-01-01,69,TraderAgent,Bauchi,0,0.0,957.9595965630689,365489.5625,Bauchi,False,Port_Harcourt,Port_Harcourt,winning,False,190.0,6.0,False
2025-01-01,70,TraderAgent,Bauchi,3,20.0,2311.84130859375,493359.09375,Bauchi,False,Onitsha,Onitsha,winning,False,180.5,2.0,False
2025-01-01,71,TraderAgent,Bauchi,1,158.21525,5425.1123046875,465111.40625,Onitsha,True,Onitsha,Onitsha,winning,False,190.0,3.0,True
2025-01-01,72,TraderAgent,Bauchi,1,158.21525,4797.09912109375,422348.4375,Onitsha,True,Onitsha,Onitsha,winning,False,190.0,5.0,True
2025-01-01,73,TraderAgent,Bauchi,0,511.666259765625,3516.928466796875,489260.25,Bauchi,False,Port_Harcourt,Bauchi,winning,False,190.0,6.0,False
2025-01-01,74,TraderAgent,Bauchi,0,0.0,2348.06787109375,384457.625,Bauchi,False,Port_Harcourt,Port_Harcourt,winning,False,190.0,5.0,False
2025-01-01,75,TraderAgent,Bauchi,0,511.666259765625,8783.71875,508477.53125,Bauchi,False,,Bauchi,winning,False,190.0,11.0,False
2025-01-01,76,TraderAgent,Bauchi,0,511.666259765625,6944.4072265625,466501.40625,Bauchi,False,Port_Harcourt,Bauchi,winning,False,190.0,9.0,False
2025-01-01,77,TraderAgent,Bauchi,1,158.21525,683.7994995117188,445747.0,Onitsha,True,Onitsha,Onitsha,winning,False,190.0,3.0,True
2025-01-01,78,TraderAgent,Bauchi,3,20.0,215.25,499975.25,Bauchi,False,,,winning,False,171.0,0.0,False
2025-01-01,79,TraderAgent,Bauchi,3,20.0,300.4256592592593,484280.8125,Bauchi,False,Port_Harcourt,Port_Harcourt,winning,False,180.5,1.0,False
2025-01-01,80,TraderAgent,Bauchi,0,511.666259765625,9105.271484375,508841.375,Bauchi,False,,Bauchi,winning,False,190.0,11.0,False
2025-01-01,81,TraderAgent,Bauchi,1,158.21525,812.5033569335938,428830.1875,Onitsha,True,Onitsha,Onitsha,winning,False,190.0,4.0,True
2025-01-01,82,TraderAgent,Bauchi,4,-10.0,2678.402099609375,458663.53125,Bauchi,False,Port_Harcourt,Port_Harcourt,winning,False,190.0,4.0,False
2025-01-01,83,TraderAgent,Bauchi,0,511.666259765625,8767.46875,508451.28125,Bauchi,False,,Bauchi,winning,False,190.0,11.0,False
2025-01-01,84,TraderAgent,Bauchi,1,158.21525,2210.6513671875,445382.59375,Onitsha,True,Onitsha,Onitsha,winning,False,190.0,3.0,True
2025-01-01,85,BuyerAgent,Bauchi,0,0.0,896.8008422851562,,,,,,,,,,
2025-01-01,86,BuyerAgent,Bauchi,0,0.0,1012.1395874023438,,,,,,,,,,
2025-01-01,87,BuyerAgent,Bauchi,0,0.0,1012.1395874023438,,,,,,,,,,
2025-01-01,88,BuyerAgent,Bauchi,0,0.0,147.694091796875,,,,,,,,,,
2025-01-01,89,BuyerAgent,Bauchi,0,0.0,919.3267822265625,,,,,,,,,,
2025-01-01,90,BuyerAgent,Bauchi,1,0.0,170.1324462890625,,,,,,,,,,
2025-01-01,91,BuyerAgent,Bauchi,0,0.0,142.735595703125,,,,,,,,,,
2025-01-01,92,BuyerAgent,Bauchi,0,0.0,142.735595703125,,,,,,,,,,
2025-01-01,93,BuyerAgent,Bauchi,0,0.0,142.735595703125,,,,,,,,,,
2025-01-01,94,BuyerAgent,Bauchi,0,0.0,142.735595703125,,,,,,,,,,
2025-01-01,95,BuyerAgent,Bauchi,0,0.0,142.735595703125,,,,,,,,,,
2025-01-01,96,BuyerAgent,Bauchi,0,0.0,142.735595703125,,,,,,,,,,
2025-01-01,97,BuyerAgent,Bauchi,1,0.0,0.0,,,,,,,,,,
2025-01-01,98,BuyerAgent,Bauchi,2,0.0,0.0,,,,,,,,,,
2025-01-01,99,BuyerAgent,Bauchi,1,0.0,0.0,,,,,,,,,,
2025-01-01,100,BuyerAgent,Bauchi,0,0.0,0.0,,,,,,,,,,
2025-01-01,101,BuyerAgent,Bauchi,2,0.0,0.0,,,,,,,,,,
2025-01-01,102,BuyerAgent,Bauchi,2,0.0,0.0,,,,,,,,,,
2025-01-01,103,BuyerAgent,Bauchi,1,0.0,0.0,,,,,,,,,,
2025-01-01,104,BuyerAgent,Bauchi,0,0.0,0.0,,,,,,,,,,
2025-01-01,105,BuyerAgent,Bauchi,1,0.0,0.0,,,,,,,,,,
2025-01-01,106,BuyerAgent,Bauchi,0,0.0,0.0,,,,,,,,,,
2025-01-01,107,BuyerAgent,Bauchi,2,0.0,0.0,,,,,,,,,,
2025-01-01,108,BuyerAgent,Bauchi,0,0.0,0.0,,,,,,,,,,
2025-01-01,109,BuyerAgent,Bauchi,2,0.0,0.0,,,,,,,,,,
2025-01-01,110,BuyerAgent,Bauchi,1,0.0,0.0,,,,,,,,,,
2025-01-01,111,BuyerAgent,Bauchi,0,0.0,0.0,,,,,,,,,,
2025-01-01,112,BuyerAgent,Bauchi,0,0.0,0.0,,,,,,,,,,
2025-01-01,113,BuyerAgent,Bauchi,2,0.0,0.0,,,,,,,,,,
2025-01-01,114,BuyerAgent,Bauchi,0,0.0,0.0,,,,,,,,,,
2025-01-01,115,TransporterAgent,Bauchi,0,0.0,-578.3748124098123,,,,,,,,,,
2025-01-01,116,TransporterAgent,Bauchi,0,0.0,-631.0226430976431,,,,,,,,,,
2025-01-01,117,TransporterAgent,Bauchi,3,50.0,450.0,,,,,,,,,,
2025-01-01,118,TransporterAgent,Bauchi,3,50.0,10.035714285714278,,,,,,,,,,
2025-01-01,119,TransporterAgent,Bauchi,0,0.0,-828.9584764309764,,,,,,,,,,
2025-01-01,120,TransporterAgent,Bauchi,3,50.0,400.0,,,,,,,,,,
2025-01-01,121,TransporterAgent,Bauchi,0,0.0,-1176.1445875420875,,,,,,,,,,
2025-01-01,122,TransporterAgent,Bauchi,3,50.0,-730.7196428571428,,,,,,,,,,
2025-01-01,123,TransporterAgent,Bauchi,3,50.0,163.84854497354496,,,,,,,,,,
2025-01-01,124,TransporterAgent,Bauchi,0,0.0,-171.57150793650794,,,,,,,,,,
2025-01-01,125,BankingAgent,Bauchi,0,-0.0,-19.075000000000003,,,,,,,,,,
2025-01-01,126,BankingAgent,Bauchi,0,-0.0,-13.275,,,,,,,,,,
2025-01-01,127,BankingAgent,Bauchi,0,-0.0,-15.700000000000001,,,,,,,,,,
2025-01-01,129,TraderAgent,Kano,4,-10.0,522.2635498046875,483731.1875,Kano,False,Onitsha,Onitsha,winning,False,47.5,2.0,False
2025-01-01,130,TraderAgent,Kano,1,130.0890814814815,1890.94873046875,449981.1875,Onitsha,True,Onitsha,Onitsha,winning,False,47.5,5.0,True
2025-01-01,131,TraderAgent,Kano,4,-10.0,431.60125732421875,480604.375,Kano,False,Onitsha,Onitsha,winning,False,47.5,3.0,False
2025-01-01,132,TraderAgent,Kano,3,20.0,2025.4224853515625,498780.84375,Kano,False,Bauchi,Kano,winning,False,45.12,6.0,False
2025-01-01,133,TraderAgent,Kano,0,133.87890625,3438.43017578125,474994.59375,Kano,False,Port_Harcourt,Kano,winning,False,47.5,6.0,False
2025-01-01,134,TraderAgent,Kano,2,-27.5,2325.04833984375,485559.375,Kano,False,Onitsha,Kano,winning,False,47.5,8.0,False
2025-01-01,135,TraderAgent,Kano,4,-10.0,716.446533203125,496411.84375,Kano,False,Bauchi,Kano,winning,False,47.5,4.0,False
2025-01-01,136,TraderAgent,Kano,0,133.87890625,1868.00927734375,498617.40625,Kano,False,Bauchi,Kano,winning,False,47.5,5.0,False
2025-01-01,137,TraderAgent,Kano,4,-10.0,986.6026611328125,497786.8125,Kano,False,Bauchi,Kano,winning,False,47.5,2.0,False
2025-01-01,138,TraderAgent,Kano,1,130.0890814814815,834.065673828125,466308.03125,Onitsha,True,Onitsha,Onitsha,winning,False,47.5,4.0,True
2025-01-01,139,TraderAgent,Kano,3,20.0,3412.614013671875,483733.46875,Kano,False,Onitsha,Onitsha,winning,False,45.12,5.0,False
2025-01-01,140,TraderAgent,Kano,4,-10.0,-6.5234375,499953.48,Kano,False,,,losing,False,45.0,0.0,False
2025-01-01,141,TraderAgent,Kano,2,-27.5,3795.806884765625,500814.3125,Kano,False,Bauchi,Kano,winning,False,47.5,5.0,False
2025-01-01,142,TraderAgent,Kano,3,20.0,1060.4921875,493073.8125,Kano,False,Bauchi,Kano,winning,False,45.12,4.0,False
2025-01-01,143,TraderAgent,Kano,0,133.87890625,968.6268920898438,500904.90625,Kano,False,,Kano,winning,False,47.5,4.0,False
2025-01-01,144,TraderAgent,Kano,0,0.0,683.2548828125,466816.15625,Kano,False,Onitsha,Onitsha,winning,False,47.5,3.0,False
2025-01-01,145,TraderAgent,Kano,0,0.0,493.3301160102496,442053.875,Kano,False,Onitsha,Onitsha,winning,False,47.5,5.0,False
2025-01-01,146,TraderAgent,Kano,3,20.0,282.24522962962965,480525.53125,Kano,False,Onitsha,Onitsha,winning,False,45.12,2.0,False
2025-01-01,147,TraderAgent,Kano,0,133.87890625,896.1676025390625,481062.15625,Kano,False,Onitsha,Kano,winning,False,47.5,5.0,False
2025-01-01,148,TraderAgent,Kano,2,-27.5,896.8792724609375,500819.75,Kano,False,,Kano,winning,False,47.5,2.0,False
2025-01-01,149,BuyerAgent,Kano,2,0.0,826.7662963867188,,,,,,,,,,
2025-01-01,150,BuyerAgent,Kano,2,0.0,545.1536254882812,,,,,,,,,,
2025-01-01,151,BuyerAgent,Kano,0,0.0,378.6749267578125,,,,,,,,,,
2025-01-01,152,BuyerAgent,Kano,0,0.0,330.4206848144531,,,,,,,,,,
2025-01-01,153,BuyerAgent,Kano,2,0.0,3.052215576171875,,,,,,,,,,
2025-01-01,154,BuyerAgent,Kano,2,0.0,2.59368896484375,,,,,,,,,,
2025-01-01,155,BuyerAgent,Kano,0,0.0,283.8130187988281,,,,,,,,,,
2025-01-01,156,BuyerAgent,Kano,2,0.0,67.26821899414062,,,,,,,,,,
2025-01-01,157,BuyerAgent,Kano,0,0.0,283.8130187988281,,,,,,,,,,
2025-01-01,158,BuyerAgent,Kano,0,0.0,0.0,,,,,,,,,,
2025-01-01,159,BuyerAgent,Kano,2,0.0,280.76080322265625,,,,,,,,,,
2025-01-01,160,BuyerAgent,Kano,0,0.0,280.76080322265625,,,,,,,,,,
2025-01-01,161,BuyerAgent,Kano,0,0.0,44.01397705078125,,,,,,,,,,
2025-01-01,162,BuyerAgent,Kano,2,0.0,3.052215576171875,,,,,,,,,,
2025-01-01,163,BuyerAgent,Kano,1,0.0,3.052215576171875,,,,,,,,,,
2025-01-01,164,BuyerAgent,Kano,1,0.0,3.052215576171875,,,,,,,,,,
2025-01-01,165,BuyerAgent,Kano,0,0.0,0.0,,,,,,,,,,
2025-01-01,166,BuyerAgent,Kano,2,0.0,0.0,,,,,,,,,,
2025-01-01,167,BuyerAgent,Kano,2,0.0,0.0,,,,,,,,,,
2025-01-01,168,BuyerAgent,Kano,2,0.0,0.0,,,,,,,,,,
2025-01-01,169,BuyerAgent,Kano,0,0.0,0.0,,,,,,,,,,
2025-01-01,170,BuyerAgent,Kano,0,0.0,0.0,,,,,,,,,,
2025-01-01,171,BuyerAgent,Kano,0,0.0,0.0,,,,,,,,,,
2025-01-01,172,BuyerAgent,Kano,1,0.0,0.0,,,,,,,,,,
2025-01-01,173,BuyerAgent,Kano,0,0.0,0.0,,,,,,,,,,
2025-01-01,174,BuyerAgent,Kano,0,0.0,0.0,,,,,,,,,,
2025-01-01,175,BuyerAgent,Kano,0,0.0,0.0,,,,,,,,,,
2025-01-01,176,BuyerAgent,Kano,1,0.0,0.0,,,,,,,,,,
2025-01-01,177,BuyerAgent,Kano,1,0.0,0.0,,,,,,,,,,
2025-01-01,178,BuyerAgent,Kano,1,0.0,0.0,,,,,,,,,,
2025-01-01,179,TransporterAgent,Kano,0,0.0,279.94528850408847,,,,,,,,,,
2025-01-01,180,TransporterAgent,Kano,2,100.0,-182.598,,,,,,,,,,
2025-01-01,181,TransporterAgent,Kano,1,-200.0,-1059.659656084656,,,,,,,,,,
2025-01-01,182,TransporterAgent,Kano,1,-200.0,-326.0332724867725,,,,,,,,,,
2025-01-01,183,TransporterAgent,Kano,2,100.0,405.42326587301585,,,,,,,,,,
2025-01-01,184,TransporterAgent,Kano,0,0.0,-932.6965142857142,,,,,,,,,,
2025-01-01,185,TransporterAgent,Kano,0,0.0,-711.9787341269841,,,,,,,,,,
2025-01-01,186,TransporterAgent,Kano,0,0.0,-629.1838,,,,,,,,,,
2025-01-01,187,TransporterAgent,Kano,1,-200.0,-683.5,,,,,,,,,,
2025-01-01,188,TransporterAgent,Kano,3,50.0,-217.01574664903,,,,,,,,,,
2025-01-01,189,BankingAgent,Kano,0,-0.0,-19.650000000000002,,,,,,,,,,
2025-01-01,190,BankingAgent,Kano,0,-0.0,-38.50000000000001,,,,,,,,,,
2025-01-01,191,BankingAgent,Kano,0,-0.0,-35.37500000000001,,,,,,,,,,
2025-01-01,193,TraderAgent,Lagos,3,20.0,11511.5888671875,500404.8125,Lagos,False,Onitsha,Lagos,winning,False,868.06,6.0,False
2025-01-01,194,TraderAgent,Lagos,0,5008.63232421875,11382.4541015625,494749.96875,Lagos,False,Onitsha,Onitsha,winning,False,835.0,4.0,False
2025-01-01,195,TraderAgent,Lagos,3,20.0,12932.0625,496192.375,Lagos,False,Onitsha,Onitsha,winning,False,771.88,6.0,False
2025-01-01,196,TraderAgent,Lagos,1,140.99555555555557,5648.29052734375,483822.90625,Onitsha,True,Onitsha,Onitsha,winning,False,868.75,3.0,True
2025-01-01,197,TraderAgent,Lagos,3,20.0,11943.4208984375,447429.1875,Lagos,False,Onitsha,Onitsha,winning,False,793.25,6.0,False
2025-01-01,198,TraderAgent,Lagos,1,140.99555555555557,12263.90234375,484689.4375,Onitsha,True,Onitsha,Onitsha,winning,False,913.75,4.0,True
2025-01-01,199,TraderAgent,Lagos,1,140.99555555555557,2377.811279296875,486023.53125,Onitsha,True,Onitsha,Onitsha,winning,False,835.0,2.0,True
2025-01-01,200,TraderAgent,Lagos,4,-10.0,9906.06640625,493490.625,Lagos,False,Onitsha,Lagos,winning,False,880.0,5.0,False
2025-01-01,201,TraderAgent,Lagos,4,-10.0,4349.9599609375,498764.8125,Lagos,False,Onitsha,Onitsha,winning,False,835.0,2.0,False
2025-01-01,202,TraderAgent,Lagos,1,140.99555555555557,9656.2431640625,487508.90625,Onitsha,True,Onitsha,Onitsha,winning,False,812.5,3.0,True
2025-01-01,203,TraderAgent,Lagos,0,5008.63232421875,6897.82763671875,501313.625,Lagos,False,Onitsha,Onitsha,winning,False,835.0,2.0,False
2025-01-01,204,TraderAgent,Lagos,3,20.0,11134.7099609375,441137.625,Lagos,False,Onitsha,Onitsha,winning,False,793.25,5.0,False
2025-01-01,205,TraderAgent,Lagos,2,-35.0625,7581.1943359375,496675.0,Lagos,False,Onitsha,Onitsha,winning,False,835.0,4.0,False
2025-01-01,206,TraderAgent,Lagos,0,5008.63232421875,14184.3671875,497431.375,Lagos,False,Onitsha,Onitsha,winning,False,835.0,5.0,False
2025-01-01,207,TraderAgent,Lagos,0,2008.6322021484375,8683.3447265625,444139.125,Lagos,False,Onitsha,Lagos,winning,False,835.0,5.0,False
2025-01-01,208,TraderAgent,Lagos,1,140.99555555555557,7400.53564453125,485558.15625,Onitsha,True,Onitsha,Onitsha,winning,False,812.5,2.0,True
2025-01-01,209,TraderAgent,Lagos,4,-10.0,10960.2109375,494513.6875,Lagos,False,Onitsha,Onitsha,winning,False,812.5,4.0,False
2025-01-01,210,TraderAgent,Lagos,0,1896.1322021484375,15700.494140625,493449.40625,Lagos,False,Onitsha,Lagos,winning,False,812.5,6.0,False
2025-01-01,211,TraderAgent,Lagos,2,-35.0625,10307.6435546875,493724.375,Lagos,False,Onitsha,Lagos,winning,False,913.75,4.0,False
2025-01-01,212,TraderAgent,Lagos,2,-35.0625,9859.41015625,498724.4375,Lagos,False,Onitsha,Onitsha,winning,False,835.0,4.0,False
2025-01-01,213,BuyerAgent,Lagos,1,603.8677978515625,3252.9423828125,,,,,,,,,,
2025-01-01,214,BuyerAgent,Lagos,2,0.0,1606.5869140625,,,,,,,,,,
2025-01-01,215,BuyerAgent,Lagos,0,491.3677978515625,1874.06494140625,,,,,,,,,,
2025-01-01,216,BuyerAgent,Lagos,0,491.3677978515625,2593.892578125,,,,,,,,,,
2025-01-01,217,BuyerAgent,Lagos,2,0.0,1704.7607421875,,,,,,,,,,
2025-01-01,218,BuyerAgent,Lagos,2,0.0,1500.384521484375,,,,,,,,,,
2025-01-01,219,BuyerAgent,Lagos,1,491.3677978515625,1358.0279541015625,,,,,,,,,,
2025-01-01,220,BuyerAgent,Lagos,1,491.3677978515625,1594.5916748046875,,,,,,,,,,
2025-01-01,221,BuyerAgent,Lagos,1,0.0,89.796142578125,,,,,,,,,,
2025-01-01,222,BuyerAgent,Lagos,2,0.0,835.3082275390625,,,,,,,,,,
2025-01-01,223,BuyerAgent,Lagos,2,0.0,1024.505615234375,,,,,,,,,,
2025-01-01,224,BuyerAgent,Lagos,0,0.0,364.7601318359375,,,,,,,,,,
2025-01-01,225,BuyerAgent,Lagos,0,0.0,457.4493408203125,,,,,,,,,,
2025-01-01,226,BuyerAgent,Lagos,1,0.0,189.1973876953125,,,,,,,,,,
2025-01-01,227,BuyerAgent,Lagos,1,0.0,0.0,,,,,,,,,,
2025-01-01,228,BuyerAgent,Lagos,1,0.0,0.0,,,,,,,,,,
2025-01-01,229,BuyerAgent,Lagos,2,0.0,0.0,,,,,,,,,,
2025-01-01,230,BuyerAgent,Lagos,0,0.0,0.0,,,,,,,,,,
2025-01-01,231,BuyerAgent,Lagos,2,0.0,0.0,,,,,,,,,,
2025-01-01,232,BuyerAgent,Lagos,0,0.0,0.0,,,,,,,,,,
2025-01-01,233,BuyerAgent,Lagos,2,0.0,0.0,,,,,,,,,,
2025-01-01,234,BuyerAgent,Lagos,2,0.0,0.0,,,,,,,,,,
2025-01-01,235,BuyerAgent,Lagos,1,0.0,0.0,,,,,,,,,,
2025-01-01,236,BuyerAgent,Lagos,2,0.0,0.0,,,,,,,,,,
2025-01-01,237,BuyerAgent,Lagos,1,0.0,0.0,,,,,,,,,,
2025-01-01,238,BuyerAgent,Lagos,0,0.0,0.0,,,,,,,,,,
2025-01-01,239,BuyerAgent,Lagos,1,0.0,0.0,,,,,,,,,,
2025-01-01,240,BuyerAgent,Lagos,1,0.0,0.0,,,,,,,,,,
2025-01-01,241,BuyerAgent,Lagos,2,0.0,0.0,,,,,,,,,,
2025-01-01,242,BuyerAgent,Lagos,0,0.0,0.0,,,,,,,,,,
2025-01-01,243,TransporterAgent,Lagos,1,-200.0,-309.42644988697236,,,,,,,,,,
2025-01-01,244,TransporterAgent,Lagos,1,-200.0,-900.0,,,,,,,,,,
2025-01-01,245,TransporterAgent,Lagos,2,100.0,-266.20342307692306,,,,,,,,,,
2025-01-01,246,TransporterAgent,Lagos,3,50.0,-394.23838689578395,,,,,,,,,,
2025-01-01,247,TransporterAgent,Lagos,0,3.333333333333403,-861.2922823206204,,,,,,,,,,
2025-01-01,248,TransporterAgent,Lagos,3,50.0,-721.4761375231379,,,,,,,,,,
2025-01-01,249,TransporterAgent,Lagos,1,-200.0,-1128.1489768518518,,,,,,,,,,
2025-01-01,250,TransporterAgent,Lagos,0,3.333333333333403,-12.27890196078425,,,,,,,,,,
2025-01-01,251,TransporterAgent,Lagos,2,100.0,320.8873,,,,,,,,,,
2025-01-01,252,TransporterAgent,Lagos,3,50.0,-1229.3557121459696,,,,,,,,,,
2025-01-01,253,BankingAgent,Lagos,1,-2.749999999999999,-36.5,,,,,,,,,,
2025-01-01,254,BankingAgent,Lagos,1,-2.749999999999999,-26.025000000000006,,,,,,,,,,
2025-01-01,255,BankingAgent,Lagos,1,-2.749999999999999,-38.47500000000001,,,,,,,,,,
2025-01-01,257,TraderAgent,Onitsha,4,-10.0,3157.4453125,486908.90625,Onitsha,False,Lagos,Onitsha,winning,False,602.5,4.0,False
2025-01-01,258,TraderAgent,Onitsha,1,152.01083333333335,3453.34619140625,487833.625,Port_Harcourt,True,Port_Harcourt,Port_Harcourt,winning,False,625.0,3.0,True
2025-01-01,259,TraderAgent,Onitsha,0,0.0,7793.87646484375,485848.15625,Onitsha,False,Lagos,Lagos,winning,False,665.0,7.0,False
2025-01-01,260,TraderAgent,Onitsha,2,-23.71875,377.72221408571426,487837.46875,Onitsha,False,Port_Harcourt,Port_Harcourt,winning,False,665.0,2.0,False
2025-01-01,261,TraderAgent,Onitsha,0,1642.5677490234375,22513.166015625,510750.03125,Onitsha,False,Lagos,Onitsha,winning,False,625.0,7.0,False
2025-01-01,262,TraderAgent,Onitsha,2,-23.71875,138.06056325238092,483731.375,Onitsha,False,Lagos,Lagos,winning,False,665.0,2.0,False
2025-01-01,263,TraderAgent,Onitsha,2,-23.71875,2417.64208984375,485856.875,Onitsha,False,Lagos,Lagos,winning,False,665.0,4.0,False
2025-01-01,264,TraderAgent,Onitsha,3,20.0,2335.92822265625,495006.1875,Onitsha,False,Lagos,Lagos,winning,False,631.75,3.0,False
2025-01-01,265,TraderAgent,Onitsha,0,1642.5677490234375,6520.22509765625,498261.09375,Onitsha,False,Port_Harcourt,Onitsha,winning,False,625.0,6.0,False
2025-01-01,266,TraderAgent,Onitsha,0,1642.5677490234375,23280.392578125,518099.84375,Onitsha,False,Port_Harcourt,Onitsha,winning,False,625.0,7.0,False
2025-01-01,267,TraderAgent,Onitsha,3,20.0,17632.759765625,510316.46875,Onitsha,False,Lagos,Onitsha,winning,False,572.38,3.0,False
2025-01-01,268,TraderAgent,Onitsha,0,1642.5677490234375,22760.53125,503807.0,Onitsha,False,Lagos,Onitsha,winning,False,625.0,7.0,False
2025-01-01,269,TraderAgent,Onitsha,0,1642.5677490234375,5654.498046875,491085.8125,Onitsha,False,Lagos,Onitsha,winning,False,625.0,5.0,False
2025-01-01,270,TraderAgent,Onitsha,2,-23.71875,2569.80029296875,476655.46875,Onitsha,False,Lagos,Lagos,winning,False,665.0,4.0,False
2025-01-01,271,TraderAgent,Onitsha,0,1642.5677490234375,6833.46923828125,492371.84375,Onitsha,False,Lagos,Onitsha,winning,False,625.0,6.0,False
2025-01-01,272,TraderAgent,Onitsha,2,-23.71875,3492.800048828125,488013.15625,Onitsha,False,Port_Harcourt,Port_Harcourt,winning,False,665.0,4.0,False
2025-01-01,273,TraderAgent,Onitsha,3,20.0,2539.44189453125,502471.5625,Onitsha,False,,Onitsha,winning,False,572.38,2.0,False
2025-01-01,274,TraderAgent,Onitsha,0,1842.5677490234375,3410.8408203125,486904.15625,Onitsha,False,Lagos,Onitsha,winning,False,665.0,4.0,False
2025-01-01,275,TraderAgent,Onitsha,2,-23.71875,1847.283447265625,481392.90625,Onitsha,False,Lagos,Lagos,winning,False,665.0,3.0,False
2025-01-01,276,TraderAgent,Onitsha,0,0.0,2804.111083984375,480901.53125,Onitsha,False,Lagos,Lagos,winning,False,665.0,4.0,False
2025-01-01,277,BuyerAgent,Onitsha,0,107.4322509765625,2890.279296875,,,,,,,,,,
2025-01-01,278,BuyerAgent,Onitsha,1,107.4322509765625,511.5777587890625,,,,,,,,,,
2025-01-01,279,BuyerAgent,Onitsha,1,107.4322509765625,2811.44677734375,,,,,,,,,,
2025-01-01,280,BuyerAgent,Onitsha,2,0.0,2457.84130859375,,,,,,,,,,
2025-01-01,281,BuyerAgent,Onitsha,1,107.4322509765625,2245.65771484375,,,,,,,,,,
2025-01-01,282,BuyerAgent,Onitsha,1,107.4322509765625,316.9097900390625,,,,,,,,,,
2025-01-01,283,BuyerAgent,Onitsha,0,107.4322509765625,222.2979736328125,,,,,,,,,,
2025-01-01,284,BuyerAgent,Onitsha,1,0.0,516.78466796875,,,,,,,,,,
2025-01-01,285,BuyerAgent,Onitsha,2,0.0,112.2698974609375,,,,,,,,,,
2025-01-01,286,BuyerAgent,Onitsha,1,0.0,81.982421875,,,,,,,,,,
2025-01-01,287,BuyerAgent,Onitsha,1,0.0,155.35491943359375,,,,,,,,,,
2025-01-01,288,BuyerAgent,Onitsha,0,0.0,140.49896240234375,,,,,,,,,,
2025-01-01,289,BuyerAgent,Onitsha,1,0.0,10.87249755859375,,,,,,,,,,
2025-01-01,290,BuyerAgent,Onitsha,0,0.0,10.87249755859375,,,,,,,,,,
2025-01-01,291,BuyerAgent,Onitsha,1,0.0,0.0,,,,,,,,,,
2025-01-01,292,BuyerAgent,Onitsha,0,0.0,0.0,,,,,,,,,,
2025-01-01,293,BuyerAgent,Onitsha,2,0.0,0.0,,,,,,,,,,
2025-01-01,294,BuyerAgent,Onitsha,0,0.0,0.0,,,,,,,,,,
2025-01-01,295,BuyerAgent,Onitsha,0,0.0,0.0,,,,,,,,,,
2025-01-01,296,BuyerAgent,Onitsha,0,0.0,0.0,,,,,,,,,,
2025-01-01,297,BuyerAgent,Onitsha,1,0.0,0.0,,,,,,,,,,
2025-01-01,298,BuyerAgent,Onitsha,2,0.0,0.0,,,,,,,,,,
2025-01-01,299,BuyerAgent,Onitsha,2,0.0,0.0,,,,,,,,,,
2025-01-01,300,BuyerAgent,Onitsha,0,0.0,0.0,,,,,,,,,,
2025-01-01,301,BuyerAgent,Onitsha,1,0.0,0.0,,,,,,,,,,
2025-01-01,302,BuyerAgent,Onitsha,0,0.0,0.0,,,,,,,,,,
2025-01-01,303,BuyerAgent,Onitsha,0,0.0,0.0,,,,,,,,,,
2025-01-01,304,BuyerAgent,Onitsha,2,0.0,0.0,,,,,,,,,,
2025-01-01,305,BuyerAgent,Onitsha,2,0.0,0.0,,,,,,,,,,
2025-01-01,306,BuyerAgent,Onitsha,0,0.0,0.0,,,,,,,,,,
2025-01-01,307,TransporterAgent,Onitsha,0,16.1,190.16118041527156,,,,,,,,,,
2025-01-01,308,TransporterAgent,Onitsha,0,16.1,-92.90012526409811,,,,,,,,,,
2025-01-01,309,TransporterAgent,Onitsha,0,16.1,311.0165569444445,,,,,,,,,,
2025-01-01,310,TransporterAgent,Onitsha,1,-200.0,-316.1693237513951,,,,,,,,,,
2025-01-01,311,TransporterAgent,Onitsha,2,100.0,-70.06936388888889,,,,,,,,,,
2025-01-01,312,TransporterAgent,Onitsha,2,100.0,-640.12115,,,,,,,,,,
2025-01-01,313,TransporterAgent,Onitsha,0,16.1,-296.22655734126977,,,,,,,,,,
2025-01-01,314,TransporterAgent,Onitsha,3,50.0,166.3534637486049,,,,,,,,,,
2025-01-01,315,TransporterAgent,Onitsha,0,16.1,-184.2134333333333,,,,,,,,,,
2025-01-01,316,TransporterAgent,Onitsha,3,50.0,-1075.5551,,,,,,,,,,
2025-01-01,317,BankingAgent,Onitsha,1,-2.749999999999999,-30.450000000000003,,,,,,,,,,
2025-01-01,318,BankingAgent,Onitsha,2,-1.3749999999999996,-43.775000000000006,,,,,,,,,,
2025-01-01,319,BankingAgent,Onitsha,2,-1.3749999999999996,-29.175000000000004,,,,,,,,,,
2025-01-01,321,TraderAgent,Port_Harcourt,0,1409.022216796875,22110.693359375,514260.03125,Port_Harcourt,False,Onitsha,Port_Harcourt,winning,False,1025.0,5.0,False
2025-01-01,322,TraderAgent,Port_Harcourt,0,1409.022216796875,9306.6484375,506727.8125,Port_Harcourt,False,Onitsha,Port_Harcourt,winning,False,1025.0,3.0,False
2025-01-01,323,TraderAgent,Port_Harcourt,3,20.0,13191.9990234375,510462.125,Port_Harcourt,False,Onitsha,Onitsha,winning,False,938.12,3.0,False
2025-01-01,324,TraderAgent,Port_Harcourt,0,2909.022216796875,7184.2646484375,506999.375,Port_Harcourt,False,,Port_Harcourt,winning,False,1325.0,3.0,False
2025-01-01,325,TraderAgent,Port_Harcourt,3,20.0,18535.23046875,513307.03125,Port_Harcourt,False,Onitsha,Onitsha,winning,False,938.12,4.0,False
2025-01-01,326,TraderAgent,Port_Harcourt,3,20.0,15335.52734375,510058.1875,Port_Harcourt,False,Onitsha,Onitsha,winning,False,938.12,3.0,False
2025-01-01,327,TraderAgent,Port_Harcourt,4,-10.0,14479.208984375,511777.15625,Port_Harcourt,False,Onitsha,Port_Harcourt,winning,False,1325.0,4.0,False
2025-01-01,328,TraderAgent,Port_Harcourt,2,-27.5,21379.8359375,516122.75,Port_Harcourt,False,Onitsha,Port_Harcourt,winning,False,1325.0,5.0,False
2025-01-01,329,TraderAgent,Port_Harcourt,4,-10.0,10954.1201171875,505745.15625,Port_Harcourt,False,Onitsha,Port_Harcourt,winning,False,1287.5,3.0,False
2025-01-01,330,TraderAgent,Port_Harcourt,0,3284.022216796875,16796.5078125,513987.28125,Port_Harcourt,False,Onitsha,Port_Harcourt,winning,False,1400.0,6.0,False
2025-01-01,331,TraderAgent,Port_Harcourt,0,1409.022216796875,25880.982421875,517967.875,Port_Harcourt,False,Onitsha,Port_Harcourt,winning,False,1025.0,6.0,False
2025-01-01,332,TraderAgent,Port_Harcourt,0,1409.022216796875,14230.6845703125,463413.625,Port_Harcourt,False,Onitsha,Port_Harcourt,winning,False,1025.0,4.0,False
2025-01-01,333,TraderAgent,Port_Harcourt,2,-27.5,6464.24462890625,503858.09375,Port_Harcourt,False,Onitsha,Port_Harcourt,winning,False,1231.25,2.0,False
2025-01-01,334,TraderAgent,Port_Harcourt,1,170.7193846153846,14338.9013671875,504707.3125,Onitsha,True,Onitsha,Onitsha,winning,False,987.5,3.0,True
2025-01-01,335,TraderAgent,Port_Harcourt,0,1409.022216796875,16655.8828125,513911.3125,Port_Harcourt,False,Onitsha,Port_Harcourt,winning,False,1025.0,5.0,False
2025-01-01,336,TraderAgent,Port_Harcourt,0,3284.022216796875,22697.24609375,517386.15625,Port_Harcourt,False,Onitsha,Port_Harcourt,winning,False,1400.0,7.0,False
2025-01-01,337,TraderAgent,Port_Harcourt,0,1221.522216796875,23484.251953125,515635.15625,Port_Harcourt,False,Onitsha,Port_Harcourt,winning,False,987.5,5.0,False
2025-01-01,338,TraderAgent,Port_Harcourt,0,3284.022216796875,20709.16015625,469769.0,Port_Harcourt,False,Onitsha,Port_Harcourt,winning,False,1400.0,7.0,False
2025-01-01,339,TraderAgent,Port_Harcourt,3,20.0,16563.203125,511252.15625,Port_Harcourt,False,Onitsha,Port_Harcourt,winning,False,1330.0,5.0,False
2025-01-01,340,TraderAgent,Port_Harcourt,1,170.7193846153846,20705.865234375,508458.09375,Onitsha,True,Onitsha,Onitsha,winning,False,987.5,5.0,True
2025-01-01,341,BuyerAgent,Port_Harcourt,2,0.0,7668.91455078125,,,,,,,,,,
2025-01-01,342,BuyerAgent,Port_Harcourt,1,2778.477783203125,13733.564453125,,,,,,,,,,
2025-01-01,343,BuyerAgent,Port_Harcourt,2,0.0,4782.6884765625,,,,,,,,,,
2025-01-01,344,BuyerAgent,Port_Harcourt,2,0.0,5300.3759765625,,,,,,,,,,
2025-01-01,345,BuyerAgent,Port_Harcourt,1,2590.977783203125,12499.2626953125,,,,,,,,,,
2025-01-01,346,BuyerAgent,Port_Harcourt,0,2590.977783203125,9810.21484375,,,,,,,,,,
2025-01-01,347,BuyerAgent,Port_Harcourt,0,2590.977783203125,11383.4931640625,,,,,,,,,,
2025-01-01,348,BuyerAgent,Port_Harcourt,2,0.0,5983.8076171875,,,,,,,,,,
2025-01-01,349,BuyerAgent,Port_Harcourt,1,2590.977783203125,6372.583984375,,,,,,,,,,
2025-01-01,350,BuyerAgent,Port_Harcourt,2,0.0,2827.241943359375,,,,,,,,,,
2025-01-01,351,BuyerAgent,Port_Harcourt,2,0.0,1217.401123046875,,,,,,,,,,
2025-01-01,352,BuyerAgent,Port_Harcourt,2,0.0,1665.2813720703125,,,,,,,,,,
2025-01-01,353,BuyerAgent,Port_Harcourt,2,0.0,284.0081787109375,,,,,,,,,,
2025-01-01,354,BuyerAgent,Port_Harcourt,1,2590.977783203125,2874.98583984375,,,,,,,,,,
2025-01-01,355,BuyerAgent,Port_Harcourt,2,0.0,184.0081787109375,,,,,,,,,,
2025-01-01,356,BuyerAgent,Port_Harcourt,2,0.0,0.0,,,,,,,,,,
2025-01-01,357,BuyerAgent,Port_Harcourt,0,1090.977783203125,1090.977783203125,,,,,,,,,,
2025-01-01,358,BuyerAgent,Port_Harcourt,0,715.977783203125,715.977783203125,,,,,,,,,,
2025-01-01,359,BuyerAgent,Port_Harcourt,1,715.977783203125,715.977783203125,,,,,,,,,,
2025-01-01,360,BuyerAgent,Port_Harcourt,0,715.977783203125,715.977783203125,,,,,,,,,,
2025-01-01,361,BuyerAgent,Port_Harcourt,2,0.0,0.0,,,,,,,,,,
2025-01-01,362,BuyerAgent,Port_Harcourt,1,0.0,184.0081787109375,,,,,,,,,,
2025-01-01,363,BuyerAgent,Port_Harcourt,2,0.0,0.0,,,,,,,,,,
2025-01-01,364,BuyerAgent,Port_Harcourt,1,0.0,0.0,,,,,,,,,,
2025-01-01,365,BuyerAgent,Port_Harcourt,0,0.0,0.0,,,,,,,,,,
2025-01-01,366,BuyerAgent,Port_Harcourt,1,0.0,0.0,,,,,,,,,,
2025-01-01,367,BuyerAgent,Port_Harcourt,1,0.0,0.0,,,,,,,,,,
2025-01-01,368,BuyerAgent,Port_Harcourt,1,0.0,0.0,,,,,,,,,,
2025-01-01,369,BuyerAgent,Port_Harcourt,1,0.0,0.0,,,,,,,,,,
2025-01-01,370,BuyerAgent,Port_Harcourt,1,0.0,0.0,,,,,,,,,,
2025-01-01,371,TransporterAgent,Port_Harcourt,3,50.0,-123.7368181818182,,,,,,,,,,
2025-01-01,372,TransporterAgent,Port_Harcourt,3,50.0,-56.29400946969707,,,,,,,,,,
2025-01-01,373,TransporterAgent,Port_Harcourt,1,-200.0,149.87971654040393,,,,,,,,,,
2025-01-01,374,TransporterAgent,Port_Harcourt,0,0.0,-273.30334848484847,,,,,,,,,,
2025-01-01,375,TransporterAgent,Port_Harcourt,3,50.0,-369.62735795454546,,,,,,,,,,
2025-01-01,376,TransporterAgent,Port_Harcourt,3,50.0,-618.1370056818182,,,,,,,,,,
2025-01-01,377,TransporterAgent,Port_Harcourt,0,0.0,-318.1790605429293,,,,,,,,,,
2025-01-01,378,TransporterAgent,Port_Harcourt,3,50.0,-570.78,,,,,,,,,,
2025-01-01,379,TransporterAgent,Port_Harcourt,1,-200.0,-539.5391678661615,,,,,,,,,,
2025-01-01,380,TransporterAgent,Port_Harcourt,2,100.0,-85.92727272727274,,,,,,,,,,
2025-01-01,381,BankingAgent,Port_Harcourt,0,-0.0,-36.175000000000004,,,,,,,,,,
2025-01-01,382,BankingAgent,Port_Harcourt,0,-0.0,-19.650000000000006,,,,,,,,,,
2025-01-01,383,BankingAgent,Port_Harcourt,0,-0.0,-24.025,,,,,,,,,,
2025-02-01,1,TraderAgent,Abuja,1,153.58085714285716,13586.7421875,491810.15625,Onitsha,True,Onitsha,Onitsha,winning,False,285.0,3.0,True
2025-02-01,2,TraderAgent,Abuja,3,20.0,15703.35546875,441402.125,Abuja,False,Onitsha,Onitsha,winning,False,270.75,3.0,False
2025-02-01,3,TraderAgent,Abuja,0,803.0361938476562,13824.791015625,505530.03125,Abuja,False,Onitsha,Abuja,winning,False,285.0,6.0,False
2025-02-01,4,TraderAgent,Abuja,0,0.0,28119.16015625,493031.625,Abuja,False,Onitsha,Onitsha,winning,False,285.0,8.0,False
2025-02-01,5,TraderAgent,Abuja,2,-23.71875,16155.8974609375,499845.75,Abuja,False,Onitsha,Abuja,winning,False,285.0,5.0,False
2025-02-01,6,TraderAgent,Abuja,0,803.0361938476562,17299.24609375,492165.03125,Abuja,False,Onitsha,Abuja,winning,False,285.0,5.0,False
2025-02-01,7,TraderAgent,Abuja,0,803.0361938476562,29424.9140625,438282.84375,Abuja,False,Onitsha,Abuja,winning,False,285.0,8.0,False
2025-02-01,8,TraderAgent,Abuja,0,0.0,28021.859375,492950.875,Abuja,False,Onitsha,Onitsha,winning,False,285.0,9.0,False
2025-02-01,9,TraderAgent,Abuja,0,0.0,10112.96484375,441528.8125,Abuja,False,Onitsha,Onitsha,winning,False,285.0,5.0,False
2025-02-01,10,TraderAgent,Abuja,1,153.58085714285716,12978.701171875,491090.625,Onitsha,True,Onitsha,Onitsha,winning,False,285.0,3.0,True
2025-02-01,11,TraderAgent,Abuja,0,0.0,23180.111328125,488179.90625,Abuja,False,Onitsha,Onitsha,winning,False,285.0,5.0,False
2025-02-01,12,TraderAgent,Abuja,2,-23.71875,11549.8671875,495028.125,Abuja,False,Onitsha,Abuja,winning,False,285.0,5.0,False
2025-02-01,13,TraderAgent,Abuja,3,20.0,18062.166015625,509638.46875,Abuja,False,Onitsha,Abuja,winning,False,270.75,6.0,False
2025-02-01,14,TraderAgent,Abuja,0,803.0361938476562,3048.31884765625,502908.625,Abuja,False,,Abuja,winning,False,285.0,3.0,False
2025-02-01,15,TraderAgent,Abuja,4,-10.0,15781.12109375,499414.03125,Abuja,False,Onitsha,Abuja,winning,False,285.0,5.0,False
2025-02-01,16,TraderAgent,Abuja,0,0.0,9791.158203125,433114.25,Abuja,False,Onitsha,Onitsha,winning,False,285.0,3.0,False
2025-02-01,17,TraderAgent,Abuja,1,153.58085714285716,20448.703125,473675.625,Onitsha,True,Onitsha,Onitsha,winning,False,285.0,6.0,True
2025-02-01,18,TraderAgent,Abuja,2,-23.71875,20838.41015625,512542.625,Abuja,False,Onitsha,Abuja,winning,False,285.0,8.0,False
2025-02-01,19,TraderAgent,Abuja,0,0.0,5789.39892578125,487068.03125,Abuja,False,Onitsha,Onitsha,winning,False,285.0,2.0,False
2025-02-01,20,TraderAgent,Abuja,1,153.58085714285716,10277.029296875,496417.15625,Onitsha,True,Onitsha,Onitsha,winning,False,285.0,6.0,True
2025-02-01,21,BuyerAgent,Abuja,0,0.0,6336.78515625,,,,,,,,,,
2025-02-01,22,BuyerAgent,Abuja,0,0.0,2607.36572265625,,,,,,,,,,
2025-02-01,23,BuyerAgent,Abuja,2,0.0,4876.9228515625,,,,,,,,,,
2025-02-01,24,BuyerAgent,Abuja,1,0.0,2812.779296875,,,,,,,,,,
2025-02-01,25,BuyerAgent,Abuja,0,0.0,4013.51171875,,,,,,,,,,
2025-02-01,26,BuyerAgent,Abuja,0,0.0,3780.2890625,,,,,,,,,,
2025-02-01,27,BuyerAgent,Abuja,1,0.0,1551.868896484375,,,,,,,,,,
2025-02-01,28,BuyerAgent,Abuja,1,0.0,4059.34130859375,,,,,,,,,,
2025-02-01,29,BuyerAgent,Abuja,2,0.0,2705.03466796875,,,,,,,,,,
2025-02-01,30,BuyerAgent,Abuja,2,0.0,3069.10107421875,,,,,,,,,,
2025-02-01,31,BuyerAgent,Abuja,0,0.0,1435.33935546875,,,,,,,,,,
2025-02-01,32,BuyerAgent,Abuja,0,0.0,172.83538818359375,,,,,,,,,,
2025-02-01,33,BuyerAgent,Abuja,0,0.0,1265.138916015625,,,,,,,,,,
2025-02-01,34,BuyerAgent,Abuja,0,0.0,2396.519775390625,,,,,,,,,,
2025-02-01,35,BuyerAgent,Abuja,0,0.0,1222.862548828125,,,,,,,,,,
2025-02-01,36,BuyerAgent,Abuja,1,0.0,22.862548828125,,,,,,,,,,
2025-02-01,37,BuyerAgent,Abuja,2,0.0,14.522705078125,,,,,,,,,,
2025-02-01,38,BuyerAgent,Abuja,0,0.0,0.0,,,,,,,,,,
2025-02-01,39,BuyerAgent,Abuja,0,0.0,0.0,,,,,,,,,,
2025-02-01,40,BuyerAgent,Abuja,0,0.0,0.0,,,,,,,,,,
2025-02-01,41,BuyerAgent,Abuja,2,0.0,0.0,,,,,,,,,,
2025-02-01,42,BuyerAgent,Abuja,1,0.0,0.0,,,,,,,,,,
2025-02-01,43,BuyerAgent,Abuja,0,0.0,0.0,,,,,,,,,,
2025-02-01,44,BuyerAgent,Abuja,0,0.0,0.0,,,,,,,,,,
2025-02-01,45,BuyerAgent,Abuja,0,0.0,0.0,,,,,,,,,,
2025-02-01,46,BuyerAgent,Abuja,2,0.0,0.0,,,,,,,,,,
2025-02-01,47,BuyerAgent,Abuja,2,0.0,0.0,,,,,,,,,,
2025-02-01,48,BuyerAgent,Abuja,2,0.0,0.0,,,,,,,,,,
2025-02-01,49,BuyerAgent,Abuja,2,0.0,0.0,,,,,,,,,,
2025-02-01,50,BuyerAgent,Abuja,1,0.0,0.0,,,,,,,,,,
2025-02-01,51,TransporterAgent,Abuja,2,100.0,-511.4023333333332,,,,,,,,,,
2025-02-01,52,TransporterAgent,Abuja,1,-200.0,-411.45469999999995,,,,,,,,,,
2025-02-01,53,TransporterAgent,Abuja,0,6.67,-56.161725000000004,,,,,,,,,,
2025-02-01,54,TransporterAgent,Abuja,2,100.0,95.88345,,,,,,,,,,
2025-02-01,55,TransporterAgent,Abuja,2,100.0,9.327349999999996,,,,,,,,,,
2025-02-01,56,TransporterAgent,Abuja,2,100.0,-769.22355,,,,,,,,,,
2025-02-01,57,TransporterAgent,Abuja,3,50.0,-370.0458083333333,,,,,,,,,,
2025-02-01,58,TransporterAgent,Abuja,3,50.0,-250.17837499999996,,,,,,,,,,
2025-02-01,59,TransporterAgent,Abuja,0,6.67,-40.59165,,,,,,,,,,
2025-02-01,60,TransporterAgent,Abuja,1,-200.0,-939.7284833333333,,,,,,,,,,
2025-02-01,61,BankingAgent,Abuja,2,-1.3749999999999996,-46.475,,,,,,,,,,
2025-02-01,62,BankingAgent,Abuja,1,-2.749999999999999,-45.925000000000004,,,,,,,,,,
2025-02-01,63,BankingAgent,Abuja,2,-1.3749999999999996,-35.475,,,,,,,,,,
2025-02-01,65,TraderAgent,Bauchi,3,20.0,2945.33251953125,486866.03125,Bauchi,False,Port_Harcourt,Bauchi,winning,False,90.25,5.0,False
2025-02-01,66,TraderAgent,Bauchi,0,0.0,2473.390625,421200.75,Bauchi,False,Onitsha,Onitsha,winning,False,95.0,6.0,False
2025-02-01,67,TraderAgent,Bauchi,3,20.0,251.93721726190475,486006.96875,Bauchi,False,Port_Harcourt,Port_Harcourt,winning,False,90.25,1.0,False
2025-02-01,68,TraderAgent,Bauchi,0,0.0,2259.97998046875,387814.3125,Bauchi,False,Onitsha,Onitsha,winning,False,95.0,5.0,False
2025-02-01,69,TraderAgent,Bauchi,1,157.52425,1115.483846563069,351049.25,Onitsha,True,Onitsha,Onitsha,winning,False,95.0,6.0,True
2025-02-01,70,TraderAgent,Bauchi,3,20.0,2331.84130859375,493359.09375,Bauchi,False,Onitsha,Onitsha,winning,False,90.25,2.0,False
2025-02-01,71,TraderAgent,Bauchi,0,0.0,5425.1123046875,466117.1875,Bauchi,False,Onitsha,Onitsha,winning,False,95.0,4.0,False
2025-02-01,72,TraderAgent,Bauchi,0,0.0,4797.09912109375,423354.25,Bauchi,False,Onitsha,Onitsha,winning,False,95.0,6.0,False
2025-02-01,73,TraderAgent,Bauchi,0,255.80657958984375,3772.735107421875,489488.5625,Bauchi,False,Port_Harcourt,Bauchi,winning,False,95.0,7.0,False
2025-02-01,74,TraderAgent,Bauchi,1,157.52425,2505.592041015625,370017.375,Onitsha,True,Onitsha,Onitsha,winning,False,95.0,5.0,True
2025-02-01,75,TraderAgent,Bauchi,0,255.80657958984375,9039.525390625,508705.84375,Bauchi,False,,Bauchi,winning,False,95.0,12.0,False
2025-02-01,76,TraderAgent,Bauchi,1,157.52425,7101.931640625,452061.09375,Onitsha,True,Onitsha,Onitsha,winning,False,95.0,9.0,True
2025-02-01,77,TraderAgent,Bauchi,0,0.0,683.7994995117188,446752.8125,Bauchi,False,Onitsha,Onitsha,winning,False,95.0,4.0,False
2025-02-01,78,TraderAgent,Bauchi,3,20.0,235.25,499975.25,Bauchi,False,,,winning,False,85.5,0.0,False
2025-02-01,79,TraderAgent,Bauchi,3,20.0,320.4256592592593,484280.8125,Bauchi,False,Port_Harcourt,Port_Harcourt,winning,False,90.25,1.0,False
2025-02-01,80,TraderAgent,Bauchi,0,255.80657958984375,9361.078125,509069.625,Bauchi,False,,Bauchi,winning,False,95.0,12.0,False
2025-02-01,81,TraderAgent,Bauchi,0,0.0,812.5033569335938,429836.0,Bauchi,False,Onitsha,Onitsha,winning,False,95.0,5.0,False
2025-02-01,82,TraderAgent,Bauchi,3,20.0,2698.402099609375,458663.53125,Bauchi,False,Port_Harcourt,Port_Harcourt,winning,False,90.25,4.0,False
2025-02-01,83,TraderAgent,Bauchi,0,255.80657958984375,9023.275390625,508679.59375,Bauchi,False,,Bauchi,winning,False,95.0,12.0,False
2025-02-01,84,TraderAgent,Bauchi,0,0.0,2210.6513671875,446388.40625,Bauchi,False,Onitsha,Onitsha,winning,False,95.0,4.0,False
2025-02-01,85,BuyerAgent,Bauchi,0,0.0,896.8008422851562,,,,,,,,,,
2025-02-01,86,BuyerAgent,Bauchi,0,0.0,1012.1395874023438,,,,,,,,,,
2025-02-01,87,BuyerAgent,Bauchi,0,0.0,1012.1395874023438,,,,,,,,,,
2025-02-01,88,BuyerAgent,Bauchi,1,0.0,147.694091796875,,,,,,,,,,
2025-02-01,89,BuyerAgent,Bauchi,0,0.0,919.3267822265625,,,,,,,,,,
2025-02-01,90,BuyerAgent,Bauchi,0,0.0,170.1324462890625,,,,,,,,,,
2025-02-01,91,BuyerAgent,Bauchi,0,0.0,142.735595703125,,,,,,,,,,
2025-02-01,92,BuyerAgent,Bauchi,0,0.0,142.735595703125,,,,,,,,,,
2025-02-01,93,BuyerAgent,Bauchi,1,0.0,142.735595703125,,,,,,,,,,
2025-02-01,94,BuyerAgent,Bauchi,0,0.0,142.735595703125,,,,,,,,,,
2025-02-01,95,BuyerAgent,Bauchi,0,0.0,142.735595703125,,,,,,,,,,
2025-02-01,96,BuyerAgent,Bauchi,2,0.0,142.735595703125,,,,,,,,,,
2025-02-01,97,BuyerAgent,Bauchi,0,0.0,0.0,,,,,,,,,,
2025-02-01,98,BuyerAgent,Bauchi,1,0.0,0.0,,,,,,,,,,
2025-02-01,99,BuyerAgent,Bauchi,1,0.0,0.0,,,,,,,,,,
2025-02-01,100,BuyerAgent,Bauchi,1,0.0,0.0,,,,,,,,,,
2025-02-01,101,BuyerAgent,Bauchi,0,0.0,0.0,,,,,,,,,,
2025-02-01,102,BuyerAgent,Bauchi,2,0.0,0.0,,,,,,,,,,
2025-02-01,103,BuyerAgent,Bauchi,1,0.0,0.0,,,,,,,,,,
2025-02-01,104,BuyerAgent,Bauchi,0,0.0,0.0,,,,,,,,,,
2025-02-01,105,BuyerAgent,Bauchi,0,0.0,0.0,,,,,,,,,,
2025-02-01,106,BuyerAgent,Bauchi,2,0.0,0.0,,,,,,,,,,
2025-02-01,107,BuyerAgent,Bauchi,0,0.0,0.0,,,,,,,,,,
2025-02-01,108,BuyerAgent,Bauchi,0,0.0,0.0,,,,,,,,,,
2025-02-01,109,BuyerAgent,Bauchi,1,0.0,0.0,,,,,,,,,,
2025-02-01,110,BuyerAgent,Bauchi,0,0.0,0.0,,,,,,,,,,
2025-02-01,111,BuyerAgent,Bauchi,0,0.0,0.0,,,,,,,,,,
2025-02-01,112,BuyerAgent,Bauchi,0,0.0,0.0,,,,,,,,,,
2025-02-01,113,BuyerAgent,Bauchi,2,0.0,0.0,,,,,,,,,,
2025-02-01,114,BuyerAgent,Bauchi,0,0.0,0.0,,,,,,,,,,
2025-02-01,115,TransporterAgent,Bauchi,0,0.55,-577.8248124098124,,,,,,,,,,
2025-02-01,116,TransporterAgent,Bauchi,0,0.55,-630.4726430976432,,,,,,,,,,
2025-02-01,117,TransporterAgent,Bauchi,3,50.0,500.0,,,,,,,,,,
2025-02-01,118,TransporterAgent,Bauchi,3,50.0,60.03571428571428,,,,,,,,,,
2025-02-01,119,TransporterAgent,Bauchi,0,0.55,-828.4084764309764,,,,,,,,,,
2025-02-01,120,TransporterAgent,Bauchi,3,50.0,450.0,,,,,,,,,,
2025-02-01,121,TransporterAgent,Bauchi,0,0.55,-1175.5945875420875,,,,,,,,,,
2025-02-01,122,TransporterAgent,Bauchi,3,50.0,-680.7196428571428,,,,,,,,,,
2025-02-01,123,TransporterAgent,Bauchi,3,50.0,213.84854497354496,,,,,,,,,,
2025-02-01,124,TransporterAgent,Bauchi,3,50.0,-121.57150793650794,,,,,,,,,,
2025-02-01,125,BankingAgent,Bauchi,0,-0.0,-19.075000000000003,,,,,,,,,,
2025-02-01,126,BankingAgent,Bauchi,0,-0.0,-13.275,,,,,,,,,,
2025-02-01,127,BankingAgent,Bauchi,0,-0.0,-15.700000000000001,,,,,,,,,,
2025-02-01,129,TraderAgent,Kano,1,131.02770370370368,653.291259765625,465589.53125,Onitsha,True,Onitsha,Onitsha,winning,False,47.5,2.0,True
2025-02-01,130,TraderAgent,Kano,0,0.0,1890.94873046875,450489.375,Kano,False,Onitsha,Onitsha,winning,False,47.5,6.0,False
2025-02-01,131,TraderAgent,Kano,3,20.0,451.60125732421875,480604.375,Kano,False,Onitsha,Onitsha,winning,False,45.12,3.0,False
2025-02-01,132,TraderAgent,Kano,0,133.1483154296875,2158.57080078125,498878.90625,Kano,False,Bauchi,Kano,winning,False,47.5,7.0,False
2025-02-01,133,TraderAgent,Kano,0,126.89830780029297,3565.328369140625,475086.4375,Kano,False,Port_Harcourt,Kano,winning,False,46.25,7.0,False
2025-02-01,134,TraderAgent,Kano,1,131.02770370370368,2456.076171875,467417.625,Onitsha,True,Onitsha,Onitsha,winning,False,47.5,8.0,True
2025-02-01,135,TraderAgent,Kano,3,20.0,736.446533203125,496411.84375,Kano,False,Bauchi,Kano,winning,False,45.12,4.0,False
2025-02-01,136,TraderAgent,Kano,3,20.0,1888.00927734375,498617.40625,Kano,False,Bauchi,Kano,winning,False,43.94,5.0,False
2025-02-01,137,TraderAgent,Kano,1,131.02770370370368,1117.63037109375,479645.125,Onitsha,True,Onitsha,Onitsha,winning,False,47.5,2.0,True
2025-02-01,138,TraderAgent,Kano,0,0.0,834.065673828125,466816.1875,Kano,False,Onitsha,Onitsha,winning,False,47.5,5.0,False
2025-02-01,139,TraderAgent,Kano,2,-35.0625,3377.551513671875,483698.40625,Kano,False,Onitsha,Onitsha,winning,False,47.5,5.0,False
2025-02-01,140,TraderAgent,Kano,4,-10.0,-16.5234375,499953.48,Kano,False,,,losing,False,45.0,0.0,False
2025-02-01,141,TraderAgent,Kano,2,-35.0625,3760.744384765625,500779.25,Kano,False,Bauchi,Kano,winning,False,47.5,5.0,False
2025-02-01,142,TraderAgent,Kano,4,-10.0,1050.4921875,493073.8125,Kano,False,Bauchi,Kano,winning,False,47.5,4.0,False
2025-02-01,143,TraderAgent,Kano,2,-35.0625,933.5643920898438,500869.875,Kano,False,,Kano,winning,False,46.25,4.0,False
2025-02-01,144,TraderAgent,Kano,3,20.0,703.2548828125,466816.15625,Kano,False,Onitsha,Onitsha,winning,False,45.12,3.0,False
2025-02-01,145,TraderAgent,Kano,0,133.1483154296875,626.4783935546875,442151.96875,Kano,False,Onitsha,Kano,winning,False,47.5,6.0,False
2025-02-01,146,TraderAgent,Kano,4,-10.0,272.24522962962965,480525.53125,Kano,False,Onitsha,Onitsha,winning,False,47.5,2.0,False
2025-02-01,147,TraderAgent,Kano,4,-10.0,886.1676025390625,481062.15625,Kano,False,Onitsha,Kano,winning,False,46.25,5.0,False
2025-02-01,148,TraderAgent,Kano,0,133.1483154296875,1030.027587890625,500917.84375,Kano,False,,Kano,winning,False,47.5,3.0,False
2025-02-01,149,BuyerAgent,Kano,2,0.0,826.7662963867188,,,,,,,,,,
2025-02-01,150,BuyerAgent,Kano,0,0.0,545.1536254882812,,,,,,,,,,
2025-02-01,151,BuyerAgent,Kano,1,0.0,378.6749267578125,,,,,,,,,,
2025-02-01,152,BuyerAgent,Kano,1,0.0,330.4206848144531,,,,,,,,,,
2025-02-01,153,BuyerAgent,Kano,2,0.0,3.052215576171875,,,,,,,,,,
2025-02-01,154,BuyerAgent,Kano,2,0.0,2.59368896484375,,,,,,,,,,
2025-02-01,155,BuyerAgent,Kano,2,0.0,283.8130187988281,,,,,,,,,,
2025-02-01,156,BuyerAgent,Kano,2,0.0,67.26821899414062,,,,,,,,,,
2025-02-01,157,BuyerAgent,Kano,0,0.0,283.8130187988281,,,,,,,,,,
2025-02-01,158,BuyerAgent,Kano,0,0.0,0.0,,,,,,,,,,
2025-02-01,159,BuyerAgent,Kano,1,0.0,280.76080322265625,,,,,,,,,,
2025-02-01,160,BuyerAgent,Kano,1,0.0,280.76080322265625,,,,,,,,,,
2025-02-01,161,BuyerAgent,Kano,2,0.0,44.01397705078125,,,,,,,,,,
2025-02-01,162,BuyerAgent,Kano,1,0.0,3.052215576171875,,,,,,,,,,
2025-02-01,163,BuyerAgent,Kano,1,0.0,3.052215576171875,,,,,,,,,,
2025-02-01,164,BuyerAgent,Kano,1,0.0,3.052215576171875,,,,,,,,,,
2025-02-01,165,BuyerAgent,Kano,2,0.0,0.0,,,,,,,,,,
2025-02-01,166,BuyerAgent,Kano,1,0.0,0.0,,,,,,,,,,
2025-02-01,167,BuyerAgent,Kano,2,0.0,0.0,,,,,,,,,,
2025-02-01,168,BuyerAgent,Kano,0,0.0,0.0,,,,,,,,,,
2025-02-01,169,BuyerAgent,Kano,0,0.0,0.0,,,,,,,,,,
2025-02-01,170,BuyerAgent,Kano,2,0.0,0.0,,,,,,,,,,
2025-02-01,171,BuyerAgent,Kano,1,0.0,0.0,,,,,,,,,,
2025-02-01,172,BuyerAgent,Kano,2,0.0,0.0,,,,,,,,,,
2025-02-01,173,BuyerAgent,Kano,0,0.0,0.0,,,,,,,,,,
2025-02-01,174,BuyerAgent,Kano,2,0.0,0.0,,,,,,,,,,
2025-02-01,175,BuyerAgent,Kano,2,0.0,0.0,,,,,,,,,,
2025-02-01,176,BuyerAgent,Kano,1,0.0,0.0,,,,,,,,,,
2025-02-01,177,BuyerAgent,Kano,2,0.0,0.0,,,,,,,,,,
2025-02-01,178,BuyerAgent,Kano,0,0.0,0.0,,,,,,,,,,
2025-02-01,179,TransporterAgent,Kano,3,50.0,329.94528850408847,,,,,,,,,,
2025-02-01,180,TransporterAgent,Kano,0,0.0,-182.598,,,,,,,,,,
2025-02-01,181,TransporterAgent,Kano,0,0.0,-1059.659656084656,,,,,,,,,,
2025-02-01,182,TransporterAgent,Kano,0,0.0,-326.0332724867725,,,,,,,,,,
2025-02-01,183,TransporterAgent,Kano,1,-200.0,205.42326587301585,,,,,,,,,,
2025-02-01,184,TransporterAgent,Kano,3,50.0,-882.6965142857142,,,,,,,,,,
2025-02-01,185,TransporterAgent,Kano,1,-200.0,-911.9787341269841,,,,,,,,,,
2025-02-01,186,TransporterAgent,Kano,3,50.0,-579.1838,,,,,,,,,,
2025-02-01,187,TransporterAgent,Kano,0,0.0,-683.5,,,,,,,,,,
2025-02-01,188,TransporterAgent,Kano,2,100.0,-117.01574664903,,,,,,,,,,
2025-02-01,189,BankingAgent,Kano,0,-0.0,-19.650000000000002,,,,,,,,,,
2025-02-01,190,BankingAgent,Kano,2,-1.3749999999999996,-41.25000000000001,,,,,,,,,,
2025-02-01,191,BankingAgent,Kano,1,-2.749999999999999,-40.87500000000001,,,,,,,,,,
2025-02-01,193,TraderAgent,Lagos,1,141.2248447204969,11652.8134765625,489636.46875,Onitsha,True,Onitsha,Onitsha,winning,False,983.75,6.0,True
2025-02-01,194,TraderAgent,Lagos,4,-10.0,11372.4541015625,494749.96875,Lagos,False,Onitsha,Onitsha,winning,False,905.0,4.0,False
2025-02-01,195,TraderAgent,Lagos,3,20.0,12952.0625,496192.375,Lagos,False,Onitsha,Onitsha,winning,False,838.38,6.0,False
2025-02-01,196,TraderAgent,Lagos,0,5220.7958984375,10869.0859375,494293.71875,Lagos,False,Onitsha,Onitsha,winning,False,927.5,4.0,False
2025-02-01,197,TraderAgent,Lagos,4,-10.0,11933.4208984375,447429.1875,Lagos,False,Onitsha,Onitsha,winning,False,905.0,6.0,False
2025-02-01,198,TraderAgent,Lagos,0,5220.7958984375,17484.69921875,495160.1875,Lagos,False,Onitsha,Onitsha,winning,False,927.5,5.0,False
2025-02-01,199,TraderAgent,Lagos,0,5220.7958984375,7598.607421875,496494.3125,Lagos,False,Onitsha,Onitsha,winning,False,927.5,3.0,False
2025-02-01,200,TraderAgent,Lagos,3,20.0,9926.06640625,493490.625,Lagos,False,Onitsha,Lagos,winning,False,902.5,5.0,False
2025-02-01,201,TraderAgent,Lagos,3,20.0,4369.9599609375,498764.8125,Lagos,False,Onitsha,Onitsha,winning,False,859.75,2.0,False
2025-02-01,202,TraderAgent,Lagos,0,5220.7958984375,14877.0390625,497979.71875,Lagos,False,Onitsha,Onitsha,winning,False,927.5,4.0,False
2025-02-01,203,TraderAgent,Lagos,4,-10.0,6887.82763671875,501313.625,Lagos,False,Onitsha,Onitsha,winning,False,905.0,2.0,False
2025-02-01,204,TraderAgent,Lagos,1,141.2248447204969,11275.9345703125,430369.375,Onitsha,True,Onitsha,Onitsha,winning,False,905.0,5.0,True
2025-02-01,205,TraderAgent,Lagos,3,20.0,7601.1943359375,496675.0,Lagos,False,Onitsha,Onitsha,winning,False,859.75,4.0,False
2025-02-01,206,TraderAgent,Lagos,4,-10.0,14174.3671875,497431.375,Lagos,False,Onitsha,Onitsha,winning,False,905.0,5.0,False
2025-02-01,207,TraderAgent,Lagos,0,2558.2958984375,11241.640625,446673.6875,Lagos,False,Onitsha,Lagos,winning,False,995.0,6.0,False
2025-02-01,208,TraderAgent,Lagos,0,5220.7958984375,12621.33203125,496028.90625,Lagos,False,Onitsha,Onitsha,winning,False,927.5,3.0,False
2025-02-01,209,TraderAgent,Lagos,1,141.2248447204969,11101.435546875,483745.40625,Onitsha,True,Onitsha,Onitsha,winning,False,882.5,4.0,True
2025-02-01,210,TraderAgent,Lagos,1,141.2248447204969,15841.71875,482681.125,Onitsha,True,Onitsha,Onitsha,winning,False,995.0,6.0,True
2025-02-01,211,TraderAgent,Lagos,2,-23.71875,10283.9248046875,493700.625,Lagos,False,Onitsha,Lagos,winning,False,983.75,4.0,False
2025-02-01,212,TraderAgent,Lagos,3,20.0,9879.41015625,498724.4375,Lagos,False,Onitsha,Onitsha,winning,False,859.75,4.0,False
2025-02-01,213,BuyerAgent,Lagos,0,529.2041015625,3782.146484375,,,,,,,,,,
2025-02-01,214,BuyerAgent,Lagos,0,529.2041015625,2135.791015625,,,,,,,,,,
2025-02-01,215,BuyerAgent,Lagos,2,0.0,1874.06494140625,,,,,,,,,,
2025-02-01,216,BuyerAgent,Lagos,1,529.2041015625,3123.0966796875,,,,,,,,,,
2025-02-01,217,BuyerAgent,Lagos,2,0.0,1704.7607421875,,,,,,,,,,
2025-02-01,218,BuyerAgent,Lagos,1,529.2041015625,2029.588623046875,,,,,,,,,,
2025-02-01,219,BuyerAgent,Lagos,2,0.0,1358.0279541015625,,,,,,,,,,
2025-02-01,220,BuyerAgent,Lagos,1,529.2041015625,2123.7958984375,,,,,,,,,,
2025-02-01,221,BuyerAgent,Lagos,2,0.0,89.796142578125,,,,,,,,,,
2025-02-01,222,BuyerAgent,Lagos,1,191.7041015625,1027.0123291015625,,,,,,,,,,
2025-02-01,223,BuyerAgent,Lagos,1,0.0,1024.505615234375,,,,,,,,,,
2025-02-01,224,BuyerAgent,Lagos,2,0.0,364.7601318359375,,,,,,,,,,
2025-02-01,225,BuyerAgent,Lagos,1,0.0,457.4493408203125,,,,,,,,,,
2025-02-01,226,BuyerAgent,Lagos,2,0.0,189.1973876953125,,,,,,,,,,
2025-02-01,227,BuyerAgent,Lagos,2,0.0,0.0,,,,,,,,,,
2025-02-01,228,BuyerAgent,Lagos,2,0.0,0.0,,,,,,,,,,
2025-02-01,229,BuyerAgent,Lagos,0,0.0,0.0,,,,,,,,,,
2025-02-01,230,BuyerAgent,Lagos,1,0.0,0.0,,,,,,,,,,
2025-02-01,231,BuyerAgent,Lagos,2,0.0,0.0,,,,,,,,,,
2025-02-01,232,BuyerAgent,Lagos,2,0.0,0.0,,,,,,,,,,
2025-02-01,233,BuyerAgent,Lagos,2,0.0,0.0,,,,,,,,,,
2025-02-01,234,BuyerAgent,Lagos,0,0.0,0.0,,,,,,,,,,
2025-02-01,235,BuyerAgent,Lagos,1,0.0,0.0,,,,,,,,,,
2025-02-01,236,BuyerAgent,Lagos,0,0.0,0.0,,,,,,,,,,
2025-02-01,237,BuyerAgent,Lagos,1,0.0,0.0,,,,,,,,,,
2025-02-01,238,BuyerAgent,Lagos,1,0.0,0.0,,,,,,,,,,
2025-02-01,239,BuyerAgent,Lagos,2,0.0,0.0,,,,,,,,,,
2025-02-01,240,BuyerAgent,Lagos,2,0.0,0.0,,,,,,,,,,
2025-02-01,241,BuyerAgent,Lagos,0,0.0,0.0,,,,,,,,,,
2025-02-01,242,BuyerAgent,Lagos,2,0.0,0.0,,,,,,,,,,
2025-02-01,243,TransporterAgent,Lagos,2,-50.0,-359.42644988697236,,,,,,,,,,
2025-02-01,244,TransporterAgent,Lagos,1,-200.0,-1100.0,,,,,,,,,,
2025-02-01,245,TransporterAgent,Lagos,3,50.0,-216.20342307692306,,,,,,,,,,
2025-02-01,246,TransporterAgent,Lagos,1,-200.0,-594.238386895784,,,,,,,,,,
2025-02-01,247,TransporterAgent,Lagos,2,-50.0,-911.2922823206204,,,,,,,,,,
2025-02-01,248,TransporterAgent,Lagos,2,-50.0,-771.4761375231379,,,,,,,,,,
2025-02-01,249,TransporterAgent,Lagos,0,8.019047619047619,-1120.1299292328042,,,,,,,,,,
2025-02-01,250,TransporterAgent,Lagos,3,50.0,37.72109803921575,,,,,,,,,,
2025-02-01,251,TransporterAgent,Lagos,2,-50.0,270.8873,,,,,,,,,,
2025-02-01,252,TransporterAgent,Lagos,3,50.0,-1179.3557121459696,,,,,,,,,,
2025-02-01,253,BankingAgent,Lagos,1,-2.749999999999999,-42.0,,,,,,,,,,
2025-02-01,254,BankingAgent,Lagos,1,-2.749999999999999,-31.525000000000006,,,,,,,,,,
2025-02-01,255,BankingAgent,Lagos,2,-1.3749999999999996,-41.22500000000001,,,,,,,,,,
2025-02-01,257,TraderAgent,Onitsha,0,1558.017578125,4715.462890625,488431.875,Onitsha,False,Lagos,Onitsha,winning,False,602.5,5.0,False
2025-02-01,258,TraderAgent,Onitsha,0,0.0,3453.34619140625,494954.15625,Onitsha,False,Port_Harcourt,Port_Harcourt,winning,False,665.0,4.0,False
2025-02-01,259,TraderAgent,Onitsha,3,20.0,7813.87646484375,485848.15625,Onitsha,False,Lagos,Lagos,winning,False,631.75,7.0,False
2025-02-01,260,TraderAgent,Onitsha,1,150.45000000000002,528.1722140857142,472372.46875,Lagos,True,Lagos,Lagos,winning,False,665.0,2.0,True
2025-02-01,261,TraderAgent,Onitsha,0,1783.017578125,24296.18359375,512498.0,Onitsha,False,Lagos,Onitsha,winning,False,647.5,8.0,False
2025-02-01,262,TraderAgent,Onitsha,3,20.0,158.06056325238092,483731.375,Onitsha,False,Lagos,Lagos,losing,False,631.75,2.0,False
2025-02-01,263,TraderAgent,Onitsha,3,20.0,2437.64208984375,485856.875,Onitsha,False,Lagos,Lagos,winning,False,631.75,4.0,False
2025-02-01,264,TraderAgent,Onitsha,3,20.0,2355.92822265625,495006.1875,Onitsha,False,Lagos,Lagos,winning,False,631.75,3.0,False
2025-02-01,265,TraderAgent,Onitsha,0,1783.017578125,8303.2421875,500009.09375,Onitsha,False,Port_Harcourt,Onitsha,winning,False,647.5,7.0,False
2025-02-01,266,TraderAgent,Onitsha,2,-35.0625,23245.330078125,518064.8125,Onitsha,False,Port_Harcourt,Onitsha,winning,False,647.5,7.0,False
2025-02-01,267,TraderAgent,Onitsha,2,-35.0625,17597.697265625,510281.40625,Onitsha,False,Lagos,Onitsha,winning,False,602.5,3.0,False
2025-02-01,268,TraderAgent,Onitsha,1,150.45000000000002,22910.98046875,488342.0,Lagos,True,Lagos,Lagos,winning,False,647.5,7.0,True
2025-02-01,269,TraderAgent,Onitsha,1,150.45000000000002,5804.9482421875,475620.8125,Lagos,True,Lagos,Lagos,winning,False,647.5,5.0,True
2025-02-01,270,TraderAgent,Onitsha,2,-35.0625,2534.73779296875,476620.40625,Onitsha,False,Lagos,Lagos,winning,False,665.0,4.0,False
2025-02-01,271,TraderAgent,Onitsha,3,20.0,6853.46923828125,492371.84375,Onitsha,False,Lagos,Onitsha,winning,False,615.12,6.0,False
2025-02-01,272,TraderAgent,Onitsha,3,20.0,3512.800048828125,488013.15625,Onitsha,False,Port_Harcourt,Port_Harcourt,winning,False,631.75,4.0,False
2025-02-01,273,TraderAgent,Onitsha,4,-10.0,2529.44189453125,502471.5625,Onitsha,False,,Onitsha,winning,False,602.5,2.0,False
2025-02-01,274,TraderAgent,Onitsha,0,1783.017578125,5193.8583984375,488652.125,Onitsha,False,Lagos,Onitsha,winning,False,647.5,5.0,False
2025-02-01,275,TraderAgent,Onitsha,0,1870.517578125,3717.801025390625,483228.375,Onitsha,False,Lagos,Onitsha,winning,False,665.0,4.0,False
2025-02-01,276,TraderAgent,Onitsha,4,-10.0,2794.111083984375,480901.53125,Onitsha,False,Lagos,Lagos,winning,False,665.0,4.0,False
2025-02-01,277,BuyerAgent,Onitsha,0,191.982421875,3082.26171875,,,,,,,,,,
2025-02-01,278,BuyerAgent,Onitsha,0,0.0,511.5777587890625,,,,,,,,,,
2025-02-01,279,BuyerAgent,Onitsha,1,0.0,2811.44677734375,,,,,,,,,,
2025-02-01,280,BuyerAgent,Onitsha,1,0.0,2457.84130859375,,,,,,,,,,
2025-02-01,281,BuyerAgent,Onitsha,2,0.0,2245.65771484375,,,,,,,,,,
2025-02-01,282,BuyerAgent,Onitsha,0,0.0,316.9097900390625,,,,,,,,,,
2025-02-01,283,BuyerAgent,Onitsha,1,0.0,222.2979736328125,,,,,,,,,,
2025-02-01,284,BuyerAgent,Onitsha,0,0.0,516.78466796875,,,,,,,,,,
2025-02-01,285,BuyerAgent,Onitsha,0,0.0,112.2698974609375,,,,,,,,,,
2025-02-01,286,BuyerAgent,Onitsha,0,0.0,81.982421875,,,,,,,,,,
2025-02-01,287,BuyerAgent,Onitsha,0,0.0,155.35491943359375,,,,,,,,,,
2025-02-01,288,BuyerAgent,Onitsha,2,0.0,140.49896240234375,,,,,,,,,,
2025-02-01,289,BuyerAgent,Onitsha,1,0.0,10.87249755859375,,,,,,,,,,
2025-02-01,290,BuyerAgent,Onitsha,1,0.0,10.87249755859375,,,,,,,,,,
2025-02-01,291,BuyerAgent,Onitsha,2,0.0,0.0,,,,,,,,,,
2025-02-01,292,BuyerAgent,Onitsha,1,0.0,0.0,,,,,,,,,,
2025-02-01,293,BuyerAgent,Onitsha,2,0.0,0.0,,,,,,,,,,
2025-02-01,294,BuyerAgent,Onitsha,0,0.0,0.0,,,,,,,,,,
2025-02-01,295,BuyerAgent,Onitsha,2,0.0,0.0,,,,,,,,,,
2025-02-01,296,BuyerAgent,Onitsha,1,0.0,0.0,,,,,,,,,,
2025-02-01,297,BuyerAgent,Onitsha,1,0.0,0.0,,,,,,,,,,
2025-02-01,298,BuyerAgent,Onitsha,1,0.0,0.0,,,,,,,,,,
2025-02-01,299,BuyerAgent,Onitsha,1,0.0,0.0,,,,,,,,,,
2025-02-01,300,BuyerAgent,Onitsha,1,0.0,0.0,,,,,,,,,,
2025-02-01,301,BuyerAgent,Onitsha,2,0.0,0.0,,,,,,,,,,
2025-02-01,302,BuyerAgent,Onitsha,2,0.0,0.0,,,,,,,,,,
2025-02-01,303,BuyerAgent,Onitsha,2,0.0,0.0,,,,,,,,,,
2025-02-01,304,BuyerAgent,Onitsha,1,0.0,0.0,,,,,,,,,,
2025-02-01,305,BuyerAgent,Onitsha,1,0.0,0.0,,,,,,,,,,
2025-02-01,306,BuyerAgent,Onitsha,2,0.0,0.0,,,,,,,,,,
2025-02-01,307,TransporterAgent,Onitsha,0,18.099999999999902,208.26118041527147,,,,,,,,,,
2025-02-01,308,TransporterAgent,Onitsha,0,18.099999999999902,-74.8001252640982,,,,,,,,,,
2025-02-01,309,TransporterAgent,Onitsha,2,100.0,411.0165569444445,,,,,,,,,,
2025-02-01,310,TransporterAgent,Onitsha,2,100.0,-216.1693237513951,,,,,,,,,,
2025-02-01,311,TransporterAgent,Onitsha,0,18.099999999999902,-51.969363888888985,,,,,,,,,,
2025-02-01,312,TransporterAgent,Onitsha,1,-200.0,-840.12115,,,,,,,,,,
2025-02-01,313,TransporterAgent,Onitsha,3,50.0,-246.22655734126977,,,,,,,,,,
2025-02-01,314,TransporterAgent,Onitsha,0,18.099999999999902,184.4534637486048,,,,,,,,,,
2025-02-01,315,TransporterAgent,Onitsha,3,50.0,-134.2134333333333,,,,,,,,,,
2025-02-01,316,TransporterAgent,Onitsha,3,50.0,-1025.5551,,,,,,,,,,
2025-02-01,317,BankingAgent,Onitsha,2,-1.3749999999999996,-33.2,,,,,,,,,,
2025-02-01,318,BankingAgent,Onitsha,0,-0.0,-43.775000000000006,,,,,,,,,,
2025-02-01,319,BankingAgent,Onitsha,1,-2.749999999999999,-34.675000000000004,,,,,,,,,,
2025-02-01,321,TraderAgent,Port_Harcourt,0,3256.65771484375,25367.3515625,517481.625,Port_Harcourt,False,Onitsha,Port_Harcourt,winning,False,1400.0,6.0,False
2025-02-01,322,TraderAgent,Port_Harcourt,0,3256.65771484375,12563.306640625,509949.375,Port_Harcourt,False,Onitsha,Port_Harcourt,winning,False,1400.0,4.0,False
2025-02-01,323,TraderAgent,Port_Harcourt,0,1194.15771484375,14386.15625,511621.1875,Port_Harcourt,False,Onitsha,Port_Harcourt,winning,False,987.5,4.0,False
2025-02-01,324,TraderAgent,Port_Harcourt,2,-35.0625,7149.2021484375,506964.28125,Port_Harcourt,False,,Port_Harcourt,winning,False,1400.0,3.0,False
2025-02-01,325,TraderAgent,Port_Harcourt,4,-10.0,18525.23046875,513307.03125,Port_Harcourt,False,Onitsha,Onitsha,winning,False,987.5,4.0,False
2025-02-01,326,TraderAgent,Port_Harcourt,3,20.0,15355.52734375,510058.1875,Port_Harcourt,False,Onitsha,Onitsha,winning,False,938.12,3.0,False
2025-02-01,327,TraderAgent,Port_Harcourt,1,170.71003076923077,14649.9189453125,505007.90625,Onitsha,True,Onitsha,Onitsha,winning,False,1325.0,4.0,True
2025-02-01,328,TraderAgent,Port_Harcourt,1,170.71003076923077,21550.546875,509353.53125,Onitsha,True,Onitsha,Onitsha,winning,False,1325.0,5.0,True
2025-02-01,329,TraderAgent,Port_Harcourt,0,2694.15771484375,13648.27734375,508404.25,Port_Harcourt,False,Onitsha,Port_Harcourt,winning,False,1287.5,4.0,False
2025-02-01,330,TraderAgent,Port_Harcourt,0,3256.65771484375,20053.166015625,517208.875,Port_Harcourt,False,Onitsha,Port_Harcourt,winning,False,1400.0,7.0,False
2025-02-01,331,TraderAgent,Port_Harcourt,4,-10.0,25870.982421875,517967.875,Port_Harcourt,False,Onitsha,Port_Harcourt,winning,False,1400.0,6.0,False
2025-02-01,332,TraderAgent,Port_Harcourt,3,20.0,14250.6845703125,463413.625,Port_Harcourt,False,Onitsha,Port_Harcourt,winning,False,1330.0,4.0,False
2025-02-01,333,TraderAgent,Port_Harcourt,4,-10.0,6454.24462890625,503858.09375,Port_Harcourt,False,Onitsha,Port_Harcourt,winning,False,1231.25,2.0,False
2025-02-01,334,TraderAgent,Port_Harcourt,0,8319.158203125,22658.05859375,518276.46875,Port_Harcourt,False,Onitsha,Onitsha,winning,False,1062.5,4.0,False
2025-02-01,335,TraderAgent,Port_Harcourt,1,170.71003076923077,16826.59375,507142.09375,Onitsha,True,Onitsha,Onitsha,winning,False,1400.0,5.0,True
2025-02-01,336,TraderAgent,Port_Harcourt,0,3256.65771484375,25953.904296875,520607.75,Port_Harcourt,False,Onitsha,Port_Harcourt,winning,False,1400.0,8.0,False
2025-02-01,337,TraderAgent,Port_Harcourt,1,170.71003076923077,23654.962890625,508865.90625,Onitsha,True,Onitsha,Onitsha,winning,False,1400.0,5.0,True
2025-02-01,338,TraderAgent,Port_Harcourt,1,170.71003076923077,20879.87109375,462999.75,Onitsha,True,Onitsha,Onitsha,winning,False,1400.0,7.0,True
2025-02-01,339,TraderAgent,Port_Harcourt,4,-10.0,16553.203125,511252.15625,Port_Harcourt,False,Onitsha,Port_Harcourt,winning,False,1400.0,5.0,False
2025-02-01,340,TraderAgent,Port_Harcourt,0,8319.158203125,29025.0234375,522027.1875,Port_Harcourt,False,Onitsha,Onitsha,winning,False,1062.5,6.0,False
2025-02-01,341,BuyerAgent,Port_Harcourt,2,0.0,7668.91455078125,,,,,,,,,,
2025-02-01,342,BuyerAgent,Port_Harcourt,1,2805.84228515625,16539.40625,,,,,,,,,,
2025-02-01,343,BuyerAgent,Port_Harcourt,1,2430.84228515625,7213.53076171875,,,,,,,,,,
2025-02-01,344,BuyerAgent,Port_Harcourt,2,0.0,5300.3759765625,,,,,,,,,,
2025-02-01,345,BuyerAgent,Port_Harcourt,0,2430.84228515625,14930.10546875,,,,,,,,,,
2025-02-01,346,BuyerAgent,Port_Harcourt,0,1305.84228515625,11116.056640625,,,,,,,,,,
2025-02-01,347,BuyerAgent,Port_Harcourt,2,0.0,11383.4931640625,,,,,,,,,,
2025-02-01,348,BuyerAgent,Port_Harcourt,0,743.34228515625,6727.14990234375,,,,,,,,,,
2025-02-01,349,BuyerAgent,Port_Harcourt,1,743.34228515625,7115.92626953125,,,,,,,,,,
2025-02-01,350,BuyerAgent,Port_Harcourt,1,743.34228515625,3570.584228515625,,,,,,,,,,
2025-02-01,351,BuyerAgent,Port_Harcourt,0,743.34228515625,1960.743408203125,,,,,,,,,,
2025-02-01,352,BuyerAgent,Port_Harcourt,0,0.0,1665.2813720703125,,,,,,,,,,
2025-02-01,353,BuyerAgent,Port_Harcourt,0,0.0,284.0081787109375,,,,,,,,,,
2025-02-01,354,BuyerAgent,Port_Harcourt,0,0.0,2874.98583984375,,,,,,,,,,
2025-02-01,355,BuyerAgent,Port_Harcourt,0,0.0,184.0081787109375,,,,,,,,,,
2025-02-01,356,BuyerAgent,Port_Harcourt,0,0.0,0.0,,,,,,,,,,
2025-02-01,357,BuyerAgent,Port_Harcourt,2,0.0,1090.977783203125,,,,,,,,,,
2025-02-01,358,BuyerAgent,Port_Harcourt,1,0.0,715.977783203125,,,,,,,,,,
2025-02-01,359,BuyerAgent,Port_Harcourt,1,0.0,715.977783203125,,,,,,,,,,
2025-02-01,360,BuyerAgent,Port_Harcourt,2,0.0,715.977783203125,,,,,,,,,,
2025-02-01,361,BuyerAgent,Port_Harcourt,0,0.0,0.0,,,,,,,,,,
2025-02-01,362,BuyerAgent,Port_Harcourt,0,0.0,184.0081787109375,,,,,,,,,,
2025-02-01,363,BuyerAgent,Port_Harcourt,2,0.0,0.0,,,,,,,,,,
2025-02-01,364,BuyerAgent,Port_Harcourt,1,0.0,0.0,,,,,,,,,,
2025-02-01,365,BuyerAgent,Port_Harcourt,1,0.0,0.0,,,,,,,,,,
2025-02-01,366,BuyerAgent,Port_Harcourt,1,0.0,0.0,,,,,,,,,,
2025-02-01,367,BuyerAgent,Port_Harcourt,2,0.0,0.0,,,,,,,,,,
2025-02-01,368,BuyerAgent,Port_Harcourt,1,0.0,0.0,,,,,,,,,,
2025-02-01,369,BuyerAgent,Port_Harcourt,0,0.0,0.0,,,,,,,,,,
2025-02-01,370,BuyerAgent,Port_Harcourt,2,0.0,0.0,,,,,,,,,,
2025-02-01,371,TransporterAgent,Port_Harcourt,2,100.0,-23.736818181818194,,,,,,,,,,
2025-02-01,372,TransporterAgent,Port_Harcourt,0,0.0,-56.29400946969707,,,,,,,,,,
2025-02-01,373,TransporterAgent,Port_Harcourt,2,100.0,249.87971654040393,,,,,,,,,,
2025-02-01,374,TransporterAgent,Port_Harcourt,3,50.0,-223.30334848484847,,,,,,,,,,
2025-02-01,375,TransporterAgent,Port_Harcourt,2,100.0,-269.62735795454546,,,,,,,,,,
2025-02-01,376,TransporterAgent,Port_Harcourt,2,100.0,-518.1370056818182,,,,,,,,,,
2025-02-01,377,TransporterAgent,Port_Harcourt,0,0.0,-318.1790605429293,,,,,,,,,,
2025-02-01,378,TransporterAgent,Port_Harcourt,0,0.0,-570.78,,,,,,,,,,
2025-02-01,379,TransporterAgent,Port_Harcourt,2,100.0,-439.5391678661615,,,,,,,,,,
2025-02-01,380,TransporterAgent,Port_Harcourt,2,100.0,14.072727272727263,,,,,,,,,,
2025-02-01,381,BankingAgent,Port_Harcourt,0,-0.0,-36.175000000000004,,,,,,,,,,
2025-02-01,382,BankingAgent,Port_Harcourt,2,-1.3749999999999996,-22.400000000000006,,,,,,,,,,
2025-02-01,383,BankingAgent,Port_Harcourt,1,-2.749999999999999,-29.525,,,,,,,,,,
2025-03-01,1,TraderAgent,Abuja,0,0.0,13586.7421875,494857.71875,Abuja,False,Onitsha,Onitsha,winning,False,285.0,4.0,False
2025-03-01,2,TraderAgent,Abuja,3,20.0,15723.35546875,441402.125,Abuja,False,Onitsha,Onitsha,winning,False,270.75,3.0,False
2025-03-01,3,TraderAgent,Abuja,4,-10.0,13814.791015625,505530.03125,Abuja,False,Onitsha,Abuja,winning,False,277.5,6.0,False
2025-03-01,4,TraderAgent,Abuja,1,153.35639585714284,28272.515625,478706.40625,Onitsha,True,Onitsha,Onitsha,winning,False,285.0,8.0,True
2025-03-01,5,TraderAgent,Abuja,3,20.0,16175.8974609375,499845.75,Abuja,False,Onitsha,Abuja,winning,False,270.75,5.0,False
2025-03-01,6,TraderAgent,Abuja,3,20.0,17319.24609375,492165.03125,Abuja,False,Onitsha,Abuja,winning,False,263.62,5.0,False
2025-03-01,7,TraderAgent,Abuja,4,-10.0,29414.9140625,438282.84375,Abuja,False,Onitsha,Abuja,winning,False,277.5,8.0,False
2025-03-01,8,TraderAgent,Abuja,1,153.35639585714284,28175.21484375,478625.625,Onitsha,True,Onitsha,Onitsha,winning,False,285.0,9.0,True
2025-03-01,9,TraderAgent,Abuja,0,797.557373046875,10910.5224609375,442291.3125,Abuja,False,Onitsha,Abuja,winning,False,285.0,6.0,False
2025-03-01,10,TraderAgent,Abuja,0,0.0,12978.701171875,494138.1875,Abuja,False,Onitsha,Onitsha,winning,False,285.0,4.0,False
2025-03-01,11,TraderAgent,Abuja,0,797.557373046875,23977.66796875,488942.40625,Abuja,False,Onitsha,Abuja,winning,False,285.0,6.0,False
2025-03-01,12,TraderAgent,Abuja,4,-10.0,11539.8671875,495028.125,Abuja,False,Onitsha,Abuja,winning,False,285.0,5.0,False
2025-03-01,13,TraderAgent,Abuja,1,153.35639585714284,18215.521484375,495313.1875,Onitsha,True,Onitsha,Onitsha,winning,False,285.0,6.0,True
2025-03-01,14,TraderAgent,Abuja,4,-10.0,3038.31884765625,502908.625,Abuja,False,,Abuja,winning,False,277.5,3.0,False
2025-03-01,15,TraderAgent,Abuja,4,-10.0,15771.12109375,499414.03125,Abuja,False,Onitsha,Abuja,winning,False,285.0,5.0,False
2025-03-01,16,TraderAgent,Abuja,1,153.35639585714284,9944.5146484375,418789.0,Onitsha,True,Onitsha,Onitsha,winning,False,285.0,3.0,True
2025-03-01,17,TraderAgent,Abuja,0,0.0,20448.703125,476723.1875,Abuja,False,Onitsha,Onitsha,winning,False,285.0,7.0,False
2025-03-01,18,TraderAgent,Abuja,0,797.557373046875,21635.966796875,513305.125,Abuja,False,Onitsha,Abuja,winning,False,285.0,9.0,False
2025-03-01,19,TraderAgent,Abuja,1,153.35639585714284,5942.75537109375,472742.8125,Onitsha,True,Onitsha,Onitsha,winning,False,285.0,2.0,True
2025-03-01,20,TraderAgent,Abuja,0,0.0,10277.029296875,499464.71875,Abuja,False,Onitsha,Onitsha,winning,False,285.0,7.0,False
2025-03-01,21,BuyerAgent,Abuja,1,0.0,6336.78515625,,,,,,,,,,
2025-03-01,22,BuyerAgent,Abuja,0,0.0,2607.36572265625,,,,,,,,,,
2025-03-01,23,BuyerAgent,Abuja,1,0.0,4876.9228515625,,,,,,,,,,
2025-03-01,24,BuyerAgent,Abuja,2,0.0,2812.779296875,,,,,,,,,,
2025-03-01,25,BuyerAgent,Abuja,1,0.0,4013.51171875,,,,,,,,,,
2025-03-01,26,BuyerAgent,Abuja,0,0.0,3780.2890625,,,,,,,,,,
2025-03-01,27,BuyerAgent,Abuja,1,0.0,1551.868896484375,,,,,,,,,,
2025-03-01,28,BuyerAgent,Abuja,1,0.0,4059.34130859375,,,,,,,,,,
2025-03-01,29,BuyerAgent,Abuja,0,0.0,2705.03466796875,,,,,,,,,,
2025-03-01,30,BuyerAgent,Abuja,1,0.0,3069.10107421875,,,,,,,,,,
2025-03-01,31,BuyerAgent,Abuja,2,0.0,1435.33935546875,,,,,,,,,,
2025-03-01,32,BuyerAgent,Abuja,2,0.0,172.83538818359375,,,,,,,,,,
2025-03-01,33,BuyerAgent,Abuja,2,0.0,1265.138916015625,,,,,,,,,,
2025-03-01,34,BuyerAgent,Abuja,2,0.0,2396.519775390625,,,,,,,,,,
2025-03-01,35,BuyerAgent,Abuja,2,0.0,1222.862548828125,,,,,,,,,,
2025-03-01,36,BuyerAgent,Abuja,2,0.0,22.862548828125,,,,,,,,,,
2025-03-01,37,BuyerAgent,Abuja,2,0.0,14.522705078125,,,,,,,,,,
2025-03-01,38,BuyerAgent,Abuja,1,0.0,0.0,,,,,,,,,,
2025-03-01,39,BuyerAgent,Abuja,2,0.0,0.0,,,,,,,,,,
2025-03-01,40,BuyerAgent,Abuja,0,0.0,0.0,,,,,,,,,,
2025-03-01,41,BuyerAgent,Abuja,2,0.0,0.0,,,,,,,,,,
2025-03-01,42,BuyerAgent,Abuja,0,0.0,0.0,,,,,,,,,,
2025-03-01,43,BuyerAgent,Abuja,0,0.0,0.0,,,,,,,,,,
2025-03-01,44,BuyerAgent,Abuja,0,0.0,0.0,,,,,,,,,,
2025-03-01,45,BuyerAgent,Abuja,2,0.0,0.0,,,,,,,,,,
2025-03-01,46,BuyerAgent,Abuja,2,0.0,0.0,,,,,,,,,,
2025-03-01,47,BuyerAgent,Abuja,2,0.0,0.0,,,,,,,,,,
2025-03-01,48,BuyerAgent,Abuja,0,0.0,0.0,,,,,,,,,,
2025-03-01,49,BuyerAgent,Abuja,0,0.0,0.0,,,,,,,,,,
2025-03-01,50,BuyerAgent,Abuja,1,0.0,0.0,,,,,,,,,,
2025-03-01,51,TransporterAgent,Abuja,0,7.564336999999996,-503.8379963333332,,,,,,,,,,
2025-03-01,52,TransporterAgent,Abuja,3,50.0,-361.45469999999995,,,,,,,,,,
2025-03-01,53,TransporterAgent,Abuja,0,7.564336999999996,-48.59738800000001,,,,,,,,,,
2025-03-01,54,TransporterAgent,Abuja,1,-200.0,-104.11655,,,,,,,,,,
2025-03-01,55,TransporterAgent,Abuja,0,7.564336999999996,16.89168699999999,,,,,,,,,,
2025-03-01,56,TransporterAgent,Abuja,3,50.0,-719.22355,,,,,,,,,,
2025-03-01,57,TransporterAgent,Abuja,1,-200.0,-570.0458083333333,,,,,,,,,,
2025-03-01,58,TransporterAgent,Abuja,2,100.0,-150.17837499999996,,,,,,,,,,
2025-03-01,59,TransporterAgent,Abuja,2,100.0,59.40835,,,,,,,,,,
2025-03-01,60,TransporterAgent,Abuja,2,100.0,-839.7284833333333,,,,,,,,,,
2025-03-01,61,BankingAgent,Abuja,1,-2.749999999999999,-51.975,,,,,,,,,,
2025-03-01,62,BankingAgent,Abuja,2,-1.3749999999999996,-48.675000000000004,,,,,,,,,,
2025-03-01,63,BankingAgent,Abuja,1,-2.749999999999999,-40.975,,,,,,,,,,
2025-03-01,65,TraderAgent,Bauchi,0,257.7237548828125,3203.05615234375,487096.25,Bauchi,False,Port_Harcourt,Bauchi,winning,False,95.0,6.0,False
2025-03-01,66,TraderAgent,Bauchi,1,157.3515,2630.7421875,405941.375,Onitsha,True,Onitsha,Onitsha,winning,False,95.0,6.0,True
2025-03-01,67,TraderAgent,Bauchi,3,20.0,271.9372172619047,486006.96875,Bauchi,False,Port_Harcourt,Port_Harcourt,winning,False,90.25,1.0,False
2025-03-01,68,TraderAgent,Bauchi,1,157.3515,2417.33154296875,372554.90625,Onitsha,True,Onitsha,Onitsha,winning,False,95.0,5.0,True
2025-03-01,69,TraderAgent,Bauchi,0,0.0,1115.483846563069,352056.96875,Bauchi,False,Onitsha,Onitsha,winning,False,95.0,7.0,False
2025-03-01,70,TraderAgent,Bauchi,1,157.3515,2489.19287109375,478099.6875,Onitsha,True,Onitsha,Onitsha,winning,False,95.0,2.0,True
2025-03-01,71,TraderAgent,Bauchi,1,157.3515,5582.4638671875,450857.8125,Onitsha,True,Onitsha,Onitsha,winning,False,95.0,4.0,True
2025-03-01,72,TraderAgent,Bauchi,1,157.3515,4954.45068359375,408094.84375,Onitsha,True,Onitsha,Onitsha,winning,False,95.0,6.0,True
2025-03-01,73,TraderAgent,Bauchi,0,245.22377014160156,4017.958984375,489706.28125,Bauchi,False,Port_Harcourt,Bauchi,winning,False,92.5,8.0,False
2025-03-01,74,TraderAgent,Bauchi,0,0.0,2505.592041015625,371025.09375,Bauchi,False,Onitsha,Onitsha,winning,False,95.0,6.0,False
2025-03-01,75,TraderAgent,Bauchi,0,245.22377014160156,9284.7490234375,508923.5625,Bauchi,False,,Bauchi,winning,False,92.5,13.0,False
2025-03-01,76,TraderAgent,Bauchi,0,0.0,7101.931640625,453068.8125,Bauchi,False,Onitsha,Onitsha,winning,False,95.0,10.0,False
2025-03-01,77,TraderAgent,Bauchi,3,20.0,703.7994995117188,446752.8125,Bauchi,False,Onitsha,Onitsha,winning,False,90.25,4.0,False
2025-03-01,78,TraderAgent,Bauchi,3,20.0,255.25,499975.25,Bauchi,False,,,winning,False,85.5,0.0,False
2025-03-01,79,TraderAgent,Bauchi,3,20.0,340.4256592592593,484280.8125,Bauchi,False,Port_Harcourt,Port_Harcourt,winning,False,90.25,1.0,False
2025-03-01,80,TraderAgent,Bauchi,0,245.22377014160156,9606.3017578125,509287.375,Bauchi,False,,Bauchi,winning,False,92.5,13.0,False
2025-03-01,81,TraderAgent,Bauchi,1,157.3515,969.8548583984375,414576.59375,Onitsha,True,Onitsha,Onitsha,winning,False,95.0,5.0,True
2025-03-01,82,TraderAgent,Bauchi,3,20.0,2718.402099609375,458663.53125,Bauchi,False,Port_Harcourt,Port_Harcourt,winning,False,90.25,4.0,False
2025-03-01,83,TraderAgent,Bauchi,0,245.22377014160156,9268.4990234375,508897.3125,Bauchi,False,,Bauchi,winning,False,92.5,13.0,False
2025-03-01,84,TraderAgent,Bauchi,2,-27.5,2183.1513671875,446360.90625,Bauchi,False,Onitsha,Onitsha,winning,False,95.0,4.0,False
2025-03-01,85,BuyerAgent,Bauchi,1,4.7762298583984375,901.5770874023438,,,,,,,,,,
2025-03-01,86,BuyerAgent,Bauchi,0,4.7762298583984375,1016.9158325195312,,,,,,,,,,
2025-03-01,87,BuyerAgent,Bauchi,0,4.7762298583984375,1016.9158325195312,,,,,,,,,,
2025-03-01,88,BuyerAgent,Bauchi,0,4.7762298583984375,152.47032165527344,,,,,,,,,,
2025-03-01,89,BuyerAgent,Bauchi,0,0.0,919.3267822265625,,,,,,,,,,
2025-03-01,90,BuyerAgent,Bauchi,0,0.0,170.1324462890625,,,,,,,,,,
2025-03-01,91,BuyerAgent,Bauchi,0,0.0,142.735595703125,,,,,,,,,,
2025-03-01,92,BuyerAgent,Bauchi,0,0.0,142.735595703125,,,,,,,,,,
2025-03-01,93,BuyerAgent,Bauchi,1,0.0,142.735595703125,,,,,,,,,,
2025-03-01,94,BuyerAgent,Bauchi,0,0.0,142.735595703125,,,,,,,,,,
2025-03-01,95,BuyerAgent,Bauchi,0,0.0,142.735595703125,,,,,,,,,,
2025-03-01,96,BuyerAgent,Bauchi,1,0.0,142.735595703125,,,,,,,,,,
2025-03-01,97,BuyerAgent,Bauchi,2,0.0,0.0,,,,,,,,,,
2025-03-01,98,BuyerAgent,Bauchi,2,0.0,0.0,,,,,,,,,,
2025-03-01,99,BuyerAgent,Bauchi,1,0.0,0.0,,,,,,,,,,
2025-03-01,100,BuyerAgent,Bauchi,2,0.0,0.0,,,,,,,,,,
2025-03-01,101,BuyerAgent,Bauchi,0,0.0,0.0,,,,,,,,,,
2025-03-01,102,BuyerAgent,Bauchi,2,0.0,0.0,,,,,,,,,,
2025-03-01,103,BuyerAgent,Bauchi,1,0.0,0.0,,,,,,,,,,
2025-03-01,104,BuyerAgent,Bauchi,0,0.0,0.0,,,,,,,,,,
2025-03-01,105,BuyerAgent,Bauchi,0,0.0,0.0,,,,,,,,,,
2025-03-01,106,BuyerAgent,Bauchi,2,0.0,0.0,,,,,,,,,,
2025-03-01,107,BuyerAgent,Bauchi,0,0.0,0.0,,,,,,,,,,
2025-03-01,108,BuyerAgent,Bauchi,1,0.0,0.0,,,,,,,,,,
2025-03-01,109,BuyerAgent,Bauchi,1,0.0,0.0,,,,,,,,,,
2025-03-01,110,BuyerAgent,Bauchi,2,0.0,0.0,,,,,,,,,,
2025-03-01,111,BuyerAgent,Bauchi,0,0.0,0.0,,,,,,,,,,
2025-03-01,112,BuyerAgent,Bauchi,0,0.0,0.0,,,,,,,,,,
2025-03-01,113,BuyerAgent,Bauchi,0,0.0,0.0,,,,,,,,,,
2025-03-01,114,BuyerAgent,Bauchi,0,0.0,0.0,,,,,,,,,,
2025-03-01,115,TransporterAgent,Bauchi,0,0.0,-577.8248124098124,,,,,,,,,,
2025-03-01,116,TransporterAgent,Bauchi,0,0.0,-630.4726430976432,,,,,,,,,,
2025-03-01,117,TransporterAgent,Bauchi,3,50.0,550.0,,,,,,,,,,
2025-03-01,118,TransporterAgent,Bauchi,3,50.0,110.03571428571428,,,,,,,,,,
2025-03-01,119,TransporterAgent,Bauchi,0,0.0,-828.4084764309764,,,,,,,,,,
2025-03-01,120,TransporterAgent,Bauchi,3,50.0,500.0,,,,,,,,,,
2025-03-01,121,TransporterAgent,Bauchi,0,0.0,-1175.5945875420875,,,,,,,,,,
2025-03-01,122,TransporterAgent,Bauchi,3,50.0,-630.7196428571428,,,,,,,,,,
2025-03-01,123,TransporterAgent,Bauchi,3,50.0,263.84854497354496,,,,,,,,,,
2025-03-01,124,TransporterAgent,Bauchi,3,50.0,-71.57150793650794,,,,,,,,,,
2025-03-01,125,BankingAgent,Bauchi,0,-0.0,-19.075000000000003,,,,,,,,,,
2025-03-01,126,BankingAgent,Bauchi,0,-0.0,-13.275,,,,,,,,,,
2025-03-01,127,BankingAgent,Bauchi,0,-0.0,-15.700000000000001,,,,,,,,,,
2025-03-01,129,TraderAgent,Kano,0,0.0,653.291259765625,467614.375,Kano,False,Onitsha,Onitsha,winning,False,190.0,3.0,False
2025-03-01,130,TraderAgent,Kano,4,-10.0,1880.94873046875,450489.375,Kano,False,Onitsha,Onitsha,winning,False,190.0,6.0,False
2025-03-01,131,TraderAgent,Kano,1,144.44946225777778,596.0507202148438,461572.90625,Onitsha,True,Onitsha,Onitsha,winning,False,190.0,3.0,True
2025-03-01,132,TraderAgent,Kano,0,331.1070251464844,2489.677734375,499182.53125,Kano,False,Bauchi,Kano,winning,False,151.25,8.0,False
2025-03-01,133,TraderAgent,Kano,2,-27.5,3537.828369140625,475058.90625,Kano,False,Port_Harcourt,Kano,winning,False,151.25,7.0,False
2025-03-01,134,TraderAgent,Kano,0,0.0,2456.076171875,469442.46875,Kano,False,Onitsha,Onitsha,winning,False,190.0,9.0,False
2025-03-01,135,TraderAgent,Kano,2,-27.5,708.946533203125,496384.375,Kano,False,Bauchi,Kano,winning,False,162.5,4.0,False
2025-03-01,136,TraderAgent,Kano,4,-10.0,1878.00927734375,498617.40625,Kano,False,Bauchi,Kano,winning,False,151.25,5.0,False
2025-03-01,137,TraderAgent,Kano,0,0.0,1117.63037109375,481669.96875,Kano,False,Onitsha,Onitsha,winning,False,190.0,3.0,False
2025-03-01,138,TraderAgent,Kano,2,-27.5,806.565673828125,466788.6875,Kano,False,Onitsha,Onitsha,winning,False,190.0,5.0,False
2025-03-01,139,TraderAgent,Kano,4,-10.0,3367.551513671875,483698.40625,Kano,False,Onitsha,Onitsha,winning,False,190.0,5.0,False
2025-03-01,140,TraderAgent,Kano,0,474.8570251464844,458.3335876464844,500400.8125,Kano,False,,Kano,losing,False,180.0,1.0,False
2025-03-01,141,TraderAgent,Kano,3,20.0,3780.744384765625,500779.25,Kano,False,Bauchi,Kano,winning,False,154.38,5.0,False
2025-03-01,142,TraderAgent,Kano,0,387.3570251464844,1437.8492431640625,493433.625,Kano,False,Bauchi,Kano,winning,False,162.5,5.0,False
2025-03-01,143,TraderAgent,Kano,1,144.44946225777778,1078.013916015625,481838.4375,Onitsha,True,Onitsha,Onitsha,winning,False,151.25,4.0,True
2025-03-01,144,TraderAgent,Kano,3,20.0,723.2548828125,466816.15625,Kano,False,Onitsha,Onitsha,winning,False,180.5,3.0,False
2025-03-01,145,TraderAgent,Kano,0,331.1070251464844,957.58544921875,442455.5625,Kano,False,Onitsha,Kano,winning,False,151.25,7.0,False
2025-03-01,146,TraderAgent,Kano,4,-10.0,262.24522962962965,480525.53125,Kano,False,Onitsha,Onitsha,winning,False,190.0,2.0,False
2025-03-01,147,TraderAgent,Kano,1,144.44946225777778,1030.6170654296875,462030.71875,Onitsha,True,Onitsha,Onitsha,winning,False,151.25,5.0,True
2025-03-01,148,TraderAgent,Kano,1,144.44946225777778,1174.47705078125,481886.40625,Onitsha,True,Onitsha,Onitsha,winning,False,151.25,3.0,True
2025-03-01,149,BuyerAgent,Kano,2,0.0,826.7662963867188,,,,,,,,,,
2025-03-01,150,BuyerAgent,Kano,2,0.0,545.1536254882812,,,,,,,,,,
2025-03-01,151,BuyerAgent,Kano,1,168.89297485351562,547.56787109375,,,,,,,,,,
2025-03-01,152,BuyerAgent,Kano,0,168.89297485351562,499.31365966796875,,,,,,,,,,
2025-03-01,153,BuyerAgent,Kano,1,112.64297485351562,115.6951904296875,,,,,,,,,,
2025-03-01,154,BuyerAgent,Kano,0,25.142974853515625,27.736663818359375,,,,,,,,,,
2025-03-01,155,BuyerAgent,Kano,1,0.0,283.8130187988281,,,,,,,,,,
2025-03-01,156,BuyerAgent,Kano,1,0.0,67.26821899414062,,,,,,,,,,
2025-03-01,157,BuyerAgent,Kano,2,0.0,283.8130187988281,,,,,,,,,,
2025-03-01,158,BuyerAgent,Kano,2,0.0,0.0,,,,,,,,,,
2025-03-01,159,BuyerAgent,Kano,0,0.0,280.76080322265625,,,,,,,,,,
2025-03-01,160,BuyerAgent,Kano,0,0.0,280.76080322265625,,,,,,,,,,
2025-03-01,161,BuyerAgent,Kano,1,0.0,44.01397705078125,,,,,,,,,,
2025-03-01,162,BuyerAgent,Kano,2,0.0,3.052215576171875,,,,,,,,,,
2025-03-01,163,BuyerAgent,Kano,0,0.0,3.052215576171875,,,,,,,,,,
2025-03-01,164,BuyerAgent,Kano,0,0.0,3.052215576171875,,,,,,,,,,
2025-03-01,165,BuyerAgent,Kano,0,0.0,0.0,,,,,,,,,,
2025-03-01,166,BuyerAgent,Kano,0,0.0,0.0,,,,,,,,,,
2025-03-01,167,BuyerAgent,Kano,2,0.0,0.0,,,,,,,,,,
2025-03-01,168,BuyerAgent,Kano,0,0.0,0.0,,,,,,,,,,
2025-03-01,169,BuyerAgent,Kano,2,0.0,0.0,,,,,,,,,,
2025-03-01,170,BuyerAgent,Kano,1,0.0,0.0,,,,,,,,,,
2025-03-01,171,BuyerAgent,Kano,0,0.0,0.0,,,,,,,,,,
2025-03-01,172,BuyerAgent,Kano,2,0.0,0.0,,,,,,,,,,
2025-03-01,173,BuyerAgent,Kano,0,0.0,0.0,,,,,,,,,,
2025-03-01,174,BuyerAgent,Kano,0,0.0,0.0,,,,,,,,,,
2025-03-01,175,BuyerAgent,Kano,1,0.0,0.0,,,,,,,,,,
2025-03-01,176,BuyerAgent,Kano,1,0.0,0.0,,,,,,,,,,
2025-03-01,177,BuyerAgent,Kano,0,0.0,0.0,,,,,,,,,,
2025-03-01,178,BuyerAgent,Kano,2,0.0,0.0,,,,,,,,,,
2025-03-01,179,TransporterAgent,Kano,1,-200.0,129.94528850408847,,,,,,,,,,
2025-03-01,180,TransporterAgent,Kano,2,100.0,-82.59800000000001,,,,,,,,,,
2025-03-01,181,TransporterAgent,Kano,0,0.0,-1059.659656084656,,,,,,,,,,
2025-03-01,182,TransporterAgent,Kano,3,50.0,-276.0332724867725,,,,,,,,,,
2025-03-01,183,TransporterAgent,Kano,0,0.0,205.42326587301585,,,,,,,,,,
2025-03-01,184,TransporterAgent,Kano,1,-200.0,-1082.6965142857143,,,,,,,,,,
2025-03-01,185,TransporterAgent,Kano,3,50.0,-861.9787341269841,,,,,,,,,,
2025-03-01,186,TransporterAgent,Kano,3,50.0,-529.1838,,,,,,,,,,
2025-03-01,187,TransporterAgent,Kano,2,100.0,-583.5,,,,,,,,,,
2025-03-01,188,TransporterAgent,Kano,0,0.0,-117.01574664903,,,,,,,,,,
2025-03-01,189,BankingAgent,Kano,1,-2.749999999999999,-25.150000000000002,,,,,,,,,,
2025-03-01,190,BankingAgent,Kano,2,-1.3749999999999996,-44.00000000000001,,,,,,,,,,
2025-03-01,191,BankingAgent,Kano,0,-0.0,-40.87500000000001,,,,,,,,,,
2025-03-01,193,TraderAgent,Lagos,0,5205.810546875,16858.625,500092.3125,Lagos,False,Onitsha,Onitsha,winning,False,927.5,7.0,False
2025-03-01,194,TraderAgent,Lagos,4,-10.0,11362.4541015625,494749.96875,Lagos,False,Onitsha,Onitsha,winning,False,905.0,4.0,False
2025-03-01,195,TraderAgent,Lagos,4,-10.0,12942.0625,496192.375,Lagos,False,Onitsha,Onitsha,winning,False,882.5,6.0,False
2025-03-01,196,TraderAgent,Lagos,0,2205.810546875,13074.896484375,496475.8125,Lagos,False,Onitsha,Lagos,winning,False,927.5,5.0,False
2025-03-01,197,TraderAgent,Lagos,3,20.0,11953.4208984375,447429.1875,Lagos,False,Onitsha,Onitsha,winning,False,859.75,6.0,False
2025-03-01,198,TraderAgent,Lagos,1,140.70546124223603,17625.404296875,483522.46875,Onitsha,True,Onitsha,Onitsha,winning,False,927.5,5.0,True
2025-03-01,199,TraderAgent,Lagos,2,-23.71875,7574.888671875,496470.59375,Lagos,False,Onitsha,Onitsha,winning,False,927.5,3.0,False
2025-03-01,200,TraderAgent,Lagos,3,20.0,9946.06640625,493490.625,Lagos,False,Onitsha,Lagos,winning,False,902.5,5.0,False
2025-03-01,201,TraderAgent,Lagos,3,20.0,4389.9599609375,498764.8125,Lagos,False,Onitsha,Onitsha,winning,False,859.75,2.0,False
2025-03-01,202,TraderAgent,Lagos,3,20.0,14897.0390625,497979.71875,Lagos,False,Onitsha,Onitsha,winning,False,881.12,4.0,False
2025-03-01,203,TraderAgent,Lagos,4,-10.0,6877.82763671875,501313.625,Lagos,False,Onitsha,Onitsha,winning,False,905.0,2.0,False
2025-03-01,204,TraderAgent,Lagos,0,5205.810546875,16481.74609375,440825.15625,Lagos,False,Onitsha,Onitsha,winning,False,927.5,6.0,False
2025-03-01,205,TraderAgent,Lagos,1,140.70546124223603,7741.89990234375,485037.25,Onitsha,True,Onitsha,Onitsha,winning,False,905.0,4.0,True
2025-03-01,206,TraderAgent,Lagos,0,2093.310546875,16267.677734375,499500.96875,Lagos,False,Onitsha,Lagos,winning,False,905.0,6.0,False
2025-03-01,207,TraderAgent,Lagos,2,-23.71875,11217.921875,446649.96875,Lagos,False,Onitsha,Lagos,winning,False,1017.5,6.0,False
2025-03-01,208,TraderAgent,Lagos,1,140.70546124223603,12762.037109375,484391.1875,Onitsha,True,Onitsha,Onitsha,winning,False,927.5,3.0,True
2025-03-01,209,TraderAgent,Lagos,0,5205.810546875,16307.24609375,494201.1875,Lagos,False,Onitsha,Onitsha,winning,False,927.5,5.0,False
2025-03-01,210,TraderAgent,Lagos,0,5205.810546875,21047.529296875,493136.90625,Lagos,False,Onitsha,Onitsha,winning,False,927.5,7.0,False
2025-03-01,211,TraderAgent,Lagos,4,-10.0,10273.9248046875,493700.625,Lagos,False,Onitsha,Lagos,winning,False,983.75,4.0,False
2025-03-01,212,TraderAgent,Lagos,1,140.70546124223603,10020.115234375,487086.6875,Onitsha,True,Onitsha,Onitsha,winning,False,905.0,4.0,True
2025-03-01,213,BuyerAgent,Lagos,0,656.689453125,4438.8359375,,,,,,,,,,
2025-03-01,214,BuyerAgent,Lagos,2,0.0,2135.791015625,,,,,,,,,,
2025-03-01,215,BuyerAgent,Lagos,2,0.0,1874.06494140625,,,,,,,,,,
2025-03-01,216,BuyerAgent,Lagos,2,0.0,3123.0966796875,,,,,,,,,,
2025-03-01,217,BuyerAgent,Lagos,2,0.0,1704.7607421875,,,,,,,,,,
2025-03-01,218,BuyerAgent,Lagos,2,0.0,2029.588623046875,,,,,,,,,,
2025-03-01,219,BuyerAgent,Lagos,0,544.189453125,1902.2174072265625,,,,,,,,,,
2025-03-01,220,BuyerAgent,Lagos,2,0.0,2123.7958984375,,,,,,,,,,
2025-03-01,221,BuyerAgent,Lagos,1,544.189453125,633.985595703125,,,,,,,,,,
2025-03-01,222,BuyerAgent,Lagos,2,0.0,1027.0123291015625,,,,,,,,,,
2025-03-01,223,BuyerAgent,Lagos,0,544.189453125,1568.695068359375,,,,,,,,,,
2025-03-01,224,BuyerAgent,Lagos,1,544.189453125,908.9495849609375,,,,,,,,,,
2025-03-01,225,BuyerAgent,Lagos,2,0.0,457.4493408203125,,,,,,,,,,
2025-03-01,226,BuyerAgent,Lagos,0,544.189453125,733.3868408203125,,,,,,,,,,
2025-03-01,227,BuyerAgent,Lagos,0,0.0,0.0,,,,,,,,,,
2025-03-01,228,BuyerAgent,Lagos,0,0.0,0.0,,,,,,,,,,
2025-03-01,229,BuyerAgent,Lagos,2,0.0,0.0,,,,,,,,,,
2025-03-01,230,BuyerAgent,Lagos,2,0.0,0.0,,,,,,,,,,
2025-03-01,231,BuyerAgent,Lagos,2,0.0,0.0,,,,,,,,,,
2025-03-01,232,BuyerAgent,Lagos,0,0.0,0.0,,,,,,,,,,
2025-03-01,233,BuyerAgent,Lagos,2,0.0,0.0,,,,,,,,,,
2025-03-01,234,BuyerAgent,Lagos,1,0.0,0.0,,,,,,,,,,
2025-03-01,235,BuyerAgent,Lagos,1,0.0,0.0,,,,,,,,,,
2025-03-01,236,BuyerAgent,Lagos,0,0.0,0.0,,,,,,,,,,
2025-03-01,237,BuyerAgent,Lagos,1,0.0,0.0,,,,,,,,,,
2025-03-01,238,BuyerAgent,Lagos,2,0.0,0.0,,,,,,,,,,
2025-03-01,239,BuyerAgent,Lagos,0,0.0,0.0,,,,,,,,,,
2025-03-01,240,BuyerAgent,Lagos,1,0.0,0.0,,,,,,,,,,
2025-03-01,241,BuyerAgent,Lagos,1,0.0,0.0,,,,,,,,,,
2025-03-01,242,BuyerAgent,Lagos,1,0.0,0.0,,,,,,,,,,
2025-03-01,243,TransporterAgent,Lagos,1,-200.0,-559.4264498869724,,,,,,,,,,
2025-03-01,244,TransporterAgent,Lagos,2,-50.0,-1150.0,,,,,,,,,,
2025-03-01,245,TransporterAgent,Lagos,2,-50.0,-266.20342307692306,,,,,,,,,,
2025-03-01,246,TransporterAgent,Lagos,2,-50.0,-644.238386895784,,,,,,,,,,
2025-03-01,247,TransporterAgent,Lagos,1,-200.0,-1111.2922823206204,,,,,,,,,,
2025-03-01,248,TransporterAgent,Lagos,1,-200.0,-971.4761375231379,,,,,,,,,,
2025-03-01,249,TransporterAgent,Lagos,3,50.0,-1070.1299292328042,,,,,,,,,,
2025-03-01,250,TransporterAgent,Lagos,3,50.0,87.72109803921575,,,,,,,,,,
2025-03-01,251,TransporterAgent,Lagos,2,-50.0,220.88729999999998,,,,,,,,,,
2025-03-01,252,TransporterAgent,Lagos,0,8.842864285714299,-1170.5128478602553,,,,,,,,,,
2025-03-01,253,BankingAgent,Lagos,2,-1.3749999999999996,-44.75,,,,,,,,,,
2025-03-01,254,BankingAgent,Lagos,2,-1.3749999999999996,-34.275000000000006,,,,,,,,,,
2025-03-01,255,BankingAgent,Lagos,2,-1.3749999999999996,-43.97500000000001,,,,,,,,,,
2025-03-01,257,TraderAgent,Onitsha,3,20.0,4735.462890625,488431.875,Onitsha,False,Lagos,Onitsha,winning,False,681.62,5.0,False
2025-03-01,258,TraderAgent,Onitsha,2,-23.71875,3429.62744140625,494930.4375,Onitsha,False,Port_Harcourt,Port_Harcourt,winning,False,760.0,4.0,False
2025-03-01,259,TraderAgent,Onitsha,2,-23.71875,7790.15771484375,485824.4375,Onitsha,False,Lagos,Lagos,winning,False,760.0,7.0,False
2025-03-01,260,TraderAgent,Onitsha,0,0.0,528.1722140857142,480549.96875,Onitsha,False,Lagos,Lagos,winning,False,760.0,3.0,False
2025-03-01,261,TraderAgent,Onitsha,0,1965.010986328125,26261.1953125,514439.28125,Onitsha,False,Lagos,Onitsha,winning,False,717.5,9.0,False
2025-03-01,262,TraderAgent,Onitsha,0,2177.510986328125,2335.571533203125,485885.125,Onitsha,False,Lagos,Onitsha,losing,False,760.0,3.0,False
2025-03-01,263,TraderAgent,Onitsha,0,2177.510986328125,4615.1533203125,488010.625,Onitsha,False,Lagos,Onitsha,winning,False,760.0,5.0,False
2025-03-01,264,TraderAgent,Onitsha,0,2077.510986328125,4433.439453125,497060.0,Onitsha,False,Lagos,Onitsha,winning,False,740.0,4.0,False
2025-03-01,265,TraderAgent,Onitsha,4,-10.0,8293.2421875,500009.09375,Onitsha,False,Port_Harcourt,Onitsha,winning,False,717.5,7.0,False
2025-03-01,266,TraderAgent,Onitsha,2,-23.71875,23221.611328125,518041.09375,Onitsha,False,Port_Harcourt,Onitsha,winning,False,717.5,7.0,False
2025-03-01,267,TraderAgent,Onitsha,4,-10.0,17587.697265625,510281.40625,Onitsha,False,Lagos,Onitsha,winning,False,672.5,3.0,False
2025-03-01,268,TraderAgent,Onitsha,0,0.0,22910.98046875,496519.53125,Onitsha,False,Lagos,Lagos,winning,False,760.0,8.0,False
2025-03-01,269,TraderAgent,Onitsha,0,0.0,5804.9482421875,483798.3125,Onitsha,False,Lagos,Lagos,winning,False,760.0,6.0,False
2025-03-01,270,TraderAgent,Onitsha,1,150.26500000000001,2685.002685546875,461118.40625,Lagos,True,Lagos,Lagos,winning,False,740.0,4.0,True
2025-03-01,271,TraderAgent,Onitsha,0,1965.010986328125,8818.48046875,494313.125,Onitsha,False,Lagos,Onitsha,winning,False,717.5,7.0,False
2025-03-01,272,TraderAgent,Onitsha,4,-10.0,3502.800048828125,488013.15625,Onitsha,False,Port_Harcourt,Port_Harcourt,winning,False,760.0,4.0,False
2025-03-01,273,TraderAgent,Onitsha,2,-23.71875,2505.72314453125,502447.84375,Onitsha,False,,Onitsha,winning,False,672.5,2.0,False
2025-03-01,274,TraderAgent,Onitsha,2,-23.71875,5170.1396484375,488628.40625,Onitsha,False,Lagos,Onitsha,winning,False,717.5,5.0,False
2025-03-01,275,TraderAgent,Onitsha,1,150.26500000000001,3868.06591796875,467726.375,Lagos,True,Lagos,Lagos,winning,False,717.5,4.0,True
2025-03-01,276,TraderAgent,Onitsha,1,150.26500000000001,2944.3759765625,465399.53125,Lagos,True,Lagos,Lagos,winning,False,760.0,4.0,True
2025-03-01,277,BuyerAgent,Onitsha,1,34.989013671875,3117.250732421875,,,,,,,,,,
2025-03-01,278,BuyerAgent,Onitsha,1,34.989013671875,546.5667724609375,,,,,,,,,,
2025-03-01,279,BuyerAgent,Onitsha,2,0.0,2811.44677734375,,,,,,,,,,
2025-03-01,280,BuyerAgent,Onitsha,0,0.0,2457.84130859375,,,,,,,,,,
2025-03-01,281,BuyerAgent,Onitsha,1,0.0,2245.65771484375,,,,,,,,,,
2025-03-01,282,BuyerAgent,Onitsha,1,0.0,316.9097900390625,,,,,,,,,,
2025-03-01,283,BuyerAgent,Onitsha,1,0.0,222.2979736328125,,,,,,,,,,
2025-03-01,284,BuyerAgent,Onitsha,2,0.0,516.78466796875,,,,,,,,,,
2025-03-01,285,BuyerAgent,Onitsha,2,0.0,112.2698974609375,,,,,,,,,,
2025-03-01,286,BuyerAgent,Onitsha,1,0.0,81.982421875,,,,,,,,,,
2025-03-01,287,BuyerAgent,Onitsha,2,0.0,155.35491943359375,,,,,,,,,,
2025-03-01,288,BuyerAgent,Onitsha,2,0.0,140.49896240234375,,,,,,,,,,
2025-03-01,289,BuyerAgent,Onitsha,0,0.0,10.87249755859375,,,,,,,,,,
2025-03-01,290,BuyerAgent,Onitsha,1,0.0,10.87249755859375,,,,,,,,,,
2025-03-01,291,BuyerAgent,Onitsha,1,0.0,0.0,,,,,,,,,,
2025-03-01,292,BuyerAgent,Onitsha,2,0.0,0.0,,,,,,,,,,
2025-03-01,293,BuyerAgent,Onitsha,2,0.0,0.0,,,,,,,,,,
2025-03-01,294,BuyerAgent,Onitsha,1,0.0,0.0,,,,,,,,,,
2025-03-01,295,BuyerAgent,Onitsha,2,0.0,0.0,,,,,,,,,,
2025-03-01,296,BuyerAgent,Onitsha,0,0.0,0.0,,,,,,,,,,
2025-03-01,297,BuyerAgent,Onitsha,2,0.0,0.0,,,,,,,,,,
2025-03-01,298,BuyerAgent,Onitsha,1,0.0,0.0,,,,,,,,,,
2025-03-01,299,BuyerAgent,Onitsha,2,0.0,0.0,,,,,,,,,,
2025-03-01,300,BuyerAgent,Onitsha,2,0.0,0.0,,,,,,,,,,
2025-03-01,301,BuyerAgent,Onitsha,2,0.0,0.0,,,,,,,,,,
2025-03-01,302,BuyerAgent,Onitsha,0,0.0,0.0,,,,,,,,,,
2025-03-01,303,BuyerAgent,Onitsha,2,0.0,0.0,,,,,,,,,,
2025-03-01,304,BuyerAgent,Onitsha,1,0.0,0.0,,,,,,,,,,
2025-03-01,305,BuyerAgent,Onitsha,0,0.0,0.0,,,,,,,,,,
2025-03-01,306,BuyerAgent,Onitsha,0,0.0,0.0,,,,,,,,,,
2025-03-01,307,TransporterAgent,Onitsha,0,14.726535000000103,222.98771541527157,,,,,,,,,,
2025-03-01,308,TransporterAgent,Onitsha,3,50.0,-24.8001252640982,,,,,,,,,,
2025-03-01,309,TransporterAgent,Onitsha,3,50.0,461.0165569444445,,,,,,,,,,
2025-03-01,310,TransporterAgent,Onitsha,3,50.0,-166.1693237513951,,,,,,,,,,
2025-03-01,311,TransporterAgent,Onitsha,0,14.726535000000103,-37.24282888888888,,,,,,,,,,
2025-03-01,312,TransporterAgent,Onitsha,1,-200.0,-1040.12115,,,,,,,,,,
2025-03-01,313,TransporterAgent,Onitsha,3,50.0,-196.22655734126977,,,,,,,,,,
2025-03-01,314,TransporterAgent,Onitsha,3,50.0,234.4534637486048,,,,,,,,,,
2025-03-01,315,TransporterAgent,Onitsha,2,100.0,-34.21343333333331,,,,,,,,,,
2025-03-01,316,TransporterAgent,Onitsha,0,14.726535000000103,-1010.8285649999999,,,,,,,,,,
2025-03-01,317,BankingAgent,Onitsha,2,-1.3749999999999996,-35.95,,,,,,,,,,
2025-03-01,318,BankingAgent,Onitsha,2,-1.3749999999999996,-46.525000000000006,,,,,,,,,,
2025-03-01,319,BankingAgent,Onitsha,2,-1.3749999999999996,-37.425000000000004,,,,,,,,,,
2025-03-01,321,TraderAgent,Port_Harcourt,4,-10.0,25357.3515625,517481.625,Port_Harcourt,False,Onitsha,Port_Harcourt,winning,False,1400.0,6.0,False
2025-03-01,322,TraderAgent,Port_Harcourt,1,170.62584615384614,12733.9326171875,502402.8125,Onitsha,True,Onitsha,Onitsha,winning,False,1400.0,4.0,True
2025-03-01,323,TraderAgent,Port_Harcourt,1,170.62584615384614,14556.7822265625,504074.625,Onitsha,True,Onitsha,Onitsha,winning,False,1400.0,4.0,True
2025-03-01,324,TraderAgent,Port_Harcourt,0,3277.95166015625,10427.154296875,510214.71875,Port_Harcourt,False,,Port_Harcourt,winning,False,1400.0,4.0,False
2025-03-01,325,TraderAgent,Port_Harcourt,0,1215.45166015625,19740.681640625,514494.96875,Port_Harcourt,False,Onitsha,Port_Harcourt,winning,False,987.5,5.0,False
2025-03-01,326,TraderAgent,Port_Harcourt,3,20.0,15375.52734375,510058.1875,Port_Harcourt,False,Onitsha,Onitsha,winning,False,938.12,3.0,False
2025-03-01,327,TraderAgent,Port_Harcourt,0,8340.451171875,22990.37109375,518598.375,Port_Harcourt,False,Onitsha,Onitsha,winning,False,1062.5,5.0,False
2025-03-01,328,TraderAgent,Port_Harcourt,0,8340.451171875,29890.998046875,522943.90625,Port_Harcourt,False,Onitsha,Onitsha,winning,False,1062.5,6.0,False
2025-03-01,329,TraderAgent,Port_Harcourt,3,20.0,13668.27734375,508404.25,Port_Harcourt,False,Onitsha,Port_Harcourt,winning,False,1330.0,4.0,False
2025-03-01,330,TraderAgent,Port_Harcourt,0,3277.95166015625,23331.1171875,520459.3125,Port_Harcourt,False,Onitsha,Port_Harcourt,winning,False,1400.0,8.0,False
2025-03-01,331,TraderAgent,Port_Harcourt,3,20.0,25890.982421875,517967.875,Port_Harcourt,False,Onitsha,Port_Harcourt,winning,False,1330.0,6.0,False
2025-03-01,332,TraderAgent,Port_Harcourt,3,20.0,14270.6845703125,463413.625,Port_Harcourt,False,Onitsha,Port_Harcourt,winning,False,1330.0,4.0,False
2025-03-01,333,TraderAgent,Port_Harcourt,4,-10.0,6444.24462890625,503858.09375,Port_Harcourt,False,Onitsha,Port_Harcourt,winning,False,1231.25,2.0,False
2025-03-01,334,TraderAgent,Port_Harcourt,2,-27.5,22630.55859375,518248.96875,Port_Harcourt,False,Onitsha,Onitsha,winning,False,1062.5,4.0,False
2025-03-01,335,TraderAgent,Port_Harcourt,0,8340.451171875,25167.044921875,520732.46875,Port_Harcourt,False,Onitsha,Onitsha,winning,False,1062.5,6.0,False
2025-03-01,336,TraderAgent,Port_Harcourt,4,-10.0,25943.904296875,520607.75,Port_Harcourt,False,Onitsha,Port_Harcourt,winning,False,1400.0,8.0,False
2025-03-01,337,TraderAgent,Port_Harcourt,0,8340.451171875,31995.4140625,522456.375,Port_Harcourt,False,Onitsha,Onitsha,winning,False,1062.5,6.0,False
2025-03-01,338,TraderAgent,Port_Harcourt,0,8340.451171875,29220.322265625,476590.1875,Port_Harcourt,False,Onitsha,Onitsha,winning,False,1062.5,8.0,False
2025-03-01,339,TraderAgent,Port_Harcourt,2,-27.5,16525.703125,511224.625,Port_Harcourt,False,Onitsha,Port_Harcourt,winning,False,1400.0,5.0,False
2025-03-01,340,TraderAgent,Port_Harcourt,4,-10.0,29015.0234375,522027.1875,Port_Harcourt,False,Onitsha,Onitsha,winning,False,1062.5,6.0,False
2025-03-01,341,BuyerAgent,Port_Harcourt,1,2784.54833984375,10453.462890625,,,,,,,,,,
2025-03-01,342,BuyerAgent,Port_Harcourt,1,2409.54833984375,18948.955078125,,,,,,,,,,
2025-03-01,343,BuyerAgent,Port_Harcourt,0,2409.54833984375,9623.0791015625,,,,,,,,,,
2025-03-01,344,BuyerAgent,Port_Harcourt,1,2409.54833984375,7709.92431640625,,,,,,,,,,
2025-03-01,345,BuyerAgent,Port_Harcourt,1,2409.54833984375,17339.654296875,,,,,,,,,,
2025-03-01,346,BuyerAgent,Port_Harcourt,2,0.0,11116.056640625,,,,,,,,,,
2025-03-01,347,BuyerAgent,Port_Harcourt,1,2409.54833984375,13793.041015625,,,,,,,,,,
2025-03-01,348,BuyerAgent,Port_Harcourt,1,722.04833984375,7449.1982421875,,,,,,,,,,
2025-03-01,349,BuyerAgent,Port_Harcourt,1,722.04833984375,7837.974609375,,,,,,,,,,
2025-03-01,350,BuyerAgent,Port_Harcourt,0,0.0,3570.584228515625,,,,,,,,,,
2025-03-01,351,BuyerAgent,Port_Harcourt,0,0.0,1960.743408203125,,,,,,,,,,
2025-03-01,352,BuyerAgent,Port_Harcourt,0,0.0,1665.2813720703125,,,,,,,,,,
2025-03-01,353,BuyerAgent,Port_Harcourt,2,0.0,284.0081787109375,,,,,,,,,,
2025-03-01,354,BuyerAgent,Port_Harcourt,1,0.0,2874.98583984375,,,,,,,,,,
2025-03-01,355,BuyerAgent,Port_Harcourt,1,0.0,184.0081787109375,,,,,,,,,,
2025-03-01,356,BuyerAgent,Port_Harcourt,2,0.0,0.0,,,,,,,,,,
2025-03-01,357,BuyerAgent,Port_Harcourt,2,0.0,1090.977783203125,,,,,,,,,,
2025-03-01,358,BuyerAgent,Port_Harcourt,2,0.0,715.977783203125,,,,,,,,,,
2025-03-01,359,BuyerAgent,Port_Harcourt,1,0.0,715.977783203125,,,,,,,,,,
2025-03-01,360,BuyerAgent,Port_Harcourt,0,0.0,715.977783203125,,,,,,,,,,
2025-03-01,361,BuyerAgent,Port_Harcourt,2,0.0,0.0,,,,,,,,,,
2025-03-01,362,BuyerAgent,Port_Harcourt,1,0.0,184.0081787109375,,,,,,,,,,
2025-03-01,363,BuyerAgent,Port_Harcourt,0,0.0,0.0,,,,,,,,,,
2025-03-01,364,BuyerAgent,Port_Harcourt,0,0.0,0.0,,,,,,,,,,
2025-03-01,365,BuyerAgent,Port_Harcourt,0,0.0,0.0,,,,,,,,,,
2025-03-01,366,BuyerAgent,Port_Harcourt,0,0.0,0.0,,,,,,,,,,
2025-03-01,367,BuyerAgent,Port_Harcourt,2,0.0,0.0,,,,,,,,,,
2025-03-01,368,BuyerAgent,Port_Harcourt,0,0.0,0.0,,,,,,,,,,
2025-03-01,369,BuyerAgent,Port_Harcourt,0,0.0,0.0,,,,,,,,,,
2025-03-01,370,BuyerAgent,Port_Harcourt,1,0.0,0.0,,,,,,,,,,
2025-03-01,371,TransporterAgent,Port_Harcourt,0,0.0,-23.736818181818194,,,,,,,,,,
2025-03-01,372,TransporterAgent,Port_Harcourt,2,100.0,43.70599053030293,,,,,,,,,,
2025-03-01,373,TransporterAgent,Port_Harcourt,2,100.0,349.87971654040393,,,,,,,,,,
2025-03-01,374,TransporterAgent,Port_Harcourt,3,50.0,-173.30334848484847,,,,,,,,,,
2025-03-01,375,TransporterAgent,Port_Harcourt,2,100.0,-169.62735795454546,,,,,,,,,,
2025-03-01,376,TransporterAgent,Port_Harcourt,3,50.0,-468.1370056818182,,,,,,,,,,
2025-03-01,377,TransporterAgent,Port_Harcourt,2,100.0,-218.17906054292928,,,,,,,,,,
2025-03-01,378,TransporterAgent,Port_Harcourt,2,100.0,-470.78,,,,,,,,,,
2025-03-01,379,TransporterAgent,Port_Harcourt,0,0.0,-439.5391678661615,,,,,,,,,,
2025-03-01,380,TransporterAgent,Port_Harcourt,3,50.0,64.07272727272726,,,,,,,,,,
2025-03-01,381,BankingAgent,Port_Harcourt,0,-0.0,-36.175000000000004,,,,,,,,,,
2025-03-01,382,BankingAgent,Port_Harcourt,0,-0.0,-22.400000000000006,,,,,,,,,,
2025-03-01,383,BankingAgent,Port_Harcourt,0,-0.0,-29.525,,,,,,,,,,
2025-04-01,1,TraderAgent,Abuja,1,153.3419489285714,13740.083984375,480527.40625,Onitsha,True,Onitsha,Onitsha,winning,False,475.0,4.0,True
2025-04-01,2,TraderAgent,Abuja,2,-23.71875,15699.63671875,441378.40625,Abuja,False,Onitsha,Onitsha,winning,False,475.0,3.0,False
2025-04-01,3,TraderAgent,Abuja,1,153.3419489285714,13968.1328125,491199.71875,Onitsha,True,Onitsha,Onitsha,winning,False,417.5,6.0,True
2025-04-01,4,TraderAgent,Abuja,0,0.0,28272.515625,483753.4375,Abuja,False,Onitsha,Onitsha,winning,False,475.0,9.0,False
2025-04-01,5,TraderAgent,Abuja,4,-10.0,16165.8974609375,499845.75,Abuja,False,Onitsha,Abuja,winning,False,440.0,5.0,False
2025-04-01,6,TraderAgent,Abuja,0,1009.5428466796875,18328.7890625,493150.84375,Abuja,False,Onitsha,Abuja,winning,False,417.5,6.0,False
2025-04-01,7,TraderAgent,Abuja,0,1009.5428466796875,30424.45703125,439268.625,Abuja,False,Onitsha,Abuja,winning,False,417.5,9.0,False
2025-04-01,8,TraderAgent,Abuja,0,0.0,28175.21484375,483672.625,Abuja,False,Onitsha,Onitsha,winning,False,475.0,10.0,False
2025-04-01,9,TraderAgent,Abuja,2,-23.71875,10886.8037109375,442267.59375,Abuja,False,Onitsha,Abuja,winning,False,417.5,6.0,False
2025-04-01,10,TraderAgent,Abuja,0,1297.0428466796875,14275.744140625,495411.53125,Abuja,False,Onitsha,Abuja,winning,False,475.0,5.0,False
2025-04-01,11,TraderAgent,Abuja,3,20.0,23997.66796875,488942.40625,Abuja,False,Onitsha,Abuja,winning,False,396.62,6.0,False
2025-04-01,12,TraderAgent,Abuja,4,-10.0,11529.8671875,495028.125,Abuja,False,Onitsha,Abuja,winning,False,475.0,5.0,False
2025-04-01,13,TraderAgent,Abuja,0,0.0,18215.521484375,500360.25,Abuja,False,Onitsha,Onitsha,winning,False,475.0,7.0,False
2025-04-01,14,TraderAgent,Abuja,4,-10.0,3028.31884765625,502908.625,Abuja,False,,Abuja,winning,False,417.5,3.0,False
2025-04-01,15,TraderAgent,Abuja,4,-10.0,15761.12109375,499414.03125,Abuja,False,Onitsha,Abuja,winning,False,475.0,5.0,False
2025-04-01,16,TraderAgent,Abuja,0,0.0,9944.5146484375,423836.03125,Abuja,False,Onitsha,Onitsha,winning,False,475.0,4.0,False
2025-04-01,17,TraderAgent,Abuja,4,-10.0,20438.703125,476723.1875,Abuja,False,Onitsha,Onitsha,winning,False,475.0,7.0,False
2025-04-01,18,TraderAgent,Abuja,0,1009.5428466796875,22645.509765625,514290.90625,Abuja,False,Onitsha,Abuja,winning,False,417.5,10.0,False
2025-04-01,19,TraderAgent,Abuja,0,0.0,5942.75537109375,477789.8125,Abuja,False,Onitsha,Onitsha,winning,False,475.0,3.0,False
2025-04-01,20,TraderAgent,Abuja,3,20.0,10297.029296875,499464.71875,Abuja,False,Onitsha,Onitsha,winning,False,451.25,7.0,False
2025-04-01,21,BuyerAgent,Abuja,1,240.4571533203125,6577.2421875,,,,,,,,,,
2025-04-01,22,BuyerAgent,Abuja,1,240.4571533203125,2847.82275390625,,,,,,,,,,
2025-04-01,23,BuyerAgent,Abuja,1,240.4571533203125,5117.3798828125,,,,,,,,,,
2025-04-01,24,BuyerAgent,Abuja,0,0.0,2812.779296875,,,,,,,,,,
2025-04-01,25,BuyerAgent,Abuja,2,0.0,4013.51171875,,,,,,,,,,
2025-04-01,26,BuyerAgent,Abuja,1,0.0,3780.2890625,,,,,,,,,,
2025-04-01,27,BuyerAgent,Abuja,0,0.0,1551.868896484375,,,,,,,,,,
2025-04-01,28,BuyerAgent,Abuja,1,0.0,4059.34130859375,,,,,,,,,,
2025-04-01,29,BuyerAgent,Abuja,1,0.0,2705.03466796875,,,,,,,,,,
2025-04-01,30,BuyerAgent,Abuja,1,0.0,3069.10107421875,,,,,,,,,,
2025-04-01,31,BuyerAgent,Abuja,0,0.0,1435.33935546875,,,,,,,,,,
2025-04-01,32,BuyerAgent,Abuja,0,0.0,172.83538818359375,,,,,,,,,,
2025-04-01,33,BuyerAgent,Abuja,2,0.0,1265.138916015625,,,,,,,,,,
2025-04-01,34,BuyerAgent,Abuja,0,0.0,2396.519775390625,,,,,,,,,,
2025-04-01,35,BuyerAgent,Abuja,1,0.0,1222.862548828125,,,,,,,,,,
2025-04-01,36,BuyerAgent,Abuja,1,0.0,22.862548828125,,,,,,,,,,
2025-04-01,37,BuyerAgent,Abuja,2,0.0,14.522705078125,,,,,,,,,,
2025-04-01,38,BuyerAgent,Abuja,0,0.0,0.0,,,,,,,,,,
2025-04-01,39,BuyerAgent,Abuja,2,0.0,0.0,,,,,,,,,,
2025-04-01,40,BuyerAgent,Abuja,2,0.0,0.0,,,,,,,,,,
2025-04-01,41,BuyerAgent,Abuja,1,0.0,0.0,,,,,,,,,,
2025-04-01,42,BuyerAgent,Abuja,0,0.0,0.0,,,,,,,,,,
2025-04-01,43,BuyerAgent,Abuja,1,0.0,0.0,,,,,,,,,,
2025-04-01,44,BuyerAgent,Abuja,1,0.0,0.0,,,,,,,,,,
2025-04-01,45,BuyerAgent,Abuja,2,0.0,0.0,,,,,,,,,,
2025-04-01,46,BuyerAgent,Abuja,2,0.0,0.0,,,,,,,,,,
2025-04-01,47,BuyerAgent,Abuja,1,0.0,0.0,,,,,,,,,,
2025-04-01,48,BuyerAgent,Abuja,0,0.0,0.0,,,,,,,,,,
2025-04-01,49,BuyerAgent,Abuja,1,0.0,0.0,,,,,,,,,,
2025-04-01,50,BuyerAgent,Abuja,1,0.0,0.0,,,,,,,,,,
2025-04-01,51,TransporterAgent,Abuja,0,6.659812499999898,-497.1781838333333,,,,,,,,,,
2025-04-01,52,TransporterAgent,Abuja,3,50.0,-311.45469999999995,,,,,,,,,,
2025-04-01,53,TransporterAgent,Abuja,2,100.0,51.40261199999999,,,,,,,,,,
2025-04-01,54,TransporterAgent,Abuja,1,-200.0,-304.11655,,,,,,,,,,
2025-04-01,55,TransporterAgent,Abuja,0,6.659812499999898,23.55149949999989,,,,,,,,,,
2025-04-01,56,TransporterAgent,Abuja,3,50.0,-669.22355,,,,,,,,,,
2025-04-01,57,TransporterAgent,Abuja,2,100.0,-470.0458083333333,,,,,,,,,,
2025-04-01,58,TransporterAgent,Abuja,0,6.659812499999898,-143.51856250000006,,,,,,,,,,
2025-04-01,59,TransporterAgent,Abuja,1,-200.0,-140.59165000000002,,,,,,,,,,
2025-04-01,60,TransporterAgent,Abuja,0,6.659812499999898,-833.0686708333334,,,,,,,,,,
2025-04-01,61,BankingAgent,Abuja,1,-2.749999999999999,-57.475,,,,,,,,,,
2025-04-01,62,BankingAgent,Abuja,0,-0.0,-48.675000000000004,,,,,,,,,,
2025-04-01,63,BankingAgent,Abuja,2,-1.3749999999999996,-43.725,,,,,,,,,,
2025-04-01,65,TraderAgent,Bauchi,3,20.0,3223.05615234375,487096.25,Bauchi,False,Port_Harcourt,Bauchi,winning,False,87.88,6.0,False
2025-04-01,66,TraderAgent,Bauchi,0,0.0,2630.7421875,406953.25,Bauchi,False,Onitsha,Onitsha,winning,False,95.0,7.0,False
2025-04-01,67,TraderAgent,Bauchi,3,20.0,291.9372172619047,486006.96875,Bauchi,False,Port_Harcourt,Port_Harcourt,winning,False,90.25,1.0,False
2025-04-01,68,TraderAgent,Bauchi,0,0.0,2417.33154296875,373566.8125,Bauchi,False,Onitsha,Onitsha,winning,False,95.0,6.0,False
2025-04-01,69,TraderAgent,Bauchi,1,157.15891829999998,1272.6427648630688,336720.53125,Onitsha,True,Onitsha,Onitsha,winning,False,95.0,7.0,True
2025-04-01,70,TraderAgent,Bauchi,0,0.0,2489.19287109375,479111.59375,Bauchi,False,Onitsha,Onitsha,winning,False,95.0,3.0,False
2025-04-01,71,TraderAgent,Bauchi,0,0.0,5582.4638671875,451869.71875,Bauchi,False,Onitsha,Onitsha,winning,False,95.0,5.0,False
2025-04-01,72,TraderAgent,Bauchi,0,0.0,4954.45068359375,409106.75,Bauchi,False,Onitsha,Onitsha,winning,False,95.0,7.0,False
2025-04-01,73,TraderAgent,Bauchi,4,-10.0,4007.958984375,489706.28125,Bauchi,False,Port_Harcourt,Bauchi,winning,False,92.5,8.0,False
2025-04-01,74,TraderAgent,Bauchi,1,157.15891829999998,2662.7509765625,355688.625,Onitsha,True,Onitsha,Onitsha,winning,False,95.0,6.0,True
2025-04-01,75,TraderAgent,Bauchi,0,249.40765380859375,9534.15625,509149.25,Bauchi,False,,Bauchi,winning,False,92.5,14.0,False
2025-04-01,76,TraderAgent,Bauchi,0,261.90765380859375,7363.83935546875,453307.0,Bauchi,False,Onitsha,Bauchi,winning,False,95.0,11.0,False
2025-04-01,77,TraderAgent,Bauchi,0,261.90765380859375,965.7071533203125,446991.0,Bauchi,False,Onitsha,Bauchi,winning,False,95.0,5.0,False
2025-04-01,78,TraderAgent,Bauchi,3,20.0,275.25,499975.25,Bauchi,False,,,winning,False,85.5,0.0,False
2025-04-01,79,TraderAgent,Bauchi,3,20.0,360.4256592592593,484280.8125,Bauchi,False,Port_Harcourt,Port_Harcourt,winning,False,90.25,1.0,False
2025-04-01,80,TraderAgent,Bauchi,0,249.40765380859375,9855.708984375,509513.09375,Bauchi,False,,Bauchi,winning,False,92.5,14.0,False
2025-04-01,81,TraderAgent,Bauchi,0,0.0,969.8548583984375,415588.46875,Bauchi,False,Onitsha,Onitsha,winning,False,95.0,6.0,False
2025-04-01,82,TraderAgent,Bauchi,1,157.15891829999998,2875.56103515625,443327.09375,Onitsha,True,Onitsha,Onitsha,winning,False,95.0,4.0,True
2025-04-01,83,TraderAgent,Bauchi,0,249.40765380859375,9517.90625,509123.0,Bauchi,False,,Bauchi,winning,False,92.5,14.0,False
2025-04-01,84,TraderAgent,Bauchi,3,20.0,2203.1513671875,446360.90625,Bauchi,False,Onitsha,Onitsha,winning,False,90.25,4.0,False
2025-04-01,85,BuyerAgent,Bauchi,1,0.59234619140625,902.16943359375,,,,,,,,,,
2025-04-01,86,BuyerAgent,Bauchi,0,0.59234619140625,1017.5081787109375,,,,,,,,,,
2025-04-01,87,BuyerAgent,Bauchi,0,0.59234619140625,1017.5081787109375,,,,,,,,,,
2025-04-01,88,BuyerAgent,Bauchi,0,0.0,152.47032165527344,,,,,,,,,,
2025-04-01,89,BuyerAgent,Bauchi,0,0.0,919.3267822265625,,,,,,,,,,
2025-04-01,90,BuyerAgent,Bauchi,0,0.0,170.1324462890625,,,,,,,,,,
2025-04-01,91,BuyerAgent,Bauchi,2,0.0,142.735595703125,,,,,,,,,,
2025-04-01,92,BuyerAgent,Bauchi,0,0.0,142.735595703125,,,,,,,,,,
2025-04-01,93,BuyerAgent,Bauchi,2,0.0,142.735595703125,,,,,,,,,,
2025-04-01,94,BuyerAgent,Bauchi,1,0.0,142.735595703125,,,,,,,,,,
2025-04-01,95,BuyerAgent,Bauchi,0,0.0,142.735595703125,,,,,,,,,,
2025-04-01,96,BuyerAgent,Bauchi,1,0.0,142.735595703125,,,,,,,,,,
2025-04-01,97,BuyerAgent,Bauchi,2,0.0,0.0,,,,,,,,,,
2025-04-01,98,BuyerAgent,Bauchi,2,0.0,0.0,,,,,,,,,,
2025-04-01,99,BuyerAgent,Bauchi,1,0.0,0.0,,,,,,,,,,
2025-04-01,100,BuyerAgent,Bauchi,2,0.0,0.0,,,,,,,,,,
2025-04-01,101,BuyerAgent,Bauchi,2,0.0,0.0,,,,,,,,,,
2025-04-01,102,BuyerAgent,Bauchi,0,0.0,0.0,,,,,,,,,,
2025-04-01,103,BuyerAgent,Bauchi,1,0.0,0.0,,,,,,,,,,
2025-04-01,104,BuyerAgent,Bauchi,2,0.0,0.0,,,,,,,,,,
2025-04-01,105,BuyerAgent,Bauchi,2,0.0,0.0,,,,,,,,,,
2025-04-01,106,BuyerAgent,Bauchi,0,0.0,0.0,,,,,,,,,,
2025-04-01,107,BuyerAgent,Bauchi,2,0.0,0.0,,,,,,,,,,
2025-04-01,108,BuyerAgent,Bauchi,0,0.0,0.0,,,,,,,,,,
2025-04-01,109,BuyerAgent,Bauchi,2,0.0,0.0,,,,,,,,,,
2025-04-01,110,BuyerAgent,Bauchi,1,0.0,0.0,,,,,,,,,,
2025-04-01,111,BuyerAgent,Bauchi,2,0.0,0.0,,,,,,,,,,
2025-04-01,112,BuyerAgent,Bauchi,0,0.0,0.0,,,,,,,,,,
2025-04-01,113,BuyerAgent,Bauchi,2,0.0,0.0,,,,,,,,,,
2025-04-01,114,BuyerAgent,Bauchi,2,0.0,0.0,,,,,,,,,,
2025-04-01,115,TransporterAgent,Bauchi,0,0.0,-577.8248124098124,,,,,,,,,,
2025-04-01,116,TransporterAgent,Bauchi,0,0.0,-630.4726430976432,,,,,,,,,,
2025-04-01,117,TransporterAgent,Bauchi,3,50.0,600.0,,,,,,,,,,
2025-04-01,118,TransporterAgent,Bauchi,3,50.0,160.03571428571428,,,,,,,,,,
2025-04-01,119,TransporterAgent,Bauchi,0,0.0,-828.4084764309764,,,,,,,,,,
2025-04-01,120,TransporterAgent,Bauchi,3,50.0,550.0,,,,,,,,,,
2025-04-01,121,TransporterAgent,Bauchi,1,-200.0,-1375.5945875420875,,,,,,,,,,
2025-04-01,122,TransporterAgent,Bauchi,3,50.0,-580.7196428571428,,,,,,,,,,
2025-04-01,123,TransporterAgent,Bauchi,3,50.0,313.84854497354496,,,,,,,,,,
2025-04-01,124,TransporterAgent,Bauchi,3,50.0,-21.571507936507942,,,,,,,,,,
2025-04-01,125,BankingAgent,Bauchi,0,-0.0,-19.075000000000003,,,,,,,,,,
2025-04-01,126,BankingAgent,Bauchi,0,-0.0,-13.275,,,,,,,,,,
2025-04-01,127,BankingAgent,Bauchi,2,-1.3749999999999996,-18.45,,,,,,,,,,
2025-04-01,129,TraderAgent,Kano,0,252.32803344726562,905.6192626953125,467831.625,Kano,False,Onitsha,Kano,winning,False,95.0,4.0,False
2025-04-01,130,TraderAgent,Kano,2,-35.0625,1845.88623046875,450454.28125,Kano,False,Onitsha,Onitsha,winning,False,95.0,6.0,False
2025-04-01,131,TraderAgent,Kano,0,0.0,596.0507202148438,462575.25,Kano,False,Onitsha,Onitsha,winning,False,95.0,4.0,False
2025-04-01,132,TraderAgent,Kano,4,-10.0,2479.677734375,499182.53125,Kano,False,Bauchi,Kano,winning,False,95.0,8.0,False
2025-04-01,133,TraderAgent,Kano,1,142.55060928574358,3680.37890625,455315.40625,Onitsha,True,Onitsha,Onitsha,winning,False,81.25,7.0,True
2025-04-01,134,TraderAgent,Kano,1,142.55060928574358,2598.626708984375,449698.96875,Onitsha,True,Onitsha,Onitsha,winning,False,95.0,9.0,True
2025-04-01,135,TraderAgent,Kano,4,-10.0,698.946533203125,496384.375,Kano,False,Bauchi,Kano,winning,False,92.5,4.0,False
2025-04-01,136,TraderAgent,Kano,3,20.0,1898.00927734375,498617.40625,Kano,False,Bauchi,Kano,winning,False,77.19,5.0,False
2025-04-01,137,TraderAgent,Kano,0,252.32803344726562,1369.9583740234375,481887.1875,Kano,False,Onitsha,Kano,winning,False,95.0,4.0,False
2025-04-01,138,TraderAgent,Kano,3,20.0,826.565673828125,466788.6875,Kano,False,Onitsha,Onitsha,winning,False,90.25,5.0,False
2025-04-01,139,TraderAgent,Kano,3,20.0,3387.551513671875,483698.40625,Kano,False,Onitsha,Onitsha,winning,False,90.25,5.0,False
2025-04-01,140,TraderAgent,Kano,1,142.55060928574358,600.8842163085938,480657.28125,Onitsha,True,Onitsha,Onitsha,winning,False,95.0,1.0,True
2025-04-01,141,TraderAgent,Kano,0,239.82803344726562,4020.572509765625,500984.0,Kano,False,Bauchi,Kano,winning,False,92.5,6.0,False
2025-04-01,142,TraderAgent,Kano,2,-35.0625,1402.7867431640625,493398.5625,Kano,False,Bauchi,Kano,winning,False,95.0,5.0,False
2025-04-01,143,TraderAgent,Kano,0,0.0,1078.013916015625,482840.75,Kano,False,Onitsha,Onitsha,winning,False,95.0,5.0,False
2025-04-01,144,TraderAgent,Kano,3,20.0,743.2548828125,466816.15625,Kano,False,Onitsha,Onitsha,winning,False,90.25,3.0,False
2025-04-01,145,TraderAgent,Kano,1,142.55060928574358,1100.1361083984375,422712.03125,Onitsha,True,Onitsha,Onitsha,winning,False,95.0,7.0,True
2025-04-01,146,TraderAgent,Kano,1,142.55060928574358,404.7958389153732,460781.96875,Onitsha,True,Onitsha,Onitsha,winning,False,95.0,2.0,True
2025-04-01,147,TraderAgent,Kano,0,0.0,1030.6170654296875,463033.03125,Kano,False,Onitsha,Onitsha,winning,False,95.0,6.0,False
2025-04-01,148,TraderAgent,Kano,0,0.0,1174.47705078125,482888.71875,Kano,False,Onitsha,Onitsha,winning,False,95.0,4.0,False
2025-04-01,149,BuyerAgent,Kano,2,0.0,826.7662963867188,,,,,,,,,,
2025-04-01,150,BuyerAgent,Kano,0,10.171966552734375,555.3255615234375,,,,,,,,,,
2025-04-01,151,BuyerAgent,Kano,2,0.0,547.56787109375,,,,,,,,,,
2025-04-01,152,BuyerAgent,Kano,2,0.0,499.31365966796875,,,,,,,,,,
2025-04-01,153,BuyerAgent,Kano,1,0.0,115.6951904296875,,,,,,,,,,
2025-04-01,154,BuyerAgent,Kano,0,0.0,27.736663818359375,,,,,,,,,,
2025-04-01,155,BuyerAgent,Kano,0,0.0,283.8130187988281,,,,,,,,,,
2025-04-01,156,BuyerAgent,Kano,1,0.0,67.26821899414062,,,,,,,,,,
2025-04-01,157,BuyerAgent,Kano,0,0.0,283.8130187988281,,,,,,,,,,
2025-04-01,158,BuyerAgent,Kano,2,0.0,0.0,,,,,,,,,,
2025-04-01,159,BuyerAgent,Kano,0,0.0,280.76080322265625,,,,,,,,,,
2025-04-01,160,BuyerAgent,Kano,0,0.0,280.76080322265625,,,,,,,,,,
2025-04-01,161,BuyerAgent,Kano,0,0.0,44.01397705078125,,,,,,,,,,
2025-04-01,162,BuyerAgent,Kano,0,0.0,3.052215576171875,,,,,,,,,,
2025-04-01,163,BuyerAgent,Kano,0,0.0,3.052215576171875,,,,,,,,,,
2025-04-01,164,BuyerAgent,Kano,2,0.0,3.052215576171875,,,,,,,,,,
2025-04-01,165,BuyerAgent,Kano,1,0.0,0.0,,,,,,,,,,
2025-04-01,166,BuyerAgent,Kano,0,0.0,0.0,,,,,,,,,,
2025-04-01,167,BuyerAgent,Kano,2,0.0,0.0,,,,,,,,,,
2025-04-01,168,BuyerAgent,Kano,2,0.0,0.0,,,,,,,,,,
2025-04-01,169,BuyerAgent,Kano,1,0.0,0.0,,,,,,,,,,
2025-04-01,170,BuyerAgent,Kano,2,0.0,0.0,,,,,,,,,,
2025-04-01,171,BuyerAgent,Kano,1,0.0,0.0,,,,,,,,,,
2025-04-01,172,BuyerAgent,Kano,1,0.0,0.0,,,,,,,,,,
2025-04-01,173,BuyerAgent,Kano,2,0.0,0.0,,,,,,,,,,
2025-04-01,174,BuyerAgent,Kano,1,0.0,0.0,,,,,,,,,,
2025-04-01,175,BuyerAgent,Kano,1,0.0,0.0,,,,,,,,,,
2025-04-01,176,BuyerAgent,Kano,1,0.0,0.0,,,,,,,,,,
2025-04-01,177,BuyerAgent,Kano,0,0.0,0.0,,,,,,,,,,
2025-04-01,178,BuyerAgent,Kano,0,0.0,0.0,,,,,,,,,,
2025-04-01,179,TransporterAgent,Kano,0,1.348550576923053,131.29383908101153,,,,,,,,,,
2025-04-01,180,TransporterAgent,Kano,2,100.0,17.401999999999987,,,,,,,,,,
2025-04-01,181,TransporterAgent,Kano,0,1.348550576923053,-1058.311105507733,,,,,,,,,,
2025-04-01,182,TransporterAgent,Kano,3,50.0,-226.0332724867725,,,,,,,,,,
2025-04-01,183,TransporterAgent,Kano,3,50.0,255.42326587301585,,,,,,,,,,
2025-04-01,184,TransporterAgent,Kano,1,-200.0,-1282.6965142857143,,,,,,,,,,
2025-04-01,185,TransporterAgent,Kano,3,50.0,-811.9787341269841,,,,,,,,,,
2025-04-01,186,TransporterAgent,Kano,2,100.0,-429.1838,,,,,,,,,,
2025-04-01,187,TransporterAgent,Kano,3,50.0,-533.5,,,,,,,,,,
2025-04-01,188,TransporterAgent,Kano,1,-200.0,-317.01574664903,,,,,,,,,,
2025-04-01,189,BankingAgent,Kano,0,-0.0,-25.150000000000002,,,,,,,,,,
2025-04-01,190,BankingAgent,Kano,2,-1.3749999999999996,-46.75000000000001,,,,,,,,,,
2025-04-01,191,BankingAgent,Kano,1,-2.749999999999999,-46.37500000000001,,,,,,,,,,
2025-04-01,193,TraderAgent,Lagos,3,20.0,16878.625,500092.3125,Lagos,False,Onitsha,Onitsha,winning,False,881.12,7.0,False
2025-04-01,194,TraderAgent,Lagos,0,1998.53515625,13360.9892578125,496724.8125,Lagos,False,Onitsha,Lagos,winning,False,905.0,5.0,False
2025-04-01,195,TraderAgent,Lagos,1,142.5304208075,13084.5927734375,484399.625,Onitsha,True,Onitsha,Onitsha,winning,False,882.5,6.0,True
2025-04-01,196,TraderAgent,Lagos,1,142.5304208075,13217.4267578125,484683.125,Onitsha,True,Onitsha,Onitsha,winning,False,1017.5,5.0,True
2025-04-01,197,TraderAgent,Lagos,4,-10.0,11943.4208984375,447429.1875,Lagos,False,Onitsha,Onitsha,winning,False,905.0,6.0,False
2025-04-01,198,TraderAgent,Lagos,0,4473.53515625,22098.939453125,493996.0,Lagos,False,Onitsha,Onitsha,winning,False,950.0,6.0,False
2025-04-01,199,TraderAgent,Lagos,1,142.5304208075,7717.4189453125,484677.90625,Onitsha,True,Onitsha,Onitsha,winning,False,927.5,3.0,True
2025-04-01,200,TraderAgent,Lagos,4,-10.0,9936.06640625,493490.625,Lagos,False,Onitsha,Lagos,winning,False,950.0,5.0,False
2025-04-01,201,TraderAgent,Lagos,1,142.5304208075,4532.490234375,486972.125,Onitsha,True,Onitsha,Onitsha,winning,False,905.0,2.0,True
2025-04-01,202,TraderAgent,Lagos,3,20.0,14917.0390625,497979.71875,Lagos,False,Onitsha,Onitsha,winning,False,881.12,4.0,False
2025-04-01,203,TraderAgent,Lagos,4,-10.0,6867.82763671875,501313.625,Lagos,False,Onitsha,Onitsha,winning,False,905.0,2.0,False
2025-04-01,204,TraderAgent,Lagos,1,142.5304208075,16624.27734375,429032.46875,Onitsha,True,Onitsha,Onitsha,winning,False,927.5,6.0,True
2025-04-01,205,TraderAgent,Lagos,0,4473.53515625,12215.435546875,495510.8125,Lagos,False,Onitsha,Onitsha,winning,False,950.0,5.0,False
2025-04-01,206,TraderAgent,Lagos,3,20.0,16287.677734375,499500.96875,Lagos,False,Onitsha,Lagos,winning,False,966.62,6.0,False
2025-04-01,207,TraderAgent,Lagos,2,-23.71875,11194.203125,446626.25,Lagos,False,Onitsha,Lagos,winning,False,1017.5,6.0,False
2025-04-01,208,TraderAgent,Lagos,0,4473.53515625,17235.572265625,494864.71875,Lagos,False,Onitsha,Onitsha,winning,False,950.0,4.0,False
2025-04-01,209,TraderAgent,Lagos,0,2111.03515625,18418.28125,496288.53125,Lagos,False,Onitsha,Lagos,winning,False,927.5,6.0,False
2025-04-01,210,TraderAgent,Lagos,3,20.0,21067.529296875,493136.90625,Lagos,False,Onitsha,Onitsha,winning,False,881.12,7.0,False
2025-04-01,211,TraderAgent,Lagos,0,2392.28515625,12666.2099609375,496069.1875,Lagos,False,Onitsha,Lagos,winning,False,983.75,5.0,False
2025-04-01,212,TraderAgent,Lagos,0,4473.53515625,14493.650390625,497560.1875,Lagos,False,Onitsha,Onitsha,winning,False,950.0,5.0,False
2025-04-01,213,BuyerAgent,Lagos,1,751.46484375,5190.30078125,,,,,,,,,,
2025-04-01,214,BuyerAgent,Lagos,2,0.0,2135.791015625,,,,,,,,,,
2025-04-01,215,BuyerAgent,Lagos,2,0.0,1874.06494140625,,,,,,,,,,
2025-04-01,216,BuyerAgent,Lagos,1,638.96484375,3762.0615234375,,,,,,,,,,
2025-04-01,217,BuyerAgent,Lagos,1,526.46484375,2231.2255859375,,,,,,,,,,
2025-04-01,218,BuyerAgent,Lagos,1,526.46484375,2556.053466796875,,,,,,,,,,
2025-04-01,219,BuyerAgent,Lagos,2,0.0,1902.2174072265625,,,,,,,,,,
2025-04-01,220,BuyerAgent,Lagos,2,0.0,2123.7958984375,,,,,,,,,,
2025-04-01,221,BuyerAgent,Lagos,2,0.0,633.985595703125,,,,,,,,,,
2025-04-01,222,BuyerAgent,Lagos,2,0.0,1027.0123291015625,,,,,,,,,,
2025-04-01,223,BuyerAgent,Lagos,0,526.46484375,2095.159912109375,,,,,,,,,,
2025-04-01,224,BuyerAgent,Lagos,0,526.46484375,1435.4144287109375,,,,,,,,,,
2025-04-01,225,BuyerAgent,Lagos,1,357.71484375,815.1641845703125,,,,,,,,,,
2025-04-01,226,BuyerAgent,Lagos,0,0.0,733.3868408203125,,,,,,,,,,
2025-04-01,227,BuyerAgent,Lagos,1,0.0,0.0,,,,,,,,,,
2025-04-01,228,BuyerAgent,Lagos,0,0.0,0.0,,,,,,,,,,
2025-04-01,229,BuyerAgent,Lagos,1,0.0,0.0,,,,,,,,,,
2025-04-01,230,BuyerAgent,Lagos,0,0.0,0.0,,,,,,,,,,
2025-04-01,231,BuyerAgent,Lagos,1,0.0,0.0,,,,,,,,,,
2025-04-01,232,BuyerAgent,Lagos,1,0.0,0.0,,,,,,,,,,
2025-04-01,233,BuyerAgent,Lagos,2,0.0,0.0,,,,,,,,,,
2025-04-01,234,BuyerAgent,Lagos,2,0.0,0.0,,,,,,,,,,
2025-04-01,235,BuyerAgent,Lagos,1,0.0,0.0,,,,,,,,,,
2025-04-01,236,BuyerAgent,Lagos,1,0.0,0.0,,,,,,,,,,
2025-04-01,237,BuyerAgent,Lagos,1,0.0,0.0,,,,,,,,,,
2025-04-01,238,BuyerAgent,Lagos,2,0.0,0.0,,,,,,,,,,
2025-04-01,239,BuyerAgent,Lagos,2,0.0,0.0,,,,,,,,,,
2025-04-01,240,BuyerAgent,Lagos,2,0.0,0.0,,,,,,,,,,
2025-04-01,241,BuyerAgent,Lagos,2,0.0,0.0,,,,,,,,,,
2025-04-01,242,BuyerAgent,Lagos,1,0.0,0.0,,,,,,,,,,
2025-04-01,243,TransporterAgent,Lagos,0,7.202572150000001,-552.2238777369723,,,,,,,,,,
2025-04-01,244,TransporterAgent,Lagos,0,7.202572150000001,-1142.79742785,,,,,,,,,,
2025-04-01,245,TransporterAgent,Lagos,2,100.0,-166.20342307692306,,,,,,,,,,
2025-04-01,246,TransporterAgent,Lagos,1,-200.0,-844.238386895784,,,,,,,,,,
2025-04-01,247,TransporterAgent,Lagos,1,-200.0,-1311.2922823206204,,,,,,,,,,
2025-04-01,248,TransporterAgent,Lagos,2,100.0,-871.4761375231379,,,,,,,,,,
2025-04-01,249,TransporterAgent,Lagos,2,100.0,-970.1299292328042,,,,,,,,,,
2025-04-01,250,TransporterAgent,Lagos,1,-200.0,-112.27890196078425,,,,,,,,,,
2025-04-01,251,TransporterAgent,Lagos,2,100.0,320.8873,,,,,,,,,,
2025-04-01,252,TransporterAgent,Lagos,3,50.0,-1120.5128478602553,,,,,,,,,,
2025-04-01,253,BankingAgent,Lagos,1,-2.749999999999999,-50.25,,,,,,,,,,
2025-04-01,254,BankingAgent,Lagos,0,-0.0,-34.275000000000006,,,,,,,,,,
2025-04-01,255,BankingAgent,Lagos,2,-1.3749999999999996,-46.72500000000001,,,,,,,,,,
2025-04-01,257,TraderAgent,Onitsha,4,-10.0,4725.462890625,488431.875,Onitsha,False,Lagos,Onitsha,winning,False,717.5,5.0,False
2025-04-01,258,TraderAgent,Onitsha,4,-10.0,3419.62744140625,494930.4375,Onitsha,False,Port_Harcourt,Port_Harcourt,winning,False,760.0,4.0,False
2025-04-01,259,TraderAgent,Onitsha,0,2064.6416015625,9854.798828125,487865.375,Onitsha,False,Lagos,Onitsha,winning,False,760.0,8.0,False
2025-04-01,260,TraderAgent,Onitsha,2,-23.71875,504.45346408571424,480526.25,Onitsha,False,Lagos,Lagos,winning,False,760.0,3.0,False
2025-04-01,261,TraderAgent,Onitsha,2,-23.71875,26237.4765625,514415.5625,Onitsha,False,Lagos,Onitsha,winning,False,740.0,9.0,False
2025-04-01,262,TraderAgent,Onitsha,4,-10.0,2325.571533203125,485885.125,Onitsha,False,Lagos,Onitsha,winning,False,740.0,3.0,False
2025-04-01,263,TraderAgent,Onitsha,3,20.0,4635.1533203125,488010.625,Onitsha,False,Lagos,Onitsha,winning,False,703.0,5.0,False
2025-04-01,264,TraderAgent,Onitsha,3,20.0,4453.439453125,497060.0,Onitsha,False,Lagos,Onitsha,winning,False,703.0,4.0,False
2025-04-01,265,TraderAgent,Onitsha,1,153.65938191154925,8446.9013671875,484490.84375,Lagos,True,Lagos,Lagos,winning,False,717.5,7.0,True
2025-04-01,266,TraderAgent,Onitsha,3,20.0,23241.611328125,518041.09375,Onitsha,False,Port_Harcourt,Onitsha,winning,False,681.62,7.0,False
2025-04-01,267,TraderAgent,Onitsha,0,1627.1417236328125,19214.83984375,511884.84375,Onitsha,False,Lagos,Onitsha,winning,False,672.5,4.0,False
2025-04-01,268,TraderAgent,Onitsha,4,-10.0,22900.98046875,496519.53125,Onitsha,False,Lagos,Lagos,winning,False,760.0,8.0,False
2025-04-01,269,TraderAgent,Onitsha,4,-10.0,5794.9482421875,483798.3125,Onitsha,False,Lagos,Lagos,winning,False,760.0,6.0,False
2025-04-01,270,TraderAgent,Onitsha,0,0.0,2685.002685546875,469183.09375,Onitsha,False,Lagos,Lagos,winning,False,760.0,5.0,False
2025-04-01,271,TraderAgent,Onitsha,0,1964.6417236328125,10783.1220703125,496254.09375,Onitsha,False,Lagos,Onitsha,winning,False,740.0,8.0,False
2025-04-01,272,TraderAgent,Onitsha,0,2064.6416015625,5567.44140625,490054.09375,Onitsha,False,Port_Harcourt,Onitsha,winning,False,760.0,5.0,False
2025-04-01,273,TraderAgent,Onitsha,3,20.0,2525.72314453125,502447.84375,Onitsha,False,,Onitsha,winning,False,638.88,2.0,False
2025-04-01,274,TraderAgent,Onitsha,1,153.65938191154925,5323.798828125,473110.1875,Lagos,True,Lagos,Lagos,winning,False,717.5,5.0,True
2025-04-01,275,TraderAgent,Onitsha,0,0.0,3868.06591796875,475791.03125,Onitsha,False,Lagos,Lagos,winning,False,760.0,5.0,False
2025-04-01,276,TraderAgent,Onitsha,0,0.0,2944.3759765625,473464.15625,Onitsha,False,Lagos,Lagos,winning,False,760.0,5.0,False
2025-04-01,277,BuyerAgent,Onitsha,1,372.8582763671875,3490.10888671875,,,,,,,,,,
2025-04-01,278,BuyerAgent,Onitsha,1,35.3582763671875,581.925048828125,,,,,,,,,,
2025-04-01,279,BuyerAgent,Onitsha,0,0.0,2811.44677734375,,,,,,,,,,
2025-04-01,280,BuyerAgent,Onitsha,0,0.0,2457.84130859375,,,,,,,,,,
2025-04-01,281,BuyerAgent,Onitsha,1,0.0,2245.65771484375,,,,,,,,,,
2025-04-01,282,BuyerAgent,Onitsha,1,0.0,316.9097900390625,,,,,,,,,,
2025-04-01,283,BuyerAgent,Onitsha,0,0.0,222.2979736328125,,,,,,,,,,
2025-04-01,284,BuyerAgent,Onitsha,0,0.0,516.78466796875,,,,,,,,,,
2025-04-01,285,BuyerAgent,Onitsha,0,0.0,112.2698974609375,,,,,,,,,,
2025-04-01,286,BuyerAgent,Onitsha,0,0.0,81.982421875,,,,,,,,,,
2025-04-01,287,BuyerAgent,Onitsha,2,0.0,155.35491943359375,,,,,,,,,,
2025-04-01,288,BuyerAgent,Onitsha,1,0.0,140.49896240234375,,,,,,,,,,
2025-04-01,289,BuyerAgent,Onitsha,2,0.0,10.87249755859375,,,,,,,,,,
2025-04-01,290,BuyerAgent,Onitsha,0,0.0,10.87249755859375,,,,,,,,,,
2025-04-01,291,BuyerAgent,Onitsha,0,0.0,0.0,,,,,,,,,,
2025-04-01,292,BuyerAgent,Onitsha,0,0.0,0.0,,,,,,,,,,
2025-04-01,293,BuyerAgent,Onitsha,2,0.0,0.0,,,,,,,,,,
2025-04-01,294,BuyerAgent,Onitsha,0,0.0,0.0,,,,,,,,,,
2025-04-01,295,BuyerAgent,Onitsha,0,0.0,0.0,,,,,,,,,,
2025-04-01,296,BuyerAgent,Onitsha,0,0.0,0.0,,,,,,,,,,
2025-04-01,297,BuyerAgent,Onitsha,0,0.0,0.0,,,,,,,,,,
2025-04-01,298,BuyerAgent,Onitsha,0,0.0,0.0,,,,,,,,,,
2025-04-01,299,BuyerAgent,Onitsha,2,0.0,0.0,,,,,,,,,,
2025-04-01,300,BuyerAgent,Onitsha,0,0.0,0.0,,,,,,,,,,
2025-04-01,301,BuyerAgent,Onitsha,2,0.0,0.0,,,,,,,,,,
2025-04-01,302,BuyerAgent,Onitsha,2,0.0,0.0,,,,,,,,,,
2025-04-01,303,BuyerAgent,Onitsha,2,0.0,0.0,,,,,,,,,,
2025-04-01,304,BuyerAgent,Onitsha,2,0.0,0.0,,,,,,,,,,
2025-04-01,305,BuyerAgent,Onitsha,1,0.0,0.0,,,,,,,,,,
2025-04-01,306,BuyerAgent,Onitsha,1,0.0,0.0,,,,,,,,,,
2025-04-01,307,TransporterAgent,Onitsha,0,11.889037021008098,234.87675243627967,,,,,,,,,,
2025-04-01,308,TransporterAgent,Onitsha,3,50.0,25.1998747359018,,,,,,,,,,
2025-04-01,309,TransporterAgent,Onitsha,1,-200.0,261.0165569444445,,,,,,,,,,
2025-04-01,310,TransporterAgent,Onitsha,0,11.889037021008098,-154.280286730387,,,,,,,,,,
2025-04-01,311,TransporterAgent,Onitsha,2,100.0,62.75717111111112,,,,,,,,,,
2025-04-01,312,TransporterAgent,Onitsha,0,11.889037021008098,-1028.2321129789918,,,,,,,,,,
2025-04-01,313,TransporterAgent,Onitsha,2,100.0,-96.22655734126977,,,,,,,,,,
2025-04-01,314,TransporterAgent,Onitsha,2,100.0,334.4534637486048,,,,,,,,,,
2025-04-01,315,TransporterAgent,Onitsha,3,50.0,15.786566666666687,,,,,,,,,,
2025-04-01,316,TransporterAgent,Onitsha,0,11.889037021008098,-998.9395279789918,,,,,,,,,,
2025-04-01,317,BankingAgent,Onitsha,2,-1.3749999999999996,-38.7,,,,,,,,,,
2025-04-01,318,BankingAgent,Onitsha,1,-2.749999999999999,-52.025000000000006,,,,,,,,,,
2025-04-01,319,BankingAgent,Onitsha,2,-1.3749999999999996,-40.175000000000004,,,,,,,,,,
2025-04-01,321,TraderAgent,Port_Harcourt,0,3694.90966796875,29052.26171875,521141.46875,Port_Harcourt,False,Onitsha,Port_Harcourt,winning,False,1480.0,7.0,False
2025-04-01,322,TraderAgent,Port_Harcourt,0,8794.91015625,21528.84375,517197.6875,Port_Harcourt,False,Onitsha,Onitsha,winning,False,1300.0,5.0,False
2025-04-01,323,TraderAgent,Port_Harcourt,0,8794.91015625,23351.69140625,518869.53125,Port_Harcourt,False,Onitsha,Onitsha,winning,False,1300.0,5.0,False
2025-04-01,324,TraderAgent,Port_Harcourt,3,20.0,10447.154296875,510214.71875,Port_Harcourt,False,,Port_Harcourt,winning,False,1406.0,4.0,False
2025-04-01,325,TraderAgent,Port_Harcourt,2,-35.0625,19705.619140625,514459.90625,Port_Harcourt,False,Onitsha,Port_Harcourt,winning,False,1480.0,5.0,False
2025-04-01,326,TraderAgent,Port_Harcourt,2,-35.0625,15340.46484375,510023.15625,Port_Harcourt,False,Onitsha,Onitsha,winning,False,1232.5,3.0,False
2025-04-01,327,TraderAgent,Port_Harcourt,3,20.0,23010.37109375,518598.375,Port_Harcourt,False,Onitsha,Onitsha,winning,False,1213.62,5.0,False
2025-04-01,328,TraderAgent,Port_Harcourt,2,-35.0625,29855.935546875,522908.875,Port_Harcourt,False,Onitsha,Onitsha,winning,False,1277.5,6.0,False
2025-04-01,329,TraderAgent,Port_Harcourt,2,-35.0625,13633.21484375,508369.1875,Port_Harcourt,False,Onitsha,Port_Harcourt,winning,False,1480.0,4.0,False
2025-04-01,330,TraderAgent,Port_Harcourt,1,168.97723076923077,23500.09375,512376.90625,Onitsha,True,Onitsha,Onitsha,winning,False,1480.0,8.0,True
2025-04-01,331,TraderAgent,Port_Harcourt,2,-35.0625,25855.919921875,517932.8125,Port_Harcourt,False,Onitsha,Port_Harcourt,winning,False,1480.0,6.0,False
2025-04-01,332,TraderAgent,Port_Harcourt,3,20.0,14290.6845703125,463413.625,Port_Harcourt,False,Onitsha,Port_Harcourt,winning,False,1406.0,4.0,False
2025-04-01,333,TraderAgent,Port_Harcourt,1,168.97723076923077,6613.2216796875,495775.625,Onitsha,True,Onitsha,Onitsha,winning,False,1378.75,2.0,True
2025-04-01,334,TraderAgent,Port_Harcourt,4,-10.0,22620.55859375,518248.96875,Port_Harcourt,False,Onitsha,Onitsha,winning,False,1277.5,4.0,False
2025-04-01,335,TraderAgent,Port_Harcourt,2,-35.0625,25131.982421875,520697.4375,Port_Harcourt,False,Onitsha,Onitsha,winning,False,1277.5,6.0,False
2025-04-01,336,TraderAgent,Port_Harcourt,4,-10.0,25933.904296875,520607.75,Port_Harcourt,False,Onitsha,Port_Harcourt,winning,False,1480.0,8.0,False
2025-04-01,337,TraderAgent,Port_Harcourt,2,-35.0625,31960.3515625,522421.28125,Port_Harcourt,False,Onitsha,Onitsha,winning,False,1277.5,6.0,False
2025-04-01,338,TraderAgent,Port_Harcourt,4,-10.0,29210.322265625,476590.1875,Port_Harcourt,False,Onitsha,Onitsha,winning,False,1277.5,8.0,False
2025-04-01,339,TraderAgent,Port_Harcourt,4,-10.0,16515.703125,511224.625,Port_Harcourt,False,Onitsha,Port_Harcourt,winning,False,1480.0,5.0,False
2025-04-01,340,TraderAgent,Port_Harcourt,1,168.97723076923077,29184.0,513944.8125,Onitsha,True,Onitsha,Onitsha,winning,False,1277.5,6.0,True
2025-04-01,341,BuyerAgent,Port_Harcourt,1,1205.09033203125,11658.552734375,,,,,,,,,,
2025-04-01,342,BuyerAgent,Port_Harcourt,2,0.0,18948.955078125,,,,,,,,,,
2025-04-01,343,BuyerAgent,Port_Harcourt,2,0.0,9623.0791015625,,,,,,,,,,
2025-04-01,344,BuyerAgent,Port_Harcourt,2,0.0,7709.92431640625,,,,,,,,,,
2025-04-01,345,BuyerAgent,Port_Harcourt,1,1205.09033203125,18544.744140625,,,,,,,,,,
2025-04-01,346,BuyerAgent,Port_Harcourt,2,0.0,11116.056640625,,,,,,,,,,
2025-04-01,347,BuyerAgent,Port_Harcourt,2,0.0,13793.041015625,,,,,,,,,,
2025-04-01,348,BuyerAgent,Port_Harcourt,1,305.09033203125,7754.28857421875,,,,,,,,,,
2025-04-01,349,BuyerAgent,Port_Harcourt,0,0.0,7837.974609375,,,,,,,,,,
2025-04-01,350,BuyerAgent,Port_Harcourt,1,0.0,3570.584228515625,,,,,,,,,,
2025-04-01,351,BuyerAgent,Port_Harcourt,1,0.0,1960.743408203125,,,,,,,,,,
2025-04-01,352,BuyerAgent,Port_Harcourt,1,0.0,1665.2813720703125,,,,,,,,,,
2025-04-01,353,BuyerAgent,Port_Harcourt,0,0.0,284.0081787109375,,,,,,,,,,
2025-04-01,354,BuyerAgent,Port_Harcourt,1,0.0,2874.98583984375,,,,,,,,,,
2025-04-01,355,BuyerAgent,Port_Harcourt,2,0.0,184.0081787109375,,,,,,,,,,
2025-04-01,356,BuyerAgent,Port_Harcourt,1,0.0,0.0,,,,,,,,,,
2025-04-01,357,BuyerAgent,Port_Harcourt,0,0.0,1090.977783203125,,,,,,,,,,
2025-04-01,358,BuyerAgent,Port_Harcourt,2,0.0,715.977783203125,,,,,,,,,,
2025-04-01,359,BuyerAgent,Port_Harcourt,2,0.0,715.977783203125,,,,,,,,,,
2025-04-01,360,BuyerAgent,Port_Harcourt,0,0.0,715.977783203125,,,,,,,,,,
2025-04-01,361,BuyerAgent,Port_Harcourt,0,0.0,0.0,,,,,,,,,,
2025-04-01,362,BuyerAgent,Port_Harcourt,0,0.0,184.0081787109375,,,,,,,,,,
2025-04-01,363,BuyerAgent,Port_Harcourt,0,0.0,0.0,,,,,,,,,,
2025-04-01,364,BuyerAgent,Port_Harcourt,0,0.0,0.0,,,,,,,,,,
2025-04-01,365,BuyerAgent,Port_Harcourt,1,0.0,0.0,,,,,,,,,,
2025-04-01,366,BuyerAgent,Port_Harcourt,0,0.0,0.0,,,,,,,,,,
2025-04-01,367,BuyerAgent,Port_Harcourt,0,0.0,0.0,,,,,,,,,,
2025-04-01,368,BuyerAgent,Port_Harcourt,0,0.0,0.0,,,,,,,,,,
2025-04-01,369,BuyerAgent,Port_Harcourt,2,0.0,0.0,,,,,,,,,,
2025-04-01,370,BuyerAgent,Port_Harcourt,2,0.0,0.0,,,,,,,,,,
2025-04-01,371,TransporterAgent,Port_Harcourt,1,-200.0,-223.7368181818182,,,,,,,,,,
2025-04-01,372,TransporterAgent,Port_Harcourt,0,0.0,43.70599053030293,,,,,,,,,,
2025-04-01,373,TransporterAgent,Port_Harcourt,3,50.0,399.87971654040393,,,,,,,,,,
2025-04-01,374,TransporterAgent,Port_Harcourt,1,-200.0,-373.30334848484847,,,,,,,,,,
2025-04-01,375,TransporterAgent,Port_Harcourt,2,100.0,-69.62735795454546,,,,,,,,,,
2025-04-01,376,TransporterAgent,Port_Harcourt,1,-200.0,-668.1370056818182,,,,,,,,,,
2025-04-01,377,TransporterAgent,Port_Harcourt,2,100.0,-118.17906054292928,,,,,,,,,,
2025-04-01,378,TransporterAgent,Port_Harcourt,2,100.0,-370.78,,,,,,,,,,
2025-04-01,379,TransporterAgent,Port_Harcourt,2,100.0,-339.5391678661615,,,,,,,,,,
2025-04-01,380,TransporterAgent,Port_Harcourt,1,-200.0,-135.92727272727274,,,,,,,,,,
2025-04-01,381,BankingAgent,Port_Harcourt,0,-0.0,-36.175000000000004,,,,,,,,,,
2025-04-01,382,BankingAgent,Port_Harcourt,2,-1.3749999999999996,-25.150000000000006,,,,,,,,,,
2025-04-01,383,BankingAgent,Port_Harcourt,1,-2.749999999999999,-35.025,,,,,,,,,,
2025-05-01,1,TraderAgent,Abuja,0,0.0,13740.083984375,485544.6875,Abuja,False,Onitsha,Onitsha,winning,False,475.0,5.0,False
2025-05-01,2,TraderAgent,Abuja,4,-10.0,15689.63671875,441378.40625,Abuja,False,Onitsha,Onitsha,winning,False,475.0,3.0,False
2025-05-01,3,TraderAgent,Abuja,0,0.0,13968.1328125,496217.0,Abuja,False,Onitsha,Onitsha,winning,False,475.0,7.0,False
2025-05-01,4,TraderAgent,Abuja,0,1267.270751953125,29539.787109375,484985.625,Abuja,False,Onitsha,Abuja,winning,False,475.0,10.0,False
2025-05-01,5,TraderAgent,Abuja,3,20.0,16185.8974609375,499845.75,Abuja,False,Onitsha,Abuja,winning,False,418.0,5.0,False
2025-05-01,6,TraderAgent,Abuja,2,-35.0625,18293.7265625,493115.8125,Abuja,False,Onitsha,Abuja,winning,False,462.5,6.0,False
2025-05-01,7,TraderAgent,Abuja,1,155.43215118666674,30579.888671875,424555.71875,Onitsha,True,Onitsha,Onitsha,winning,False,462.5,9.0,True
2025-05-01,8,TraderAgent,Abuja,1,155.43215118666674,28330.646484375,468959.71875,Onitsha,True,Onitsha,Onitsha,winning,False,475.0,10.0,True
2025-05-01,9,TraderAgent,Abuja,1,155.43215118666674,11042.236328125,427554.625,Onitsha,True,Onitsha,Onitsha,winning,False,417.5,6.0,True
2025-05-01,10,TraderAgent,Abuja,0,1204.770751953125,15480.5146484375,496581.25,Abuja,False,Onitsha,Abuja,winning,False,462.5,6.0,False
2025-05-01,11,TraderAgent,Abuja,4,-10.0,23987.66796875,488942.40625,Abuja,False,Onitsha,Abuja,winning,False,417.5,6.0,False
2025-05-01,12,TraderAgent,Abuja,1,155.43215118666674,11685.2998046875,480315.1875,Onitsha,True,Onitsha,Onitsha,winning,False,475.0,5.0,True
2025-05-01,13,TraderAgent,Abuja,2,-35.0625,18180.458984375,500325.1875,Abuja,False,Onitsha,Onitsha,winning,False,475.0,7.0,False
2025-05-01,14,TraderAgent,Abuja,1,155.43215118666674,3183.7509765625,488195.6875,Onitsha,True,Onitsha,Onitsha,winning,False,417.5,3.0,True
2025-05-01,15,TraderAgent,Abuja,0,1267.270751953125,17028.392578125,500646.25,Abuja,False,Onitsha,Abuja,winning,False,475.0,6.0,False
2025-05-01,16,TraderAgent,Abuja,1,155.43215118666674,10099.947265625,409123.09375,Onitsha,True,Onitsha,Onitsha,winning,False,475.0,4.0,True
2025-05-01,17,TraderAgent,Abuja,4,-10.0,20428.703125,476723.1875,Abuja,False,Onitsha,Onitsha,winning,False,475.0,7.0,False
2025-05-01,18,TraderAgent,Abuja,2,-35.0625,22610.447265625,514255.875,Abuja,False,Onitsha,Abuja,winning,False,462.5,10.0,False
2025-05-01,19,TraderAgent,Abuja,3,20.0,5962.75537109375,477789.8125,Abuja,False,Onitsha,Onitsha,winning,False,451.25,3.0,False
2025-05-01,20,TraderAgent,Abuja,4,-10.0,10287.029296875,499464.71875,Abuja,False,Onitsha,Onitsha,winning,False,475.0,7.0,False
2025-05-01,21,BuyerAgent,Abuja,1,45.22918701171875,6622.47119140625,,,,,,,,,,
2025-05-01,22,BuyerAgent,Abuja,2,0.0,2847.82275390625,,,,,,,,,,
2025-05-01,23,BuyerAgent,Abuja,1,0.0,5117.3798828125,,,,,,,,,,
2025-05-01,24,BuyerAgent,Abuja,0,0.0,2812.779296875,,,,,,,,,,
2025-05-01,25,BuyerAgent,Abuja,1,0.0,4013.51171875,,,,,,,,,,
2025-05-01,26,BuyerAgent,Abuja,0,0.0,3780.2890625,,,,,,,,,,
2025-05-01,27,BuyerAgent,Abuja,2,0.0,1551.868896484375,,,,,,,,,,
2025-05-01,28,BuyerAgent,Abuja,0,0.0,4059.34130859375,,,,,,,,,,
2025-05-01,29,BuyerAgent,Abuja,1,0.0,2705.03466796875,,,,,,,,,,
2025-05-01,30,BuyerAgent,Abuja,0,0.0,3069.10107421875,,,,,,,,,,
2025-05-01,31,BuyerAgent,Abuja,2,0.0,1435.33935546875,,,,,,,,,,
2025-05-01,32,BuyerAgent,Abuja,1,0.0,172.83538818359375,,,,,,,,,,
2025-05-01,33,BuyerAgent,Abuja,2,0.0,1265.138916015625,,,,,,,,,,
2025-05-01,34,BuyerAgent,Abuja,1,0.0,2396.519775390625,,,,,,,,,,
2025-05-01,35,BuyerAgent,Abuja,2,0.0,1222.862548828125,,,,,,,,,,
2025-05-01,36,BuyerAgent,Abuja,2,0.0,22.862548828125,,,,,,,,,,
2025-05-01,37,BuyerAgent,Abuja,1,0.0,14.522705078125,,,,,,,,,,
2025-05-01,38,BuyerAgent,Abuja,1,0.0,0.0,,,,,,,,,,
2025-05-01,39,BuyerAgent,Abuja,0,0.0,0.0,,,,,,,,,,
2025-05-01,40,BuyerAgent,Abuja,0,0.0,0.0,,,,,,,,,,
2025-05-01,41,BuyerAgent,Abuja,2,0.0,0.0,,,,,,,,,,
2025-05-01,42,BuyerAgent,Abuja,2,0.0,0.0,,,,,,,,,,
2025-05-01,43,BuyerAgent,Abuja,2,0.0,0.0,,,,,,,,,,
2025-05-01,44,BuyerAgent,Abuja,0,0.0,0.0,,,,,,,,,,
2025-05-01,45,BuyerAgent,Abuja,0,0.0,0.0,,,,,,,,,,
2025-05-01,46,BuyerAgent,Abuja,0,0.0,0.0,,,,,,,,,,
2025-05-01,47,BuyerAgent,Abuja,0,0.0,0.0,,,,,,,,,,
2025-05-01,48,BuyerAgent,Abuja,2,0.0,0.0,,,,,,,,,,
2025-05-01,49,BuyerAgent,Abuja,0,0.0,0.0,,,,,,,,,,
2025-05-01,50,BuyerAgent,Abuja,1,0.0,0.0,,,,,,,,,,
2025-05-01,51,TransporterAgent,Abuja,0,13.110764166666504,-484.0674196666668,,,,,,,,,,
2025-05-01,52,TransporterAgent,Abuja,2,100.0,-211.45469999999995,,,,,,,,,,
2025-05-01,53,TransporterAgent,Abuja,1,-200.0,-148.59738800000002,,,,,,,,,,
2025-05-01,54,TransporterAgent,Abuja,2,100.0,-204.11655000000002,,,,,,,,,,
2025-05-01,55,TransporterAgent,Abuja,0,13.110764166666504,36.66226366666639,,,,,,,,,,
2025-05-01,56,TransporterAgent,Abuja,0,13.110764166666504,-656.1127858333335,,,,,,,,,,
2025-05-01,57,TransporterAgent,Abuja,0,13.110764166666504,-456.9350441666668,,,,,,,,,,
2025-05-01,58,TransporterAgent,Abuja,0,13.110764166666504,-130.40779833333355,,,,,,,,,,
2025-05-01,59,TransporterAgent,Abuja,1,-200.0,-340.59165,,,,,,,,,,
2025-05-01,60,TransporterAgent,Abuja,3,50.0,-783.0686708333334,,,,,,,,,,
2025-05-01,61,BankingAgent,Abuja,0,-0.0,-57.475,,,,,,,,,,
2025-05-01,62,BankingAgent,Abuja,2,-1.3749999999999996,-51.425000000000004,,,,,,,,,,
2025-05-01,63,BankingAgent,Abuja,1,-2.749999999999999,-49.225,,,,,,,,,,
2025-05-01,65,TraderAgent,Bauchi,3,20.0,3243.05615234375,487096.25,Bauchi,False,Port_Harcourt,Bauchi,winning,False,121.12,6.0,False
2025-05-01,66,TraderAgent,Bauchi,1,163.58388274863157,2794.326171875,391455.59375,Onitsha,True,Onitsha,Onitsha,winning,False,142.5,7.0,True
2025-05-01,67,TraderAgent,Bauchi,3,20.0,311.9372172619047,486006.96875,Bauchi,False,Port_Harcourt,Port_Harcourt,winning,False,135.38,1.0,False
2025-05-01,68,TraderAgent,Bauchi,1,163.58388274863157,2580.91552734375,358069.15625,Onitsha,True,Onitsha,Onitsha,winning,False,142.5,6.0,True
2025-05-01,69,TraderAgent,Bauchi,0,0.0,1272.6427648630688,338226.53125,Bauchi,False,Onitsha,Onitsha,winning,False,142.5,8.0,False
2025-05-01,70,TraderAgent,Bauchi,3,20.0,2509.19287109375,479111.59375,Bauchi,False,Onitsha,Onitsha,winning,False,135.38,3.0,False
2025-05-01,71,TraderAgent,Bauchi,0,380.99151611328125,5963.45556640625,452223.1875,Bauchi,False,Onitsha,Bauchi,winning,False,142.5,6.0,False
2025-05-01,72,TraderAgent,Bauchi,1,163.58388274863157,5118.03466796875,393609.09375,Onitsha,True,Onitsha,Onitsha,winning,False,142.5,7.0,True
2025-05-01,73,TraderAgent,Bauchi,0,305.99151611328125,4313.95068359375,489984.8125,Bauchi,False,Port_Harcourt,Bauchi,winning,False,127.5,9.0,False
2025-05-01,74,TraderAgent,Bauchi,0,0.0,2662.7509765625,357194.625,Bauchi,False,Onitsha,Onitsha,winning,False,142.5,7.0,False
2025-05-01,75,TraderAgent,Bauchi,0,305.99151611328125,9840.1474609375,509427.75,Bauchi,False,,Bauchi,winning,False,127.5,15.0,False
2025-05-01,76,TraderAgent,Bauchi,0,305.99151611328125,7669.8310546875,453585.53125,Bauchi,False,Onitsha,Bauchi,winning,False,127.5,12.0,False
2025-05-01,77,TraderAgent,Bauchi,1,163.58388274863157,1129.291015625,431493.375,Onitsha,True,Onitsha,Onitsha,winning,False,127.5,5.0,True
2025-05-01,78,TraderAgent,Bauchi,3,20.0,295.25,499975.25,Bauchi,False,,,winning,False,128.25,0.0,False
2025-05-01,79,TraderAgent,Bauchi,3,20.0,380.4256592592593,484280.8125,Bauchi,False,Port_Harcourt,Port_Harcourt,winning,False,135.38,1.0,False
2025-05-01,80,TraderAgent,Bauchi,0,305.99151611328125,10161.7001953125,509791.5625,Bauchi,False,,Bauchi,winning,False,127.5,15.0,False
2025-05-01,81,TraderAgent,Bauchi,0,380.99151611328125,1350.846435546875,415942.0,Bauchi,False,Onitsha,Bauchi,winning,False,142.5,7.0,False
2025-05-01,82,TraderAgent,Bauchi,0,0.0,2875.56103515625,444833.09375,Bauchi,False,Onitsha,Onitsha,winning,False,142.5,5.0,False
2025-05-01,83,TraderAgent,Bauchi,0,305.99151611328125,9823.8974609375,509401.53125,Bauchi,False,,Bauchi,winning,False,127.5,15.0,False
2025-05-01,84,TraderAgent,Bauchi,2,-27.5,2175.6513671875,446333.40625,Bauchi,False,Onitsha,Onitsha,winning,False,142.5,4.0,False
2025-05-01,85,BuyerAgent,Bauchi,0,69.00848388671875,971.1779174804688,,,,,,,,,,
2025-05-01,86,BuyerAgent,Bauchi,0,69.00848388671875,1086.5166015625,,,,,,,,,,
2025-05-01,87,BuyerAgent,Bauchi,0,69.00848388671875,1086.5166015625,,,,,,,,,,
2025-05-01,88,BuyerAgent,Bauchi,0,69.00848388671875,221.4788055419922,,,,,,,,,,
2025-05-01,89,BuyerAgent,Bauchi,0,69.00848388671875,988.3352661132812,,,,,,,,,,
2025-05-01,90,BuyerAgent,Bauchi,0,0.0,170.1324462890625,,,,,,,,,,
2025-05-01,91,BuyerAgent,Bauchi,0,0.0,142.735595703125,,,,,,,,,,
2025-05-01,92,BuyerAgent,Bauchi,0,0.0,142.735595703125,,,,,,,,,,
2025-05-01,93,BuyerAgent,Bauchi,1,0.0,142.735595703125,,,,,,,,,,
2025-05-01,94,BuyerAgent,Bauchi,0,0.0,142.735595703125,,,,,,,,,,
2025-05-01,95,BuyerAgent,Bauchi,0,0.0,142.735595703125,,,,,,,,,,
2025-05-01,96,BuyerAgent,Bauchi,2,0.0,142.735595703125,,,,,,,,,,
2025-05-01,97,BuyerAgent,Bauchi,2,0.0,0.0,,,,,,,,,,
2025-05-01,98,BuyerAgent,Bauchi,1,0.0,0.0,,,,,,,,,,
2025-05-01,99,BuyerAgent,Bauchi,0,0.0,0.0,,,,,,,,,,
2025-05-01,100,BuyerAgent,Bauchi,0,0.0,0.0,,,,,,,,,,
2025-05-01,101,BuyerAgent,Bauchi,0,0.0,0.0,,,,,,,,,,
2025-05-01,102,BuyerAgent,Bauchi,2,0.0,0.0,,,,,,,,,,
2025-05-01,103,BuyerAgent,Bauchi,0,0.0,0.0,,,,,,,,,,
2025-05-01,104,BuyerAgent,Bauchi,1,0.0,0.0,,,,,,,,,,
2025-05-01,105,BuyerAgent,Bauchi,0,0.0,0.0,,,,,,,,,,
2025-05-01,106,BuyerAgent,Bauchi,2,0.0,0.0,,,,,,,,,,
2025-05-01,107,BuyerAgent,Bauchi,2,0.0,0.0,,,,,,,,,,
2025-05-01,108,BuyerAgent,Bauchi,1,0.0,0.0,,,,,,,,,,
2025-05-01,109,BuyerAgent,Bauchi,2,0.0,0.0,,,,,,,,,,
2025-05-01,110,BuyerAgent,Bauchi,2,0.0,0.0,,,,,,,,,,
2025-05-01,111,BuyerAgent,Bauchi,1,0.0,0.0,,,,,,,,,,
2025-05-01,112,BuyerAgent,Bauchi,0,0.0,0.0,,,,,,,,,,
2025-05-01,113,BuyerAgent,Bauchi,2,0.0,0.0,,,,,,,,,,
2025-05-01,114,BuyerAgent,Bauchi,1,0.0,0.0,,,,,,,,,,
2025-05-01,115,TransporterAgent,Bauchi,0,2.75005913,-575.0747532798124,,,,,,,,,,
2025-05-01,116,TransporterAgent,Bauchi,0,2.75005913,-627.7225839676432,,,,,,,,,,
2025-05-01,117,TransporterAgent,Bauchi,3,50.0,650.0,,,,,,,,,,
2025-05-01,118,TransporterAgent,Bauchi,3,50.0,210.03571428571428,,,,,,,,,,
2025-05-01,119,TransporterAgent,Bauchi,0,2.75005913,-825.6584173009765,,,,,,,,,,
2025-05-01,120,TransporterAgent,Bauchi,3,50.0,600.0,,,,,,,,,,
2025-05-01,121,TransporterAgent,Bauchi,3,50.0,-1325.5945875420875,,,,,,,,,,
2025-05-01,122,TransporterAgent,Bauchi,3,50.0,-530.7196428571428,,,,,,,,,,
2025-05-01,123,TransporterAgent,Bauchi,3,50.0,363.84854497354496,,,,,,,,,,
2025-05-01,124,TransporterAgent,Bauchi,3,50.0,28.428492063492058,,,,,,,,,,
2025-05-01,125,BankingAgent,Bauchi,0,-0.0,-19.075000000000003,,,,,,,,,,
2025-05-01,126,BankingAgent,Bauchi,0,-0.0,-13.275,,,,,,,,,,
2025-05-01,127,BankingAgent,Bauchi,0,-0.0,-18.45,,,,,,,,,,
2025-05-01,129,TraderAgent,Kano,0,368.84246826171875,1274.461669921875,468165.40625,Kano,False,Onitsha,Kano,winning,False,162.5,5.0,False
2025-05-01,130,TraderAgent,Kano,4,-10.0,1835.88623046875,450454.28125,Kano,False,Onitsha,Onitsha,winning,False,190.0,6.0,False
2025-05-01,131,TraderAgent,Kano,0,506.34246826171875,1102.3931884765625,463046.53125,Kano,False,Onitsha,Kano,winning,False,190.0,5.0,False
2025-05-01,132,TraderAgent,Kano,3,20.0,2499.677734375,499182.53125,Kano,False,Bauchi,Kano,winning,False,175.75,8.0,False
2025-05-01,133,TraderAgent,Kano,0,0.0,3680.37890625,457321.75,Kano,False,Onitsha,Onitsha,winning,False,190.0,8.0,False
2025-05-01,134,TraderAgent,Kano,0,0.0,2598.626708984375,451705.3125,Kano,False,Onitsha,Onitsha,winning,False,190.0,10.0,False
2025-05-01,135,TraderAgent,Kano,0,368.84246826171875,1067.7890625,496718.125,Kano,False,Bauchi,Kano,winning,False,162.5,5.0,False
2025-05-01,136,TraderAgent,Kano,4,-10.0,1888.00927734375,498617.40625,Kano,False,Bauchi,Kano,winning,False,151.25,5.0,False
2025-05-01,137,TraderAgent,Kano,2,-35.0625,1334.8958740234375,481852.15625,Kano,False,Onitsha,Kano,winning,False,162.5,4.0,False
2025-05-01,138,TraderAgent,Kano,4,-10.0,816.565673828125,466788.6875,Kano,False,Onitsha,Onitsha,winning,False,190.0,5.0,False
2025-05-01,139,TraderAgent,Kano,2,-35.0625,3352.489013671875,483663.375,Kano,False,Onitsha,Onitsha,winning,False,190.0,5.0,False
2025-05-01,140,TraderAgent,Kano,0,0.0,600.8842163085938,482663.625,Kano,False,Onitsha,Onitsha,winning,False,190.0,2.0,False
2025-05-01,141,TraderAgent,Kano,2,-35.0625,3985.510009765625,500948.90625,Kano,False,Bauchi,Kano,winning,False,162.5,6.0,False
2025-05-01,142,TraderAgent,Kano,3,20.0,1422.7867431640625,493398.5625,Kano,False,Bauchi,Kano,winning,False,175.75,5.0,False
2025-05-01,143,TraderAgent,Kano,3,20.0,1098.013916015625,482840.75,Kano,False,Onitsha,Onitsha,winning,False,180.5,5.0,False
2025-05-01,144,TraderAgent,Kano,2,-35.0625,708.1923828125,466781.09375,Kano,False,Onitsha,Onitsha,winning,False,190.0,3.0,False
2025-05-01,145,TraderAgent,Kano,0,0.0,1100.1361083984375,424718.375,Kano,False,Onitsha,Onitsha,winning,False,190.0,8.0,False
2025-05-01,146,TraderAgent,Kano,0,0.0,404.7958389153732,462788.3125,Kano,False,Onitsha,Onitsha,winning,False,190.0,3.0,False
2025-05-01,147,TraderAgent,Kano,2,-35.0625,995.5545654296875,462997.96875,Kano,False,Onitsha,Onitsha,winning,False,190.0,6.0,False
2025-05-01,148,TraderAgent,Kano,3,20.0,1194.47705078125,482888.71875,Kano,False,Onitsha,Onitsha,winning,False,180.5,4.0,False
2025-05-01,149,BuyerAgent,Kano,2,0.0,826.7662963867188,,,,,,,,,,
2025-05-01,150,BuyerAgent,Kano,0,131.15753173828125,686.4830932617188,,,,,,,,,,
2025-05-01,151,BuyerAgent,Kano,1,131.15753173828125,678.7254028320312,,,,,,,,,,
2025-05-01,152,BuyerAgent,Kano,0,0.0,499.31365966796875,,,,,,,,,,
2025-05-01,153,BuyerAgent,Kano,0,0.0,115.6951904296875,,,,,,,,,,
2025-05-01,154,BuyerAgent,Kano,0,0.0,27.736663818359375,,,,,,,,,,
2025-05-01,155,BuyerAgent,Kano,1,0.0,283.8130187988281,,,,,,,,,,
2025-05-01,156,BuyerAgent,Kano,1,0.0,67.26821899414062,,,,,,,,,,
2025-05-01,157,BuyerAgent,Kano,2,0.0,283.8130187988281,,,,,,,,,,
2025-05-01,158,BuyerAgent,Kano,2,0.0,0.0,,,,,,,,,,
2025-05-01,159,BuyerAgent,Kano,0,0.0,280.76080322265625,,,,,,,,,,
2025-05-01,160,BuyerAgent,Kano,2,0.0,280.76080322265625,,,,,,,,,,
2025-05-01,161,BuyerAgent,Kano,2,0.0,44.01397705078125,,,,,,,,,,
2025-05-01,162,BuyerAgent,Kano,2,0.0,3.052215576171875,,,,,,,,,,
2025-05-01,163,BuyerAgent,Kano,1,0.0,3.052215576171875,,,,,,,,,,
2025-05-01,164,BuyerAgent,Kano,0,0.0,3.052215576171875,,,,,,,,,,
2025-05-01,165,BuyerAgent,Kano,0,0.0,0.0,,,,,,,,,,
2025-05-01,166,BuyerAgent,Kano,2,0.0,0.0,,,,,,,,,,
2025-05-01,167,BuyerAgent,Kano,0,0.0,0.0,,,,,,,,,,
2025-05-01,168,BuyerAgent,Kano,2,0.0,0.0,,,,,,,,,,
2025-05-01,169,BuyerAgent,Kano,0,0.0,0.0,,,,,,,,,,
2025-05-01,170,BuyerAgent,Kano,1,0.0,0.0,,,,,,,,,,
2025-05-01,171,BuyerAgent,Kano,1,0.0,0.0,,,,,,,,,,
2025-05-01,172,BuyerAgent,Kano,2,0.0,0.0,,,,,,,,,,
2025-05-01,173,BuyerAgent,Kano,2,0.0,0.0,,,,,,,,,,
2025-05-01,174,BuyerAgent,Kano,0,0.0,0.0,,,,,,,,,,
2025-05-01,175,BuyerAgent,Kano,0,0.0,0.0,,,,,,,,,,
2025-05-01,176,BuyerAgent,Kano,1,0.0,0.0,,,,,,,,,,
2025-05-01,177,BuyerAgent,Kano,0,0.0,0.0,,,,,,,,,,
2025-05-01,178,BuyerAgent,Kano,1,0.0,0.0,,,,,,,,,,
2025-05-01,179,TransporterAgent,Kano,0,10.306778000000005,141.60061708101153,,,,,,,,,,
2025-05-01,180,TransporterAgent,Kano,3,50.0,67.40199999999999,,,,,,,,,,
2025-05-01,181,TransporterAgent,Kano,3,50.0,-1008.3111055077329,,,,,,,,,,
2025-05-01,182,TransporterAgent,Kano,2,-50.0,-276.0332724867725,,,,,,,,,,
2025-05-01,183,TransporterAgent,Kano,0,10.306778000000005,265.73004387301586,,,,,,,,,,
2025-05-01,184,TransporterAgent,Kano,2,-50.0,-1332.6965142857143,,,,,,,,,,
2025-05-01,185,TransporterAgent,Kano,3,50.0,-761.9787341269841,,,,,,,,,,
2025-05-01,186,TransporterAgent,Kano,3,50.0,-379.1838,,,,,,,,,,
2025-05-01,187,TransporterAgent,Kano,2,-50.0,-583.5,,,,,,,,,,
2025-05-01,188,TransporterAgent,Kano,2,-50.0,-367.01574664903,,,,,,,,,,
2025-05-01,189,BankingAgent,Kano,0,-0.0,-25.150000000000002,,,,,,,,,,
2025-05-01,190,BankingAgent,Kano,0,-0.0,-46.75000000000001,,,,,,,,,,
2025-05-01,191,BankingAgent,Kano,1,-2.749999999999999,-51.87500000000001,,,,,,,,,,
2025-05-01,193,TraderAgent,Lagos,1,143.46695948287348,17022.091796875,488241.71875,Onitsha,True,Onitsha,Onitsha,winning,False,1067.5,7.0,True
2025-05-01,194,TraderAgent,Lagos,2,-23.71875,13337.2705078125,496701.09375,Lagos,False,Onitsha,Lagos,winning,False,1157.5,5.0,False
2025-05-01,195,TraderAgent,Lagos,0,6287.431640625,19372.0234375,496687.09375,Lagos,False,Onitsha,Onitsha,winning,False,1090.0,7.0,False
2025-05-01,196,TraderAgent,Lagos,0,6287.431640625,19504.859375,496970.5625,Lagos,False,Onitsha,Onitsha,winning,False,1090.0,6.0,False
2025-05-01,197,TraderAgent,Lagos,3,20.0,11963.4208984375,447429.1875,Lagos,False,Onitsha,Onitsha,winning,False,992.75,6.0,False
2025-05-01,198,TraderAgent,Lagos,1,143.46695948287348,22242.40625,482145.40625,Onitsha,True,Onitsha,Onitsha,winning,False,1090.0,6.0,True
2025-05-01,199,TraderAgent,Lagos,0,6287.431640625,14004.8505859375,496965.375,Lagos,False,Onitsha,Onitsha,winning,False,1090.0,4.0,False
2025-05-01,200,TraderAgent,Lagos,2,-23.71875,9912.34765625,493466.90625,Lagos,False,Onitsha,Lagos,winning,False,1090.0,5.0,False
2025-05-01,201,TraderAgent,Lagos,0,6287.431640625,10819.921875,499259.5625,Lagos,False,Onitsha,Onitsha,winning,False,1090.0,3.0,False
2025-05-01,202,TraderAgent,Lagos,0,2424.931640625,17341.970703125,500380.90625,Lagos,False,Onitsha,Lagos,winning,False,1067.5,5.0,False
2025-05-01,203,TraderAgent,Lagos,2,-23.71875,6844.10888671875,501289.90625,Lagos,False,Onitsha,Onitsha,winning,False,1045.0,2.0,False
2025-05-01,204,TraderAgent,Lagos,0,6287.431640625,22911.708984375,441319.90625,Lagos,False,Onitsha,Onitsha,winning,False,1090.0,7.0,False
2025-05-01,205,TraderAgent,Lagos,0,2537.431640625,14752.8671875,498024.46875,Lagos,False,Onitsha,Lagos,winning,False,1090.0,6.0,False
2025-05-01,206,TraderAgent,Lagos,1,143.46695948287348,16431.14453125,487650.375,Onitsha,True,Onitsha,Onitsha,winning,False,1157.5,6.0,True
2025-05-01,207,TraderAgent,Lagos,2,-23.71875,11170.484375,446602.53125,Lagos,False,Onitsha,Lagos,winning,False,1157.5,6.0,False
2025-05-01,208,TraderAgent,Lagos,0,2537.431640625,19773.00390625,497378.4375,Lagos,False,Onitsha,Lagos,winning,False,1090.0,5.0,False
2025-05-01,209,TraderAgent,Lagos,4,-10.0,18408.28125,496288.53125,Lagos,False,Onitsha,Lagos,winning,False,1157.5,6.0,False
2025-05-01,210,TraderAgent,Lagos,0,2424.931640625,23492.4609375,495538.15625,Lagos,False,Onitsha,Lagos,winning,False,1067.5,8.0,False
2025-05-01,211,TraderAgent,Lagos,3,20.0,12686.2099609375,496069.1875,Lagos,False,Onitsha,Lagos,winning,False,1099.62,5.0,False
2025-05-01,212,TraderAgent,Lagos,2,-23.71875,14469.931640625,497536.46875,Lagos,False,Onitsha,Onitsha,winning,False,1090.0,5.0,False
2025-05-01,213,BuyerAgent,Lagos,1,825.068359375,6015.369140625,,,,,,,,,,
2025-05-01,214,BuyerAgent,Lagos,1,825.068359375,2960.859375,,,,,,,,,,
2025-05-01,215,BuyerAgent,Lagos,1,712.568359375,2586.63330078125,,,,,,,,,,
2025-05-01,216,BuyerAgent,Lagos,0,712.568359375,4474.6298828125,,,,,,,,,,
2025-05-01,217,BuyerAgent,Lagos,2,0.0,2231.2255859375,,,,,,,,,,
2025-05-01,218,BuyerAgent,Lagos,2,0.0,2556.053466796875,,,,,,,,,,
2025-05-01,219,BuyerAgent,Lagos,1,712.568359375,2614.78564453125,,,,,,,,,,
2025-05-01,220,BuyerAgent,Lagos,0,712.568359375,2836.3642578125,,,,,,,,,,
2025-05-01,221,BuyerAgent,Lagos,1,712.568359375,1346.553955078125,,,,,,,,,,
2025-05-01,222,BuyerAgent,Lagos,0,712.568359375,1739.5806884765625,,,,,,,,,,
2025-05-01,223,BuyerAgent,Lagos,2,0.0,2095.159912109375,,,,,,,,,,
2025-05-01,224,BuyerAgent,Lagos,1,712.568359375,2147.98291015625,,,,,,,,,,
2025-05-01,225,BuyerAgent,Lagos,1,0.0,815.1641845703125,,,,,,,,,,
2025-05-01,226,BuyerAgent,Lagos,2,0.0,733.3868408203125,,,,,,,,,,
2025-05-01,227,BuyerAgent,Lagos,0,0.0,0.0,,,,,,,,,,
2025-05-01,228,BuyerAgent,Lagos,2,0.0,0.0,,,,,,,,,,
2025-05-01,229,BuyerAgent,Lagos,1,0.0,0.0,,,,,,,,,,
2025-05-01,230,BuyerAgent,Lagos,2,0.0,0.0,,,,,,,,,,
2025-05-01,231,BuyerAgent,Lagos,2,0.0,0.0,,,,,,,,,,
2025-05-01,232,BuyerAgent,Lagos,1,0.0,0.0,,,,,,,,,,
2025-05-01,233,BuyerAgent,Lagos,1,0.0,0.0,,,,,,,,,,
2025-05-01,234,BuyerAgent,Lagos,2,0.0,0.0,,,,,,,,,,
2025-05-01,235,BuyerAgent,Lagos,2,0.0,0.0,,,,,,,,,,
2025-05-01,236,BuyerAgent,Lagos,1,0.0,0.0,,,,,,,,,,
2025-05-01,237,BuyerAgent,Lagos,1,0.0,0.0,,,,,,,,,,
2025-05-01,238,BuyerAgent,Lagos,1,0.0,0.0,,,,,,,,,,
2025-05-01,239,BuyerAgent,Lagos,2,0.0,0.0,,,,,,,,,,
2025-05-01,240,BuyerAgent,Lagos,1,0.0,0.0,,,,,,,,,,
2025-05-01,241,BuyerAgent,Lagos,1,0.0,0.0,,,,,,,,,,
2025-05-01,242,BuyerAgent,Lagos,2,0.0,0.0,,,,,,,,,,
2025-05-01,243,TransporterAgent,Lagos,2,100.0,-452.2238777369723,,,,,,,,,,
2025-05-01,244,TransporterAgent,Lagos,0,7.219517522000001,-1135.5779103280001,,,,,,,,,,
2025-05-01,245,TransporterAgent,Lagos,1,-200.0,-366.20342307692306,,,,,,,,,,
2025-05-01,246,TransporterAgent,Lagos,1,-200.0,-1044.238386895784,,,,,,,,,,
2025-05-01,247,TransporterAgent,Lagos,0,7.219517522000001,-1304.0727647986205,,,,,,,,,,
2025-05-01,248,TransporterAgent,Lagos,1,-200.0,-1071.4761375231378,,,,,,,,,,
2025-05-01,249,TransporterAgent,Lagos,0,7.219517522000001,-962.9104117108042,,,,,,,,,,
2025-05-01,250,TransporterAgent,Lagos,0,7.219517522000001,-105.05938443878425,,,,,,,,,,
2025-05-01,251,TransporterAgent,Lagos,1,-200.0,120.88729999999998,,,,,,,,,,
2025-05-01,252,TransporterAgent,Lagos,1,-200.0,-1320.5128478602553,,,,,,,,,,
2025-05-01,253,BankingAgent,Lagos,1,-2.749999999999999,-55.75,,,,,,,,,,
2025-05-01,254,BankingAgent,Lagos,2,-1.3749999999999996,-37.025000000000006,,,,,,,,,,
2025-05-01,255,BankingAgent,Lagos,2,-1.3749999999999996,-49.47500000000001,,,,,,,,,,
2025-05-01,257,TraderAgent,Onitsha,0,1817.3077392578125,6542.7705078125,490221.6875,Onitsha,False,Lagos,Onitsha,winning,False,717.5,6.0,False
2025-05-01,258,TraderAgent,Onitsha,4,-10.0,3409.62744140625,494930.4375,Onitsha,False,Port_Harcourt,Port_Harcourt,winning,False,760.0,4.0,False
2025-05-01,259,TraderAgent,Onitsha,0,1929.8077392578125,11784.6064453125,489767.6875,Onitsha,False,Lagos,Onitsha,winning,False,740.0,9.0,False
2025-05-01,260,TraderAgent,Onitsha,1,148.16193091408562,652.6153949997998,463481.09375,Lagos,True,Lagos,Lagos,winning,False,760.0,3.0,True
2025-05-01,261,TraderAgent,Onitsha,0,1929.8077392578125,28167.28515625,516317.875,Onitsha,False,Lagos,Onitsha,winning,False,740.0,10.0,False
2025-05-01,262,TraderAgent,Onitsha,0,1929.8077392578125,4255.37939453125,487787.4375,Onitsha,False,Lagos,Onitsha,winning,False,740.0,4.0,False
2025-05-01,263,TraderAgent,Onitsha,1,148.16193091408562,4783.3154296875,470965.46875,Lagos,True,Lagos,Lagos,winning,False,740.0,5.0,True
2025-05-01,264,TraderAgent,Onitsha,1,148.16193091408562,4601.6015625,480014.8125,Lagos,True,Lagos,Lagos,winning,False,740.0,4.0,True
2025-05-01,265,TraderAgent,Onitsha,0,0.0,8446.9013671875,492520.625,Onitsha,False,Lagos,Lagos,winning,False,760.0,8.0,False
2025-05-01,266,TraderAgent,Onitsha,3,20.0,23261.611328125,518041.09375,Onitsha,False,Port_Harcourt,Onitsha,winning,False,681.62,7.0,False
2025-05-01,267,TraderAgent,Onitsha,2,-27.5,19187.33984375,511857.375,Onitsha,False,Lagos,Onitsha,winning,False,740.0,4.0,False
2025-05-01,268,TraderAgent,Onitsha,1,148.16193091408562,23049.142578125,479474.3125,Lagos,True,Lagos,Lagos,winning,False,760.0,8.0,True
2025-05-01,269,TraderAgent,Onitsha,0,2029.8077392578125,7824.755859375,485800.625,Onitsha,False,Lagos,Onitsha,winning,False,760.0,7.0,False
2025-05-01,270,TraderAgent,Onitsha,1,148.16193091408562,2833.16455078125,452137.875,Lagos,True,Lagos,Lagos,winning,False,760.0,5.0,True
2025-05-01,271,TraderAgent,Onitsha,3,20.0,10803.1220703125,496254.09375,Onitsha,False,Lagos,Onitsha,winning,False,703.0,8.0,False
2025-05-01,272,TraderAgent,Onitsha,3,20.0,5587.44140625,490054.09375,Onitsha,False,Port_Harcourt,Onitsha,winning,False,703.0,5.0,False
2025-05-01,273,TraderAgent,Onitsha,2,-27.5,2498.22314453125,502420.375,Onitsha,False,,Onitsha,winning,False,672.5,2.0,False
2025-05-01,274,TraderAgent,Onitsha,0,0.0,5323.798828125,481140.0,Onitsha,False,Lagos,Lagos,winning,False,760.0,6.0,False
2025-05-01,275,TraderAgent,Onitsha,4,-10.0,3858.06591796875,475791.03125,Onitsha,False,Lagos,Lagos,winning,False,760.0,5.0,False
2025-05-01,276,TraderAgent,Onitsha,1,148.16193091408562,3092.537841796875,456418.96875,Lagos,True,Lagos,Lagos,winning,False,760.0,5.0,True
2025-05-01,277,BuyerAgent,Onitsha,1,182.6922607421875,3672.80126953125,,,,,,,,,,
2025-05-01,278,BuyerAgent,Onitsha,2,0.0,581.925048828125,,,,,,,,,,
2025-05-01,279,BuyerAgent,Onitsha,0,70.1922607421875,2881.63916015625,,,,,,,,,,
2025-05-01,280,BuyerAgent,Onitsha,0,70.1922607421875,2528.03369140625,,,,,,,,,,
2025-05-01,281,BuyerAgent,Onitsha,1,70.1922607421875,2315.85009765625,,,,,,,,,,
2025-05-01,282,BuyerAgent,Onitsha,0,0.0,316.9097900390625,,,,,,,,,,
2025-05-01,283,BuyerAgent,Onitsha,1,0.0,222.2979736328125,,,,,,,,,,
2025-05-01,284,BuyerAgent,Onitsha,1,0.0,516.78466796875,,,,,,,,,,
2025-05-01,285,BuyerAgent,Onitsha,0,0.0,112.2698974609375,,,,,,,,,,
2025-05-01,286,BuyerAgent,Onitsha,2,0.0,81.982421875,,,,,,,,,,
2025-05-01,287,BuyerAgent,Onitsha,2,0.0,155.35491943359375,,,,,,,,,,
2025-05-01,288,BuyerAgent,Onitsha,0,0.0,140.49896240234375,,,,,,,,,,
2025-05-01,289,BuyerAgent,Onitsha,2,0.0,10.87249755859375,,,,,,,,,,
2025-05-01,290,BuyerAgent,Onitsha,2,0.0,10.87249755859375,,,,,,,,,,
2025-05-01,291,BuyerAgent,Onitsha,0,0.0,0.0,,,,,,,,,,
2025-05-01,292,BuyerAgent,Onitsha,1,0.0,0.0,,,,,,,,,,
2025-05-01,293,BuyerAgent,Onitsha,2,0.0,0.0,,,,,,,,,,
2025-05-01,294,BuyerAgent,Onitsha,1,0.0,0.0,,,,,,,,,,
2025-05-01,295,BuyerAgent,Onitsha,2,0.0,0.0,,,,,,,,,,
2025-05-01,296,BuyerAgent,Onitsha,0,0.0,0.0,,,,,,,,,,
2025-05-01,297,BuyerAgent,Onitsha,0,0.0,0.0,,,,,,,,,,
2025-05-01,298,BuyerAgent,Onitsha,2,0.0,0.0,,,,,,,,,,
2025-05-01,299,BuyerAgent,Onitsha,1,0.0,0.0,,,,,,,,,,
2025-05-01,300,BuyerAgent,Onitsha,1,0.0,0.0,,,,,,,,,,
2025-05-01,301,BuyerAgent,Onitsha,0,0.0,0.0,,,,,,,,,,
2025-05-01,302,BuyerAgent,Onitsha,2,0.0,0.0,,,,,,,,,,
2025-05-01,303,BuyerAgent,Onitsha,0,0.0,0.0,,,,,,,,,,
2025-05-01,304,BuyerAgent,Onitsha,1,0.0,0.0,,,,,,,,,,
2025-05-01,305,BuyerAgent,Onitsha,1,0.0,0.0,,,,,,,,,,
2025-05-01,306,BuyerAgent,Onitsha,2,0.0,0.0,,,,,,,,,,
2025-05-01,307,TransporterAgent,Onitsha,1,-200.0,34.87675243627967,,,,,,,,,,
2025-05-01,308,TransporterAgent,Onitsha,3,50.0,75.1998747359018,,,,,,,,,,
2025-05-01,309,TransporterAgent,Onitsha,3,50.0,311.0165569444445,,,,,,,,,,
2025-05-01,310,TransporterAgent,Onitsha,3,50.0,-104.28028673038699,,,,,,,,,,
2025-05-01,311,TransporterAgent,Onitsha,2,100.0,162.75717111111112,,,,,,,,,,
2025-05-01,312,TransporterAgent,Onitsha,3,50.0,-978.2321129789918,,,,,,,,,,
2025-05-01,313,TransporterAgent,Onitsha,0,16.76786547448376,-79.45869186678601,,,,,,,,,,
2025-05-01,314,TransporterAgent,Onitsha,0,16.76786547448376,351.22132922308856,,,,,,,,,,
2025-05-01,315,TransporterAgent,Onitsha,0,16.76786547448376,32.55443214115044,,,,,,,,,,
2025-05-01,316,TransporterAgent,Onitsha,1,-200.0,-1198.939527978992,,,,,,,,,,
2025-05-01,317,BankingAgent,Onitsha,0,-0.0,-38.7,,,,,,,,,,
2025-05-01,318,BankingAgent,Onitsha,2,-1.3749999999999996,-54.775000000000006,,,,,,,,,,
2025-05-01,319,BankingAgent,Onitsha,0,-0.0,-40.175000000000004,,,,,,,,,,
2025-05-01,321,TraderAgent,Port_Harcourt,3,20.0,29072.26171875,521141.46875,Port_Harcourt,False,Onitsha,Port_Harcourt,winning,False,1439.25,7.0,False
2025-05-01,322,TraderAgent,Port_Harcourt,1,168.9551323076923,21697.798828125,509108.09375,Onitsha,True,Onitsha,Onitsha,winning,False,1335.0,5.0,True
2025-05-01,323,TraderAgent,Port_Harcourt,4,-10.0,23341.69140625,518869.53125,Port_Harcourt,False,Onitsha,Onitsha,winning,False,1335.0,5.0,False
2025-05-01,324,TraderAgent,Port_Harcourt,4,-10.0,10437.154296875,510214.71875,Port_Harcourt,False,,Port_Harcourt,winning,False,1515.0,4.0,False
2025-05-01,325,TraderAgent,Port_Harcourt,0,3852.13623046875,23557.755859375,518284.53125,Port_Harcourt,False,Onitsha,Port_Harcourt,winning,False,1515.0,6.0,False
2025-05-01,326,TraderAgent,Port_Harcourt,1,168.9551323076923,15509.419921875,501933.5625,Onitsha,True,Onitsha,Onitsha,winning,False,1267.5,3.0,True
2025-05-01,327,TraderAgent,Port_Harcourt,0,2839.63623046875,25850.0078125,521410.46875,Port_Harcourt,False,Onitsha,Port_Harcourt,winning,False,1312.5,6.0,False
2025-05-01,328,TraderAgent,Port_Harcourt,4,-10.0,29845.935546875,522908.875,Port_Harcourt,False,Onitsha,Onitsha,winning,False,1312.5,6.0,False
2025-05-01,329,TraderAgent,Port_Harcourt,1,168.9551323076923,13802.169921875,500279.59375,Onitsha,True,Onitsha,Onitsha,winning,False,1515.0,4.0,True
2025-05-01,330,TraderAgent,Port_Harcourt,0,9327.13671875,32827.23046875,527704.0625,Port_Harcourt,False,Onitsha,Onitsha,winning,False,1335.0,9.0,False
2025-05-01,331,TraderAgent,Port_Harcourt,1,168.9551323076923,26024.875,509843.1875,Onitsha,True,Onitsha,Onitsha,winning,False,1515.0,6.0,True
2025-05-01,332,TraderAgent,Port_Harcourt,3,20.0,14310.6845703125,463413.625,Port_Harcourt,False,Onitsha,Port_Harcourt,winning,False,1439.25,4.0,False
2025-05-01,333,TraderAgent,Port_Harcourt,0,9327.13671875,15940.3583984375,511102.8125,Port_Harcourt,False,Onitsha,Onitsha,winning,False,1335.0,3.0,False
2025-05-01,334,TraderAgent,Port_Harcourt,0,2839.63623046875,25460.1953125,521061.09375,Port_Harcourt,False,Onitsha,Port_Harcourt,winning,False,1312.5,5.0,False
2025-05-01,335,TraderAgent,Port_Harcourt,0,2839.63623046875,27971.619140625,523509.5625,Port_Harcourt,False,Onitsha,Port_Harcourt,winning,False,1312.5,7.0,False
2025-05-01,336,TraderAgent,Port_Harcourt,3,20.0,25953.904296875,520607.75,Port_Harcourt,False,Onitsha,Port_Harcourt,winning,False,1439.25,8.0,False
2025-05-01,337,TraderAgent,Port_Harcourt,2,-27.5,31932.8515625,522393.8125,Port_Harcourt,False,Onitsha,Onitsha,winning,False,1312.5,6.0,False
2025-05-01,338,TraderAgent,Port_Harcourt,0,2839.63623046875,32049.958984375,479402.3125,Port_Harcourt,False,Onitsha,Port_Harcourt,winning,False,1312.5,9.0,False
2025-05-01,339,TraderAgent,Port_Harcourt,4,-10.0,16505.703125,511224.625,Port_Harcourt,False,Onitsha,Port_Harcourt,winning,False,1515.0,5.0,False
2025-05-01,340,TraderAgent,Port_Harcourt,0,9327.13671875,38511.13671875,529271.9375,Port_Harcourt,False,Onitsha,Onitsha,winning,False,1335.0,7.0,False
2025-05-01,341,BuyerAgent,Port_Harcourt,0,1285.36376953125,12943.916015625,,,,,,,,,,
2025-05-01,342,BuyerAgent,Port_Harcourt,2,0.0,18948.955078125,,,,,,,,,,
2025-05-01,343,BuyerAgent,Port_Harcourt,1,1285.36376953125,10908.443359375,,,,,,,,,,
2025-05-01,344,BuyerAgent,Port_Harcourt,0,1285.36376953125,8995.2880859375,,,,,,,,,,
2025-05-01,345,BuyerAgent,Port_Harcourt,0,1285.36376953125,19830.107421875,,,,,,,,,,
2025-05-01,346,BuyerAgent,Port_Harcourt,2,0.0,11116.056640625,,,,,,,,,,
2025-05-01,347,BuyerAgent,Port_Harcourt,0,1172.86376953125,14965.904296875,,,,,,,,,,
2025-05-01,348,BuyerAgent,Port_Harcourt,2,0.0,7754.28857421875,,,,,,,,,,
2025-05-01,349,BuyerAgent,Port_Harcourt,2,0.0,7837.974609375,,,,,,,,,,
2025-05-01,350,BuyerAgent,Port_Harcourt,2,0.0,3570.584228515625,,,,,,,,,,
2025-05-01,351,BuyerAgent,Port_Harcourt,1,1172.86376953125,3133.607177734375,,,,,,,,,,
2025-05-01,352,BuyerAgent,Port_Harcourt,1,1172.86376953125,2838.14501953125,,,,,,,,,,
2025-05-01,353,BuyerAgent,Port_Harcourt,1,272.86376953125,556.8719482421875,,,,,,,,,,
2025-05-01,354,BuyerAgent,Port_Harcourt,0,0.0,2874.98583984375,,,,,,,,,,
2025-05-01,355,BuyerAgent,Port_Harcourt,2,0.0,184.0081787109375,,,,,,,,,,
2025-05-01,356,BuyerAgent,Port_Harcourt,1,0.0,0.0,,,,,,,,,,
2025-05-01,357,BuyerAgent,Port_Harcourt,2,0.0,1090.977783203125,,,,,,,,,,
2025-05-01,358,BuyerAgent,Port_Harcourt,0,0.0,715.977783203125,,,,,,,,,,
2025-05-01,359,BuyerAgent,Port_Harcourt,1,0.0,715.977783203125,,,,,,,,,,
2025-05-01,360,BuyerAgent,Port_Harcourt,2,0.0,715.977783203125,,,,,,,,,,
2025-05-01,361,BuyerAgent,Port_Harcourt,0,0.0,0.0,,,,,,,,,,
2025-05-01,362,BuyerAgent,Port_Harcourt,2,0.0,184.0081787109375,,,,,,,,,,
2025-05-01,363,BuyerAgent,Port_Harcourt,0,0.0,0.0,,,,,,,,,,
2025-05-01,364,BuyerAgent,Port_Harcourt,1,0.0,0.0,,,,,,,,,,
2025-05-01,365,BuyerAgent,Port_Harcourt,0,0.0,0.0,,,,,,,,,,
2025-05-01,366,BuyerAgent,Port_Harcourt,1,0.0,0.0,,,,,,,,,,
2025-05-01,367,BuyerAgent,Port_Harcourt,1,0.0,0.0,,,,,,,,,,
2025-05-01,368,BuyerAgent,Port_Harcourt,2,0.0,0.0,,,,,,,,,,
2025-05-01,369,BuyerAgent,Port_Harcourt,1,0.0,0.0,,,,,,,,,,
2025-05-01,370,BuyerAgent,Port_Harcourt,1,0.0,0.0,,,,,,,,,,
2025-05-01,371,TransporterAgent,Port_Harcourt,2,-50.0,-273.7368181818182,,,,,,,,,,
2025-05-01,372,TransporterAgent,Port_Harcourt,0,1.099444444444448,44.80543497474738,,,,,,,,,,
2025-05-01,373,TransporterAgent,Port_Harcourt,3,50.0,449.87971654040393,,,,,,,,,,
2025-05-01,374,TransporterAgent,Port_Harcourt,0,1.099444444444448,-372.20390404040404,,,,,,,,,,
2025-05-01,375,TransporterAgent,Port_Harcourt,3,50.0,-19.62735795454546,,,,,,,,,,
2025-05-01,376,TransporterAgent,Port_Harcourt,0,1.099444444444448,-667.0375612373738,,,,,,,,,,
2025-05-01,377,TransporterAgent,Port_Harcourt,3,50.0,-68.17906054292928,,,,,,,,,,
2025-05-01,378,TransporterAgent,Port_Harcourt,1,-200.0,-570.78,,,,,,,,,,
2025-05-01,379,TransporterAgent,Port_Harcourt,1,-200.0,-539.5391678661615,,,,,,,,,,
2025-05-01,380,TransporterAgent,Port_Harcourt,0,1.099444444444448,-134.82782828282828,,,,,,,,,,
2025-05-01,381,BankingAgent,Port_Harcourt,1,-2.749999999999999,-41.675000000000004,,,,,,,,,,
2025-05-01,382,BankingAgent,Port_Harcourt,0,-0.0,-25.150000000000006,,,,,,,,,,
2025-05-01,383,BankingAgent,Port_Harcourt,0,-0.0,-35.025,,,,,,,,,,
2025-06-01,1,TraderAgent,Abuja,0,1268.266845703125,15008.3505859375,486777.90625,Abuja,False,Onitsha,Abuja,winning,False,475.0,6.0,False
2025-06-01,2,TraderAgent,Abuja,0,1268.266845703125,16957.904296875,442611.625,Abuja,False,Onitsha,Abuja,winning,False,475.0,4.0,False
2025-06-01,3,TraderAgent,Abuja,0,1268.266845703125,15236.3994140625,497450.1875,Abuja,False,Onitsha,Abuja,winning,False,475.0,8.0,False
2025-06-01,4,TraderAgent,Abuja,3,20.0,29559.787109375,484985.625,Abuja,False,Onitsha,Abuja,winning,False,439.38,10.0,False
2025-06-01,5,TraderAgent,Abuja,1,150.63979684452,16336.537109375,484935.6875,Onitsha,True,Onitsha,Onitsha,winning,False,440.0,5.0,True
2025-06-01,6,TraderAgent,Abuja,4,-10.0,18283.7265625,493115.8125,Abuja,False,Onitsha,Abuja,winning,False,462.5,6.0,False
2025-06-01,7,TraderAgent,Abuja,0,0.0,30579.888671875,429574.0,Abuja,False,Onitsha,Onitsha,winning,False,475.0,10.0,False
2025-06-01,8,TraderAgent,Abuja,0,0.0,28330.646484375,473978.0,Abuja,False,Onitsha,Onitsha,winning,False,475.0,11.0,False
2025-06-01,9,TraderAgent,Abuja,0,0.0,11042.236328125,432572.90625,Abuja,False,Onitsha,Onitsha,winning,False,475.0,7.0,False
2025-06-01,10,TraderAgent,Abuja,1,150.63979684452,15631.154296875,481671.1875,Onitsha,True,Onitsha,Onitsha,winning,False,462.5,6.0,True
2025-06-01,11,TraderAgent,Abuja,4,-10.0,23977.66796875,488942.40625,Abuja,False,Onitsha,Abuja,winning,False,417.5,6.0,False
2025-06-01,12,TraderAgent,Abuja,0,0.0,11685.2998046875,485333.46875,Abuja,False,Onitsha,Onitsha,winning,False,475.0,6.0,False
2025-06-01,13,TraderAgent,Abuja,4,-10.0,18170.458984375,500325.1875,Abuja,False,Onitsha,Onitsha,winning,False,475.0,7.0,False
2025-06-01,14,TraderAgent,Abuja,0,0.0,3183.7509765625,493213.96875,Abuja,False,Onitsha,Onitsha,winning,False,475.0,4.0,False
2025-06-01,15,TraderAgent,Abuja,1,150.63979684452,17179.033203125,485736.1875,Onitsha,True,Onitsha,Onitsha,winning,False,462.5,6.0,True
2025-06-01,16,TraderAgent,Abuja,0,0.0,10099.947265625,414141.375,Abuja,False,Onitsha,Onitsha,winning,False,475.0,5.0,False
2025-06-01,17,TraderAgent,Abuja,2,-35.0625,20393.640625,476688.15625,Abuja,False,Onitsha,Onitsha,winning,False,475.0,7.0,False
2025-06-01,18,TraderAgent,Abuja,1,150.63979684452,22761.087890625,499345.8125,Onitsha,True,Onitsha,Onitsha,winning,False,462.5,10.0,True
2025-06-01,19,TraderAgent,Abuja,2,-35.0625,5927.69287109375,477754.75,Abuja,False,Onitsha,Onitsha,winning,False,475.0,3.0,False
2025-06-01,20,TraderAgent,Abuja,3,20.0,10307.029296875,499464.71875,Abuja,False,Onitsha,Onitsha,winning,False,451.25,7.0,False
2025-06-01,21,BuyerAgent,Abuja,1,0.0,6622.47119140625,,,,,,,,,,
2025-06-01,22,BuyerAgent,Abuja,1,0.0,2847.82275390625,,,,,,,,,,
2025-06-01,23,BuyerAgent,Abuja,0,0.0,5117.3798828125,,,,,,,,,,
2025-06-01,24,BuyerAgent,Abuja,1,0.0,2812.779296875,,,,,,,,,,
2025-06-01,25,BuyerAgent,Abuja,2,0.0,4013.51171875,,,,,,,,,,
2025-06-01,26,BuyerAgent,Abuja,2,0.0,3780.2890625,,,,,,,,,,
2025-06-01,27,BuyerAgent,Abuja,0,0.0,1551.868896484375,,,,,,,,,,
2025-06-01,28,BuyerAgent,Abuja,1,0.0,4059.34130859375,,,,,,,,,,
2025-06-01,29,BuyerAgent,Abuja,1,0.0,2705.03466796875,,,,,,,,,,
2025-06-01,30,BuyerAgent,Abuja,1,0.0,3069.10107421875,,,,,,,,,,
2025-06-01,31,BuyerAgent,Abuja,2,0.0,1435.33935546875,,,,,,,,,,
2025-06-01,32,BuyerAgent,Abuja,0,0.0,172.83538818359375,,,,,,,,,,
2025-06-01,33,BuyerAgent,Abuja,1,0.0,1265.138916015625,,,,,,,,,,
2025-06-01,34,BuyerAgent,Abuja,1,0.0,2396.519775390625,,,,,,,,,,
2025-06-01,35,BuyerAgent,Abuja,1,0.0,1222.862548828125,,,,,,,,,,
2025-06-01,36,BuyerAgent,Abuja,1,0.0,22.862548828125,,,,,,,,,,
2025-06-01,37,BuyerAgent,Abuja,1,0.0,14.522705078125,,,,,,,,,,
2025-06-01,38,BuyerAgent,Abuja,2,0.0,0.0,,,,,,,,,,
2025-06-01,39,BuyerAgent,Abuja,1,0.0,0.0,,,,,,,,,,
2025-06-01,40,BuyerAgent,Abuja,0,0.0,0.0,,,,,,,,,,
2025-06-01,41,BuyerAgent,Abuja,0,0.0,0.0,,,,,,,,,,
2025-06-01,42,BuyerAgent,Abuja,2,0.0,0.0,,,,,,,,,,
2025-06-01,43,BuyerAgent,Abuja,2,0.0,0.0,,,,,,,,,,
2025-06-01,44,BuyerAgent,Abuja,0,0.0,0.0,,,,,,,,,,
2025-06-01,45,BuyerAgent,Abuja,1,0.0,0.0,,,,,,,,,,
2025-06-01,46,BuyerAgent,Abuja,2,0.0,0.0,,,,,,,,,,
2025-06-01,47,BuyerAgent,Abuja,1,0.0,0.0,,,,,,,,,,
2025-06-01,48,BuyerAgent,Abuja,1,0.0,0.0,,,,,,,,,,
2025-06-01,49,BuyerAgent,Abuja,0,0.0,0.0,,,,,,,,,,
2025-06-01,50,BuyerAgent,Abuja,2,0.0,0.0,,,,,,,,,,
2025-06-01,51,TransporterAgent,Abuja,3,50.0,-434.0674196666668,,,,,,,,,,
2025-06-01,52,TransporterAgent,Abuja,0,13.489584764166649,-197.9651152358333,,,,,,,,,,
2025-06-01,53,TransporterAgent,Abuja,2,100.0,-48.597388000000024,,,,,,,,,,
2025-06-01,54,TransporterAgent,Abuja,0,13.489584764166649,-190.62696523583338,,,,,,,,,,
2025-06-01,55,TransporterAgent,Abuja,2,100.0,136.66226366666638,,,,,,,,,,
2025-06-01,56,TransporterAgent,Abuja,2,100.0,-556.1127858333335,,,,,,,,,,
2025-06-01,57,TransporterAgent,Abuja,1,-200.0,-656.9350441666668,,,,,,,,,,
2025-06-01,58,TransporterAgent,Abuja,0,13.489584764166649,-116.9182135691669,,,,,,,,,,
2025-06-01,59,TransporterAgent,Abuja,3,50.0,-290.59165,,,,,,,,,,
2025-06-01,60,TransporterAgent,Abuja,0,13.489584764166649,-769.5790860691667,,,,,,,,,,
2025-06-01,61,BankingAgent,Abuja,0,-0.0,-57.475,,,,,,,,,,
2025-06-01,62,BankingAgent,Abuja,0,-0.0,-51.425000000000004,,,,,,,,,,
2025-06-01,63,BankingAgent,Abuja,1,-2.749999999999999,-54.725,,,,,,,,,,
2025-06-01,65,TraderAgent,Bauchi,3,20.0,3263.05615234375,487096.25,Bauchi,False,Port_Harcourt,Bauchi,winning,False,353.88,6.0,False
2025-06-01,66,TraderAgent,Bauchi,0,0.0,2794.326171875,396497.3125,Bauchi,False,Onitsha,Onitsha,winning,False,475.0,8.0,False
2025-06-01,67,TraderAgent,Bauchi,3,20.0,331.9372172619047,486006.96875,Bauchi,False,Port_Harcourt,Port_Harcourt,winning,False,451.25,1.0,False
2025-06-01,68,TraderAgent,Bauchi,0,0.0,2580.91552734375,363110.875,Bauchi,False,Onitsha,Onitsha,winning,False,475.0,7.0,False
2025-06-01,69,TraderAgent,Bauchi,1,159.5719341299229,1432.2146989929918,333848.71875,Kano,True,Kano,Kano,winning,False,475.0,8.0,True
2025-06-01,70,TraderAgent,Bauchi,1,159.5719341299229,2668.764892578125,474733.8125,Kano,True,Kano,Kano,winning,False,475.0,3.0,True
2025-06-01,71,TraderAgent,Bauchi,1,159.5719341299229,6123.02734375,447845.40625,Kano,True,Kano,Kano,winning,False,383.75,6.0,True
2025-06-01,72,TraderAgent,Bauchi,0,0.0,5118.03466796875,398650.8125,Bauchi,False,Onitsha,Onitsha,winning,False,475.0,8.0,False
2025-06-01,73,TraderAgent,Bauchi,0,835.47119140625,5149.421875,490792.75,Bauchi,False,Port_Harcourt,Bauchi,winning,False,383.75,10.0,False
2025-06-01,74,TraderAgent,Bauchi,1,159.5719341299229,2822.322998046875,352816.8125,Kano,True,Kano,Kano,winning,False,475.0,7.0,True
2025-06-01,75,TraderAgent,Bauchi,0,835.47119140625,10675.619140625,510235.71875,Bauchi,False,,Bauchi,winning,False,383.75,16.0,False
2025-06-01,76,TraderAgent,Bauchi,0,835.47119140625,8505.302734375,454393.46875,Bauchi,False,Onitsha,Bauchi,winning,False,383.75,13.0,False
2025-06-01,77,TraderAgent,Bauchi,0,0.0,1129.291015625,436535.09375,Bauchi,False,Onitsha,Onitsha,winning,False,475.0,6.0,False
2025-06-01,78,TraderAgent,Bauchi,3,20.0,315.25,499975.25,Bauchi,False,,,winning,False,427.5,0.0,False
2025-06-01,79,TraderAgent,Bauchi,3,20.0,400.4256592592593,484280.8125,Bauchi,False,Port_Harcourt,Port_Harcourt,winning,False,451.25,1.0,False
2025-06-01,80,TraderAgent,Bauchi,0,835.47119140625,10997.171875,510599.53125,Bauchi,False,,Bauchi,winning,False,383.75,16.0,False
2025-06-01,81,TraderAgent,Bauchi,1,159.5719341299229,1510.4183349609375,411564.1875,Kano,True,Kano,Kano,winning,False,383.75,7.0,True
2025-06-01,82,TraderAgent,Bauchi,4,-10.0,2865.56103515625,444833.09375,Bauchi,False,Onitsha,Onitsha,winning,False,475.0,5.0,False
2025-06-01,83,TraderAgent,Bauchi,0,835.47119140625,10659.369140625,510209.46875,Bauchi,False,,Bauchi,winning,False,383.75,16.0,False
2025-06-01,84,TraderAgent,Bauchi,4,-10.0,2165.6513671875,446333.40625,Bauchi,False,Onitsha,Onitsha,winning,False,475.0,4.0,False
2025-06-01,85,BuyerAgent,Bauchi,0,414.52880859375,1385.706787109375,,,,,,,,,,
2025-06-01,86,BuyerAgent,Bauchi,0,414.52880859375,1501.04541015625,,,,,,,,,,
2025-06-01,87,BuyerAgent,Bauchi,0,414.52880859375,1501.04541015625,,,,,,,,,,
2025-06-01,88,BuyerAgent,Bauchi,0,414.52880859375,636.0076293945312,,,,,,,,,,
2025-06-01,89,BuyerAgent,Bauchi,0,414.52880859375,1402.864013671875,,,,,,,,,,
2025-06-01,90,BuyerAgent,Bauchi,0,0.0,170.1324462890625,,,,,,,,,,
2025-06-01,91,BuyerAgent,Bauchi,1,0.0,142.735595703125,,,,,,,,,,
2025-06-01,92,BuyerAgent,Bauchi,0,0.0,142.735595703125,,,,,,,,,,
2025-06-01,93,BuyerAgent,Bauchi,1,0.0,142.735595703125,,,,,,,,,,
2025-06-01,94,BuyerAgent,Bauchi,1,0.0,142.735595703125,,,,,,,,,,
2025-06-01,95,BuyerAgent,Bauchi,0,0.0,142.735595703125,,,,,,,,,,
2025-06-01,96,BuyerAgent,Bauchi,1,0.0,142.735595703125,,,,,,,,,,
2025-06-01,97,BuyerAgent,Bauchi,0,0.0,0.0,,,,,,,,,,
2025-06-01,98,BuyerAgent,Bauchi,2,0.0,0.0,,,,,,,,,,
2025-06-01,99,BuyerAgent,Bauchi,0,0.0,0.0,,,,,,,,,,
2025-06-01,100,BuyerAgent,Bauchi,2,0.0,0.0,,,,,,,,,,
2025-06-01,101,BuyerAgent,Bauchi,1,0.0,0.0,,,,,,,,,,
2025-06-01,102,BuyerAgent,Bauchi,0,0.0,0.0,,,,,,,,,,
2025-06-01,103,BuyerAgent,Bauchi,1,0.0,0.0,,,,,,,,,,
2025-06-01,104,BuyerAgent,Bauchi,1,0.0,0.0,,,,,,,,,,
2025-06-01,105,BuyerAgent,Bauchi,0,0.0,0.0,,,,,,,,,,
2025-06-01,106,BuyerAgent,Bauchi,2,0.0,0.0,,,,,,,,,,
2025-06-01,107,BuyerAgent,Bauchi,0,0.0,0.0,,,,,,,,,,
2025-06-01,108,BuyerAgent,Bauchi,0,0.0,0.0,,,,,,,,,,
2025-06-01,109,BuyerAgent,Bauchi,1,0.0,0.0,,,,,,,,,,
2025-06-01,110,BuyerAgent,Bauchi,0,0.0,0.0,,,,,,,,,,
2025-06-01,111,BuyerAgent,Bauchi,1,0.0,0.0,,,,,,,,,,
2025-06-01,112,BuyerAgent,Bauchi,0,0.0,0.0,,,,,,,,,,
2025-06-01,113,BuyerAgent,Bauchi,1,0.0,0.0,,,,,,,,,,
2025-06-01,114,BuyerAgent,Bauchi,0,0.0,0.0,,,,,,,,,,
2025-06-01,115,TransporterAgent,Bauchi,0,2.718950339996004,-572.3558029398164,,,,,,,,,,
2025-06-01,116,TransporterAgent,Bauchi,1,-200.0,-827.7225839676432,,,,,,,,,,
2025-06-01,117,TransporterAgent,Bauchi,3,50.0,700.0,,,,,,,,,,
2025-06-01,118,TransporterAgent,Bauchi,3,50.0,260.0357142857143,,,,,,,,,,
2025-06-01,119,TransporterAgent,Bauchi,0,2.718950339996004,-822.9394669609804,,,,,,,,,,
2025-06-01,120,TransporterAgent,Bauchi,3,50.0,650.0,,,,,,,,,,
2025-06-01,121,TransporterAgent,Bauchi,0,2.718950339996004,-1322.8756372020916,,,,,,,,,,
2025-06-01,122,TransporterAgent,Bauchi,3,50.0,-480.71964285714284,,,,,,,,,,
2025-06-01,123,TransporterAgent,Bauchi,3,50.0,413.84854497354496,,,,,,,,,,
2025-06-01,124,TransporterAgent,Bauchi,3,50.0,78.42849206349206,,,,,,,,,,
2025-06-01,125,BankingAgent,Bauchi,0,-0.0,-19.075000000000003,,,,,,,,,,
2025-06-01,126,BankingAgent,Bauchi,0,-0.0,-13.275,,,,,,,,,,
2025-06-01,127,BankingAgent,Bauchi,0,-0.0,-18.45,,,,,,,,,,
2025-06-01,129,TraderAgent,Kano,1,122.85449826814614,1397.316162109375,448381.75,Onitsha,True,Onitsha,Onitsha,winning,False,220.0,5.0,True
2025-06-01,130,TraderAgent,Kano,4,-10.0,1825.88623046875,450454.28125,Kano,False,Onitsha,Onitsha,winning,False,237.5,6.0,False
2025-06-01,131,TraderAgent,Kano,2,-27.5,1074.8931884765625,463019.03125,Kano,False,Onitsha,Kano,winning,False,220.0,5.0,False
2025-06-01,132,TraderAgent,Kano,0,536.8753051757812,3036.552978515625,499691.90625,Kano,False,Bauchi,Kano,winning,False,220.0,9.0,False
2025-06-01,133,TraderAgent,Kano,1,122.85449826814614,3803.2333984375,437538.09375,Onitsha,True,Onitsha,Onitsha,winning,False,237.5,8.0,True
2025-06-01,134,TraderAgent,Kano,2,-27.5,2571.126708984375,451677.8125,Kano,False,Onitsha,Onitsha,winning,False,237.5,10.0,False
2025-06-01,135,TraderAgent,Kano,4,-10.0,1057.7890625,496718.125,Kano,False,Bauchi,Kano,winning,False,220.0,5.0,False
2025-06-01,136,TraderAgent,Kano,3,20.0,1908.00927734375,498617.40625,Kano,False,Bauchi,Kano,winning,False,176.94,5.0,False
2025-06-01,137,TraderAgent,Kano,3,20.0,1354.8958740234375,481852.15625,Kano,False,Onitsha,Kano,winning,False,187.62,4.0,False
2025-06-01,138,TraderAgent,Kano,2,-27.5,789.065673828125,466761.1875,Kano,False,Onitsha,Onitsha,winning,False,237.5,5.0,False
2025-06-01,139,TraderAgent,Kano,3,20.0,3372.489013671875,483663.375,Kano,False,Onitsha,Onitsha,winning,False,225.62,5.0,False
2025-06-01,140,TraderAgent,Kano,4,-10.0,590.8842163085938,482663.625,Kano,False,Onitsha,Onitsha,winning,False,237.5,2.0,False
2025-06-01,141,TraderAgent,Kano,3,20.0,4005.510009765625,500948.90625,Kano,False,Bauchi,Kano,winning,False,187.62,6.0,False
2025-06-01,142,TraderAgent,Kano,0,536.8753051757812,1959.662109375,493907.90625,Kano,False,Bauchi,Kano,winning,False,220.0,6.0,False
2025-06-01,143,TraderAgent,Kano,2,-27.5,1070.513916015625,482813.25,Kano,False,Onitsha,Onitsha,winning,False,237.5,5.0,False
2025-06-01,144,TraderAgent,Kano,1,122.85449826814614,831.046875,446997.4375,Onitsha,True,Onitsha,Onitsha,winning,False,237.5,3.0,True
2025-06-01,145,TraderAgent,Kano,4,-10.0,1090.1361083984375,424718.375,Kano,False,Onitsha,Onitsha,winning,False,237.5,8.0,False
2025-06-01,146,TraderAgent,Kano,2,-27.5,377.2958389153732,462760.8125,Kano,False,Onitsha,Onitsha,winning,False,237.5,3.0,False
2025-06-01,147,TraderAgent,Kano,2,-27.5,968.0545654296875,462970.46875,Kano,False,Onitsha,Onitsha,winning,False,237.5,6.0,False
2025-06-01,148,TraderAgent,Kano,0,624.3753051757812,1818.852294921875,483485.59375,Kano,False,Onitsha,Kano,winning,False,237.5,5.0,False
2025-06-01,149,BuyerAgent,Kano,2,0.0,826.7662963867188,,,,,,,,,,
2025-06-01,150,BuyerAgent,Kano,1,88.12469482421875,774.6077880859375,,,,,,,,,,
2025-06-01,151,BuyerAgent,Kano,0,88.12469482421875,766.85009765625,,,,,,,,,,
2025-06-01,152,BuyerAgent,Kano,2,0.0,499.31365966796875,,,,,,,,,,
2025-06-01,153,BuyerAgent,Kano,2,0.0,115.6951904296875,,,,,,,,,,
2025-06-01,154,BuyerAgent,Kano,0,0.62469482421875,28.361358642578125,,,,,,,,,,
2025-06-01,155,BuyerAgent,Kano,0,0.0,283.8130187988281,,,,,,,,,,
2025-06-01,156,BuyerAgent,Kano,2,0.0,67.26821899414062,,,,,,,,,,
2025-06-01,157,BuyerAgent,Kano,2,0.0,283.8130187988281,,,,,,,,,,
2025-06-01,158,BuyerAgent,Kano,0,0.0,0.0,,,,,,,,,,
2025-06-01,159,BuyerAgent,Kano,1,0.0,280.76080322265625,,,,,,,,,,
2025-06-01,160,BuyerAgent,Kano,0,0.0,280.76080322265625,,,,,,,,,,
2025-06-01,161,BuyerAgent,Kano,1,0.0,44.01397705078125,,,,,,,,,,
2025-06-01,162,BuyerAgent,Kano,1,0.0,3.052215576171875,,,,,,,,,,
2025-06-01,163,BuyerAgent,Kano,2,0.0,3.052215576171875,,,,,,,,,,
2025-06-01,164,BuyerAgent,Kano,2,0.0,3.052215576171875,,,,,,,,,,
2025-06-01,165,BuyerAgent,Kano,1,0.0,0.0,,,,,,,,,,
2025-06-01,166,BuyerAgent,Kano,1,0.0,0.0,,,,,,,,,,
2025-06-01,167,BuyerAgent,Kano,2,0.0,0.0,,,,,,,,,,
2025-06-01,168,BuyerAgent,Kano,1,0.0,0.0,,,,,,,,,,
2025-06-01,169,BuyerAgent,Kano,2,0.0,0.0,,,,,,,,,,
2025-06-01,170,BuyerAgent,Kano,1,0.0,0.0,,,,,,,,,,
2025-06-01,171,BuyerAgent,Kano,2,0.0,0.0,,,,,,,,,,
2025-06-01,172,BuyerAgent,Kano,0,0.0,0.0,,,,,,,,,,
2025-06-01,173,BuyerAgent,Kano,1,0.0,0.0,,,,,,,,,,
2025-06-01,174,BuyerAgent,Kano,2,0.0,0.0,,,,,,,,,,
2025-06-01,175,BuyerAgent,Kano,1,0.0,0.0,,,,,,,,,,
2025-06-01,176,BuyerAgent,Kano,2,0.0,0.0,,,,,,,,,,
2025-06-01,177,BuyerAgent,Kano,0,0.0,0.0,,,,,,,,,,
2025-06-01,178,BuyerAgent,Kano,0,0.0,0.0,,,,,,,,,,
2025-06-01,179,TransporterAgent,Kano,1,-200.0,-58.399382918988465,,,,,,,,,,
2025-06-01,180,TransporterAgent,Kano,2,100.0,167.402,,,,,,,,,,
2025-06-01,181,TransporterAgent,Kano,0,9.522086815632248,-998.7890186921006,,,,,,,,,,
2025-06-01,182,TransporterAgent,Kano,2,100.0,-176.0332724867725,,,,,,,,,,
2025-06-01,183,TransporterAgent,Kano,3,50.0,315.73004387301586,,,,,,,,,,
2025-06-01,184,TransporterAgent,Kano,0,9.522086815632248,-1323.174427470082,,,,,,,,,,
2025-06-01,185,TransporterAgent,Kano,3,50.0,-711.9787341269841,,,,,,,,,,
2025-06-01,186,TransporterAgent,Kano,3,50.0,-329.1838,,,,,,,,,,
2025-06-01,187,TransporterAgent,Kano,2,100.0,-483.5,,,,,,,,,,
2025-06-01,188,TransporterAgent,Kano,3,50.0,-317.01574664903,,,,,,,,,,
2025-06-01,189,BankingAgent,Kano,1,-2.749999999999999,-30.650000000000002,,,,,,,,,,
2025-06-01,190,BankingAgent,Kano,0,-0.0,-46.75000000000001,,,,,,,,,,
2025-06-01,191,BankingAgent,Kano,0,-0.0,-51.87500000000001,,,,,,,,,,
2025-06-01,193,TraderAgent,Lagos,0,6323.43994140625,23345.53125,500565.15625,Lagos,False,Onitsha,Onitsha,winning,False,1090.0,8.0,False
2025-06-01,194,TraderAgent,Lagos,2,-27.5,13309.7705078125,496673.5625,Lagos,False,Onitsha,Lagos,winning,False,1157.5,5.0,False
2025-06-01,195,TraderAgent,Lagos,2,-27.5,19344.5234375,496659.59375,Lagos,False,Onitsha,Onitsha,winning,False,1090.0,7.0,False
2025-06-01,196,TraderAgent,Lagos,1,138.12720000000002,19642.986328125,485102.375,Onitsha,True,Onitsha,Onitsha,winning,False,1090.0,6.0,True
2025-06-01,197,TraderAgent,Lagos,2,-27.5,11935.9208984375,447401.71875,Lagos,False,Onitsha,Onitsha,winning,False,1045.0,6.0,False
2025-06-01,198,TraderAgent,Lagos,0,6323.43994140625,28565.845703125,494468.84375,Lagos,False,Onitsha,Onitsha,winning,False,1090.0,7.0,False
2025-06-01,199,TraderAgent,Lagos,4,-10.0,13994.8505859375,496965.375,Lagos,False,Onitsha,Onitsha,winning,False,1090.0,4.0,False
2025-06-01,200,TraderAgent,Lagos,1,138.12720000000002,10050.474609375,481598.71875,Onitsha,True,Onitsha,Onitsha,winning,False,1090.0,5.0,True
2025-06-01,201,TraderAgent,Lagos,3,20.0,10839.921875,499259.5625,Lagos,False,Onitsha,Onitsha,winning,False,1035.5,3.0,False
2025-06-01,202,TraderAgent,Lagos,1,138.12720000000002,17480.09765625,488512.75,Onitsha,True,Onitsha,Onitsha,winning,False,1202.5,5.0,True
2025-06-01,203,TraderAgent,Lagos,4,-10.0,6834.10888671875,501289.90625,Lagos,False,Onitsha,Onitsha,winning,False,1045.0,2.0,False
2025-06-01,204,TraderAgent,Lagos,0,2573.43994140625,25485.1484375,443865.84375,Lagos,False,Onitsha,Lagos,winning,False,1090.0,8.0,False
2025-06-01,205,TraderAgent,Lagos,2,-27.5,14725.3671875,497997.0,Lagos,False,Onitsha,Lagos,winning,False,1202.5,6.0,False
2025-06-01,206,TraderAgent,Lagos,0,6323.43994140625,22754.583984375,499973.8125,Lagos,False,Onitsha,Onitsha,winning,False,1090.0,7.0,False
2025-06-01,207,TraderAgent,Lagos,1,138.12720000000002,11308.611328125,434734.375,Onitsha,True,Onitsha,Onitsha,winning,False,1157.5,6.0,True
2025-06-01,208,TraderAgent,Lagos,2,-27.5,19745.50390625,497350.90625,Lagos,False,Onitsha,Lagos,winning,False,1202.5,5.0,False
2025-06-01,209,TraderAgent,Lagos,0,2910.93994140625,21319.220703125,499171.96875,Lagos,False,Onitsha,Lagos,winning,False,1157.5,7.0,False
2025-06-01,210,TraderAgent,Lagos,1,138.12720000000002,23630.587890625,483669.96875,Onitsha,True,Onitsha,Onitsha,winning,False,1202.5,8.0,True
2025-06-01,211,TraderAgent,Lagos,0,2910.93994140625,15597.150390625,498952.625,Lagos,False,Onitsha,Lagos,winning,False,1157.5,6.0,False
2025-06-01,212,TraderAgent,Lagos,1,138.12720000000002,14608.05859375,485668.3125,Onitsha,True,Onitsha,Onitsha,winning,False,1090.0,5.0,True
2025-06-01,213,BuyerAgent,Lagos,2,0.0,6015.369140625,,,,,,,,,,
2025-06-01,214,BuyerAgent,Lagos,2,0.0,2960.859375,,,,,,,,,,
2025-06-01,215,BuyerAgent,Lagos,2,0.0,2586.63330078125,,,,,,,,,,
2025-06-01,216,BuyerAgent,Lagos,1,676.56005859375,5151.18994140625,,,,,,,,,,
2025-06-01,217,BuyerAgent,Lagos,1,676.56005859375,2907.78564453125,,,,,,,,,,
2025-06-01,218,BuyerAgent,Lagos,0,676.56005859375,3232.613525390625,,,,,,,,,,
2025-06-01,219,BuyerAgent,Lagos,2,0.0,2614.78564453125,,,,,,,,,,
2025-06-01,220,BuyerAgent,Lagos,2,0.0,2836.3642578125,,,,,,,,,,
2025-06-01,221,BuyerAgent,Lagos,0,676.56005859375,2023.114013671875,,,,,,,,,,
2025-06-01,222,BuyerAgent,Lagos,0,339.06005859375,2078.640625,,,,,,,,,,
2025-06-01,223,BuyerAgent,Lagos,2,0.0,2095.159912109375,,,,,,,,,,
2025-06-01,224,BuyerAgent,Lagos,0,339.06005859375,2487.04296875,,,,,,,,,,
2025-06-01,225,BuyerAgent,Lagos,0,0.0,815.1641845703125,,,,,,,,,,
2025-06-01,226,BuyerAgent,Lagos,2,0.0,733.3868408203125,,,,,,,,,,
2025-06-01,227,BuyerAgent,Lagos,1,0.0,0.0,,,,,,,,,,
2025-06-01,228,BuyerAgent,Lagos,2,0.0,0.0,,,,,,,,,,
2025-06-01,229,BuyerAgent,Lagos,0,0.0,0.0,,,,,,,,,,
2025-06-01,230,BuyerAgent,Lagos,0,0.0,0.0,,,,,,,,,,
2025-06-01,231,BuyerAgent,Lagos,0,0.0,0.0,,,,,,,,,,
2025-06-01,232,BuyerAgent,Lagos,1,0.0,0.0,,,,,,,,,,
2025-06-01,233,BuyerAgent,Lagos,2,0.0,0.0,,,,,,,,,,
2025-06-01,234,BuyerAgent,Lagos,2,0.0,0.0,,,,,,,,,,
2025-06-01,235,BuyerAgent,Lagos,0,0.0,0.0,,,,,,,,,,
2025-06-01,236,BuyerAgent,Lagos,2,0.0,0.0,,,,,,,,,,
2025-06-01,237,BuyerAgent,Lagos,2,0.0,0.0,,,,,,,,,,
2025-06-01,238,BuyerAgent,Lagos,1,0.0,0.0,,,,,,,,,,
2025-06-01,239,BuyerAgent,Lagos,2,0.0,0.0,,,,,,,,,,
2025-06-01,240,BuyerAgent,Lagos,0,0.0,0.0,,,,,,,,,,
2025-06-01,241,BuyerAgent,Lagos,0,0.0,0.0,,,,,,,,,,
2025-06-01,242,BuyerAgent,Lagos,1,0.0,0.0,,,,,,,,,,
2025-06-01,243,TransporterAgent,Lagos,0,6.641315720000002,-445.5825620169723,,,,,,,,,,
2025-06-01,244,TransporterAgent,Lagos,1,-200.0,-1335.5779103280001,,,,,,,,,,
2025-06-01,245,TransporterAgent,Lagos,0,6.641315720000002,-359.56210735692304,,,,,,,,,,
2025-06-01,246,TransporterAgent,Lagos,1,-200.0,-1244.238386895784,,,,,,,,,,
2025-06-01,247,TransporterAgent,Lagos,0,6.641315720000002,-1297.4314490786205,,,,,,,,,,
2025-06-01,248,TransporterAgent,Lagos,2,100.0,-971.4761375231378,,,,,,,,,,
2025-06-01,249,TransporterAgent,Lagos,3,50.0,-912.9104117108042,,,,,,,,,,
2025-06-01,250,TransporterAgent,Lagos,1,-200.0,-305.05938443878426,,,,,,,,,,
2025-06-01,251,TransporterAgent,Lagos,1,-200.0,-79.11270000000002,,,,,,,,,,
2025-06-01,252,TransporterAgent,Lagos,0,6.641315720000002,-1313.8715321402553,,,,,,,,,,
2025-06-01,253,BankingAgent,Lagos,0,-0.0,-55.75,,,,,,,,,,
2025-06-01,254,BankingAgent,Lagos,0,-0.0,-37.025000000000006,,,,,,,,,,
2025-06-01,255,BankingAgent,Lagos,0,-0.0,-49.47500000000001,,,,,,,,,,
2025-06-01,257,TraderAgent,Onitsha,1,148.49590370180238,6691.2666015625,473248.3125,Lagos,True,Lagos,Lagos,winning,False,740.0,6.0,True
2025-06-01,258,TraderAgent,Onitsha,4,-10.0,3399.62744140625,494930.4375,Onitsha,False,Port_Harcourt,Port_Harcourt,winning,False,760.0,4.0,False
2025-06-01,259,TraderAgent,Onitsha,0,1911.1993408203125,13695.8056640625,491651.375,Onitsha,False,Lagos,Onitsha,winning,False,740.0,10.0,False
2025-06-01,260,TraderAgent,Onitsha,0,0.0,652.6153949997998,471492.25,Onitsha,False,Lagos,Lagos,winning,False,760.0,4.0,False
2025-06-01,261,TraderAgent,Onitsha,3,20.0,28187.28515625,516317.875,Onitsha,False,Lagos,Onitsha,winning,False,703.0,10.0,False
2025-06-01,262,TraderAgent,Onitsha,4,-10.0,4245.37939453125,487787.4375,Onitsha,False,Lagos,Onitsha,winning,False,740.0,4.0,False
2025-06-01,263,TraderAgent,Onitsha,0,0.0,4783.3154296875,478976.625,Onitsha,False,Lagos,Lagos,winning,False,760.0,6.0,False
2025-06-01,264,TraderAgent,Onitsha,0,0.0,4601.6015625,488026.0,Onitsha,False,Lagos,Lagos,winning,False,760.0,5.0,False
2025-06-01,265,TraderAgent,Onitsha,3,20.0,8466.9013671875,492520.625,Onitsha,False,Lagos,Lagos,winning,False,722.0,8.0,False
2025-06-01,266,TraderAgent,Onitsha,1,148.49590370180238,23410.107421875,501067.6875,Lagos,True,Lagos,Lagos,winning,False,717.5,7.0,True
2025-06-01,267,TraderAgent,Onitsha,3,20.0,19207.33984375,511857.375,Onitsha,False,Lagos,Onitsha,winning,False,703.0,4.0,False
2025-06-01,268,TraderAgent,Onitsha,0,0.0,23049.142578125,487485.53125,Onitsha,False,Lagos,Lagos,winning,False,760.0,9.0,False
2025-06-01,269,TraderAgent,Onitsha,0,1911.1993408203125,9735.955078125,487684.3125,Onitsha,False,Lagos,Onitsha,winning,False,740.0,8.0,False
2025-06-01,270,TraderAgent,Onitsha,0,0.0,2833.16455078125,460149.09375,Onitsha,False,Lagos,Lagos,winning,False,760.0,6.0,False
2025-06-01,271,TraderAgent,Onitsha,2,-27.5,10775.6220703125,496226.5625,Onitsha,False,Lagos,Onitsha,winning,False,740.0,8.0,False
2025-06-01,272,TraderAgent,Onitsha,3,20.0,5607.44140625,490054.09375,Onitsha,False,Port_Harcourt,Onitsha,winning,False,703.0,5.0,False
2025-06-01,273,TraderAgent,Onitsha,0,1573.6993408203125,4071.92236328125,503966.53125,Onitsha,False,,Onitsha,winning,False,672.5,3.0,False
2025-06-01,274,TraderAgent,Onitsha,4,-10.0,5313.798828125,481140.0,Onitsha,False,Lagos,Lagos,winning,False,760.0,6.0,False
2025-06-01,275,TraderAgent,Onitsha,1,148.49590370180238,4006.561767578125,458817.625,Lagos,True,Lagos,Lagos,winning,False,760.0,5.0,True
2025-06-01,276,TraderAgent,Onitsha,0,0.0,3092.537841796875,464430.15625,Onitsha,False,Lagos,Lagos,winning,False,760.0,6.0,False
2025-06-01,277,BuyerAgent,Onitsha,2,0.0,3672.80126953125,,,,,,,,,,
2025-06-01,278,BuyerAgent,Onitsha,1,426.3006591796875,1008.2257080078125,,,,,,,,,,
2025-06-01,279,BuyerAgent,Onitsha,2,0.0,2881.63916015625,,,,,,,,,,
2025-06-01,280,BuyerAgent,Onitsha,1,88.8006591796875,2616.83447265625,,,,,,,,,,
2025-06-01,281,BuyerAgent,Onitsha,2,0.0,2315.85009765625,,,,,,,,,,
2025-06-01,282,BuyerAgent,Onitsha,1,88.8006591796875,405.71044921875,,,,,,,,,,
2025-06-01,283,BuyerAgent,Onitsha,1,0.0,222.2979736328125,,,,,,,,,,
2025-06-01,284,BuyerAgent,Onitsha,2,0.0,516.78466796875,,,,,,,,,,
2025-06-01,285,BuyerAgent,Onitsha,1,0.0,112.2698974609375,,,,,,,,,,
2025-06-01,286,BuyerAgent,Onitsha,0,0.0,81.982421875,,,,,,,,,,
2025-06-01,287,BuyerAgent,Onitsha,1,0.0,155.35491943359375,,,,,,,,,,
2025-06-01,288,BuyerAgent,Onitsha,2,0.0,140.49896240234375,,,,,,,,,,
2025-06-01,289,BuyerAgent,Onitsha,1,0.0,10.87249755859375,,,,,,,,,,
2025-06-01,290,BuyerAgent,Onitsha,2,0.0,10.87249755859375,,,,,,,,,,
2025-06-01,291,BuyerAgent,Onitsha,1,0.0,0.0,,,,,,,,,,
2025-06-01,292,BuyerAgent,Onitsha,0,0.0,0.0,,,,,,,,,,
2025-06-01,293,BuyerAgent,Onitsha,0,0.0,0.0,,,,,,,,,,
2025-06-01,294,BuyerAgent,Onitsha,2,0.0,0.0,,,,,,,,,,
2025-06-01,295,BuyerAgent,Onitsha,1,0.0,0.0,,,,,,,,,,
2025-06-01,296,BuyerAgent,Onitsha,0,0.0,0.0,,,,,,,,,,
2025-06-01,297,BuyerAgent,Onitsha,1,0.0,0.0,,,,,,,,,,
2025-06-01,298,BuyerAgent,Onitsha,1,0.0,0.0,,,,,,,,,,
2025-06-01,299,BuyerAgent,Onitsha,1,0.0,0.0,,,,,,,,,,
2025-06-01,300,BuyerAgent,Onitsha,0,0.0,0.0,,,,,,,,,,
2025-06-01,301,BuyerAgent,Onitsha,1,0.0,0.0,,,,,,,,,,
2025-06-01,302,BuyerAgent,Onitsha,1,0.0,0.0,,,,,,,,,,
2025-06-01,303,BuyerAgent,Onitsha,0,0.0,0.0,,,,,,,,,,
2025-06-01,304,BuyerAgent,Onitsha,0,0.0,0.0,,,,,,,,,,
2025-06-01,305,BuyerAgent,Onitsha,1,0.0,0.0,,,,,,,,,,
2025-06-01,306,BuyerAgent,Onitsha,1,0.0,0.0,,,,,,,,,,
2025-06-01,307,TransporterAgent,Onitsha,2,100.0,134.87675243627967,,,,,,,,,,
2025-06-01,308,TransporterAgent,Onitsha,0,16.160770103138457,91.36064483904026,,,,,,,,,,
2025-06-01,309,TransporterAgent,Onitsha,3,50.0,361.0165569444445,,,,,,,,,,
2025-06-01,310,TransporterAgent,Onitsha,0,16.160770103138457,-88.11951662724853,,,,,,,,,,
2025-06-01,311,TransporterAgent,Onitsha,1,-200.0,-37.24282888888888,,,,,,,,,,
2025-06-01,312,TransporterAgent,Onitsha,0,16.160770103138457,-962.0713428758534,,,,,,,,,,
2025-06-01,313,TransporterAgent,Onitsha,0,16.160770103138457,-63.29792176364755,,,,,,,,,,
2025-06-01,314,TransporterAgent,Onitsha,3,50.0,401.22132922308856,,,,,,,,,,
2025-06-01,315,TransporterAgent,Onitsha,2,100.0,132.55443214115044,,,,,,,,,,
2025-06-01,316,TransporterAgent,Onitsha,3,50.0,-1148.939527978992,,,,,,,,,,
2025-06-01,317,BankingAgent,Onitsha,0,-0.0,-38.7,,,,,,,,,,
2025-06-01,318,BankingAgent,Onitsha,2,-1.3749999999999996,-57.525000000000006,,,,,,,,,,
2025-06-01,319,BankingAgent,Onitsha,0,-0.0,-40.175000000000004,,,,,,,,,,
2025-06-01,321,TraderAgent,Port_Harcourt,4,-10.0,29062.26171875,521141.46875,Port_Harcourt,False,Onitsha,Port_Harcourt,winning,False,1550.0,7.0,False
2025-06-01,322,TraderAgent,Port_Harcourt,0,9921.0859375,31618.884765625,525029.1875,Port_Harcourt,False,Onitsha,Onitsha,winning,False,1370.0,6.0,False
2025-06-01,323,TraderAgent,Port_Harcourt,0,3171.08642578125,26512.77734375,522013.125,Port_Harcourt,False,Onitsha,Port_Harcourt,winning,False,1370.0,6.0,False
2025-06-01,324,TraderAgent,Port_Harcourt,4,-10.0,10427.154296875,510214.71875,Port_Harcourt,False,,Port_Harcourt,winning,False,1550.0,4.0,False
2025-06-01,325,TraderAgent,Port_Harcourt,0,4127.33642578125,27685.091796875,522384.375,Port_Harcourt,False,Onitsha,Port_Harcourt,winning,False,1561.25,7.0,False
2025-06-01,326,TraderAgent,Port_Harcourt,0,9921.0859375,25430.505859375,517854.625,Port_Harcourt,False,Onitsha,Onitsha,winning,False,1370.0,4.0,False
2025-06-01,327,TraderAgent,Port_Harcourt,2,-27.5,25822.5078125,521382.96875,Port_Harcourt,False,Onitsha,Port_Harcourt,winning,False,1561.25,6.0,False
2025-06-01,328,TraderAgent,Port_Harcourt,1,164.2711879627481,30010.20703125,514807.6875,Onitsha,True,Onitsha,Onitsha,winning,False,1347.5,6.0,True
2025-06-01,329,TraderAgent,Port_Harcourt,0,9921.0859375,23723.255859375,516200.6875,Port_Harcourt,False,Onitsha,Onitsha,winning,False,1370.0,5.0,False
2025-06-01,330,TraderAgent,Port_Harcourt,3,20.0,32847.23046875,527704.0625,Port_Harcourt,False,Onitsha,Onitsha,winning,False,1301.5,9.0,False
2025-06-01,331,TraderAgent,Port_Harcourt,0,9921.0859375,35945.9609375,525764.3125,Port_Harcourt,False,Onitsha,Onitsha,winning,False,1370.0,7.0,False
2025-06-01,332,TraderAgent,Port_Harcourt,0,4071.08642578125,18381.771484375,467457.1875,Port_Harcourt,False,Onitsha,Port_Harcourt,winning,False,1550.0,5.0,False
2025-06-01,333,TraderAgent,Port_Harcourt,3,20.0,15960.3583984375,511102.8125,Port_Harcourt,False,Onitsha,Onitsha,winning,False,1301.5,3.0,False
2025-06-01,334,TraderAgent,Port_Harcourt,1,164.2711879627481,25624.466796875,512959.90625,Onitsha,True,Onitsha,Onitsha,winning,False,1561.25,5.0,True
2025-06-01,335,TraderAgent,Port_Harcourt,0,4127.33642578125,32098.955078125,527609.375,Port_Harcourt,False,Onitsha,Port_Harcourt,winning,False,1561.25,8.0,False
2025-06-01,336,TraderAgent,Port_Harcourt,1,164.2711879627481,26118.17578125,512506.5625,Onitsha,True,Onitsha,Onitsha,winning,False,1550.0,8.0,True
2025-06-01,337,TraderAgent,Port_Harcourt,3,20.0,31952.8515625,522393.8125,Port_Harcourt,False,Onitsha,Onitsha,winning,False,1280.12,6.0,False
2025-06-01,338,TraderAgent,Port_Harcourt,0,4127.33642578125,36177.296875,483502.15625,Port_Harcourt,False,Onitsha,Port_Harcourt,winning,False,1561.25,10.0,False
2025-06-01,339,TraderAgent,Port_Harcourt,3,20.0,16525.703125,511224.625,Port_Harcourt,False,Onitsha,Port_Harcourt,winning,False,1472.5,5.0,False
2025-06-01,340,TraderAgent,Port_Harcourt,0,3171.08642578125,41682.22265625,532415.5,Port_Harcourt,False,Onitsha,Port_Harcourt,winning,False,1370.0,8.0,False
2025-06-01,341,BuyerAgent,Port_Harcourt,1,1078.91357421875,14022.830078125,,,,,,,,,,
2025-06-01,342,BuyerAgent,Port_Harcourt,2,0.0,18948.955078125,,,,,,,,,,
2025-06-01,343,BuyerAgent,Port_Harcourt,0,1078.91357421875,11987.357421875,,,,,,,,,,
2025-06-01,344,BuyerAgent,Port_Harcourt,0,1078.91357421875,10074.201171875,,,,,,,,,,
2025-06-01,345,BuyerAgent,Port_Harcourt,0,1078.91357421875,20909.021484375,,,,,,,,,,
2025-06-01,346,BuyerAgent,Port_Harcourt,2,0.0,11116.056640625,,,,,,,,,,
2025-06-01,347,BuyerAgent,Port_Harcourt,2,0.0,14965.904296875,,,,,,,,,,
2025-06-01,348,BuyerAgent,Port_Harcourt,1,1078.91357421875,8833.2021484375,,,,,,,,,,
2025-06-01,349,BuyerAgent,Port_Harcourt,0,1078.91357421875,8916.888671875,,,,,,,,,,
2025-06-01,350,BuyerAgent,Port_Harcourt,1,178.91357421875,3749.497802734375,,,,,,,,,,
2025-06-01,351,BuyerAgent,Port_Harcourt,1,122.66357421875,3256.270751953125,,,,,,,,,,
2025-06-01,352,BuyerAgent,Port_Harcourt,2,0.0,2838.14501953125,,,,,,,,,,
2025-06-01,353,BuyerAgent,Port_Harcourt,0,122.66357421875,679.5355224609375,,,,,,,,,,
2025-06-01,354,BuyerAgent,Port_Harcourt,2,0.0,2874.98583984375,,,,,,,,,,
2025-06-01,355,BuyerAgent,Port_Harcourt,1,122.66357421875,306.6717529296875,,,,,,,,,,
2025-06-01,356,BuyerAgent,Port_Harcourt,0,0.0,0.0,,,,,,,,,,
2025-06-01,357,BuyerAgent,Port_Harcourt,2,0.0,1090.977783203125,,,,,,,,,,
2025-06-01,358,BuyerAgent,Port_Harcourt,1,0.0,715.977783203125,,,,,,,,,,
2025-06-01,359,BuyerAgent,Port_Harcourt,0,0.0,715.977783203125,,,,,,,,,,
2025-06-01,360,BuyerAgent,Port_Harcourt,0,0.0,715.977783203125,,,,,,,,,,
2025-06-01,361,BuyerAgent,Port_Harcourt,0,0.0,0.0,,,,,,,,,,
2025-06-01,362,BuyerAgent,Port_Harcourt,2,0.0,184.0081787109375,,,,,,,,,,
2025-06-01,363,BuyerAgent,Port_Harcourt,0,0.0,0.0,,,,,,,,,,
2025-06-01,364,BuyerAgent,Port_Harcourt,2,0.0,0.0,,,,,,,,,,
2025-06-01,365,BuyerAgent,Port_Harcourt,2,0.0,0.0,,,,,,,,,,
2025-06-01,366,BuyerAgent,Port_Harcourt,0,0.0,0.0,,,,,,,,,,
2025-06-01,367,BuyerAgent,Port_Harcourt,0,0.0,0.0,,,,,,,,,,
2025-06-01,368,BuyerAgent,Port_Harcourt,1,0.0,0.0,,,,,,,,,,
2025-06-01,369,BuyerAgent,Port_Harcourt,2,0.0,0.0,,,,,,,,,,
2025-06-01,370,BuyerAgent,Port_Harcourt,1,0.0,0.0,,,,,,,,,,
2025-06-01,371,TransporterAgent,Port_Harcourt,1,-200.0,-473.7368181818182,,,,,,,,,,
2025-06-01,372,TransporterAgent,Port_Harcourt,0,0.8894260555555821,45.69486103030296,,,,,,,,,,
2025-06-01,373,TransporterAgent,Port_Harcourt,2,-50.0,399.87971654040393,,,,,,,,,,
2025-06-01,374,TransporterAgent,Port_Harcourt,2,-50.0,-422.20390404040404,,,,,,,,,,
2025-06-01,375,TransporterAgent,Port_Harcourt,3,50.0,30.37264204545454,,,,,,,,,,
2025-06-01,376,TransporterAgent,Port_Harcourt,3,50.0,-617.0375612373738,,,,,,,,,,
2025-06-01,377,TransporterAgent,Port_Harcourt,1,-200.0,-268.1790605429293,,,,,,,,,,
2025-06-01,378,TransporterAgent,Port_Harcourt,3,50.0,-520.78,,,,,,,,,,
2025-06-01,379,TransporterAgent,Port_Harcourt,2,-50.0,-589.5391678661615,,,,,,,,,,
2025-06-01,380,TransporterAgent,Port_Harcourt,0,0.8894260555555821,-133.9384022272727,,,,,,,,,,
2025-06-01,381,BankingAgent,Port_Harcourt,2,-1.3749999999999996,-44.425000000000004,,,,,,,,,,
2025-06-01,382,BankingAgent,Port_Harcourt,2,-1.3749999999999996,-27.900000000000006,,,,,,,,,,
2025-06-01,383,BankingAgent,Port_Harcourt,0,-0.0,-35.025,,,,,,,,,,
2025-07-01,1,TraderAgent,Abuja,2,-23.71875,14984.6318359375,486754.1875,Abuja,False,Onitsha,Abuja,winning,False,462.5,6.0,False
2025-07-01,2,TraderAgent,Abuja,3,20.0,16977.904296875,442611.625,Abuja,False,Onitsha,Abuja,winning,False,439.38,4.0,False
2025-07-01,3,TraderAgent,Abuja,1,153.6733448454174,15390.072265625,482519.5625,Onitsha,True,Onitsha,Onitsha,winning,False,462.5,8.0,True
2025-07-01,4,TraderAgent,Abuja,0,1203.706298828125,30763.494140625,486165.625,Abuja,False,Onitsha,Abuja,winning,False,462.5,11.0,False
2025-07-01,5,TraderAgent,Abuja,0,0.0,16336.537109375,489951.90625,Abuja,False,Onitsha,Onitsha,winning,False,475.0,6.0,False
2025-07-01,6,TraderAgent,Abuja,1,153.6733448454174,18437.400390625,478185.125,Onitsha,True,Onitsha,Onitsha,winning,False,462.5,6.0,True
2025-07-01,7,TraderAgent,Abuja,1,153.6733448454174,30733.5625,414643.375,Onitsha,True,Onitsha,Onitsha,winning,False,475.0,10.0,True
2025-07-01,8,TraderAgent,Abuja,4,-10.0,28320.646484375,473978.0,Abuja,False,Onitsha,Onitsha,winning,False,475.0,11.0,False
2025-07-01,9,TraderAgent,Abuja,0,1266.206298828125,12308.4423828125,433815.4375,Abuja,False,Onitsha,Abuja,winning,False,475.0,8.0,False
2025-07-01,10,TraderAgent,Abuja,0,0.0,15631.154296875,486687.40625,Abuja,False,Onitsha,Onitsha,winning,False,475.0,7.0,False
2025-07-01,11,TraderAgent,Abuja,0,978.7063598632812,24956.375,489897.40625,Abuja,False,Onitsha,Abuja,winning,False,417.5,7.0,False
2025-07-01,12,TraderAgent,Abuja,3,20.0,11705.2998046875,485333.46875,Abuja,False,Onitsha,Onitsha,winning,False,451.25,6.0,False
2025-07-01,13,TraderAgent,Abuja,4,-10.0,18160.458984375,500325.1875,Abuja,False,Onitsha,Onitsha,winning,False,475.0,7.0,False
2025-07-01,14,TraderAgent,Abuja,4,-10.0,3173.7509765625,493213.96875,Abuja,False,Onitsha,Onitsha,winning,False,475.0,4.0,False
2025-07-01,15,TraderAgent,Abuja,0,0.0,17179.033203125,490752.40625,Abuja,False,Onitsha,Onitsha,winning,False,475.0,7.0,False
2025-07-01,16,TraderAgent,Abuja,0,1266.206298828125,11366.1533203125,415383.875,Abuja,False,Onitsha,Abuja,winning,False,475.0,6.0,False
2025-07-01,17,TraderAgent,Abuja,1,153.6733448454174,20547.314453125,461757.53125,Onitsha,True,Onitsha,Onitsha,winning,False,475.0,7.0,True
2025-07-01,18,TraderAgent,Abuja,0,0.0,22761.087890625,504362.03125,Abuja,False,Onitsha,Onitsha,winning,False,475.0,11.0,False
2025-07-01,19,TraderAgent,Abuja,3,20.0,5947.69287109375,477754.75,Abuja,False,Onitsha,Onitsha,winning,False,451.25,3.0,False
2025-07-01,20,TraderAgent,Abuja,0,1266.206298828125,11573.2353515625,500707.1875,Abuja,False,Onitsha,Abuja,winning,False,475.0,8.0,False
2025-07-01,21,BuyerAgent,Abuja,1,271.29364013671875,6893.7646484375,,,,,,,,,,
2025-07-01,22,BuyerAgent,Abuja,2,0.0,2847.82275390625,,,,,,,,,,
2025-07-01,23,BuyerAgent,Abuja,1,46.29364013671875,5163.67333984375,,,,,,,,,,
2025-07-01,24,BuyerAgent,Abuja,0,0.0,2812.779296875,,,,,,,,,,
2025-07-01,25,BuyerAgent,Abuja,1,0.0,4013.51171875,,,,,,,,,,
2025-07-01,26,BuyerAgent,Abuja,0,0.0,3780.2890625,,,,,,,,,,
2025-07-01,27,BuyerAgent,Abuja,2,0.0,1551.868896484375,,,,,,,,,,
2025-07-01,28,BuyerAgent,Abuja,1,0.0,4059.34130859375,,,,,,,,,,
2025-07-01,29,BuyerAgent,Abuja,1,0.0,2705.03466796875,,,,,,,,,,
2025-07-01,30,BuyerAgent,Abuja,1,0.0,3069.10107421875,,,,,,,,,,
2025-07-01,31,BuyerAgent,Abuja,2,0.0,1435.33935546875,,,,,,,,,,
2025-07-01,32,BuyerAgent,Abuja,0,0.0,172.83538818359375,,,,,,,,,,
2025-07-01,33,BuyerAgent,Abuja,0,0.0,1265.138916015625,,,,,,,,,,
2025-07-01,34,BuyerAgent,Abuja,0,0.0,2396.519775390625,,,,,,,,,,
2025-07-01,35,BuyerAgent,Abuja,2,0.0,1222.862548828125,,,,,,,,,,
2025-07-01,36,BuyerAgent,Abuja,0,0.0,22.862548828125,,,,,,,,,,
2025-07-01,37,BuyerAgent,Abuja,2,0.0,14.522705078125,,,,,,,,,,
2025-07-01,38,BuyerAgent,Abuja,0,0.0,0.0,,,,,,,,,,
2025-07-01,39,BuyerAgent,Abuja,0,0.0,0.0,,,,,,,,,,
2025-07-01,40,BuyerAgent,Abuja,2,0.0,0.0,,,,,,,,,,
2025-07-01,41,BuyerAgent,Abuja,1,0.0,0.0,,,,,,,,,,
2025-07-01,42,BuyerAgent,Abuja,0,0.0,0.0,,,,,,,,,,
2025-07-01,43,BuyerAgent,Abuja,0,0.0,0.0,,,,,,,,,,
2025-07-01,44,BuyerAgent,Abuja,0,0.0,0.0,,,,,,,,,,
2025-07-01,45,BuyerAgent,Abuja,1,0.0,0.0,,,,,,,,,,
2025-07-01,46,BuyerAgent,Abuja,0,0.0,0.0,,,,,,,,,,
2025-07-01,47,BuyerAgent,Abuja,1,0.0,0.0,,,,,,,,,,
2025-07-01,48,BuyerAgent,Abuja,0,0.0,0.0,,,,,,,,,,
2025-07-01,49,BuyerAgent,Abuja,1,0.0,0.0,,,,,,,,,,
2025-07-01,50,BuyerAgent,Abuja,2,0.0,0.0,,,,,,,,,,
2025-07-01,51,TransporterAgent,Abuja,0,14.093553847641651,-419.97386581902515,,,,,,,,,,
2025-07-01,52,TransporterAgent,Abuja,2,100.0,-97.96511523583331,,,,,,,,,,
2025-07-01,53,TransporterAgent,Abuja,2,100.0,51.402611999999976,,,,,,,,,,
2025-07-01,54,TransporterAgent,Abuja,1,-200.0,-390.6269652358334,,,,,,,,,,
2025-07-01,55,TransporterAgent,Abuja,2,100.0,236.66226366666638,,,,,,,,,,
2025-07-01,56,TransporterAgent,Abuja,1,-200.0,-756.1127858333335,,,,,,,,,,
2025-07-01,57,TransporterAgent,Abuja,0,14.093553847641651,-642.8414903190252,,,,,,,,,,
2025-07-01,58,TransporterAgent,Abuja,3,50.0,-66.9182135691669,,,,,,,,,,
2025-07-01,59,TransporterAgent,Abuja,3,50.0,-240.59165000000002,,,,,,,,,,
2025-07-01,60,TransporterAgent,Abuja,0,14.093553847641651,-755.4855322215251,,,,,,,,,,
2025-07-01,61,BankingAgent,Abuja,0,-0.0,-57.475,,,,,,,,,,
2025-07-01,62,BankingAgent,Abuja,0,-0.0,-51.425000000000004,,,,,,,,,,
2025-07-01,63,BankingAgent,Abuja,2,-1.3749999999999996,-57.475,,,,,,,,,,
2025-07-01,65,TraderAgent,Bauchi,0,784.9014282226562,4047.95751953125,487853.625,Bauchi,False,Port_Harcourt,Bauchi,winning,False,372.5,7.0,False
2025-07-01,66,TraderAgent,Bauchi,1,159.5617477071138,2953.887939453125,393243.53125,Kano,True,Kano,Kano,winning,False,475.0,8.0,True
2025-07-01,67,TraderAgent,Bauchi,3,20.0,351.9372172619047,486006.96875,Bauchi,False,Port_Harcourt,Port_Harcourt,winning,False,451.25,1.0,False
2025-07-01,68,TraderAgent,Bauchi,1,159.5617477071138,2740.477294921875,359857.09375,Kano,True,Kano,Kano,winning,False,475.0,7.0,True
2025-07-01,69,TraderAgent,Bauchi,0,2828.6513671875,4260.8662109375,338552.375,Bauchi,False,Kano,Kano,winning,False,406.25,9.0,False
2025-07-01,70,TraderAgent,Bauchi,0,2828.6513671875,5497.416015625,479437.4375,Bauchi,False,Kano,Kano,winning,False,406.25,4.0,False
2025-07-01,71,TraderAgent,Bauchi,0,2828.6513671875,8951.6787109375,452549.09375,Bauchi,False,Kano,Kano,winning,False,406.25,7.0,False
2025-07-01,72,TraderAgent,Bauchi,1,159.5617477071138,5277.59619140625,395397.0,Kano,True,Kano,Kano,winning,False,475.0,8.0,True
2025-07-01,73,TraderAgent,Bauchi,0,1234.9013671875,6384.3232421875,492000.15625,Bauchi,False,Port_Harcourt,Bauchi,winning,False,462.5,11.0,False
2025-07-01,74,TraderAgent,Bauchi,0,2828.6513671875,5650.974609375,357520.46875,Bauchi,False,Kano,Kano,winning,False,406.25,8.0,False
2025-07-01,75,TraderAgent,Bauchi,0,1234.9013671875,11910.5205078125,511443.125,Bauchi,False,,Bauchi,winning,False,462.5,17.0,False
2025-07-01,76,TraderAgent,Bauchi,0,1234.9013671875,9740.2041015625,455600.875,Bauchi,False,Onitsha,Bauchi,winning,False,462.5,14.0,False
2025-07-01,77,TraderAgent,Bauchi,1,159.5617477071138,1288.852783203125,433281.25,Kano,True,Kano,Kano,winning,False,475.0,6.0,True
2025-07-01,78,TraderAgent,Bauchi,3,20.0,335.25,499975.25,Bauchi,False,,,winning,False,427.5,0.0,False
2025-07-01,79,TraderAgent,Bauchi,3,20.0,420.4256592592593,484280.8125,Bauchi,False,Port_Harcourt,Port_Harcourt,winning,False,451.25,1.0,False
2025-07-01,80,TraderAgent,Bauchi,0,1234.9013671875,12232.0732421875,511806.90625,Bauchi,False,,Bauchi,winning,False,462.5,17.0,False
2025-07-01,81,TraderAgent,Bauchi,0,2828.6513671875,4339.06982421875,416267.84375,Bauchi,False,Kano,Kano,winning,False,406.25,8.0,False
2025-07-01,82,TraderAgent,Bauchi,2,-27.5,2838.06103515625,444805.5625,Bauchi,False,Onitsha,Onitsha,winning,False,475.0,5.0,False
2025-07-01,83,TraderAgent,Bauchi,0,1234.9013671875,11894.2705078125,511416.875,Bauchi,False,,Bauchi,winning,False,462.5,17.0,False
2025-07-01,84,TraderAgent,Bauchi,1,159.5617477071138,2325.213134765625,443079.59375,Kano,True,Kano,Kano,winning,False,475.0,4.0,True
2025-07-01,85,BuyerAgent,Bauchi,0,465.09857177734375,1850.805419921875,,,,,,,,,,
2025-07-01,86,BuyerAgent,Bauchi,0,296.34857177734375,1797.39404296875,,,,,,,,,,
2025-07-01,87,BuyerAgent,Bauchi,0,296.34857177734375,1797.39404296875,,,,,,,,,,
2025-07-01,88,BuyerAgent,Bauchi,0,296.34857177734375,932.356201171875,,,,,,,,,,
2025-07-01,89,BuyerAgent,Bauchi,0,296.34857177734375,1699.212646484375,,,,,,,,,,
2025-07-01,90,BuyerAgent,Bauchi,0,296.34857177734375,466.48101806640625,,,,,,,,,,
2025-07-01,91,BuyerAgent,Bauchi,2,0.0,142.735595703125,,,,,,,,,,
2025-07-01,92,BuyerAgent,Bauchi,0,15.09857177734375,157.83416748046875,,,,,,,,,,
2025-07-01,93,BuyerAgent,Bauchi,1,15.09857177734375,157.83416748046875,,,,,,,,,,
2025-07-01,94,BuyerAgent,Bauchi,2,0.0,142.735595703125,,,,,,,,,,
2025-07-01,95,BuyerAgent,Bauchi,0,15.09857177734375,157.83416748046875,,,,,,,,,,
2025-07-01,96,BuyerAgent,Bauchi,1,15.09857177734375,157.83416748046875,,,,,,,,,,
2025-07-01,97,BuyerAgent,Bauchi,1,15.09857177734375,15.09857177734375,,,,,,,,,,
2025-07-01,98,BuyerAgent,Bauchi,2,0.0,0.0,,,,,,,,,,
2025-07-01,99,BuyerAgent,Bauchi,1,0.0,0.0,,,,,,,,,,
2025-07-01,100,BuyerAgent,Bauchi,1,0.0,0.0,,,,,,,,,,
2025-07-01,101,BuyerAgent,Bauchi,1,0.0,0.0,,,,,,,,,,
2025-07-01,102,BuyerAgent,Bauchi,2,0.0,0.0,,,,,,,,,,
2025-07-01,103,BuyerAgent,Bauchi,0,0.0,0.0,,,,,,,,,,
2025-07-01,104,BuyerAgent,Bauchi,1,0.0,0.0,,,,,,,,,,
2025-07-01,105,BuyerAgent,Bauchi,2,0.0,0.0,,,,,,,,,,
2025-07-01,106,BuyerAgent,Bauchi,2,0.0,0.0,,,,,,,,,,
2025-07-01,107,BuyerAgent,Bauchi,0,0.0,0.0,,,,,,,,,,
2025-07-01,108,BuyerAgent,Bauchi,0,0.0,0.0,,,,,,,,,,
2025-07-01,109,BuyerAgent,Bauchi,2,0.0,0.0,,,,,,,,,,
2025-07-01,110,BuyerAgent,Bauchi,1,0.0,0.0,,,,,,,,,,
2025-07-01,111,BuyerAgent,Bauchi,0,0.0,0.0,,,,,,,,,,
2025-07-01,112,BuyerAgent,Bauchi,0,0.0,0.0,,,,,,,,,,
2025-07-01,113,BuyerAgent,Bauchi,0,0.0,0.0,,,,,,,,,,
2025-07-01,114,BuyerAgent,Bauchi,1,0.0,0.0,,,,,,,,,,
2025-07-01,115,TransporterAgent,Bauchi,0,3.482942679019525,-568.8728602607969,,,,,,,,,,
2025-07-01,116,TransporterAgent,Bauchi,0,3.482942679019525,-824.2396412886237,,,,,,,,,,
2025-07-01,117,TransporterAgent,Bauchi,3,50.0,750.0,,,,,,,,,,
2025-07-01,118,TransporterAgent,Bauchi,3,50.0,310.0357142857143,,,,,,,,,,
2025-07-01,119,TransporterAgent,Bauchi,2,100.0,-722.9394669609804,,,,,,,,,,
2025-07-01,120,TransporterAgent,Bauchi,3,50.0,700.0,,,,,,,,,,
2025-07-01,121,TransporterAgent,Bauchi,3,50.0,-1272.8756372020916,,,,,,,,,,
2025-07-01,122,TransporterAgent,Bauchi,3,50.0,-430.71964285714284,,,,,,,,,,
2025-07-01,123,TransporterAgent,Bauchi,3,50.0,463.84854497354496,,,,,,,,,,
2025-07-01,124,TransporterAgent,Bauchi,3,50.0,128.42849206349206,,,,,,,,,,
2025-07-01,125,BankingAgent,Bauchi,0,-0.0,-19.075000000000003,,,,,,,,,,
2025-07-01,126,BankingAgent,Bauchi,0,-0.0,-13.275,,,,,,,,,,
2025-07-01,127,BankingAgent,Bauchi,0,-0.0,-18.45,,,,,,,,,,
2025-07-01,129,TraderAgent,Kano,0,0.0,1397.316162109375,449378.625,Kano,False,Onitsha,Onitsha,winning,False,95.0,6.0,False
2025-07-01,130,TraderAgent,Kano,3,20.0,1845.88623046875,450454.28125,Kano,False,Onitsha,Onitsha,winning,False,90.25,6.0,False
2025-07-01,131,TraderAgent,Kano,3,20.0,1094.8931884765625,463019.03125,Kano,False,Onitsha,Kano,winning,False,90.25,5.0,False
2025-07-01,132,TraderAgent,Kano,3,20.0,3056.552978515625,499691.90625,Kano,False,Bauchi,Kano,winning,False,90.25,9.0,False
2025-07-01,133,TraderAgent,Kano,0,0.0,3803.2333984375,438534.96875,Kano,False,Onitsha,Onitsha,winning,False,95.0,9.0,False
2025-07-01,134,TraderAgent,Kano,2,-35.0625,2536.064208984375,451642.75,Kano,False,Onitsha,Onitsha,winning,False,95.0,10.0,False
2025-07-01,135,TraderAgent,Kano,1,115.03175086615104,1172.82080078125,476927.625,Onitsha,True,Onitsha,Onitsha,winning,False,95.0,5.0,True
2025-07-01,136,TraderAgent,Kano,3,20.0,1928.00927734375,498617.40625,Kano,False,Bauchi,Kano,winning,False,77.19,5.0,False
2025-07-01,137,TraderAgent,Kano,1,115.03175086615104,1469.9276123046875,462061.6875,Onitsha,True,Onitsha,Onitsha,winning,False,92.5,4.0,True
2025-07-01,138,TraderAgent,Kano,4,-10.0,779.065673828125,466761.1875,Kano,False,Onitsha,Onitsha,winning,False,95.0,5.0,False
2025-07-01,139,TraderAgent,Kano,2,-35.0625,3337.426513671875,483628.28125,Kano,False,Onitsha,Onitsha,winning,False,95.0,5.0,False
2025-07-01,140,TraderAgent,Kano,4,-10.0,580.8842163085938,482663.625,Kano,False,Onitsha,Onitsha,winning,False,95.0,2.0,False
2025-07-01,141,TraderAgent,Kano,1,115.03175086615104,4120.5419921875,481158.46875,Onitsha,True,Onitsha,Onitsha,winning,False,92.5,6.0,True
2025-07-01,142,TraderAgent,Kano,2,-35.0625,1924.599609375,493872.875,Kano,False,Bauchi,Kano,winning,False,95.0,6.0,False
2025-07-01,143,TraderAgent,Kano,4,-10.0,1060.513916015625,482813.25,Kano,False,Onitsha,Onitsha,winning,False,95.0,5.0,False
2025-07-01,144,TraderAgent,Kano,0,0.0,831.046875,447994.3125,Kano,False,Onitsha,Onitsha,winning,False,95.0,4.0,False
2025-07-01,145,TraderAgent,Kano,0,246.86500549316406,1337.0010986328125,424930.1875,Kano,False,Onitsha,Kano,winning,False,95.0,9.0,False
2025-07-01,146,TraderAgent,Kano,4,-10.0,367.2958389153732,462760.8125,Kano,False,Onitsha,Onitsha,winning,False,95.0,3.0,False
2025-07-01,147,TraderAgent,Kano,1,115.03175086615104,1083.0863037109375,443180.0,Onitsha,True,Onitsha,Onitsha,winning,False,95.0,6.0,True
2025-07-01,148,TraderAgent,Kano,3,20.0,1838.852294921875,483485.59375,Kano,False,Onitsha,Kano,winning,False,90.25,5.0,False
2025-07-01,149,BuyerAgent,Kano,1,3.1349945068359375,829.9013061523438,,,,,,,,,,
2025-07-01,150,BuyerAgent,Kano,0,3.1349945068359375,777.7427978515625,,,,,,,,,,
2025-07-01,151,BuyerAgent,Kano,1,3.1349945068359375,769.985107421875,,,,,,,,,,
2025-07-01,152,BuyerAgent,Kano,0,3.1349945068359375,502.44866943359375,,,,,,,,,,
2025-07-01,153,BuyerAgent,Kano,2,0.0,115.6951904296875,,,,,,,,,,
2025-07-01,154,BuyerAgent,Kano,2,0.0,28.361358642578125,,,,,,,,,,
2025-07-01,155,BuyerAgent,Kano,2,0.0,283.8130187988281,,,,,,,,,,
2025-07-01,156,BuyerAgent,Kano,1,0.0,67.26821899414062,,,,,,,,,,
2025-07-01,157,BuyerAgent,Kano,1,0.0,283.8130187988281,,,,,,,,,,
2025-07-01,158,BuyerAgent,Kano,0,0.0,0.0,,,,,,,,,,
2025-07-01,159,BuyerAgent,Kano,1,0.0,280.76080322265625,,,,,,,,,,
2025-07-01,160,BuyerAgent,Kano,2,0.0,280.76080322265625,,,,,,,,,,
2025-07-01,161,BuyerAgent,Kano,2,0.0,44.01397705078125,,,,,,,,,,
2025-07-01,162,BuyerAgent,Kano,1,0.0,3.052215576171875,,,,,,,,,,
2025-07-01,163,BuyerAgent,Kano,1,0.0,3.052215576171875,,,,,,,,,,
2025-07-01,164,BuyerAgent,Kano,2,0.0,3.052215576171875,,,,,,,,,,
2025-07-01,165,BuyerAgent,Kano,0,0.0,0.0,,,,,,,,,,
2025-07-01,166,BuyerAgent,Kano,0,0.0,0.0,,,,,,,,,,
2025-07-01,167,BuyerAgent,Kano,1,0.0,0.0,,,,,,,,,,
2025-07-01,168,BuyerAgent,Kano,0,0.0,0.0,,,,,,,,,,
2025-07-01,169,BuyerAgent,Kano,1,0.0,0.0,,,,,,,,,,
2025-07-01,170,BuyerAgent,Kano,2,0.0,0.0,,,,,,,,,,
2025-07-01,171,BuyerAgent,Kano,1,0.0,0.0,,,,,,,,,,
2025-07-01,172,BuyerAgent,Kano,0,0.0,0.0,,,,,,,,,,
2025-07-01,173,BuyerAgent,Kano,0,0.0,0.0,,,,,,,,,,
2025-07-01,174,BuyerAgent,Kano,2,0.0,0.0,,,,,,,,,,
2025-07-01,175,BuyerAgent,Kano,1,0.0,0.0,,,,,,,,,,
2025-07-01,176,BuyerAgent,Kano,0,0.0,0.0,,,,,,,,,,
2025-07-01,177,BuyerAgent,Kano,2,0.0,0.0,,,,,,,,,,
2025-07-01,178,BuyerAgent,Kano,2,0.0,0.0,,,,,,,,,,
2025-07-01,179,TransporterAgent,Kano,2,100.0,41.600617081011535,,,,,,,,,,
2025-07-01,180,TransporterAgent,Kano,3,50.0,217.402,,,,,,,,,,
2025-07-01,181,TransporterAgent,Kano,0,9.830340177175394,-988.9586785149253,,,,,,,,,,
2025-07-01,182,TransporterAgent,Kano,2,100.0,-76.03327248677249,,,,,,,,,,
2025-07-01,183,TransporterAgent,Kano,1,-200.0,115.73004387301586,,,,,,,,,,
2025-07-01,184,TransporterAgent,Kano,2,100.0,-1223.174427470082,,,,,,,,,,
2025-07-01,185,TransporterAgent,Kano,0,9.830340177175394,-702.1483939498088,,,,,,,,,,
2025-07-01,186,TransporterAgent,Kano,3,50.0,-279.1838,,,,,,,,,,
2025-07-01,187,TransporterAgent,Kano,1,-200.0,-683.5,,,,,,,,,,
2025-07-01,188,TransporterAgent,Kano,3,50.0,-267.01574664903,,,,,,,,,,
2025-07-01,189,BankingAgent,Kano,1,-2.749999999999999,-36.15,,,,,,,,,,
2025-07-01,190,BankingAgent,Kano,1,-2.749999999999999,-52.25000000000001,,,,,,,,,,
2025-07-01,191,BankingAgent,Kano,1,-2.749999999999999,-57.37500000000001,,,,,,,,,,
2025-07-01,193,TraderAgent,Lagos,2,-23.71875,23321.8125,500541.4375,Lagos,False,Onitsha,Onitsha,winning,False,1090.0,8.0,False
2025-07-01,194,TraderAgent,Lagos,4,-10.0,13299.7705078125,496673.5625,Lagos,False,Onitsha,Lagos,winning,False,1157.5,5.0,False
2025-07-01,195,TraderAgent,Lagos,0,2648.402099609375,21992.92578125,499284.28125,Lagos,False,Onitsha,Lagos,winning,False,1090.0,8.0,False
2025-07-01,196,TraderAgent,Lagos,0,6398.40234375,26041.388671875,497500.8125,Lagos,False,Onitsha,Onitsha,winning,False,1090.0,7.0,False
2025-07-01,197,TraderAgent,Lagos,3,20.0,11955.9208984375,447401.71875,Lagos,False,Onitsha,Onitsha,winning,False,992.75,6.0,False
2025-07-01,198,TraderAgent,Lagos,0,2648.402099609375,31214.248046875,497093.53125,Lagos,False,Onitsha,Lagos,winning,False,1090.0,8.0,False
2025-07-01,199,TraderAgent,Lagos,0,2648.402099609375,16643.251953125,499590.03125,Lagos,False,Onitsha,Lagos,winning,False,1090.0,5.0,False
2025-07-01,200,TraderAgent,Lagos,0,6398.40234375,16448.876953125,493997.125,Lagos,False,Onitsha,Onitsha,winning,False,1090.0,6.0,False
2025-07-01,201,TraderAgent,Lagos,1,138.068,10977.990234375,487376.5625,Onitsha,True,Onitsha,Onitsha,winning,False,1090.0,3.0,True
2025-07-01,202,TraderAgent,Lagos,0,6398.40234375,23878.5,500911.15625,Lagos,False,Onitsha,Onitsha,winning,False,1090.0,6.0,False
2025-07-01,203,TraderAgent,Lagos,2,-23.71875,6810.39013671875,501266.1875,Lagos,False,Onitsha,Onitsha,winning,False,1045.0,2.0,False
2025-07-01,204,TraderAgent,Lagos,1,138.068,25623.216796875,431982.84375,Onitsha,True,Onitsha,Onitsha,winning,False,1202.5,8.0,True
2025-07-01,205,TraderAgent,Lagos,3,20.0,14745.3671875,497997.0,Lagos,False,Onitsha,Lagos,winning,False,1142.38,6.0,False
2025-07-01,206,TraderAgent,Lagos,4,-10.0,22744.583984375,499973.8125,Lagos,False,Onitsha,Onitsha,winning,False,1090.0,7.0,False
2025-07-01,207,TraderAgent,Lagos,0,6398.40234375,17707.013671875,447132.75,Lagos,False,Onitsha,Onitsha,winning,False,1090.0,7.0,False
2025-07-01,208,TraderAgent,Lagos,1,138.068,19883.572265625,485467.90625,Onitsha,True,Onitsha,Onitsha,winning,False,1202.5,5.0,True
2025-07-01,209,TraderAgent,Lagos,3,20.0,21339.220703125,499171.96875,Lagos,False,Onitsha,Lagos,winning,False,1142.38,7.0,False
2025-07-01,210,TraderAgent,Lagos,0,6398.40234375,30028.990234375,496068.375,Lagos,False,Onitsha,Onitsha,winning,False,1090.0,9.0,False
2025-07-01,211,TraderAgent,Lagos,3,20.0,15617.150390625,498952.625,Lagos,False,Onitsha,Lagos,winning,False,1142.38,6.0,False
2025-07-01,212,TraderAgent,Lagos,0,6398.40234375,21006.4609375,498066.71875,Lagos,False,Onitsha,Onitsha,winning,False,1090.0,6.0,False
2025-07-01,213,BuyerAgent,Lagos,0,601.597900390625,6616.966796875,,,,,,,,,,
2025-07-01,214,BuyerAgent,Lagos,0,601.597900390625,3562.457275390625,,,,,,,,,,
2025-07-01,215,BuyerAgent,Lagos,0,601.597900390625,3188.231201171875,,,,,,,,,,
2025-07-01,216,BuyerAgent,Lagos,2,0.0,5151.18994140625,,,,,,,,,,
2025-07-01,217,BuyerAgent,Lagos,2,0.0,2907.78564453125,,,,,,,,,,
2025-07-01,218,BuyerAgent,Lagos,2,0.0,3232.613525390625,,,,,,,,,,
2025-07-01,219,BuyerAgent,Lagos,1,601.597900390625,3216.383544921875,,,,,,,,,,
2025-07-01,220,BuyerAgent,Lagos,0,601.597900390625,3437.962158203125,,,,,,,,,,
2025-07-01,221,BuyerAgent,Lagos,0,601.597900390625,2624.7119140625,,,,,,,,,,
2025-07-01,222,BuyerAgent,Lagos,1,601.597900390625,2680.238525390625,,,,,,,,,,
2025-07-01,223,BuyerAgent,Lagos,1,601.597900390625,2696.7578125,,,,,,,,,,
2025-07-01,224,BuyerAgent,Lagos,2,0.0,2487.04296875,,,,,,,,,,
2025-07-01,225,BuyerAgent,Lagos,1,601.597900390625,1416.7620849609375,,,,,,,,,,
2025-07-01,226,BuyerAgent,Lagos,1,0.0,733.3868408203125,,,,,,,,,,
2025-07-01,227,BuyerAgent,Lagos,0,0.0,0.0,,,,,,,,,,
2025-07-01,228,BuyerAgent,Lagos,1,0.0,0.0,,,,,,,,,,
2025-07-01,229,BuyerAgent,Lagos,2,0.0,0.0,,,,,,,,,,
2025-07-01,230,BuyerAgent,Lagos,0,0.0,0.0,,,,,,,,,,
2025-07-01,231,BuyerAgent,Lagos,1,0.0,0.0,,,,,,,,,,
2025-07-01,232,BuyerAgent,Lagos,2,0.0,0.0,,,,,,,,,,
2025-07-01,233,BuyerAgent,Lagos,0,0.0,0.0,,,,,,,,,,
2025-07-01,234,BuyerAgent,Lagos,1,0.0,0.0,,,,,,,,,,
2025-07-01,235,BuyerAgent,Lagos,0,0.0,0.0,,,,,,,,,,
2025-07-01,236,BuyerAgent,Lagos,0,0.0,0.0,,,,,,,,,,
2025-07-01,237,BuyerAgent,Lagos,0,0.0,0.0,,,,,,,,,,
2025-07-01,238,BuyerAgent,Lagos,1,0.0,0.0,,,,,,,,,,
2025-07-01,239,BuyerAgent,Lagos,2,0.0,0.0,,,,,,,,,,
2025-07-01,240,BuyerAgent,Lagos,1,0.0,0.0,,,,,,,,,,
2025-07-01,241,BuyerAgent,Lagos,0,0.0,0.0,,,,,,,,,,
2025-07-01,242,BuyerAgent,Lagos,2,0.0,0.0,,,,,,,,,,
2025-07-01,243,TransporterAgent,Lagos,0,6.741315720000003,-438.8412462969723,,,,,,,,,,
2025-07-01,244,TransporterAgent,Lagos,3,50.0,-1285.5779103280001,,,,,,,,,,
2025-07-01,245,TransporterAgent,Lagos,3,50.0,-309.56210735692304,,,,,,,,,,
2025-07-01,246,TransporterAgent,Lagos,0,6.741315720000003,-1237.497071175784,,,,,,,,,,
2025-07-01,247,TransporterAgent,Lagos,2,100.0,-1197.4314490786205,,,,,,,,,,
2025-07-01,248,TransporterAgent,Lagos,3,50.0,-921.4761375231378,,,,,,,,,,
2025-07-01,249,TransporterAgent,Lagos,3,50.0,-862.9104117108042,,,,,,,,,,
2025-07-01,250,TransporterAgent,Lagos,3,50.0,-255.05938443878426,,,,,,,,,,
2025-07-01,251,TransporterAgent,Lagos,3,50.0,-29.112700000000018,,,,,,,,,,
2025-07-01,252,TransporterAgent,Lagos,2,100.0,-1213.8715321402553,,,,,,,,,,
2025-07-01,253,BankingAgent,Lagos,0,-0.0,-55.75,,,,,,,,,,
2025-07-01,254,BankingAgent,Lagos,0,-0.0,-37.025000000000006,,,,,,,,,,
2025-07-01,255,BankingAgent,Lagos,2,-1.3749999999999996,-52.22500000000001,,,,,,,,,,
2025-07-01,257,TraderAgent,Onitsha,0,0.0,6691.2666015625,481202.1875,Onitsha,False,Lagos,Lagos,winning,False,760.0,7.0,False
2025-07-01,258,TraderAgent,Onitsha,2,-27.5,3372.12744140625,494902.90625,Onitsha,False,Port_Harcourt,Port_Harcourt,winning,False,760.0,4.0,False
2025-07-01,259,TraderAgent,Onitsha,1,148.14828958342508,13843.9541015625,474603.25,Lagos,True,Lagos,Lagos,winning,False,740.0,10.0,True
2025-07-01,260,TraderAgent,Onitsha,3,20.0,672.6153949997998,471492.25,Onitsha,False,Lagos,Lagos,winning,False,722.0,4.0,False
2025-07-01,261,TraderAgent,Onitsha,0,1853.912353515625,30041.197265625,518144.28125,Onitsha,False,Lagos,Onitsha,winning,False,740.0,11.0,False
2025-07-01,262,TraderAgent,Onitsha,1,148.14828958342508,4393.52783203125,470739.3125,Lagos,True,Lagos,Lagos,winning,False,740.0,4.0,True
2025-07-01,263,TraderAgent,Onitsha,3,20.0,4803.3154296875,478976.625,Onitsha,False,Lagos,Lagos,winning,False,722.0,6.0,False
2025-07-01,264,TraderAgent,Onitsha,0,1953.912353515625,6555.513671875,489952.40625,Onitsha,False,Lagos,Onitsha,winning,False,760.0,6.0,False
2025-07-01,265,TraderAgent,Onitsha,4,-10.0,8456.9013671875,492520.625,Onitsha,False,Lagos,Lagos,winning,False,760.0,8.0,False
2025-07-01,266,TraderAgent,Onitsha,0,0.0,23410.107421875,509021.59375,Onitsha,False,Lagos,Lagos,winning,False,760.0,8.0,False
2025-07-01,267,TraderAgent,Onitsha,1,148.14828958342508,19355.48828125,494809.1875,Lagos,True,Lagos,Lagos,winning,False,740.0,4.0,True
2025-07-01,268,TraderAgent,Onitsha,2,-27.5,23021.642578125,487458.0,Onitsha,False,Lagos,Lagos,winning,False,760.0,9.0,False
2025-07-01,269,TraderAgent,Onitsha,2,-27.5,9708.455078125,487656.8125,Onitsha,False,Lagos,Onitsha,winning,False,740.0,8.0,False
2025-07-01,270,TraderAgent,Onitsha,4,-10.0,2823.16455078125,460149.09375,Onitsha,False,Lagos,Lagos,winning,False,760.0,6.0,False
2025-07-01,271,TraderAgent,Onitsha,0,1853.912353515625,12629.5341796875,498052.96875,Onitsha,False,Lagos,Onitsha,winning,False,740.0,9.0,False
2025-07-01,272,TraderAgent,Onitsha,0,1853.912353515625,7461.353515625,491880.46875,Onitsha,False,Port_Harcourt,Onitsha,winning,False,740.0,6.0,False
2025-07-01,273,TraderAgent,Onitsha,1,148.14828958342508,4220.07080078125,486918.40625,Lagos,True,Lagos,Lagos,winning,False,740.0,3.0,True
2025-07-01,274,TraderAgent,Onitsha,2,-27.5,5286.298828125,481112.46875,Onitsha,False,Lagos,Lagos,winning,False,760.0,6.0,False
2025-07-01,275,TraderAgent,Onitsha,0,0.0,4006.561767578125,466771.5625,Onitsha,False,Lagos,Lagos,winning,False,760.0,6.0,False
2025-07-01,276,TraderAgent,Onitsha,1,148.14828958342508,3240.68603515625,447382.03125,Lagos,True,Lagos,Lagos,winning,False,760.0,6.0,True
2025-07-01,277,BuyerAgent,Onitsha,0,146.087646484375,3818.888916015625,,,,,,,,,,
2025-07-01,278,BuyerAgent,Onitsha,2,0.0,1008.2257080078125,,,,,,,,,,
2025-07-01,279,BuyerAgent,Onitsha,2,0.0,2881.63916015625,,,,,,,,,,
2025-07-01,280,BuyerAgent,Onitsha,2,0.0,2616.83447265625,,,,,,,,,,
2025-07-01,281,BuyerAgent,Onitsha,2,0.0,2315.85009765625,,,,,,,,,,
2025-07-01,282,BuyerAgent,Onitsha,0,146.087646484375,551.798095703125,,,,,,,,,,
2025-07-01,283,BuyerAgent,Onitsha,1,146.087646484375,368.3856201171875,,,,,,,,,,
2025-07-01,284,BuyerAgent,Onitsha,0,46.087646484375,562.872314453125,,,,,,,,,,
2025-07-01,285,BuyerAgent,Onitsha,1,46.087646484375,158.3575439453125,,,,,,,,,,
2025-07-01,286,BuyerAgent,Onitsha,1,46.087646484375,128.070068359375,,,,,,,,,,
2025-07-01,287,BuyerAgent,Onitsha,2,0.0,155.35491943359375,,,,,,,,,,
2025-07-01,288,BuyerAgent,Onitsha,2,0.0,140.49896240234375,,,,,,,,,,
2025-07-01,289,BuyerAgent,Onitsha,1,46.087646484375,56.96014404296875,,,,,,,,,,
2025-07-01,290,BuyerAgent,Onitsha,2,0.0,10.87249755859375,,,,,,,,,,
2025-07-01,291,BuyerAgent,Onitsha,2,0.0,0.0,,,,,,,,,,
2025-07-01,292,BuyerAgent,Onitsha,1,0.0,0.0,,,,,,,,,,
2025-07-01,293,BuyerAgent,Onitsha,1,0.0,0.0,,,,,,,,,,
2025-07-01,294,BuyerAgent,Onitsha,0,0.0,0.0,,,,,,,,,,
2025-07-01,295,BuyerAgent,Onitsha,1,0.0,0.0,,,,,,,,,,
2025-07-01,296,BuyerAgent,Onitsha,0,0.0,0.0,,,,,,,,,,
2025-07-01,297,BuyerAgent,Onitsha,0,0.0,0.0,,,,,,,,,,
2025-07-01,298,BuyerAgent,Onitsha,0,0.0,0.0,,,,,,,,,,
2025-07-01,299,BuyerAgent,Onitsha,1,0.0,0.0,,,,,,,,,,
2025-07-01,300,BuyerAgent,Onitsha,2,0.0,0.0,,,,,,,,,,
2025-07-01,301,BuyerAgent,Onitsha,1,0.0,0.0,,,,,,,,,,
2025-07-01,302,BuyerAgent,Onitsha,0,0.0,0.0,,,,,,,,,,
2025-07-01,303,BuyerAgent,Onitsha,2,0.0,0.0,,,,,,,,,,
2025-07-01,304,BuyerAgent,Onitsha,0,0.0,0.0,,,,,,,,,,
2025-07-01,305,BuyerAgent,Onitsha,2,0.0,0.0,,,,,,,,,,
2025-07-01,306,BuyerAgent,Onitsha,1,0.0,0.0,,,,,,,,,,
2025-07-01,307,TransporterAgent,Onitsha,0,18.815750072402743,153.69250250868242,,,,,,,,,,
2025-07-01,308,TransporterAgent,Onitsha,3,50.0,141.36064483904028,,,,,,,,,,
2025-07-01,309,TransporterAgent,Onitsha,1,-200.0,161.01655694444452,,,,,,,,,,
2025-07-01,310,TransporterAgent,Onitsha,2,100.0,11.88048337275147,,,,,,,,,,
2025-07-01,311,TransporterAgent,Onitsha,1,-200.0,-237.24282888888888,,,,,,,,,,
2025-07-01,312,TransporterAgent,Onitsha,3,50.0,-912.0713428758534,,,,,,,,,,
2025-07-01,313,TransporterAgent,Onitsha,2,100.0,36.70207823635245,,,,,,,,,,
2025-07-01,314,TransporterAgent,Onitsha,2,100.0,501.22132922308856,,,,,,,,,,
2025-07-01,315,TransporterAgent,Onitsha,0,18.815750072402743,151.3701822135532,,,,,,,,,,
2025-07-01,316,TransporterAgent,Onitsha,0,18.815750072402743,-1130.123777906589,,,,,,,,,,
2025-07-01,317,BankingAgent,Onitsha,0,-0.0,-38.7,,,,,,,,,,
2025-07-01,318,BankingAgent,Onitsha,0,-0.0,-57.525000000000006,,,,,,,,,,
2025-07-01,319,BankingAgent,Onitsha,0,-0.0,-40.175000000000004,,,,,,,,,,
2025-07-01,321,TraderAgent,Port_Harcourt,2,-23.71875,29038.54296875,521117.75,Port_Harcourt,False,Onitsha,Port_Harcourt,winning,False,1515.0,7.0,False
2025-07-01,322,TraderAgent,Port_Harcourt,1,164.22341939151147,31783.107421875,516912.375,Onitsha,True,Onitsha,Onitsha,winning,False,1335.0,6.0,True
2025-07-01,323,TraderAgent,Port_Harcourt,4,-10.0,26502.77734375,522013.125,Port_Harcourt,False,Onitsha,Port_Harcourt,winning,False,1537.5,6.0,False
2025-07-01,324,TraderAgent,Port_Harcourt,1,164.22341939151147,10591.3779296875,502097.875,Onitsha,True,Onitsha,Onitsha,winning,False,1515.0,4.0,True
2025-07-01,325,TraderAgent,Port_Harcourt,1,164.22341939151147,27849.314453125,514267.53125,Onitsha,True,Onitsha,Onitsha,winning,False,1537.5,7.0,True
2025-07-01,326,TraderAgent,Port_Harcourt,0,3123.45947265625,28553.96484375,520954.40625,Port_Harcourt,False,Onitsha,Port_Harcourt,winning,False,1335.0,5.0,False
2025-07-01,327,TraderAgent,Port_Harcourt,3,20.0,25842.5078125,521382.96875,Port_Harcourt,False,Onitsha,Port_Harcourt,winning,False,1449.94,6.0,False
2025-07-01,328,TraderAgent,Port_Harcourt,0,9498.458984375,39508.6640625,530306.125,Port_Harcourt,False,Onitsha,Onitsha,winning,False,1335.0,7.0,False
2025-07-01,329,TraderAgent,Port_Harcourt,0,3123.45947265625,26846.71484375,519300.4375,Port_Harcourt,False,Onitsha,Port_Harcourt,winning,False,1335.0,6.0,False
2025-07-01,330,TraderAgent,Port_Harcourt,3,20.0,32867.23046875,527704.0625,Port_Harcourt,False,Onitsha,Onitsha,winning,False,1268.25,9.0,False
2025-07-01,331,TraderAgent,Port_Harcourt,1,164.22341939151147,36110.18359375,517647.46875,Onitsha,True,Onitsha,Onitsha,winning,False,1335.0,7.0,True
2025-07-01,332,TraderAgent,Port_Harcourt,4,-10.0,18371.771484375,467457.1875,Port_Harcourt,False,Onitsha,Port_Harcourt,winning,False,1537.5,5.0,False
2025-07-01,333,TraderAgent,Port_Harcourt,3,20.0,15980.3583984375,511102.8125,Port_Harcourt,False,Onitsha,Onitsha,winning,False,1268.25,3.0,False
2025-07-01,334,TraderAgent,Port_Harcourt,0,9498.458984375,35122.92578125,528458.375,Port_Harcourt,False,Onitsha,Onitsha,winning,False,1335.0,6.0,False
2025-07-01,335,TraderAgent,Port_Harcourt,3,20.0,32118.955078125,527609.375,Port_Harcourt,False,Onitsha,Port_Harcourt,winning,False,1460.62,8.0,False
2025-07-01,336,TraderAgent,Port_Harcourt,0,9498.458984375,35616.6328125,528005.0,Port_Harcourt,False,Onitsha,Onitsha,winning,False,1335.0,9.0,False
2025-07-01,337,TraderAgent,Port_Harcourt,4,-10.0,31942.8515625,522393.8125,Port_Harcourt,False,Onitsha,Onitsha,winning,False,1312.5,6.0,False
2025-07-01,338,TraderAgent,Port_Harcourt,3,20.0,36197.296875,483502.15625,Port_Harcourt,False,Onitsha,Port_Harcourt,winning,False,1460.62,10.0,False
2025-07-01,339,TraderAgent,Port_Harcourt,3,20.0,16545.703125,511224.625,Port_Harcourt,False,Onitsha,Port_Harcourt,winning,False,1439.25,5.0,False
2025-07-01,340,TraderAgent,Port_Harcourt,3,20.0,41702.22265625,532415.5,Port_Harcourt,False,Onitsha,Port_Harcourt,winning,False,1460.62,8.0,False
2025-07-01,341,BuyerAgent,Port_Harcourt,0,1001.54052734375,15024.37109375,,,,,,,,,,
2025-07-01,342,BuyerAgent,Port_Harcourt,0,1001.54052734375,19950.49609375,,,,,,,,,,
2025-07-01,343,BuyerAgent,Port_Harcourt,0,1001.54052734375,12988.8984375,,,,,,,,,,
2025-07-01,344,BuyerAgent,Port_Harcourt,2,0.0,10074.201171875,,,,,,,,,,
2025-07-01,345,BuyerAgent,Port_Harcourt,0,1001.54052734375,21910.5625,,,,,,,,,,
2025-07-01,346,BuyerAgent,Port_Harcourt,1,1001.54052734375,12117.59765625,,,,,,,,,,
2025-07-01,347,BuyerAgent,Port_Harcourt,1,0.0,14965.904296875,,,,,,,,,,
2025-07-01,348,BuyerAgent,Port_Harcourt,1,0.0,8833.2021484375,,,,,,,,,,
2025-07-01,349,BuyerAgent,Port_Harcourt,0,0.0,8916.888671875,,,,,,,,,,
2025-07-01,350,BuyerAgent,Port_Harcourt,2,0.0,3749.497802734375,,,,,,,,,,
2025-07-01,351,BuyerAgent,Port_Harcourt,1,0.0,3256.270751953125,,,,,,,,,,
2025-07-01,352,BuyerAgent,Port_Harcourt,0,0.0,2838.14501953125,,,,,,,,,,
2025-07-01,353,BuyerAgent,Port_Harcourt,1,0.0,679.5355224609375,,,,,,,,,,
2025-07-01,354,BuyerAgent,Port_Harcourt,0,0.0,2874.98583984375,,,,,,,,,,
2025-07-01,355,BuyerAgent,Port_Harcourt,0,0.0,306.6717529296875,,,,,,,,,,
2025-07-01,356,BuyerAgent,Port_Harcourt,0,0.0,0.0,,,,,,,,,,
2025-07-01,357,BuyerAgent,Port_Harcourt,1,0.0,1090.977783203125,,,,,,,,,,
2025-07-01,358,BuyerAgent,Port_Harcourt,2,0.0,715.977783203125,,,,,,,,,,
2025-07-01,359,BuyerAgent,Port_Harcourt,2,0.0,715.977783203125,,,,,,,,,,
2025-07-01,360,BuyerAgent,Port_Harcourt,2,0.0,715.977783203125,,,,,,,,,,
2025-07-01,361,BuyerAgent,Port_Harcourt,2,0.0,0.0,,,,,,,,,,
2025-07-01,362,BuyerAgent,Port_Harcourt,1,0.0,184.0081787109375,,,,,,,,,,
2025-07-01,363,BuyerAgent,Port_Harcourt,2,0.0,0.0,,,,,,,,,,
2025-07-01,364,BuyerAgent,Port_Harcourt,2,0.0,0.0,,,,,,,,,,
2025-07-01,365,BuyerAgent,Port_Harcourt,1,0.0,0.0,,,,,,,,,,
2025-07-01,366,BuyerAgent,Port_Harcourt,0,0.0,0.0,,,,,,,,,,
2025-07-01,367,BuyerAgent,Port_Harcourt,2,0.0,0.0,,,,,,,,,,
2025-07-01,368,BuyerAgent,Port_Harcourt,0,0.0,0.0,,,,,,,,,,
2025-07-01,369,BuyerAgent,Port_Harcourt,2,0.0,0.0,,,,,,,,,,
2025-07-01,370,BuyerAgent,Port_Harcourt,0,0.0,0.0,,,,,,,,,,
2025-07-01,371,TransporterAgent,Port_Harcourt,0,1.1181425333333346,-472.61867564848484,,,,,,,,,,
2025-07-01,372,TransporterAgent,Port_Harcourt,2,-50.0,-4.30513896969704,,,,,,,,,,
2025-07-01,373,TransporterAgent,Port_Harcourt,3,50.0,449.87971654040393,,,,,,,,,,
2025-07-01,374,TransporterAgent,Port_Harcourt,3,50.0,-372.20390404040404,,,,,,,,,,
2025-07-01,375,TransporterAgent,Port_Harcourt,1,-200.0,-169.62735795454546,,,,,,,,,,
2025-07-01,376,TransporterAgent,Port_Harcourt,1,-200.0,-817.0375612373738,,,,,,,,,,
2025-07-01,377,TransporterAgent,Port_Harcourt,0,1.1181425333333346,-267.0609180095959,,,,,,,,,,
2025-07-01,378,TransporterAgent,Port_Harcourt,3,50.0,-470.78,,,,,,,,,,
2025-07-01,379,TransporterAgent,Port_Harcourt,1,-200.0,-789.5391678661615,,,,,,,,,,
2025-07-01,380,TransporterAgent,Port_Harcourt,2,-50.0,-183.9384022272727,,,,,,,,,,
2025-07-01,381,BankingAgent,Port_Harcourt,0,-0.0,-44.425000000000004,,,,,,,,,,
2025-07-01,382,BankingAgent,Port_Harcourt,2,-1.3749999999999996,-30.650000000000006,,,,,,,,,,
2025-07-01,383,BankingAgent,Port_Harcourt,2,-1.3749999999999996,-37.775,,,,,,,,,,
2025-08-01,1,TraderAgent,Abuja,3,20.0,15004.6318359375,486754.1875,Abuja,False,Onitsha,Abuja,winning,False,439.38,6.0,False
2025-08-01,2,TraderAgent,Abuja,0,1196.3970947265625,18174.30078125,443781.03125,Abuja,False,Onitsha,Abuja,winning,False,462.5,5.0,False
2025-08-01,3,TraderAgent,Abuja,0,0.0,15390.072265625,487528.46875,Abuja,False,Onitsha,Onitsha,winning,False,475.0,9.0,False
2025-08-01,4,TraderAgent,Abuja,1,156.82220358804005,30920.31640625,471862.3125,Onitsha,True,Onitsha,Onitsha,winning,False,462.5,11.0,True
2025-08-01,5,TraderAgent,Abuja,4,-10.0,16326.537109375,489951.90625,Abuja,False,Onitsha,Onitsha,winning,False,475.0,6.0,False
2025-08-01,6,TraderAgent,Abuja,0,0.0,18437.400390625,483194.03125,Abuja,False,Onitsha,Onitsha,winning,False,475.0,7.0,False
2025-08-01,7,TraderAgent,Abuja,0,0.0,30733.5625,419652.25,Abuja,False,Onitsha,Onitsha,winning,False,475.0,11.0,False
2025-08-01,8,TraderAgent,Abuja,0,1258.8970947265625,29579.54296875,475209.90625,Abuja,False,Onitsha,Abuja,winning,False,475.0,12.0,False
2025-08-01,9,TraderAgent,Abuja,2,-27.0,12281.4423828125,433788.4375,Abuja,False,Onitsha,Abuja,winning,False,462.5,8.0,False
2025-08-01,10,TraderAgent,Abuja,1,156.82220358804005,15787.9765625,472384.09375,Onitsha,True,Onitsha,Onitsha,winning,False,475.0,7.0,True
2025-08-01,11,TraderAgent,Abuja,3,20.0,24976.375,489897.40625,Abuja,False,Onitsha,Abuja,winning,False,439.38,7.0,False
2025-08-01,12,TraderAgent,Abuja,2,-27.0,11678.2998046875,485306.46875,Abuja,False,Onitsha,Onitsha,winning,False,475.0,6.0,False
2025-08-01,13,TraderAgent,Abuja,3,20.0,18180.458984375,500325.1875,Abuja,False,Onitsha,Onitsha,winning,False,451.25,7.0,False
2025-08-01,14,TraderAgent,Abuja,1,156.82220358804005,3330.5732421875,478910.625,Onitsha,True,Onitsha,Onitsha,winning,False,475.0,4.0,True
2025-08-01,15,TraderAgent,Abuja,4,-10.0,17169.033203125,490752.40625,Abuja,False,Onitsha,Onitsha,winning,False,475.0,7.0,False
2025-08-01,16,TraderAgent,Abuja,2,-27.0,11339.1533203125,415356.875,Abuja,False,Onitsha,Abuja,winning,False,462.5,6.0,False
2025-08-01,17,TraderAgent,Abuja,0,0.0,20547.314453125,466766.40625,Abuja,False,Onitsha,Onitsha,winning,False,475.0,8.0,False
2025-08-01,18,TraderAgent,Abuja,2,-27.0,22734.087890625,504335.03125,Abuja,False,Onitsha,Onitsha,winning,False,475.0,11.0,False
2025-08-01,19,TraderAgent,Abuja,0,1258.8970947265625,7206.58984375,478986.625,Abuja,False,Onitsha,Abuja,winning,False,475.0,4.0,False
2025-08-01,20,TraderAgent,Abuja,1,156.82220358804005,11730.0576171875,486403.875,Onitsha,True,Onitsha,Onitsha,winning,False,462.5,8.0,True
2025-08-01,21,BuyerAgent,Abuja,1,53.6029052734375,6947.36767578125,,,,,,,,,,
2025-08-01,22,BuyerAgent,Abuja,1,0.0,2847.82275390625,,,,,,,,,,
2025-08-01,23,BuyerAgent,Abuja,0,0.0,5163.67333984375,,,,,,,,,,
2025-08-01,24,BuyerAgent,Abuja,2,0.0,2812.779296875,,,,,,,,,,
2025-08-01,25,BuyerAgent,Abuja,2,0.0,4013.51171875,,,,,,,,,,
2025-08-01,26,BuyerAgent,Abuja,2,0.0,3780.2890625,,,,,,,,,,
2025-08-01,27,BuyerAgent,Abuja,2,0.0,1551.868896484375,,,,,,,,,,
2025-08-01,28,BuyerAgent,Abuja,2,0.0,4059.34130859375,,,,,,,,,,
2025-08-01,29,BuyerAgent,Abuja,1,0.0,2705.03466796875,,,,,,,,,,
2025-08-01,30,BuyerAgent,Abuja,2,0.0,3069.10107421875,,,,,,,,,,
2025-08-01,31,BuyerAgent,Abuja,2,0.0,1435.33935546875,,,,,,,,,,
2025-08-01,32,BuyerAgent,Abuja,1,0.0,172.83538818359375,,,,,,,,,,
2025-08-01,33,BuyerAgent,Abuja,0,0.0,1265.138916015625,,,,,,,,,,
2025-08-01,34,BuyerAgent,Abuja,0,0.0,2396.519775390625,,,,,,,,,,
2025-08-01,35,BuyerAgent,Abuja,1,0.0,1222.862548828125,,,,,,,,,,
2025-08-01,36,BuyerAgent,Abuja,2,0.0,22.862548828125,,,,,,,,,,
2025-08-01,37,BuyerAgent,Abuja,1,0.0,14.522705078125,,,,,,,,,,
2025-08-01,38,BuyerAgent,Abuja,0,0.0,0.0,,,,,,,,,,
2025-08-01,39,BuyerAgent,Abuja,2,0.0,0.0,,,,,,,,,,
2025-08-01,40,BuyerAgent,Abuja,0,0.0,0.0,,,,,,,,,,
2025-08-01,41,BuyerAgent,Abuja,2,0.0,0.0,,,,,,,,,,
2025-08-01,42,BuyerAgent,Abuja,1,0.0,0.0,,,,,,,,,,
2025-08-01,43,BuyerAgent,Abuja,1,0.0,0.0,,,,,,,,,,
2025-08-01,44,BuyerAgent,Abuja,2,0.0,0.0,,,,,,,,,,
2025-08-01,45,BuyerAgent,Abuja,0,0.0,0.0,,,,,,,,,,
2025-08-01,46,BuyerAgent,Abuja,2,0.0,0.0,,,,,,,,,,
2025-08-01,47,BuyerAgent,Abuja,2,0.0,0.0,,,,,,,,,,
2025-08-01,48,BuyerAgent,Abuja,2,0.0,0.0,,,,,,,,,,
2025-08-01,49,BuyerAgent,Abuja,0,0.0,0.0,,,,,,,,,,
2025-08-01,50,BuyerAgent,Abuja,2,0.0,0.0,,,,,,,,,,
2025-08-01,51,TransporterAgent,Abuja,1,-200.0,-619.9738658190251,,,,,,,,,,
2025-08-01,52,TransporterAgent,Abuja,1,-200.0,-297.9651152358333,,,,,,,,,,
2025-08-01,53,TransporterAgent,Abuja,0,15.426433957515084,66.82904595751506,,,,,,,,,,
2025-08-01,54,TransporterAgent,Abuja,1,-200.0,-590.6269652358334,,,,,,,,,,
2025-08-01,55,TransporterAgent,Abuja,0,15.426433957515084,252.08869762418146,,,,,,,,,,
2025-08-01,56,TransporterAgent,Abuja,1,-200.0,-956.1127858333335,,,,,,,,,,
2025-08-01,57,TransporterAgent,Abuja,2,100.0,-542.8414903190252,,,,,,,,,,
2025-08-01,58,TransporterAgent,Abuja,3,50.0,-16.918213569166895,,,,,,,,,,
2025-08-01,59,TransporterAgent,Abuja,3,50.0,-190.59165000000002,,,,,,,,,,
2025-08-01,60,TransporterAgent,Abuja,0,15.426433957515084,-740.05909826401,,,,,,,,,,
2025-08-01,61,BankingAgent,Abuja,0,-0.0,-57.475,,,,,,,,,,
2025-08-01,62,BankingAgent,Abuja,2,-1.35,-54.12500000000001,,,,,,,,,,
2025-08-01,63,BankingAgent,Abuja,0,-0.0,-57.475,,,,,,,,,,
2025-08-01,65,TraderAgent,Bauchi,0,912.8509521484375,4960.80859375,488739.53125,Bauchi,False,Port_Harcourt,Bauchi,winning,False,332.5,8.0,False
2025-08-01,66,TraderAgent,Bauchi,0,2462.85107421875,5416.7392578125,396456.375,Bauchi,False,Kano,Kano,winning,False,267.5,9.0,False
2025-08-01,67,TraderAgent,Bauchi,3,20.0,371.9372172619047,486006.96875,Bauchi,False,Port_Harcourt,Port_Harcourt,losing,False,315.88,1.0,False
2025-08-01,68,TraderAgent,Bauchi,0,2462.85107421875,5203.328125,363069.90625,Bauchi,False,Kano,Kano,winning,False,267.5,8.0,False
2025-08-01,69,TraderAgent,Bauchi,1,166.46395546510297,4427.330078125,323787.96875,Onitsha,True,Onitsha,Onitsha,winning,False,301.25,9.0,True
2025-08-01,70,TraderAgent,Bauchi,3,20.0,5517.416015625,479437.4375,Bauchi,False,Kano,Kano,winning,False,286.19,4.0,False
2025-08-01,71,TraderAgent,Bauchi,1,166.46395546510297,9118.142578125,437784.625,Onitsha,True,Onitsha,Onitsha,winning,False,301.25,7.0,True
2025-08-01,72,TraderAgent,Bauchi,0,2462.85107421875,7740.447265625,398609.84375,Bauchi,False,Kano,Kano,winning,False,267.5,9.0,False
2025-08-01,73,TraderAgent,Bauchi,0,912.8509521484375,7297.17431640625,492886.0,Bauchi,False,Port_Harcourt,Bauchi,winning,False,332.5,12.0,False
2025-08-01,74,TraderAgent,Bauchi,1,166.46395546510297,5817.4384765625,342756.09375,Onitsha,True,Onitsha,Onitsha,winning,False,301.25,8.0,True
2025-08-01,75,TraderAgent,Bauchi,0,912.8509521484375,12823.37109375,512328.96875,Bauchi,False,,Bauchi,winning,False,332.5,18.0,False
2025-08-01,76,TraderAgent,Bauchi,0,912.8509521484375,10653.0546875,456486.71875,Bauchi,False,Onitsha,Bauchi,winning,False,332.5,15.0,False
2025-08-01,77,TraderAgent,Bauchi,0,2462.85107421875,3751.703857421875,436494.09375,Bauchi,False,Kano,Kano,winning,False,267.5,7.0,False
2025-08-01,78,TraderAgent,Bauchi,3,20.0,355.25,499975.25,Bauchi,False,,,losing,False,299.25,0.0,False
2025-08-01,79,TraderAgent,Bauchi,3,20.0,440.4256592592593,484280.8125,Bauchi,False,Port_Harcourt,Port_Harcourt,losing,False,315.88,1.0,False
2025-08-01,80,TraderAgent,Bauchi,0,912.8509521484375,13144.923828125,512692.8125,Bauchi,False,,Bauchi,winning,False,332.5,18.0,False
2025-08-01,81,TraderAgent,Bauchi,1,166.46395546510297,4505.53369140625,401503.4375,Onitsha,True,Onitsha,Onitsha,winning,False,301.25,8.0,True
2025-08-01,82,TraderAgent,Bauchi,3,20.0,2858.06103515625,444805.5625,Bauchi,False,Onitsha,Onitsha,winning,False,315.88,5.0,False
2025-08-01,83,TraderAgent,Bauchi,0,912.8509521484375,12807.12109375,512302.71875,Bauchi,False,,Bauchi,winning,False,332.5,18.0,False
2025-08-01,84,TraderAgent,Bauchi,0,2462.85107421875,4788.064453125,446292.4375,Bauchi,False,Kano,Kano,winning,False,267.5,5.0,False
2025-08-01,85,BuyerAgent,Bauchi,1,287.1490478515625,2137.95458984375,,,,,,,,,,
2025-08-01,86,BuyerAgent,Bauchi,0,287.1490478515625,2084.54296875,,,,,,,,,,
2025-08-01,87,BuyerAgent,Bauchi,0,287.1490478515625,2084.54296875,,,,,,,,,,
2025-08-01,88,BuyerAgent,Bauchi,0,287.1490478515625,1219.5052490234375,,,,,,,,,,
2025-08-01,89,BuyerAgent,Bauchi,0,287.1490478515625,1986.3616943359375,,,,,,,,,,
2025-08-01,90,BuyerAgent,Bauchi,0,0.0,466.48101806640625,,,,,,,,,,
2025-08-01,91,BuyerAgent,Bauchi,0,0.0,142.735595703125,,,,,,,,,,
2025-08-01,92,BuyerAgent,Bauchi,0,0.0,157.83416748046875,,,,,,,,,,
2025-08-01,93,BuyerAgent,Bauchi,1,0.0,157.83416748046875,,,,,,,,,,
2025-08-01,94,BuyerAgent,Bauchi,1,0.0,142.735595703125,,,,,,,,,,
2025-08-01,95,BuyerAgent,Bauchi,0,0.0,157.83416748046875,,,,,,,,,,
2025-08-01,96,BuyerAgent,Bauchi,1,0.0,157.83416748046875,,,,,,,,,,
2025-08-01,97,BuyerAgent,Bauchi,0,0.0,15.09857177734375,,,,,,,,,,
2025-08-01,98,BuyerAgent,Bauchi,2,0.0,0.0,,,,,,,,,,
2025-08-01,99,BuyerAgent,Bauchi,1,0.0,0.0,,,,,,,,,,
2025-08-01,100,BuyerAgent,Bauchi,2,0.0,0.0,,,,,,,,,,
2025-08-01,101,BuyerAgent,Bauchi,2,0.0,0.0,,,,,,,,,,
2025-08-01,102,BuyerAgent,Bauchi,2,0.0,0.0,,,,,,,,,,
2025-08-01,103,BuyerAgent,Bauchi,0,0.0,0.0,,,,,,,,,,
2025-08-01,104,BuyerAgent,Bauchi,1,0.0,0.0,,,,,,,,,,
2025-08-01,105,BuyerAgent,Bauchi,2,0.0,0.0,,,,,,,,,,
2025-08-01,106,BuyerAgent,Bauchi,2,0.0,0.0,,,,,,,,,,
2025-08-01,107,BuyerAgent,Bauchi,0,0.0,0.0,,,,,,,,,,
2025-08-01,108,BuyerAgent,Bauchi,2,0.0,0.0,,,,,,,,,,
2025-08-01,109,BuyerAgent,Bauchi,1,0.0,0.0,,,,,,,,,,
2025-08-01,110,BuyerAgent,Bauchi,2,0.0,0.0,,,,,,,,,,
2025-08-01,111,BuyerAgent,Bauchi,2,0.0,0.0,,,,,,,,,,
2025-08-01,112,BuyerAgent,Bauchi,0,0.0,0.0,,,,,,,,,,
2025-08-01,113,BuyerAgent,Bauchi,0,0.0,0.0,,,,,,,,,,
2025-08-01,114,BuyerAgent,Bauchi,1,0.0,0.0,,,,,,,,,,
2025-08-01,115,TransporterAgent,Bauchi,0,5.102073760101816,-563.7707865006951,,,,,,,,,,
2025-08-01,116,TransporterAgent,Bauchi,0,5.102073760101816,-819.1375675285219,,,,,,,,,,
2025-08-01,117,TransporterAgent,Bauchi,3,50.0,800.0,,,,,,,,,,
2025-08-01,118,TransporterAgent,Bauchi,3,50.0,360.0357142857143,,,,,,,,,,
2025-08-01,119,TransporterAgent,Bauchi,0,5.102073760101816,-717.8373932008786,,,,,,,,,,
2025-08-01,120,TransporterAgent,Bauchi,3,50.0,750.0,,,,,,,,,,
2025-08-01,121,TransporterAgent,Bauchi,0,5.102073760101816,-1267.7735634419898,,,,,,,,,,
2025-08-01,122,TransporterAgent,Bauchi,3,50.0,-380.71964285714284,,,,,,,,,,
2025-08-01,123,TransporterAgent,Bauchi,3,50.0,513.8485449735449,,,,,,,,,,
2025-08-01,124,TransporterAgent,Bauchi,3,50.0,178.42849206349206,,,,,,,,,,
2025-08-01,125,BankingAgent,Bauchi,0,-0.0,-19.075000000000003,,,,,,,,,,
2025-08-01,126,BankingAgent,Bauchi,0,-0.0,-13.275,,,,,,,,,,
2025-08-01,127,BankingAgent,Bauchi,0,-0.0,-18.45,,,,,,,,,,
2025-08-01,129,TraderAgent,Kano,3,20.0,1417.316162109375,449378.625,Kano,False,Onitsha,Onitsha,winning,False,90.25,6.0,False
2025-08-01,130,TraderAgent,Kano,4,-10.0,1835.88623046875,450454.28125,Kano,False,Onitsha,Onitsha,winning,False,95.0,6.0,False
2025-08-01,131,TraderAgent,Kano,1,140.9852020792598,1235.87841796875,443964.59375,Onitsha,True,Onitsha,Onitsha,winning,False,95.0,5.0,True
2025-08-01,132,TraderAgent,Kano,1,140.9852020792598,3197.5380859375,480637.46875,Onitsha,True,Onitsha,Onitsha,winning,False,95.0,9.0,True
2025-08-01,133,TraderAgent,Kano,2,-27.0,3776.2333984375,438507.96875,Kano,False,Onitsha,Onitsha,winning,False,95.0,9.0,False
2025-08-01,134,TraderAgent,Kano,0,248.23387145996094,2784.298095703125,451863.96875,Kano,False,Onitsha,Kano,winning,False,95.0,11.0,False
2025-08-01,135,TraderAgent,Kano,0,0.0,1172.82080078125,477925.875,Kano,False,Onitsha,Onitsha,winning,False,95.0,6.0,False
2025-08-01,136,TraderAgent,Kano,4,-10.0,1918.00927734375,498617.40625,Kano,False,Bauchi,Kano,winning,False,81.25,5.0,False
2025-08-01,137,TraderAgent,Kano,0,0.0,1469.9276123046875,463059.90625,Kano,False,Onitsha,Onitsha,winning,False,95.0,5.0,False
2025-08-01,138,TraderAgent,Kano,2,-27.0,752.065673828125,466734.1875,Kano,False,Onitsha,Onitsha,winning,False,95.0,5.0,False
2025-08-01,139,TraderAgent,Kano,2,-27.0,3310.426513671875,483601.28125,Kano,False,Onitsha,Onitsha,winning,False,95.0,5.0,False
2025-08-01,140,TraderAgent,Kano,2,-27.0,553.8842163085938,482636.625,Kano,False,Onitsha,Onitsha,winning,False,95.0,2.0,False
2025-08-01,141,TraderAgent,Kano,0,0.0,4120.5419921875,482156.6875,Kano,False,Onitsha,Onitsha,winning,False,95.0,7.0,False
2025-08-01,142,TraderAgent,Kano,4,-10.0,1914.599609375,493872.875,Kano,False,Bauchi,Kano,winning,False,95.0,6.0,False
2025-08-01,143,TraderAgent,Kano,1,140.9852020792598,1201.4991455078125,463758.8125,Onitsha,True,Onitsha,Onitsha,winning,False,95.0,5.0,True
2025-08-01,144,TraderAgent,Kano,2,-27.0,804.046875,447967.3125,Kano,False,Onitsha,Onitsha,winning,False,95.0,4.0,False
2025-08-01,145,TraderAgent,Kano,3,20.0,1357.0010986328125,424930.1875,Kano,False,Onitsha,Kano,winning,False,87.88,9.0,False
2025-08-01,146,TraderAgent,Kano,3,20.0,387.2958389153732,462760.8125,Kano,False,Onitsha,Onitsha,winning,False,90.25,3.0,False
2025-08-01,147,TraderAgent,Kano,0,0.0,1083.0863037109375,444178.1875,Kano,False,Onitsha,Onitsha,winning,False,95.0,7.0,False
2025-08-01,148,TraderAgent,Kano,0,248.23387145996094,2087.086181640625,483706.8125,Kano,False,Onitsha,Kano,winning,False,95.0,6.0,False
2025-08-01,149,BuyerAgent,Kano,0,1.7661285400390625,831.6674194335938,,,,,,,,,,
2025-08-01,150,BuyerAgent,Kano,2,0.0,777.7427978515625,,,,,,,,,,
2025-08-01,151,BuyerAgent,Kano,2,0.0,769.985107421875,,,,,,,,,,
2025-08-01,152,BuyerAgent,Kano,1,1.7661285400390625,504.21478271484375,,,,,,,,,,
2025-08-01,153,BuyerAgent,Kano,2,0.0,115.6951904296875,,,,,,,,,,
2025-08-01,154,BuyerAgent,Kano,1,1.7661285400390625,30.127487182617188,,,,,,,,,,
2025-08-01,155,BuyerAgent,Kano,1,1.7661285400390625,285.57916259765625,,,,,,,,,,
2025-08-01,156,BuyerAgent,Kano,2,0.0,67.26821899414062,,,,,,,,,,
2025-08-01,157,BuyerAgent,Kano,0,1.7661285400390625,285.57916259765625,,,,,,,,,,
2025-08-01,158,BuyerAgent,Kano,1,1.7661285400390625,1.7661285400390625,,,,,,,,,,
2025-08-01,159,BuyerAgent,Kano,0,0.0,280.76080322265625,,,,,,,,,,
2025-08-01,160,BuyerAgent,Kano,1,0.0,280.76080322265625,,,,,,,,,,
2025-08-01,161,BuyerAgent,Kano,2,0.0,44.01397705078125,,,,,,,,,,
2025-08-01,162,BuyerAgent,Kano,0,0.0,3.052215576171875,,,,,,,,,,
2025-08-01,163,BuyerAgent,Kano,1,0.0,3.052215576171875,,,,,,,,,,
2025-08-01,164,BuyerAgent,Kano,0,0.0,3.052215576171875,,,,,,,,,,
2025-08-01,165,BuyerAgent,Kano,0,0.0,0.0,,,,,,,,,,
2025-08-01,166,BuyerAgent,Kano,0,0.0,0.0,,,,,,,,,,
2025-08-01,167,BuyerAgent,Kano,1,0.0,0.0,,,,,,,,,,
2025-08-01,168,BuyerAgent,Kano,1,0.0,0.0,,,,,,,,,,
2025-08-01,169,BuyerAgent,Kano,2,0.0,0.0,,,,,,,,,,
2025-08-01,170,BuyerAgent,Kano,1,0.0,0.0,,,,,,,,,,
2025-08-01,171,BuyerAgent,Kano,0,0.0,0.0,,,,,,,,,,
2025-08-01,172,BuyerAgent,Kano,0,0.0,0.0,,,,,,,,,,
2025-08-01,173,BuyerAgent,Kano,1,0.0,0.0,,,,,,,,,,
2025-08-01,174,BuyerAgent,Kano,1,0.0,0.0,,,,,,,,,,
2025-08-01,175,BuyerAgent,Kano,1,0.0,0.0,,,,,,,,,,
2025-08-01,176,BuyerAgent,Kano,0,0.0,0.0,,,,,,,,,,
2025-08-01,177,BuyerAgent,Kano,0,0.0,0.0,,,,,,,,,,
2025-08-01,178,BuyerAgent,Kano,2,0.0,0.0,,,,,,,,,,
2025-08-01,179,TransporterAgent,Kano,0,11.250557077210164,52.851174158221696,,,,,,,,,,
2025-08-01,180,TransporterAgent,Kano,2,-50.0,167.402,,,,,,,,,,
2025-08-01,181,TransporterAgent,Kano,1,-200.0,-1188.9586785149254,,,,,,,,,,
2025-08-01,182,TransporterAgent,Kano,1,-200.0,-276.0332724867725,,,,,,,,,,
2025-08-01,183,TransporterAgent,Kano,3,50.0,165.73004387301586,,,,,,,,,,
2025-08-01,184,TransporterAgent,Kano,0,11.250557077210164,-1211.9238703928718,,,,,,,,,,
2025-08-01,185,TransporterAgent,Kano,3,50.0,-652.1483939498088,,,,,,,,,,
2025-08-01,186,TransporterAgent,Kano,1,-200.0,-479.1838,,,,,,,,,,
2025-08-01,187,TransporterAgent,Kano,1,-200.0,-883.5,,,,,,,,,,
2025-08-01,188,TransporterAgent,Kano,2,-50.0,-317.01574664903,,,,,,,,,,
2025-08-01,189,BankingAgent,Kano,0,-0.0,-36.15,,,,,,,,,,
2025-08-01,190,BankingAgent,Kano,2,-1.35,-54.95000000000001,,,,,,,,,,
2025-08-01,191,BankingAgent,Kano,0,-0.0,-57.37500000000001,,,,,,,,,,
2025-08-01,193,TraderAgent,Lagos,1,157.335663204,23479.1484375,489378.625,Onitsha,True,Onitsha,Onitsha,winning,False,1090.0,8.0,True
2025-08-01,194,TraderAgent,Lagos,3,20.0,13319.7705078125,496673.5625,Lagos,False,Onitsha,Lagos,winning,False,1099.62,5.0,False
2025-08-01,195,TraderAgent,Lagos,3,20.0,22012.92578125,499284.28125,Lagos,False,Onitsha,Lagos,winning,False,1142.38,8.0,False
2025-08-01,196,TraderAgent,Lagos,4,-10.0,26031.388671875,497500.8125,Lagos,False,Onitsha,Onitsha,winning,False,1090.0,7.0,False
2025-08-01,197,TraderAgent,Lagos,4,-10.0,11945.9208984375,447401.71875,Lagos,False,Onitsha,Onitsha,winning,False,1045.0,6.0,False
2025-08-01,198,TraderAgent,Lagos,3,20.0,31234.248046875,497093.53125,Lagos,False,Onitsha,Lagos,winning,False,1142.38,8.0,False
2025-08-01,199,TraderAgent,Lagos,0,3353.80126953125,19997.052734375,502920.46875,Lagos,False,Onitsha,Lagos,winning,False,1202.5,6.0,False
2025-08-01,200,TraderAgent,Lagos,2,-23.355,16425.521484375,493973.8125,Lagos,False,Onitsha,Onitsha,winning,False,1090.0,6.0,False
2025-08-01,201,TraderAgent,Lagos,0,6541.30126953125,17519.291015625,499917.875,Lagos,False,Onitsha,Onitsha,winning,False,1090.0,4.0,False
2025-08-01,202,TraderAgent,Lagos,0,2791.30126953125,26669.80078125,503679.125,Lagos,False,Onitsha,Lagos,winning,False,1090.0,7.0,False
2025-08-01,203,TraderAgent,Lagos,1,157.335663204,6967.7255859375,490103.375,Onitsha,True,Onitsha,Onitsha,winning,False,1045.0,2.0,True
2025-08-01,204,TraderAgent,Lagos,0,6541.30126953125,32164.517578125,444524.15625,Lagos,False,Onitsha,Onitsha,winning,False,1090.0,9.0,False
2025-08-01,205,TraderAgent,Lagos,4,-10.0,14735.3671875,497997.0,Lagos,False,Onitsha,Lagos,winning,False,1202.5,6.0,False
2025-08-01,206,TraderAgent,Lagos,2,-23.355,22721.228515625,499950.46875,Lagos,False,Onitsha,Onitsha,winning,False,1090.0,7.0,False
2025-08-01,207,TraderAgent,Lagos,1,157.335663204,17864.349609375,435969.90625,Onitsha,True,Onitsha,Onitsha,winning,False,1090.0,7.0,True
2025-08-01,208,TraderAgent,Lagos,0,6541.30126953125,26424.873046875,498009.25,Lagos,False,Onitsha,Onitsha,winning,False,1090.0,6.0,False
2025-08-01,209,TraderAgent,Lagos,0,3353.80126953125,24693.021484375,502502.4375,Lagos,False,Onitsha,Lagos,winning,False,1202.5,8.0,False
2025-08-01,210,TraderAgent,Lagos,1,157.335663204,30186.326171875,484905.5625,Onitsha,True,Onitsha,Onitsha,winning,False,1090.0,9.0,True
2025-08-01,211,TraderAgent,Lagos,4,-10.0,15607.150390625,498952.625,Lagos,False,Onitsha,Lagos,winning,False,1202.5,6.0,False
2025-08-01,212,TraderAgent,Lagos,1,157.335663204,21163.796875,486903.90625,Onitsha,True,Onitsha,Onitsha,winning,False,1090.0,6.0,True
2025-08-01,213,BuyerAgent,Lagos,2,0.0,6616.966796875,,,,,,,,,,
2025-08-01,214,BuyerAgent,Lagos,0,458.69873046875,4021.156005859375,,,,,,,,,,
2025-08-01,215,BuyerAgent,Lagos,1,458.69873046875,3646.929931640625,,,,,,,,,,
2025-08-01,216,BuyerAgent,Lagos,2,0.0,5151.18994140625,,,,,,,,,,
2025-08-01,217,BuyerAgent,Lagos,1,458.69873046875,3366.484375,,,,,,,,,,
2025-08-01,218,BuyerAgent,Lagos,2,0.0,3232.613525390625,,,,,,,,,,
2025-08-01,219,BuyerAgent,Lagos,2,0.0,3216.383544921875,,,,,,,,,,
2025-08-01,220,BuyerAgent,Lagos,1,458.69873046875,3896.660888671875,,,,,,,,,,
2025-08-01,221,BuyerAgent,Lagos,1,0.0,2624.7119140625,,,,,,,,,,
2025-08-01,222,BuyerAgent,Lagos,2,0.0,2680.238525390625,,,,,,,,,,
2025-08-01,223,BuyerAgent,Lagos,2,0.0,2696.7578125,,,,,,,,,,
2025-08-01,224,BuyerAgent,Lagos,0,0.0,2487.04296875,,,,,,,,,,
2025-08-01,225,BuyerAgent,Lagos,2,0.0,1416.7620849609375,,,,,,,,,,
2025-08-01,226,BuyerAgent,Lagos,0,0.0,733.3868408203125,,,,,,,,,,
2025-08-01,227,BuyerAgent,Lagos,2,0.0,0.0,,,,,,,,,,
2025-08-01,228,BuyerAgent,Lagos,2,0.0,0.0,,,,,,,,,,
2025-08-01,229,BuyerAgent,Lagos,2,0.0,0.0,,,,,,,,,,
2025-08-01,230,BuyerAgent,Lagos,2,0.0,0.0,,,,,,,,,,
2025-08-01,231,BuyerAgent,Lagos,0,0.0,0.0,,,,,,,,,,
2025-08-01,232,BuyerAgent,Lagos,0,0.0,0.0,,,,,,,,,,
2025-08-01,233,BuyerAgent,Lagos,2,0.0,0.0,,,,,,,,,,
2025-08-01,234,BuyerAgent,Lagos,2,0.0,0.0,,,,,,,,,,
2025-08-01,235,BuyerAgent,Lagos,2,0.0,0.0,,,,,,,,,,
2025-08-01,236,BuyerAgent,Lagos,2,0.0,0.0,,,,,,,,,,
2025-08-01,237,BuyerAgent,Lagos,1,0.0,0.0,,,,,,,,,,
2025-08-01,238,BuyerAgent,Lagos,0,0.0,0.0,,,,,,,,,,
2025-08-01,239,BuyerAgent,Lagos,0,0.0,0.0,,,,,,,,,,
2025-08-01,240,BuyerAgent,Lagos,0,0.0,0.0,,,,,,,,,,
2025-08-01,241,BuyerAgent,Lagos,0,0.0,0.0,,,,,,,,,,
2025-08-01,242,BuyerAgent,Lagos,0,0.0,0.0,,,,,,,,,,
2025-08-01,243,TransporterAgent,Lagos,1,-200.0,-638.8412462969723,,,,,,,,,,
2025-08-01,244,TransporterAgent,Lagos,0,10.459834210000004,-1275.118076118,,,,,,,,,,
2025-08-01,245,TransporterAgent,Lagos,1,-200.0,-509.56210735692304,,,,,,,,,,
2025-08-01,246,TransporterAgent,Lagos,0,10.459834210000004,-1227.037236965784,,,,,,,,,,
2025-08-01,247,TransporterAgent,Lagos,2,-50.0,-1247.4314490786205,,,,,,,,,,
2025-08-01,248,TransporterAgent,Lagos,0,10.459834210000004,-911.0163033131378,,,,,,,,,,
2025-08-01,249,TransporterAgent,Lagos,0,10.459834210000004,-852.4505775008041,,,,,,,,,,
2025-08-01,250,TransporterAgent,Lagos,2,-50.0,-305.05938443878426,,,,,,,,,,
2025-08-01,251,TransporterAgent,Lagos,1,-200.0,-229.11270000000002,,,,,,,,,,
2025-08-01,252,TransporterAgent,Lagos,3,50.0,-1163.8715321402553,,,,,,,,,,
2025-08-01,253,BankingAgent,Lagos,0,-0.0,-55.75,,,,,,,,,,
2025-08-01,254,BankingAgent,Lagos,0,-0.0,-37.025000000000006,,,,,,,,,,
2025-08-01,255,BankingAgent,Lagos,2,-1.35,-54.92500000000001,,,,,,,,,,
2025-08-01,257,TraderAgent,Onitsha,0,1731.5130615234375,8422.779296875,482910.375,Onitsha,False,Lagos,Onitsha,winning,False,665.0,8.0,False
2025-08-01,258,TraderAgent,Onitsha,0,1731.5130615234375,5103.640625,496611.09375,Onitsha,False,Port_Harcourt,Onitsha,winning,False,665.0,5.0,False
2025-08-01,259,TraderAgent,Onitsha,0,0.0,13843.9541015625,481584.75,Onitsha,False,Lagos,Lagos,winning,False,665.0,11.0,False
2025-08-01,260,TraderAgent,Onitsha,1,149.22052270643493,821.8359177062348,454674.625,Lagos,True,Lagos,Lagos,winning,False,665.0,4.0,True
2025-08-01,261,TraderAgent,Onitsha,3,20.0,30061.197265625,518144.28125,Onitsha,False,Lagos,Onitsha,winning,False,631.75,11.0,False
2025-08-01,262,TraderAgent,Onitsha,0,0.0,4393.52783203125,477720.8125,Onitsha,False,Lagos,Lagos,winning,False,665.0,5.0,False
2025-08-01,263,TraderAgent,Onitsha,1,149.22052270643493,4952.5361328125,462159.09375,Lagos,True,Lagos,Lagos,winning,False,665.0,6.0,True
2025-08-01,264,TraderAgent,Onitsha,1,149.22052270643493,6704.734375,473134.8125,Lagos,True,Lagos,Lagos,winning,False,665.0,6.0,True
2025-08-01,265,TraderAgent,Onitsha,1,149.22052270643493,8606.1220703125,475703.09375,Lagos,True,Lagos,Lagos,winning,False,665.0,8.0,True
2025-08-01,266,TraderAgent,Onitsha,0,1731.5130615234375,25141.62109375,510729.75,Onitsha,False,Lagos,Onitsha,winning,False,665.0,9.0,False
2025-08-01,267,TraderAgent,Onitsha,0,0.0,19355.48828125,501790.71875,Onitsha,False,Lagos,Lagos,winning,False,665.0,5.0,False
2025-08-01,268,TraderAgent,Onitsha,2,-23.355,22998.287109375,487434.625,Onitsha,False,Lagos,Lagos,winning,False,665.0,9.0,False
2025-08-01,269,TraderAgent,Onitsha,1,149.22052270643493,9857.67578125,470839.1875,Lagos,True,Lagos,Lagos,winning,False,665.0,8.0,True
2025-08-01,270,TraderAgent,Onitsha,0,1731.5130615234375,4554.677734375,461857.1875,Onitsha,False,Lagos,Onitsha,winning,False,665.0,7.0,False
2025-08-01,271,TraderAgent,Onitsha,3,20.0,12649.5341796875,498052.96875,Onitsha,False,Lagos,Onitsha,winning,False,631.75,9.0,False
2025-08-01,272,TraderAgent,Onitsha,4,-10.0,7451.353515625,491880.46875,Onitsha,False,Port_Harcourt,Onitsha,winning,False,665.0,6.0,False
2025-08-01,273,TraderAgent,Onitsha,0,0.0,4220.07080078125,493899.90625,Onitsha,False,Lagos,Lagos,winning,False,665.0,4.0,False
2025-08-01,274,TraderAgent,Onitsha,0,1731.5130615234375,7017.81201171875,482820.625,Onitsha,False,Lagos,Onitsha,winning,False,665.0,7.0,False
2025-08-01,275,TraderAgent,Onitsha,1,149.22052270643493,4155.7822265625,449953.96875,Lagos,True,Lagos,Lagos,winning,False,665.0,6.0,True
2025-08-01,276,TraderAgent,Onitsha,0,0.0,3240.68603515625,454363.53125,Onitsha,False,Lagos,Lagos,winning,False,665.0,7.0,False
2025-08-01,277,BuyerAgent,Onitsha,2,0.0,3818.888916015625,,,,,,,,,,
2025-08-01,278,BuyerAgent,Onitsha,1,18.4869384765625,1026.712646484375,,,,,,,,,,
2025-08-01,279,BuyerAgent,Onitsha,2,0.0,2881.63916015625,,,,,,,,,,
2025-08-01,280,BuyerAgent,Onitsha,0,18.4869384765625,2635.3212890625,,,,,,,,,,
2025-08-01,281,BuyerAgent,Onitsha,2,0.0,2315.85009765625,,,,,,,,,,
2025-08-01,282,BuyerAgent,Onitsha,0,18.4869384765625,570.2850341796875,,,,,,,,,,
2025-08-01,283,BuyerAgent,Onitsha,0,18.4869384765625,386.87255859375,,,,,,,,,,
2025-08-01,284,BuyerAgent,Onitsha,1,18.4869384765625,581.3592529296875,,,,,,,,,,
2025-08-01,285,BuyerAgent,Onitsha,2,0.0,158.3575439453125,,,,,,,,,,
2025-08-01,286,BuyerAgent,Onitsha,1,18.4869384765625,146.5570068359375,,,,,,,,,,
2025-08-01,287,BuyerAgent,Onitsha,0,18.4869384765625,173.84185791015625,,,,,,,,,,
2025-08-01,288,BuyerAgent,Onitsha,2,0.0,140.49896240234375,,,,,,,,,,
2025-08-01,289,BuyerAgent,Onitsha,2,0.0,56.96014404296875,,,,,,,,,,
2025-08-01,290,BuyerAgent,Onitsha,0,18.4869384765625,29.35943603515625,,,,,,,,,,
2025-08-01,291,BuyerAgent,Onitsha,2,0.0,0.0,,,,,,,,,,
2025-08-01,292,BuyerAgent,Onitsha,0,18.4869384765625,18.4869384765625,,,,,,,,,,
2025-08-01,293,BuyerAgent,Onitsha,0,18.4869384765625,18.4869384765625,,,,,,,,,,
2025-08-01,294,BuyerAgent,Onitsha,0,0.0,0.0,,,,,,,,,,
2025-08-01,295,BuyerAgent,Onitsha,2,0.0,0.0,,,,,,,,,,
2025-08-01,296,BuyerAgent,Onitsha,0,0.0,0.0,,,,,,,,,,
2025-08-01,297,BuyerAgent,Onitsha,1,0.0,0.0,,,,,,,,,,
2025-08-01,298,BuyerAgent,Onitsha,2,0.0,0.0,,,,,,,,,,
2025-08-01,299,BuyerAgent,Onitsha,2,0.0,0.0,,,,,,,,,,
2025-08-01,300,BuyerAgent,Onitsha,2,0.0,0.0,,,,,,,,,,
2025-08-01,301,BuyerAgent,Onitsha,2,0.0,0.0,,,,,,,,,,
2025-08-01,302,BuyerAgent,Onitsha,2,0.0,0.0,,,,,,,,,,
2025-08-01,303,BuyerAgent,Onitsha,0,0.0,0.0,,,,,,,,,,
2025-08-01,304,BuyerAgent,Onitsha,1,0.0,0.0,,,,,,,,,,
2025-08-01,305,BuyerAgent,Onitsha,0,0.0,0.0,,,,,,,,,,
2025-08-01,306,BuyerAgent,Onitsha,0,0.0,0.0,,,,,,,,,,
2025-08-01,307,TransporterAgent,Onitsha,1,-200.0,-46.30749749131758,,,,,,,,,,
2025-08-01,308,TransporterAgent,Onitsha,3,50.0,191.36064483904028,,,,,,,,,,
2025-08-01,309,TransporterAgent,Onitsha,0,16.095950287783882,177.1125072322284,,,,,,,,,,
2025-08-01,310,TransporterAgent,Onitsha,3,50.0,61.88048337275147,,,,,,,,,,
2025-08-01,311,TransporterAgent,Onitsha,2,100.0,-137.24282888888888,,,,,,,,,,
2025-08-01,312,TransporterAgent,Onitsha,3,50.0,-862.0713428758534,,,,,,,,,,
2025-08-01,313,TransporterAgent,Onitsha,3,50.0,86.70207823635245,,,,,,,,,,
2025-08-01,314,TransporterAgent,Onitsha,0,16.095950287783882,517.3172795108725,,,,,,,,,,
2025-08-01,315,TransporterAgent,Onitsha,3,50.0,201.3701822135532,,,,,,,,,,
2025-08-01,316,TransporterAgent,Onitsha,2,100.0,-1030.123777906589,,,,,,,,,,
2025-08-01,317,BankingAgent,Onitsha,1,-2.7,-44.10000000000001,,,,,,,,,,
2025-08-01,318,BankingAgent,Onitsha,0,-0.0,-57.525000000000006,,,,,,,,,,
2025-08-01,319,BankingAgent,Onitsha,2,-1.35,-42.87500000000001,,,,,,,,,,
2025-08-01,321,TraderAgent,Port_Harcourt,3,20.0,29058.54296875,521117.75,Port_Harcourt,False,Onitsha,Port_Harcourt,winning,False,1439.25,7.0,False
2025-08-01,322,TraderAgent,Port_Harcourt,0,9697.541015625,41480.6484375,532609.875,Port_Harcourt,False,Onitsha,Onitsha,winning,False,1335.0,7.0,False
2025-08-01,323,TraderAgent,Port_Harcourt,1,164.12682656361386,26666.904296875,514614.625,Onitsha,True,Onitsha,Onitsha,winning,False,1537.5,6.0,True
2025-08-01,324,TraderAgent,Port_Harcourt,0,9697.541015625,20288.91796875,517795.40625,Port_Harcourt,False,Onitsha,Onitsha,winning,False,1335.0,5.0,False
2025-08-01,325,TraderAgent,Port_Harcourt,0,9697.541015625,37546.85546875,529965.0625,Port_Harcourt,False,Onitsha,Onitsha,winning,False,1335.0,8.0,False
2025-08-01,326,TraderAgent,Port_Harcourt,0,4278.79150390625,32832.7578125,525209.875,Port_Harcourt,False,Onitsha,Port_Harcourt,winning,False,1526.25,6.0,False
2025-08-01,327,TraderAgent,Port_Harcourt,4,-10.0,25832.5078125,521382.96875,Port_Harcourt,False,Onitsha,Port_Harcourt,winning,False,1526.25,6.0,False
2025-08-01,328,TraderAgent,Port_Harcourt,1,164.12682656361386,39672.7890625,522907.6875,Onitsha,True,Onitsha,Onitsha,winning,False,1335.0,7.0,True
2025-08-01,329,TraderAgent,Port_Harcourt,4,-10.0,26836.71484375,519300.4375,Port_Harcourt,False,Onitsha,Port_Harcourt,winning,False,1526.25,6.0,False
2025-08-01,330,TraderAgent,Port_Harcourt,1,164.12682656361386,33031.35546875,520305.625,Onitsha,True,Onitsha,Onitsha,winning,False,1335.0,9.0,True
2025-08-01,331,TraderAgent,Port_Harcourt,0,9697.541015625,45807.7265625,533345.0,Port_Harcourt,False,Onitsha,Onitsha,winning,False,1335.0,8.0,False
2025-08-01,332,TraderAgent,Port_Harcourt,0,4335.04150390625,22706.8125,471768.90625,Port_Harcourt,False,Onitsha,Port_Harcourt,winning,False,1537.5,6.0,False
2025-08-01,333,TraderAgent,Port_Harcourt,1,164.12682656361386,16144.4853515625,503704.3125,Onitsha,True,Onitsha,Onitsha,winning,False,1335.0,3.0,True
2025-08-01,334,TraderAgent,Port_Harcourt,1,164.12682656361386,35287.05078125,521059.90625,Onitsha,True,Onitsha,Onitsha,winning,False,1335.0,6.0,True
2025-08-01,335,TraderAgent,Port_Harcourt,2,-23.355,32095.599609375,527586.0,Port_Harcourt,False,Onitsha,Port_Harcourt,winning,False,1537.5,8.0,False
2025-08-01,336,TraderAgent,Port_Harcourt,2,-23.355,35593.27734375,527981.625,Port_Harcourt,False,Onitsha,Onitsha,winning,False,1335.0,9.0,False
2025-08-01,337,TraderAgent,Port_Harcourt,3,20.0,31962.8515625,522393.8125,Port_Harcourt,False,Onitsha,Onitsha,winning,False,1246.88,6.0,False
2025-08-01,338,TraderAgent,Port_Harcourt,2,-23.355,36173.94140625,483478.8125,Port_Harcourt,False,Onitsha,Port_Harcourt,winning,False,1537.5,10.0,False
2025-08-01,339,TraderAgent,Port_Harcourt,3,20.0,16565.703125,511224.625,Port_Harcourt,False,Onitsha,Port_Harcourt,winning,False,1439.25,5.0,False
2025-08-01,340,TraderAgent,Port_Harcourt,4,-10.0,41692.22265625,532415.5,Port_Harcourt,False,Onitsha,Port_Harcourt,winning,False,1537.5,8.0,False
2025-08-01,341,BuyerAgent,Port_Harcourt,2,0.0,15024.37109375,,,,,,,,,,
2025-08-01,342,BuyerAgent,Port_Harcourt,1,802.45849609375,20752.955078125,,,,,,,,,,
2025-08-01,343,BuyerAgent,Port_Harcourt,0,802.45849609375,13791.357421875,,,,,,,,,,
2025-08-01,344,BuyerAgent,Port_Harcourt,2,0.0,10074.201171875,,,,,,,,,,
2025-08-01,345,BuyerAgent,Port_Harcourt,1,802.45849609375,22713.021484375,,,,,,,,,,
2025-08-01,346,BuyerAgent,Port_Harcourt,1,802.45849609375,12920.056640625,,,,,,,,,,
2025-08-01,347,BuyerAgent,Port_Harcourt,2,0.0,14965.904296875,,,,,,,,,,
2025-08-01,348,BuyerAgent,Port_Harcourt,1,0.0,8833.2021484375,,,,,,,,,,
2025-08-01,349,BuyerAgent,Port_Harcourt,1,0.0,8916.888671875,,,,,,,,,,
2025-08-01,350,BuyerAgent,Port_Harcourt,1,0.0,3749.497802734375,,,,,,,,,,
2025-08-01,351,BuyerAgent,Port_Harcourt,2,0.0,3256.270751953125,,,,,,,,,,
2025-08-01,352,BuyerAgent,Port_Harcourt,0,0.0,2838.14501953125,,,,,,,,,,
2025-08-01,353,BuyerAgent,Port_Harcourt,0,0.0,679.5355224609375,,,,,,,,,,
2025-08-01,354,BuyerAgent,Port_Harcourt,1,0.0,2874.98583984375,,,,,,,,,,
2025-08-01,355,BuyerAgent,Port_Harcourt,2,0.0,306.6717529296875,,,,,,,,,,
2025-08-01,356,BuyerAgent,Port_Harcourt,1,0.0,0.0,,,,,,,,,,
2025-08-01,357,BuyerAgent,Port_Harcourt,0,0.0,1090.977783203125,,,,,,,,,,
2025-08-01,358,BuyerAgent,Port_Harcourt,1,0.0,715.977783203125,,,,,,,,,,
2025-08-01,359,BuyerAgent,Port_Harcourt,1,0.0,715.977783203125,,,,,,,,,,
2025-08-01,360,BuyerAgent,Port_Harcourt,0,0.0,715.977783203125,,,,,,,,,,
2025-08-01,361,BuyerAgent,Port_Harcourt,0,0.0,0.0,,,,,,,,,,
2025-08-01,362,BuyerAgent,Port_Harcourt,0,0.0,184.0081787109375,,,,,,,,,,
2025-08-01,363,BuyerAgent,Port_Harcourt,0,0.0,0.0,,,,,,,,,,
2025-08-01,364,BuyerAgent,Port_Harcourt,2,0.0,0.0,,,,,,,,,,
2025-08-01,365,BuyerAgent,Port_Harcourt,1,0.0,0.0,,,,,,,,,,
2025-08-01,366,BuyerAgent,Port_Harcourt,2,0.0,0.0,,,,,,,,,,
2025-08-01,367,BuyerAgent,Port_Harcourt,1,0.0,0.0,,,,,,,,,,
2025-08-01,368,BuyerAgent,Port_Harcourt,0,0.0,0.0,,,,,,,,,,
2025-08-01,369,BuyerAgent,Port_Harcourt,1,0.0,0.0,,,,,,,,,,
2025-08-01,370,BuyerAgent,Port_Harcourt,0,0.0,0.0,,,,,,,,,,
2025-08-01,371,TransporterAgent,Port_Harcourt,2,-50.0,-522.6186756484849,,,,,,,,,,
2025-08-01,372,TransporterAgent,Port_Harcourt,3,50.0,45.69486103030296,,,,,,,,,,
2025-08-01,373,TransporterAgent,Port_Harcourt,0,2.1512967897143973,452.03101333011836,,,,,,,,,,
2025-08-01,374,TransporterAgent,Port_Harcourt,2,-50.0,-422.20390404040404,,,,,,,,,,
2025-08-01,375,TransporterAgent,Port_Harcourt,2,-50.0,-219.62735795454546,,,,,,,,,,
2025-08-01,376,TransporterAgent,Port_Harcourt,2,-50.0,-867.0375612373738,,,,,,,,,,
2025-08-01,377,TransporterAgent,Port_Harcourt,1,-200.0,-467.0609180095959,,,,,,,,,,
2025-08-01,378,TransporterAgent,Port_Harcourt,3,50.0,-420.78,,,,,,,,,,
2025-08-01,379,TransporterAgent,Port_Harcourt,3,50.0,-739.5391678661615,,,,,,,,,,
2025-08-01,380,TransporterAgent,Port_Harcourt,1,-200.0,-383.9384022272727,,,,,,,,,,
2025-08-01,381,BankingAgent,Port_Harcourt,0,-0.0,-44.425000000000004,,,,,,,,,,
2025-08-01,382,BankingAgent,Port_Harcourt,0,-0.0,-30.650000000000006,,,,,,,,,,
2025-08-01,383,BankingAgent,Port_Harcourt,2,-1.35,-40.475,,,,,,,,,,
2025-09-01,1,TraderAgent,Abuja,0,1323.01513671875,16327.646484375,488050.1875,Abuja,False,Onitsha,Abuja,winning,False,532.5,7.0,False
2025-09-01,2,TraderAgent,Abuja,2,-27.0,18147.30078125,443754.03125,Abuja,False,Onitsha,Abuja,winning,False,532.5,5.0,False
2025-09-01,3,TraderAgent,Abuja,2,-27.0,15363.072265625,487501.46875,Abuja,False,Onitsha,Onitsha,winning,False,570.0,9.0,False
2025-09-01,4,TraderAgent,Abuja,0,760.51513671875,31680.83203125,477872.8125,Abuja,False,Onitsha,Onitsha,winning,False,570.0,12.0,False
2025-09-01,5,TraderAgent,Abuja,2,-27.0,16299.537109375,489924.90625,Abuja,False,Onitsha,Onitsha,winning,False,570.0,6.0,False
2025-09-01,6,TraderAgent,Abuja,4,-10.0,18427.400390625,483194.03125,Abuja,False,Onitsha,Onitsha,winning,False,570.0,7.0,False
2025-09-01,7,TraderAgent,Abuja,0,1510.51513671875,32244.078125,421135.75,Abuja,False,Onitsha,Abuja,winning,False,570.0,12.0,False
2025-09-01,8,TraderAgent,Abuja,2,-27.0,29552.54296875,475182.90625,Abuja,False,Onitsha,Abuja,winning,False,532.5,12.0,False
2025-09-01,9,TraderAgent,Abuja,2,-27.0,12254.4423828125,433761.4375,Abuja,False,Onitsha,Abuja,winning,False,532.5,8.0,False
2025-09-01,10,TraderAgent,Abuja,0,760.51513671875,16548.4921875,478394.5625,Abuja,False,Onitsha,Onitsha,winning,False,570.0,8.0,False
2025-09-01,11,TraderAgent,Abuja,2,-27.0,24949.375,489870.40625,Abuja,False,Onitsha,Abuja,winning,False,532.5,7.0,False
2025-09-01,12,TraderAgent,Abuja,4,-10.0,11668.2998046875,485306.46875,Abuja,False,Onitsha,Onitsha,winning,False,570.0,6.0,False
2025-09-01,13,TraderAgent,Abuja,1,160.1376749561973,18340.595703125,486019.90625,Onitsha,True,Onitsha,Onitsha,winning,False,570.0,7.0,True
2025-09-01,14,TraderAgent,Abuja,0,760.51513671875,4091.08837890625,484921.125,Abuja,False,Onitsha,Onitsha,winning,False,570.0,5.0,False
2025-09-01,15,TraderAgent,Abuja,0,1510.51513671875,18679.548828125,492235.90625,Abuja,False,Onitsha,Abuja,winning,False,570.0,8.0,False
2025-09-01,16,TraderAgent,Abuja,4,-10.0,11329.1533203125,415356.875,Abuja,False,Onitsha,Abuja,winning,False,532.5,6.0,False
2025-09-01,17,TraderAgent,Abuja,1,160.1376749561973,20707.451171875,452461.15625,Onitsha,True,Onitsha,Onitsha,winning,False,570.0,8.0,True
2025-09-01,18,TraderAgent,Abuja,0,1510.51513671875,24244.603515625,505818.53125,Abuja,False,Onitsha,Abuja,winning,False,570.0,12.0,False
2025-09-01,19,TraderAgent,Abuja,4,-10.0,7196.58984375,478986.625,Abuja,False,Onitsha,Abuja,winning,False,532.5,4.0,False
2025-09-01,20,TraderAgent,Abuja,0,760.51513671875,12490.572265625,492414.375,Abuja,False,Onitsha,Onitsha,winning,False,570.0,9.0,False
2025-09-01,21,BuyerAgent,Abuja,0,176.98486328125,7124.3525390625,,,,,,,,,,
2025-09-01,22,BuyerAgent,Abuja,0,0.0,2847.82275390625,,,,,,,,,,
2025-09-01,23,BuyerAgent,Abuja,1,0.0,5163.67333984375,,,,,,,,,,
2025-09-01,24,BuyerAgent,Abuja,1,0.0,2812.779296875,,,,,,,,,,
2025-09-01,25,BuyerAgent,Abuja,0,0.0,4013.51171875,,,,,,,,,,
2025-09-01,26,BuyerAgent,Abuja,2,0.0,3780.2890625,,,,,,,,,,
2025-09-01,27,BuyerAgent,Abuja,1,0.0,1551.868896484375,,,,,,,,,,
2025-09-01,28,BuyerAgent,Abuja,1,0.0,4059.34130859375,,,,,,,,,,
2025-09-01,29,BuyerAgent,Abuja,1,0.0,2705.03466796875,,,,,,,,,,
2025-09-01,30,BuyerAgent,Abuja,1,0.0,3069.10107421875,,,,,,,,,,
2025-09-01,31,BuyerAgent,Abuja,0,0.0,1435.33935546875,,,,,,,,,,
2025-09-01,32,BuyerAgent,Abuja,2,0.0,172.83538818359375,,,,,,,,,,
2025-09-01,33,BuyerAgent,Abuja,1,0.0,1265.138916015625,,,,,,,,,,
2025-09-01,34,BuyerAgent,Abuja,0,0.0,2396.519775390625,,,,,,,,,,
2025-09-01,35,BuyerAgent,Abuja,0,0.0,1222.862548828125,,,,,,,,,,
2025-09-01,36,BuyerAgent,Abuja,0,0.0,22.862548828125,,,,,,,,,,
2025-09-01,37,BuyerAgent,Abuja,2,0.0,14.522705078125,,,,,,,,,,
2025-09-01,38,BuyerAgent,Abuja,0,0.0,0.0,,,,,,,,,,
2025-09-01,39,BuyerAgent,Abuja,0,0.0,0.0,,,,,,,,,,
2025-09-01,40,BuyerAgent,Abuja,1,0.0,0.0,,,,,,,,,,
2025-09-01,41,BuyerAgent,Abuja,1,0.0,0.0,,,,,,,,,,
2025-09-01,42,BuyerAgent,Abuja,0,0.0,0.0,,,,,,,,,,
2025-09-01,43,BuyerAgent,Abuja,0,0.0,0.0,,,,,,,,,,
2025-09-01,44,BuyerAgent,Abuja,1,0.0,0.0,,,,,,,,,,
2025-09-01,45,BuyerAgent,Abuja,1,0.0,0.0,,,,,,,,,,
2025-09-01,46,BuyerAgent,Abuja,0,0.0,0.0,,,,,,,,,,
2025-09-01,47,BuyerAgent,Abuja,2,0.0,0.0,,,,,,,,,,
2025-09-01,48,BuyerAgent,Abuja,0,0.0,0.0,,,,,,,,,,
2025-09-01,49,BuyerAgent,Abuja,1,0.0,0.0,,,,,,,,,,
2025-09-01,50,BuyerAgent,Abuja,0,0.0,0.0,,,,,,,,,,
2025-09-01,51,TransporterAgent,Abuja,0,16.852964339575152,-603.12090147945,,,,,,,,,,
2025-09-01,52,TransporterAgent,Abuja,2,-50.0,-347.9651152358333,,,,,,,,,,
2025-09-01,53,TransporterAgent,Abuja,3,50.0,116.82904595751506,,,,,,,,,,
2025-09-01,54,TransporterAgent,Abuja,3,50.0,-540.6269652358334,,,,,,,,,,
2025-09-01,55,TransporterAgent,Abuja,3,50.0,302.08869762418146,,,,,,,,,,
2025-09-01,56,TransporterAgent,Abuja,3,50.0,-906.1127858333335,,,,,,,,,,
2025-09-01,57,TransporterAgent,Abuja,3,50.0,-492.8414903190252,,,,,,,,,,
2025-09-01,58,TransporterAgent,Abuja,2,-50.0,-66.9182135691669,,,,,,,,,,
2025-09-01,59,TransporterAgent,Abuja,3,50.0,-140.59165000000002,,,,,,,,,,
2025-09-01,60,TransporterAgent,Abuja,0,16.852964339575152,-723.2061339244349,,,,,,,,,,
2025-09-01,61,BankingAgent,Abuja,0,-0.0,-57.475,,,,,,,,,,
2025-09-01,62,BankingAgent,Abuja,0,-0.0,-54.12500000000001,,,,,,,,,,
2025-09-01,63,BankingAgent,Abuja,0,-0.0,-57.475,,,,,,,,,,
2025-09-01,65,TraderAgent,Bauchi,0,524.4715576171875,5485.2802734375,489236.96875,Bauchi,False,Port_Harcourt,Bauchi,winning,False,190.0,9.0,False
2025-09-01,66,TraderAgent,Bauchi,1,166.46313249965107,5583.2021484375,381691.59375,Onitsha,True,Onitsha,Onitsha,winning,False,162.5,9.0,True
2025-09-01,67,TraderAgent,Bauchi,3,20.0,391.9372172619047,486006.96875,Bauchi,False,Port_Harcourt,Port_Harcourt,losing,False,180.5,1.0,False
2025-09-01,68,TraderAgent,Bauchi,1,166.46313249965107,5369.791015625,348305.15625,Onitsha,True,Onitsha,Onitsha,winning,False,162.5,8.0,True
2025-09-01,69,TraderAgent,Bauchi,0,0.0,4427.330078125,325812.4375,Bauchi,False,Onitsha,Onitsha,winning,False,190.0,10.0,False
2025-09-01,70,TraderAgent,Bauchi,3,20.0,5537.416015625,479437.4375,Bauchi,False,Kano,Kano,winning,False,180.5,4.0,False
2025-09-01,71,TraderAgent,Bauchi,0,0.0,9118.142578125,439809.125,Bauchi,False,Onitsha,Onitsha,winning,False,190.0,8.0,False
2025-09-01,72,TraderAgent,Bauchi,1,166.46313249965107,7906.91015625,383845.09375,Onitsha,True,Onitsha,Onitsha,winning,False,162.5,9.0,True
2025-09-01,73,TraderAgent,Bauchi,0,524.4715576171875,7821.64599609375,493383.46875,Bauchi,False,Port_Harcourt,Bauchi,winning,False,190.0,13.0,False
2025-09-01,74,TraderAgent,Bauchi,0,0.0,5817.4384765625,344780.53125,Bauchi,False,Onitsha,Onitsha,winning,False,190.0,9.0,False
2025-09-01,75,TraderAgent,Bauchi,0,524.4715576171875,13347.8427734375,512826.4375,Bauchi,False,,Bauchi,winning,False,190.0,19.0,False
2025-09-01,76,TraderAgent,Bauchi,0,524.4715576171875,11177.5263671875,456984.1875,Bauchi,False,Onitsha,Bauchi,winning,False,190.0,16.0,False
2025-09-01,77,TraderAgent,Bauchi,3,20.0,3771.703857421875,436494.09375,Bauchi,False,Kano,Kano,winning,False,154.38,7.0,False
2025-09-01,78,TraderAgent,Bauchi,3,20.0,375.25,499975.25,Bauchi,False,,,losing,False,171.0,0.0,False
2025-09-01,79,TraderAgent,Bauchi,3,20.0,460.4256592592593,484280.8125,Bauchi,False,Port_Harcourt,Port_Harcourt,losing,False,180.5,1.0,False
2025-09-01,80,TraderAgent,Bauchi,0,524.4715576171875,13669.3955078125,513190.25,Bauchi,False,,Bauchi,winning,False,190.0,19.0,False
2025-09-01,81,TraderAgent,Bauchi,0,0.0,4505.53369140625,403527.90625,Bauchi,False,Onitsha,Onitsha,winning,False,190.0,9.0,False
2025-09-01,82,TraderAgent,Bauchi,3,20.0,2878.06103515625,444805.5625,Bauchi,False,Onitsha,Onitsha,winning,False,180.5,5.0,False
2025-09-01,83,TraderAgent,Bauchi,0,524.4715576171875,13331.5927734375,512800.1875,Bauchi,False,,Bauchi,winning,False,190.0,19.0,False
2025-09-01,84,TraderAgent,Bauchi,3,20.0,4808.064453125,446292.4375,Bauchi,False,Kano,Kano,winning,False,154.38,5.0,False
2025-09-01,85,BuyerAgent,Bauchi,1,0.0,2137.95458984375,,,,,,,,,,
2025-09-01,86,BuyerAgent,Bauchi,0,0.0,2084.54296875,,,,,,,,,,
2025-09-01,87,BuyerAgent,Bauchi,0,0.0,2084.54296875,,,,,,,,,,
2025-09-01,88,BuyerAgent,Bauchi,0,0.0,1219.5052490234375,,,,,,,,,,
2025-09-01,89,BuyerAgent,Bauchi,0,0.0,1986.3616943359375,,,,,,,,,,
2025-09-01,90,BuyerAgent,Bauchi,0,0.0,466.48101806640625,,,,,,,,,,
2025-09-01,91,BuyerAgent,Bauchi,1,0.0,142.735595703125,,,,,,,,,,
2025-09-01,92,BuyerAgent,Bauchi,0,0.0,157.83416748046875,,,,,,,,,,
2025-09-01,93,BuyerAgent,Bauchi,1,0.0,157.83416748046875,,,,,,,,,,
2025-09-01,94,BuyerAgent,Bauchi,1,0.0,142.735595703125,,,,,,,,,,
2025-09-01,95,BuyerAgent,Bauchi,0,0.0,157.83416748046875,,,,,,,,,,
2025-09-01,96,BuyerAgent,Bauchi,2,0.0,157.83416748046875,,,,,,,,,,
2025-09-01,97,BuyerAgent,Bauchi,2,0.0,15.09857177734375,,,,,,,,,,
2025-09-01,98,BuyerAgent,Bauchi,2,0.0,0.0,,,,,,,,,,
2025-09-01,99,BuyerAgent,Bauchi,1,0.0,0.0,,,,,,,,,,
2025-09-01,100,BuyerAgent,Bauchi,2,0.0,0.0,,,,,,,,,,
2025-09-01,101,BuyerAgent,Bauchi,0,0.0,0.0,,,,,,,,,,
2025-09-01,102,BuyerAgent,Bauchi,2,0.0,0.0,,,,,,,,,,
2025-09-01,103,BuyerAgent,Bauchi,1,0.0,0.0,,,,,,,,,,
2025-09-01,104,BuyerAgent,Bauchi,2,0.0,0.0,,,,,,,,,,
2025-09-01,105,BuyerAgent,Bauchi,0,0.0,0.0,,,,,,,,,,
2025-09-01,106,BuyerAgent,Bauchi,0,0.0,0.0,,,,,,,,,,
2025-09-01,107,BuyerAgent,Bauchi,1,0.0,0.0,,,,,,,,,,
2025-09-01,108,BuyerAgent,Bauchi,0,0.0,0.0,,,,,,,,,,
2025-09-01,109,BuyerAgent,Bauchi,2,0.0,0.0,,,,,,,,,,
2025-09-01,110,BuyerAgent,Bauchi,1,0.0,0.0,,,,,,,,,,
2025-09-01,111,BuyerAgent,Bauchi,0,0.0,0.0,,,,,,,,,,
2025-09-01,112,BuyerAgent,Bauchi,0,0.0,0.0,,,,,,,,,,
2025-09-01,113,BuyerAgent,Bauchi,0,0.0,0.0,,,,,,,,,,
2025-09-01,114,BuyerAgent,Bauchi,2,0.0,0.0,,,,,,,,,,
2025-09-01,115,TransporterAgent,Bauchi,0,5.735064737600988,-558.0357217630941,,,,,,,,,,
2025-09-01,116,TransporterAgent,Bauchi,0,5.735064737600988,-813.402502790921,,,,,,,,,,
2025-09-01,117,TransporterAgent,Bauchi,3,50.0,850.0,,,,,,,,,,
2025-09-01,118,TransporterAgent,Bauchi,3,50.0,410.0357142857143,,,,,,,,,,
2025-09-01,119,TransporterAgent,Bauchi,2,-50.0,-767.8373932008786,,,,,,,,,,
2025-09-01,120,TransporterAgent,Bauchi,3,50.0,800.0,,,,,,,,,,
2025-09-01,121,TransporterAgent,Bauchi,2,-50.0,-1317.7735634419898,,,,,,,,,,
2025-09-01,122,TransporterAgent,Bauchi,3,50.0,-330.71964285714284,,,,,,,,,,
2025-09-01,123,TransporterAgent,Bauchi,3,50.0,563.8485449735449,,,,,,,,,,
2025-09-01,124,TransporterAgent,Bauchi,3,50.0,228.42849206349206,,,,,,,,,,
2025-09-01,125,BankingAgent,Bauchi,0,-0.0,-19.075000000000003,,,,,,,,,,
2025-09-01,126,BankingAgent,Bauchi,0,-0.0,-13.275,,,,,,,,,,
2025-09-01,127,BankingAgent,Bauchi,0,-0.0,-18.45,,,,,,,,,,
2025-09-01,129,TraderAgent,Kano,0,245.77301025390625,1663.089111328125,449601.09375,Kano,False,Onitsha,Kano,winning,False,95.0,7.0,False
2025-09-01,130,TraderAgent,Kano,3,20.0,1855.88623046875,450454.28125,Kano,False,Onitsha,Onitsha,winning,False,90.25,6.0,False
2025-09-01,131,TraderAgent,Kano,0,0.0,1235.87841796875,444960.375,Kano,False,Onitsha,Onitsha,winning,False,95.0,6.0,False
2025-09-01,132,TraderAgent,Kano,0,0.0,3197.5380859375,481633.25,Kano,False,Onitsha,Onitsha,winning,False,95.0,10.0,False
2025-09-01,133,TraderAgent,Kano,4,-10.0,3766.2333984375,438507.96875,Kano,False,Onitsha,Onitsha,winning,False,95.0,9.0,False
2025-09-01,134,TraderAgent,Kano,1,140.98199658874594,2925.280029296875,432808.5625,Onitsha,True,Onitsha,Onitsha,winning,False,92.5,11.0,True
2025-09-01,135,TraderAgent,Kano,0,245.77301025390625,1418.59375,478148.3125,Kano,False,Onitsha,Kano,winning,False,95.0,7.0,False
2025-09-01,136,TraderAgent,Kano,2,-23.355,1894.654296875,498594.09375,Kano,False,Bauchi,Kano,winning,False,81.25,5.0,False
2025-09-01,137,TraderAgent,Kano,0,245.77301025390625,1715.70068359375,463282.375,Kano,False,Onitsha,Kano,winning,False,95.0,6.0,False
2025-09-01,138,TraderAgent,Kano,4,-10.0,742.065673828125,466734.1875,Kano,False,Onitsha,Onitsha,winning,False,95.0,5.0,False
2025-09-01,139,TraderAgent,Kano,0,245.77301025390625,3556.199462890625,483823.71875,Kano,False,Onitsha,Kano,winning,False,95.0,6.0,False
2025-09-01,140,TraderAgent,Kano,1,140.98199658874594,694.8662109375,463581.1875,Onitsha,True,Onitsha,Onitsha,winning,False,95.0,2.0,True
2025-09-01,141,TraderAgent,Kano,3,20.0,4140.5419921875,482156.6875,Kano,False,Onitsha,Onitsha,winning,False,90.25,7.0,False
2025-09-01,142,TraderAgent,Kano,0,245.77301025390625,2160.37255859375,494095.3125,Kano,False,Bauchi,Kano,winning,False,95.0,7.0,False
2025-09-01,143,TraderAgent,Kano,0,0.0,1201.4991455078125,464754.59375,Kano,False,Onitsha,Onitsha,winning,False,95.0,6.0,False
2025-09-01,144,TraderAgent,Kano,3,20.0,824.046875,447967.3125,Kano,False,Onitsha,Onitsha,winning,False,90.25,4.0,False
2025-09-01,145,TraderAgent,Kano,0,233.27301025390625,1590.274169921875,425140.125,Kano,False,Onitsha,Kano,winning,False,92.5,10.0,False
2025-09-01,146,TraderAgent,Kano,0,245.77301025390625,633.06884765625,462983.25,Kano,False,Onitsha,Kano,winning,False,95.0,4.0,False
2025-09-01,147,TraderAgent,Kano,2,-23.355,1059.7313232421875,444154.875,Kano,False,Onitsha,Onitsha,winning,False,95.0,7.0,False
2025-09-01,148,TraderAgent,Kano,2,-23.355,2063.731201171875,483683.46875,Kano,False,Onitsha,Kano,winning,False,92.5,6.0,False
2025-09-01,149,BuyerAgent,Kano,1,16.72698974609375,848.3944091796875,,,,,,,,,,
2025-09-01,150,BuyerAgent,Kano,0,4.22698974609375,781.9697875976562,,,,,,,,,,
2025-09-01,151,BuyerAgent,Kano,0,4.22698974609375,774.2120971679688,,,,,,,,,,
2025-09-01,152,BuyerAgent,Kano,0,4.22698974609375,508.4417724609375,,,,,,,,,,
2025-09-01,153,BuyerAgent,Kano,2,0.0,115.6951904296875,,,,,,,,,,
2025-09-01,154,BuyerAgent,Kano,0,4.22698974609375,34.35447692871094,,,,,,,,,,
2025-09-01,155,BuyerAgent,Kano,0,4.22698974609375,289.80615234375,,,,,,,,,,
2025-09-01,156,BuyerAgent,Kano,0,4.22698974609375,71.49520874023438,,,,,,,,,,
2025-09-01,157,BuyerAgent,Kano,0,4.22698974609375,289.80615234375,,,,,,,,,,
2025-09-01,158,BuyerAgent,Kano,0,4.22698974609375,5.9931182861328125,,,,,,,,,,
2025-09-01,159,BuyerAgent,Kano,0,4.22698974609375,284.98779296875,,,,,,,,,,
2025-09-01,160,BuyerAgent,Kano,1,0.0,280.76080322265625,,,,,,,,,,
2025-09-01,161,BuyerAgent,Kano,1,0.0,44.01397705078125,,,,,,,,,,
2025-09-01,162,BuyerAgent,Kano,0,0.0,3.052215576171875,,,,,,,,,,
2025-09-01,163,BuyerAgent,Kano,1,0.0,3.052215576171875,,,,,,,,,,
2025-09-01,164,BuyerAgent,Kano,0,0.0,3.052215576171875,,,,,,,,,,
2025-09-01,165,BuyerAgent,Kano,1,0.0,0.0,,,,,,,,,,
2025-09-01,166,BuyerAgent,Kano,2,0.0,0.0,,,,,,,,,,
2025-09-01,167,BuyerAgent,Kano,2,0.0,0.0,,,,,,,,,,
2025-09-01,168,BuyerAgent,Kano,1,0.0,0.0,,,,,,,,,,
2025-09-01,169,BuyerAgent,Kano,0,0.0,0.0,,,,,,,,,,
2025-09-01,170,BuyerAgent,Kano,2,0.0,0.0,,,,,,,,,,
2025-09-01,171,BuyerAgent,Kano,1,0.0,0.0,,,,,,,,,,
2025-09-01,172,BuyerAgent,Kano,1,0.0,0.0,,,,,,,,,,
2025-09-01,173,BuyerAgent,Kano,1,0.0,0.0,,,,,,,,,,
2025-09-01,174,BuyerAgent,Kano,2,0.0,0.0,,,,,,,,,,
2025-09-01,175,BuyerAgent,Kano,2,0.0,0.0,,,,,,,,,,
2025-09-01,176,BuyerAgent,Kano,2,0.0,0.0,,,,,,,,,,
2025-09-01,177,BuyerAgent,Kano,0,0.0,0.0,,,,,,,,,,
2025-09-01,178,BuyerAgent,Kano,2,0.0,0.0,,,,,,,,,,
2025-09-01,179,TransporterAgent,Kano,3,50.0,102.8511741582217,,,,,,,,,,
2025-09-01,180,TransporterAgent,Kano,3,50.0,217.402,,,,,,,,,,
2025-09-01,181,TransporterAgent,Kano,0,11.852115077077201,-1177.1065634378483,,,,,,,,,,
2025-09-01,182,TransporterAgent,Kano,2,-50.0,-326.0332724867725,,,,,,,,,,
2025-09-01,183,TransporterAgent,Kano,1,-200.0,-34.26995612698414,,,,,,,,,,
2025-09-01,184,TransporterAgent,Kano,0,11.852115077077201,-1200.0717553157947,,,,,,,,,,
2025-09-01,185,TransporterAgent,Kano,0,11.852115077077201,-640.2962788727316,,,,,,,,,,
2025-09-01,186,TransporterAgent,Kano,0,11.852115077077201,-467.3316849229228,,,,,,,,,,
2025-09-01,187,TransporterAgent,Kano,1,-200.0,-1083.5,,,,,,,,,,
2025-09-01,188,TransporterAgent,Kano,2,-50.0,-367.01574664903,,,,,,,,,,
2025-09-01,189,BankingAgent,Kano,0,-0.0,-36.15,,,,,,,,,,
2025-09-01,190,BankingAgent,Kano,1,-2.7,-60.350000000000016,,,,,,,,,,
2025-09-01,191,BankingAgent,Kano,2,-1.35,-60.07500000000001,,,,,,,,,,
2025-09-01,193,TraderAgent,Lagos,0,7117.12646484375,30596.275390625,501745.75,Lagos,False,Onitsha,Onitsha,winning,False,1067.5,9.0,False
2025-09-01,194,TraderAgent,Lagos,2,-34.29,13285.48046875,496639.28125,Lagos,False,Onitsha,Lagos,winning,False,1157.5,5.0,False
2025-09-01,195,TraderAgent,Lagos,4,-10.0,22002.92578125,499284.28125,Lagos,False,Onitsha,Lagos,winning,False,1202.5,8.0,False
2025-09-01,196,TraderAgent,Lagos,1,160.736497014768,26192.125,486334.90625,Onitsha,True,Onitsha,Onitsha,winning,False,1090.0,7.0,True
2025-09-01,197,TraderAgent,Lagos,2,-34.29,11911.630859375,447367.4375,Lagos,False,Onitsha,Onitsha,winning,False,1045.0,6.0,False
2025-09-01,198,TraderAgent,Lagos,2,-34.29,31199.958984375,497059.25,Lagos,False,Onitsha,Lagos,winning,False,1202.5,8.0,False
2025-09-01,199,TraderAgent,Lagos,0,3292.12646484375,23289.1796875,506178.375,Lagos,False,Onitsha,Lagos,winning,False,1202.5,7.0,False
2025-09-01,200,TraderAgent,Lagos,4,-10.0,16415.521484375,493973.8125,Lagos,False,Onitsha,Onitsha,winning,False,1090.0,6.0,False
2025-09-01,201,TraderAgent,Lagos,0,2729.62646484375,20248.91796875,502613.1875,Lagos,False,Onitsha,Lagos,winning,False,1090.0,5.0,False
2025-09-01,202,TraderAgent,Lagos,4,-10.0,26659.80078125,503679.125,Lagos,False,Onitsha,Lagos,winning,False,1202.5,7.0,False
2025-09-01,203,TraderAgent,Lagos,0,7117.12646484375,14084.8515625,502470.46875,Lagos,False,Onitsha,Onitsha,winning,False,1067.5,3.0,False
2025-09-01,204,TraderAgent,Lagos,4,-10.0,32154.517578125,444524.15625,Lagos,False,Onitsha,Onitsha,winning,False,1090.0,9.0,False
2025-09-01,205,TraderAgent,Lagos,2,-34.29,14701.0771484375,497962.71875,Lagos,False,Onitsha,Lagos,winning,False,1202.5,6.0,False
2025-09-01,206,TraderAgent,Lagos,0,2729.62646484375,25450.85546875,502645.8125,Lagos,False,Onitsha,Lagos,winning,False,1090.0,8.0,False
2025-09-01,207,TraderAgent,Lagos,0,7117.12646484375,24981.4765625,448337.09375,Lagos,False,Onitsha,Onitsha,winning,False,1067.5,8.0,False
2025-09-01,208,TraderAgent,Lagos,1,160.736497014768,26585.609375,486843.375,Onitsha,True,Onitsha,Onitsha,winning,False,1090.0,6.0,True
2025-09-01,209,TraderAgent,Lagos,4,-10.0,24683.021484375,502502.4375,Lagos,False,Onitsha,Lagos,winning,False,1202.5,8.0,False
2025-09-01,210,TraderAgent,Lagos,0,7117.12646484375,37303.453125,497272.6875,Lagos,False,Onitsha,Onitsha,winning,False,1067.5,10.0,False
2025-09-01,211,TraderAgent,Lagos,2,-34.29,15572.8603515625,498918.375,Lagos,False,Onitsha,Lagos,winning,False,1202.5,6.0,False
2025-09-01,212,TraderAgent,Lagos,0,7117.12646484375,28280.923828125,499271.03125,Lagos,False,Onitsha,Onitsha,winning,False,1067.5,7.0,False
2025-09-01,213,BuyerAgent,Lagos,0,632.87353515625,7249.84033203125,,,,,,,,,,
2025-09-01,214,BuyerAgent,Lagos,0,632.87353515625,4654.029296875,,,,,,,,,,
2025-09-01,215,BuyerAgent,Lagos,2,0.0,3646.929931640625,,,,,,,,,,
2025-09-01,216,BuyerAgent,Lagos,2,0.0,5151.18994140625,,,,,,,,,,
2025-09-01,217,BuyerAgent,Lagos,2,0.0,3366.484375,,,,,,,,,,
2025-09-01,218,BuyerAgent,Lagos,0,632.87353515625,3865.487060546875,,,,,,,,,,
2025-09-01,219,BuyerAgent,Lagos,1,632.87353515625,3849.257080078125,,,,,,,,,,
2025-09-01,220,BuyerAgent,Lagos,0,632.87353515625,4529.5341796875,,,,,,,,,,
2025-09-01,221,BuyerAgent,Lagos,1,520.37353515625,3145.08544921875,,,,,,,,,,
2025-09-01,222,BuyerAgent,Lagos,0,520.37353515625,3200.612060546875,,,,,,,,,,
2025-09-01,223,BuyerAgent,Lagos,2,0.0,2696.7578125,,,,,,,,,,
2025-09-01,224,BuyerAgent,Lagos,1,0.0,2487.04296875,,,,,,,,,,
2025-09-01,225,BuyerAgent,Lagos,2,0.0,1416.7620849609375,,,,,,,,,,
2025-09-01,226,BuyerAgent,Lagos,0,0.0,733.3868408203125,,,,,,,,,,
2025-09-01,227,BuyerAgent,Lagos,1,0.0,0.0,,,,,,,,,,
2025-09-01,228,BuyerAgent,Lagos,2,0.0,0.0,,,,,,,,,,
2025-09-01,229,BuyerAgent,Lagos,2,0.0,0.0,,,,,,,,,,
2025-09-01,230,BuyerAgent,Lagos,0,0.0,0.0,,,,,,,,,,
2025-09-01,231,BuyerAgent,Lagos,2,0.0,0.0,,,,,,,,,,
2025-09-01,232,BuyerAgent,Lagos,2,0.0,0.0,,,,,,,,,,
2025-09-01,233,BuyerAgent,Lagos,1,0.0,0.0,,,,,,,,,,
2025-09-01,234,BuyerAgent,Lagos,0,0.0,0.0,,,,,,,,,,
2025-09-01,235,BuyerAgent,Lagos,2,0.0,0.0,,,,,,,,,,
2025-09-01,236,BuyerAgent,Lagos,0,0.0,0.0,,,,,,,,,,
2025-09-01,237,BuyerAgent,Lagos,0,0.0,0.0,,,,,,,,,,
2025-09-01,238,BuyerAgent,Lagos,1,0.0,0.0,,,,,,,,,,
2025-09-01,239,BuyerAgent,Lagos,1,0.0,0.0,,,,,,,,,,
2025-09-01,240,BuyerAgent,Lagos,1,0.0,0.0,,,,,,,,,,
2025-09-01,241,BuyerAgent,Lagos,2,0.0,0.0,,,,,,,,,,
2025-09-01,242,BuyerAgent,Lagos,2,0.0,0.0,,,,,,,,,,
2025-09-01,243,TransporterAgent,Lagos,2,-50.0,-688.8412462969723,,,,,,,,,,
2025-09-01,244,TransporterAgent,Lagos,2,-50.0,-1325.118076118,,,,,,,,,,
2025-09-01,245,TransporterAgent,Lagos,1,-200.0,-709.562107356923,,,,,,,,,,
2025-09-01,246,TransporterAgent,Lagos,0,11.220688421,-1215.816548544784,,,,,,,,,,
2025-09-01,247,TransporterAgent,Lagos,0,11.220688421,-1236.2107606576205,,,,,,,,,,
2025-09-01,248,TransporterAgent,Lagos,2,-50.0,-961.0163033131378,,,,,,,,,,
2025-09-01,249,TransporterAgent,Lagos,0,11.220688421,-841.2298890798041,,,,,,,,,,
2025-09-01,250,TransporterAgent,Lagos,3,50.0,-255.05938443878426,,,,,,,,,,
2025-09-01,251,TransporterAgent,Lagos,3,50.0,-179.11270000000002,,,,,,,,,,
2025-09-01,252,TransporterAgent,Lagos,3,50.0,-1113.8715321402553,,,,,,,,,,
2025-09-01,253,BankingAgent,Lagos,1,-2.7,-61.150000000000006,,,,,,,,,,
2025-09-01,254,BankingAgent,Lagos,0,-0.0,-37.025000000000006,,,,,,,,,,
2025-09-01,255,BankingAgent,Lagos,1,-2.7,-60.32500000000002,,,,,,,,,,
2025-09-01,257,TraderAgent,Onitsha,2,-34.29,8388.4892578125,482876.09375,Onitsha,False,Lagos,Onitsha,winning,False,647.5,8.0,False
2025-09-01,258,TraderAgent,Onitsha,0,1647.830810546875,6751.4716796875,498224.625,Onitsha,False,Port_Harcourt,Onitsha,winning,False,647.5,6.0,False
2025-09-01,259,TraderAgent,Onitsha,1,148.77141041017865,13992.7255859375,464670.59375,Lagos,True,Lagos,Lagos,winning,False,665.0,11.0,True
2025-09-01,260,TraderAgent,Onitsha,0,0.0,821.8359177062348,461660.0,Onitsha,False,Lagos,Lagos,winning,False,665.0,5.0,False
2025-09-01,261,TraderAgent,Onitsha,1,148.77141041017865,30209.96875,501230.125,Lagos,True,Lagos,Lagos,winning,False,665.0,11.0,True
2025-09-01,262,TraderAgent,Onitsha,1,148.77141041017865,4542.29931640625,460806.625,Lagos,True,Lagos,Lagos,winning,False,665.0,5.0,True
2025-09-01,263,TraderAgent,Onitsha,0,0.0,4952.5361328125,469144.40625,Onitsha,False,Lagos,Lagos,winning,False,665.0,7.0,False
2025-09-01,264,TraderAgent,Onitsha,0,0.0,6704.734375,480120.15625,Onitsha,False,Lagos,Lagos,winning,False,665.0,7.0,False
2025-09-01,265,TraderAgent,Onitsha,0,0.0,8606.1220703125,482688.40625,Onitsha,False,Lagos,Lagos,winning,False,665.0,9.0,False
2025-09-01,266,TraderAgent,Onitsha,0,1647.830810546875,26789.451171875,512343.3125,Onitsha,False,Lagos,Onitsha,winning,False,647.5,10.0,False
2025-09-01,267,TraderAgent,Onitsha,2,-34.29,19321.19921875,501756.4375,Onitsha,False,Lagos,Lagos,winning,False,665.0,5.0,False
2025-09-01,268,TraderAgent,Onitsha,2,-34.29,22963.998046875,487400.375,Onitsha,False,Lagos,Lagos,winning,False,665.0,9.0,False
2025-09-01,269,TraderAgent,Onitsha,0,0.0,9857.67578125,477824.5625,Onitsha,False,Lagos,Lagos,winning,False,665.0,9.0,False
2025-09-01,270,TraderAgent,Onitsha,1,148.77141041017865,4703.44921875,444943.09375,Lagos,True,Lagos,Lagos,winning,False,647.5,7.0,True
2025-09-01,271,TraderAgent,Onitsha,2,-34.29,12615.244140625,498018.6875,Onitsha,False,Lagos,Onitsha,winning,False,665.0,9.0,False
2025-09-01,272,TraderAgent,Onitsha,0,1735.330810546875,9186.6845703125,493581.5625,Onitsha,False,Port_Harcourt,Onitsha,winning,False,665.0,7.0,False
2025-09-01,273,TraderAgent,Onitsha,0,1735.330810546875,5955.4013671875,495600.96875,Onitsha,False,Lagos,Onitsha,winning,False,665.0,5.0,False
2025-09-01,274,TraderAgent,Onitsha,1,148.77141041017865,7166.58349609375,465906.46875,Lagos,True,Lagos,Lagos,winning,False,647.5,7.0,True
2025-09-01,275,TraderAgent,Onitsha,0,0.0,4155.7822265625,456939.3125,Onitsha,False,Lagos,Lagos,winning,False,665.0,7.0,False
2025-09-01,276,TraderAgent,Onitsha,3,20.0,3260.68603515625,454363.53125,Onitsha,False,Lagos,Lagos,winning,False,631.75,7.0,False
2025-09-01,277,BuyerAgent,Onitsha,2,0.0,3818.888916015625,,,,,,,,,,
2025-09-01,278,BuyerAgent,Onitsha,1,102.169189453125,1128.8818359375,,,,,,,,,,
2025-09-01,279,BuyerAgent,Onitsha,1,102.169189453125,2983.808349609375,,,,,,,,,,
2025-09-01,280,BuyerAgent,Onitsha,0,14.669189453125,2649.990478515625,,,,,,,,,,
2025-09-01,281,BuyerAgent,Onitsha,1,14.669189453125,2330.519287109375,,,,,,,,,,
2025-09-01,282,BuyerAgent,Onitsha,1,14.669189453125,584.9542236328125,,,,,,,,,,
2025-09-01,283,BuyerAgent,Onitsha,0,14.669189453125,401.541748046875,,,,,,,,,,
2025-09-01,284,BuyerAgent,Onitsha,1,14.669189453125,596.0284423828125,,,,,,,,,,
2025-09-01,285,BuyerAgent,Onitsha,2,0.0,158.3575439453125,,,,,,,,,,
2025-09-01,286,BuyerAgent,Onitsha,0,14.669189453125,161.2261962890625,,,,,,,,,,
2025-09-01,287,BuyerAgent,Onitsha,2,0.0,173.84185791015625,,,,,,,,,,
2025-09-01,288,BuyerAgent,Onitsha,2,0.0,140.49896240234375,,,,,,,,,,
2025-09-01,289,BuyerAgent,Onitsha,0,14.669189453125,71.62933349609375,,,,,,,,,,
2025-09-01,290,BuyerAgent,Onitsha,2,0.0,29.35943603515625,,,,,,,,,,
2025-09-01,291,BuyerAgent,Onitsha,0,14.669189453125,14.669189453125,,,,,,,,,,
2025-09-01,292,BuyerAgent,Onitsha,1,0.0,18.4869384765625,,,,,,,,,,
2025-09-01,293,BuyerAgent,Onitsha,0,0.0,18.4869384765625,,,,,,,,,,
2025-09-01,294,BuyerAgent,Onitsha,1,0.0,0.0,,,,,,,,,,
2025-09-01,295,BuyerAgent,Onitsha,1,0.0,0.0,,,,,,,,,,
2025-09-01,296,BuyerAgent,Onitsha,1,0.0,0.0,,,,,,,,,,
2025-09-01,297,BuyerAgent,Onitsha,2,0.0,0.0,,,,,,,,,,
2025-09-01,298,BuyerAgent,Onitsha,2,0.0,0.0,,,,,,,,,,
2025-09-01,299,BuyerAgent,Onitsha,2,0.0,0.0,,,,,,,,,,
2025-09-01,300,BuyerAgent,Onitsha,0,0.0,0.0,,,,,,,,,,
2025-09-01,301,BuyerAgent,Onitsha,0,0.0,0.0,,,,,,,,,,
2025-09-01,302,BuyerAgent,Onitsha,0,0.0,0.0,,,,,,,,,,
2025-09-01,303,BuyerAgent,Onitsha,0,0.0,0.0,,,,,,,,,,
2025-09-01,304,BuyerAgent,Onitsha,0,0.0,0.0,,,,,,,,,,
2025-09-01,305,BuyerAgent,Onitsha,2,0.0,0.0,,,,,,,,,,
2025-09-01,306,BuyerAgent,Onitsha,1,0.0,0.0,,,,,,,,,,
2025-09-01,307,TransporterAgent,Onitsha,0,18.73576657598077,-27.571730915336808,,,,,,,,,,
2025-09-01,308,TransporterAgent,Onitsha,3,50.0,241.36064483904028,,,,,,,,,,
2025-09-01,309,TransporterAgent,Onitsha,0,18.73576657598077,195.84827380820917,,,,,,,,,,
2025-09-01,310,TransporterAgent,Onitsha,0,18.73576657598077,80.61624994873225,,,,,,,,,,
2025-09-01,311,TransporterAgent,Onitsha,1,-200.0,-337.2428288888889,,,,,,,,,,
2025-09-01,312,TransporterAgent,Onitsha,0,18.73576657598077,-843.3355762998726,,,,,,,,,,
2025-09-01,313,TransporterAgent,Onitsha,0,18.73576657598077,105.43784481233322,,,,,,,,,,
2025-09-01,314,TransporterAgent,Onitsha,2,-50.0,467.3172795108725,,,,,,,,,,
2025-09-01,315,TransporterAgent,Onitsha,3,50.0,251.3701822135532,,,,,,,,,,
2025-09-01,316,TransporterAgent,Onitsha,3,50.0,-980.1237779065891,,,,,,,,,,
2025-09-01,317,BankingAgent,Onitsha,2,-1.35,-46.80000000000001,,,,,,,,,,
2025-09-01,318,BankingAgent,Onitsha,2,-1.35,-60.22500000000001,,,,,,,,,,
2025-09-01,319,BankingAgent,Onitsha,1,-2.7,-48.27500000000001,,,,,,,,,,
2025-09-01,321,TraderAgent,Port_Harcourt,4,-10.0,29048.54296875,521117.75,Port_Harcourt,False,Onitsha,Port_Harcourt,winning,False,1480.0,7.0,False
2025-09-01,322,TraderAgent,Port_Harcourt,1,169.00903685483468,41649.65625,525210.3125,Onitsha,True,Onitsha,Onitsha,winning,False,1300.0,7.0,True
2025-09-01,323,TraderAgent,Port_Harcourt,0,9763.525390625,36430.4296875,529628.1875,Port_Harcourt,False,Onitsha,Onitsha,winning,False,1277.5,7.0,False
2025-09-01,324,TraderAgent,Port_Harcourt,4,-10.0,20278.91796875,517795.40625,Port_Harcourt,False,Onitsha,Onitsha,winning,False,1300.0,5.0,False
2025-09-01,325,TraderAgent,Port_Harcourt,3,20.0,37566.85546875,529965.0625,Port_Harcourt,False,Onitsha,Onitsha,winning,False,1235.0,8.0,False
2025-09-01,326,TraderAgent,Port_Harcourt,2,-23.355,32809.40234375,525186.5,Port_Harcourt,False,Onitsha,Port_Harcourt,winning,False,1491.25,6.0,False
2025-09-01,327,TraderAgent,Port_Harcourt,1,169.00903685483468,26001.517578125,513983.4375,Onitsha,True,Onitsha,Onitsha,winning,False,1491.25,6.0,True
2025-09-01,328,TraderAgent,Port_Harcourt,0,9763.525390625,49436.3125,537921.1875,Port_Harcourt,False,Onitsha,Onitsha,winning,False,1277.5,8.0,False
2025-09-01,329,TraderAgent,Port_Harcourt,4,-10.0,26826.71484375,519300.4375,Port_Harcourt,False,Onitsha,Port_Harcourt,winning,False,1491.25,6.0,False
2025-09-01,330,TraderAgent,Port_Harcourt,0,9763.525390625,42794.8828125,535319.125,Port_Harcourt,False,Onitsha,Onitsha,winning,False,1277.5,10.0,False
2025-09-01,331,TraderAgent,Port_Harcourt,2,-23.355,45784.37109375,533321.625,Port_Harcourt,False,Onitsha,Onitsha,winning,False,1300.0,8.0,False
2025-09-01,332,TraderAgent,Port_Harcourt,3,20.0,22726.8125,471768.90625,Port_Harcourt,False,Onitsha,Port_Harcourt,winning,False,1416.69,6.0,False
2025-09-01,333,TraderAgent,Port_Harcourt,0,9763.525390625,25908.01171875,518717.84375,Port_Harcourt,False,Onitsha,Onitsha,winning,False,1277.5,4.0,False
2025-09-01,334,TraderAgent,Port_Harcourt,0,9763.525390625,45050.578125,536073.4375,Port_Harcourt,False,Onitsha,Onitsha,winning,False,1277.5,7.0,False
2025-09-01,335,TraderAgent,Port_Harcourt,3,20.0,32115.599609375,527586.0,Port_Harcourt,False,Onitsha,Port_Harcourt,winning,False,1427.38,8.0,False
2025-09-01,336,TraderAgent,Port_Harcourt,0,3126.025390625,38719.3046875,531084.3125,Port_Harcourt,False,Onitsha,Port_Harcourt,winning,False,1300.0,10.0,False
2025-09-01,337,TraderAgent,Port_Harcourt,0,3013.525390625,34976.375,525383.9375,Port_Harcourt,False,Onitsha,Port_Harcourt,winning,False,1277.5,7.0,False
2025-09-01,338,TraderAgent,Port_Harcourt,4,-10.0,36163.94140625,483478.8125,Port_Harcourt,False,Onitsha,Port_Harcourt,winning,False,1502.5,10.0,False
2025-09-01,339,TraderAgent,Port_Harcourt,0,4026.025390625,20591.728515625,515227.375,Port_Harcourt,False,Onitsha,Port_Harcourt,winning,False,1480.0,6.0,False
2025-09-01,340,TraderAgent,Port_Harcourt,2,-23.355,41668.8671875,532392.125,Port_Harcourt,False,Onitsha,Port_Harcourt,winning,False,1502.5,8.0,False
2025-09-01,341,BuyerAgent,Port_Harcourt,2,0.0,15024.37109375,,,,,,,,,,
2025-09-01,342,BuyerAgent,Port_Harcourt,2,0.0,20752.955078125,,,,,,,,,,
2025-09-01,343,BuyerAgent,Port_Harcourt,0,986.474609375,14777.83203125,,,,,,,,,,
2025-09-01,344,BuyerAgent,Port_Harcourt,2,0.0,10074.201171875,,,,,,,,,,
2025-09-01,345,BuyerAgent,Port_Harcourt,1,986.474609375,23699.49609375,,,,,,,,,,
2025-09-01,346,BuyerAgent,Port_Harcourt,2,0.0,12920.056640625,,,,,,,,,,
2025-09-01,347,BuyerAgent,Port_Harcourt,1,986.474609375,15952.37890625,,,,,,,,,,
2025-09-01,348,BuyerAgent,Port_Harcourt,2,0.0,8833.2021484375,,,,,,,,,,
2025-09-01,349,BuyerAgent,Port_Harcourt,0,986.474609375,9903.36328125,,,,,,,,,,
2025-09-01,350,BuyerAgent,Port_Harcourt,0,986.474609375,4735.97265625,,,,,,,,,,
2025-09-01,351,BuyerAgent,Port_Harcourt,1,986.474609375,4242.7451171875,,,,,,,,,,
2025-09-01,352,BuyerAgent,Port_Harcourt,2,0.0,2838.14501953125,,,,,,,,,,
2025-09-01,353,BuyerAgent,Port_Harcourt,1,873.974609375,1553.5101318359375,,,,,,,,,,
2025-09-01,354,BuyerAgent,Port_Harcourt,2,0.0,2874.98583984375,,,,,,,,,,
2025-09-01,355,BuyerAgent,Port_Harcourt,1,0.0,306.6717529296875,,,,,,,,,,
2025-09-01,356,BuyerAgent,Port_Harcourt,1,0.0,0.0,,,,,,,,,,
2025-09-01,357,BuyerAgent,Port_Harcourt,2,0.0,1090.977783203125,,,,,,,,,,
2025-09-01,358,BuyerAgent,Port_Harcourt,1,0.0,715.977783203125,,,,,,,,,,
2025-09-01,359,BuyerAgent,Port_Harcourt,2,0.0,715.977783203125,,,,,,,,,,
2025-09-01,360,BuyerAgent,Port_Harcourt,0,0.0,715.977783203125,,,,,,,,,,
2025-09-01,361,BuyerAgent,Port_Harcourt,0,0.0,0.0,,,,,,,,,,
2025-09-01,362,BuyerAgent,Port_Harcourt,1,0.0,184.0081787109375,,,,,,,,,,
2025-09-01,363,BuyerAgent,Port_Harcourt,0,0.0,0.0,,,,,,,,,,
2025-09-01,364,BuyerAgent,Port_Harcourt,1,0.0,0.0,,,,,,,,,,
2025-09-01,365,BuyerAgent,Port_Harcourt,2,0.0,0.0,,,,,,,,,,
2025-09-01,366,BuyerAgent,Port_Harcourt,1,0.0,0.0,,,,,,,,,,
2025-09-01,367,BuyerAgent,Port_Harcourt,2,0.0,0.0,,,,,,,,,,
2025-09-01,368,BuyerAgent,Port_Harcourt,0,0.0,0.0,,,,,,,,,,
2025-09-01,369,BuyerAgent,Port_Harcourt,0,0.0,0.0,,,,,,,,,,
2025-09-01,370,BuyerAgent,Port_Harcourt,1,0.0,0.0,,,,,,,,,,
2025-09-01,371,TransporterAgent,Port_Harcourt,2,-50.0,-572.6186756484849,,,,,,,,,,
2025-09-01,372,TransporterAgent,Port_Harcourt,0,2.015379678971399,47.71024070927436,,,,,,,,,,
2025-09-01,373,TransporterAgent,Port_Harcourt,3,50.0,502.03101333011836,,,,,,,,,,
2025-09-01,374,TransporterAgent,Port_Harcourt,1,-200.0,-622.203904040404,,,,,,,,,,
2025-09-01,375,TransporterAgent,Port_Harcourt,1,-200.0,-419.62735795454546,,,,,,,,,,
2025-09-01,376,TransporterAgent,Port_Harcourt,1,-200.0,-1067.0375612373737,,,,,,,,,,
2025-09-01,377,TransporterAgent,Port_Harcourt,2,-50.0,-517.060918009596,,,,,,,,,,
2025-09-01,378,TransporterAgent,Port_Harcourt,3,50.0,-370.78,,,,,,,,,,
2025-09-01,379,TransporterAgent,Port_Harcourt,2,-50.0,-789.5391678661615,,,,,,,,,,
2025-09-01,380,TransporterAgent,Port_Harcourt,0,2.015379678971399,-381.92302254830133,,,,,,,,,,
2025-09-01,381,BankingAgent,Port_Harcourt,0,-0.0,-44.425000000000004,,,,,,,,,,
2025-09-01,382,BankingAgent,Port_Harcourt,2,-1.35,-33.35000000000001,,,,,,,,,,
2025-09-01,383,BankingAgent,Port_Harcourt,2,-1.35,-43.175000000000004,,,,,,,,,,
2025-10-01,1,TraderAgent,Abuja,4,-10.0,16317.646484375,488050.1875,Abuja,False,Onitsha,Abuja,winning,False,555.0,7.0,False
2025-10-01,2,TraderAgent,Abuja,4,-10.0,18137.30078125,443754.03125,Abuja,False,Onitsha,Abuja,winning,False,532.5,5.0,False
2025-10-01,3,TraderAgent,Abuja,3,20.0,15383.072265625,487501.46875,Abuja,False,Onitsha,Onitsha,winning,False,541.5,9.0,False
2025-10-01,4,TraderAgent,Abuja,3,20.0,31700.83203125,477872.8125,Abuja,False,Onitsha,Onitsha,winning,False,541.5,12.0,False
2025-10-01,5,TraderAgent,Abuja,2,-34.29,16265.2470703125,489890.625,Abuja,False,Onitsha,Onitsha,winning,False,570.0,6.0,False
2025-10-01,6,TraderAgent,Abuja,0,1491.1944580078125,19918.595703125,484650.90625,Abuja,False,Onitsha,Abuja,winning,False,570.0,8.0,False
2025-10-01,7,TraderAgent,Abuja,0,1416.1944580078125,33660.2734375,422517.625,Abuja,False,Onitsha,Abuja,winning,False,555.0,13.0,False
2025-10-01,8,TraderAgent,Abuja,3,20.0,29572.54296875,475182.90625,Abuja,False,Onitsha,Abuja,winning,False,505.88,12.0,False
2025-10-01,9,TraderAgent,Abuja,3,20.0,12274.4423828125,433761.4375,Abuja,False,Onitsha,Abuja,winning,False,505.88,8.0,False
2025-10-01,10,TraderAgent,Abuja,1,160.12716749561972,16708.619140625,464085.90625,Onitsha,True,Onitsha,Onitsha,winning,False,570.0,8.0,True
2025-10-01,11,TraderAgent,Abuja,2,-34.29,24915.0859375,489836.125,Abuja,False,Onitsha,Abuja,winning,False,532.5,7.0,False
2025-10-01,12,TraderAgent,Abuja,1,160.12716749561972,11828.4267578125,470997.8125,Onitsha,True,Onitsha,Onitsha,winning,False,570.0,6.0,True
2025-10-01,13,TraderAgent,Abuja,0,741.1944580078125,19081.791015625,492011.125,Abuja,False,Onitsha,Onitsha,winning,False,570.0,8.0,False
2025-10-01,14,TraderAgent,Abuja,4,-10.0,4081.08837890625,484921.125,Abuja,False,Onitsha,Onitsha,winning,False,570.0,5.0,False
2025-10-01,15,TraderAgent,Abuja,2,-34.29,18645.259765625,492201.625,Abuja,False,Onitsha,Abuja,winning,False,555.0,8.0,False
2025-10-01,16,TraderAgent,Abuja,4,-10.0,11319.1533203125,415356.875,Abuja,False,Onitsha,Abuja,winning,False,532.5,6.0,False
2025-10-01,17,TraderAgent,Abuja,0,741.1944580078125,21448.646484375,458452.375,Abuja,False,Onitsha,Onitsha,winning,False,570.0,9.0,False
2025-10-01,18,TraderAgent,Abuja,3,20.0,24264.603515625,505818.53125,Abuja,False,Onitsha,Abuja,winning,False,527.25,12.0,False
2025-10-01,19,TraderAgent,Abuja,0,1303.6944580078125,8500.2841796875,480256.09375,Abuja,False,Onitsha,Abuja,winning,False,532.5,5.0,False
2025-10-01,20,TraderAgent,Abuja,3,20.0,12510.572265625,492414.375,Abuja,False,Onitsha,Onitsha,winning,False,541.5,9.0,False
2025-10-01,21,BuyerAgent,Abuja,2,0.0,7124.3525390625,,,,,,,,,,
2025-10-01,22,BuyerAgent,Abuja,0,196.3055419921875,3044.12841796875,,,,,,,,,,
2025-10-01,23,BuyerAgent,Abuja,0,83.8055419921875,5247.47900390625,,,,,,,,,,
2025-10-01,24,BuyerAgent,Abuja,2,0.0,2812.779296875,,,,,,,,,,
2025-10-01,25,BuyerAgent,Abuja,0,8.8055419921875,4022.3173828125,,,,,,,,,,
2025-10-01,26,BuyerAgent,Abuja,1,8.8055419921875,3789.0947265625,,,,,,,,,,
2025-10-01,27,BuyerAgent,Abuja,0,8.8055419921875,1560.6744384765625,,,,,,,,,,
2025-10-01,28,BuyerAgent,Abuja,2,0.0,4059.34130859375,,,,,,,,,,
2025-10-01,29,BuyerAgent,Abuja,0,0.0,2705.03466796875,,,,,,,,,,
2025-10-01,30,BuyerAgent,Abuja,0,0.0,3069.10107421875,,,,,,,,,,
2025-10-01,31,BuyerAgent,Abuja,2,0.0,1435.33935546875,,,,,,,,,,
2025-10-01,32,BuyerAgent,Abuja,2,0.0,172.83538818359375,,,,,,,,,,
2025-10-01,33,BuyerAgent,Abuja,1,0.0,1265.138916015625,,,,,,,,,,
2025-10-01,34,BuyerAgent,Abuja,2,0.0,2396.519775390625,,,,,,,,,,
2025-10-01,35,BuyerAgent,Abuja,2,0.0,1222.862548828125,,,,,,,,,,
2025-10-01,36,BuyerAgent,Abuja,0,0.0,22.862548828125,,,,,,,,,,
2025-10-01,37,BuyerAgent,Abuja,1,0.0,14.522705078125,,,,,,,,,,
2025-10-01,38,BuyerAgent,Abuja,0,0.0,0.0,,,,,,,,,,
2025-10-01,39,BuyerAgent,Abuja,2,0.0,0.0,,,,,,,,,,
2025-10-01,40,BuyerAgent,Abuja,2,0.0,0.0,,,,,,,,,,
2025-10-01,41,BuyerAgent,Abuja,1,0.0,0.0,,,,,,,,,,
2025-10-01,42,BuyerAgent,Abuja,0,0.0,0.0,,,,,,,,,,
2025-10-01,43,BuyerAgent,Abuja,1,0.0,0.0,,,,,,,,,,
2025-10-01,44,BuyerAgent,Abuja,0,0.0,0.0,,,,,,,,,,
2025-10-01,45,BuyerAgent,Abuja,1,0.0,0.0,,,,,,,,,,
2025-10-01,46,BuyerAgent,Abuja,2,0.0,0.0,,,,,,,,,,
2025-10-01,47,BuyerAgent,Abuja,1,0.0,0.0,,,,,,,,,,
2025-10-01,48,BuyerAgent,Abuja,0,0.0,0.0,,,,,,,,,,
2025-10-01,49,BuyerAgent,Abuja,2,0.0,0.0,,,,,,,,,,
2025-10-01,50,BuyerAgent,Abuja,2,0.0,0.0,,,,,,,,,,
2025-10-01,51,TransporterAgent,Abuja,2,100.0,-503.12090147945,,,,,,,,,,
2025-10-01,52,TransporterAgent,Abuja,2,100.0,-247.9651152358333,,,,,,,,,,
2025-10-01,53,TransporterAgent,Abuja,2,100.0,216.82904595751506,,,,,,,,,,
2025-10-01,54,TransporterAgent,Abuja,3,50.0,-490.6269652358334,,,,,,,,,,
2025-10-01,55,TransporterAgent,Abuja,0,14.575861433957499,316.66455905813893,,,,,,,,,,
2025-10-01,56,TransporterAgent,Abuja,3,50.0,-856.1127858333335,,,,,,,,,,
2025-10-01,57,TransporterAgent,Abuja,3,50.0,-442.8414903190252,,,,,,,,,,
2025-10-01,58,TransporterAgent,Abuja,0,14.575861433957499,-52.342352135209396,,,,,,,,,,
2025-10-01,59,TransporterAgent,Abuja,1,-200.0,-340.59165,,,,,,,,,,
2025-10-01,60,TransporterAgent,Abuja,2,100.0,-623.2061339244349,,,,,,,,,,
2025-10-01,61,BankingAgent,Abuja,1,-2.7,-62.87500000000001,,,,,,,,,,
2025-10-01,62,BankingAgent,Abuja,2,-1.35,-56.82500000000001,,,,,,,,,,
2025-10-01,63,BankingAgent,Abuja,1,-2.7,-62.87500000000001,,,,,,,,,,
2025-10-01,65,TraderAgent,Bauchi,3,20.0,5505.2802734375,489236.96875,Bauchi,False,Port_Harcourt,Bauchi,winning,False,175.75,9.0,False
2025-10-01,66,TraderAgent,Bauchi,0,0.0,5583.2021484375,383715.53125,Bauchi,False,Onitsha,Onitsha,winning,False,190.0,10.0,False
2025-10-01,67,TraderAgent,Bauchi,3,20.0,411.9372172619047,486006.96875,Bauchi,False,Port_Harcourt,Port_Harcourt,winning,False,180.5,1.0,False
2025-10-01,68,TraderAgent,Bauchi,0,0.0,5369.791015625,350329.09375,Bauchi,False,Onitsha,Onitsha,winning,False,190.0,9.0,False
2025-10-01,69,TraderAgent,Bauchi,1,166.45490482499653,4593.78515625,311044.40625,Onitsha,True,Onitsha,Onitsha,winning,False,190.0,10.0,True
2025-10-01,70,TraderAgent,Bauchi,3,20.0,5557.416015625,479437.4375,Bauchi,False,Kano,Kano,winning,False,180.5,4.0,False
2025-10-01,71,TraderAgent,Bauchi,1,166.45490482499653,9284.59765625,425041.09375,Onitsha,True,Onitsha,Onitsha,winning,False,190.0,8.0,True
2025-10-01,72,TraderAgent,Bauchi,0,0.0,7906.91015625,385869.0,Bauchi,False,Onitsha,Onitsha,winning,False,190.0,10.0,False
2025-10-01,73,TraderAgent,Bauchi,0,498.91998291015625,8320.56640625,493855.375,Bauchi,False,Port_Harcourt,Bauchi,winning,False,185.0,14.0,False
2025-10-01,74,TraderAgent,Bauchi,1,166.45490482499653,5983.8935546875,330012.5,Onitsha,True,Onitsha,Onitsha,winning,False,190.0,9.0,True
2025-10-01,75,TraderAgent,Bauchi,0,498.91998291015625,13846.7626953125,513298.375,Bauchi,False,,Bauchi,winning,False,185.0,20.0,False
2025-10-01,76,TraderAgent,Bauchi,1,166.45490482499653,11343.9814453125,442216.15625,Onitsha,True,Onitsha,Onitsha,winning,False,185.0,16.0,True
2025-10-01,77,TraderAgent,Bauchi,4,-10.0,3761.703857421875,436494.09375,Bauchi,False,Kano,Kano,winning,False,162.5,7.0,False
2025-10-01,78,TraderAgent,Bauchi,3,20.0,395.25,499975.25,Bauchi,False,,,winning,False,171.0,0.0,False
2025-10-01,79,TraderAgent,Bauchi,3,20.0,480.4256592592593,484280.8125,Bauchi,False,Port_Harcourt,Port_Harcourt,winning,False,180.5,1.0,False
2025-10-01,80,TraderAgent,Bauchi,0,498.91998291015625,14168.3154296875,513662.15625,Bauchi,False,,Bauchi,winning,False,185.0,20.0,False
2025-10-01,81,TraderAgent,Bauchi,1,166.45490482499653,4671.98876953125,388759.875,Onitsha,True,Onitsha,Onitsha,winning,False,190.0,9.0,True
2025-10-01,82,TraderAgent,Bauchi,3,20.0,2898.06103515625,444805.5625,Bauchi,False,Onitsha,Onitsha,winning,False,180.5,5.0,False
2025-10-01,83,TraderAgent,Bauchi,0,498.91998291015625,13830.5126953125,513272.09375,Bauchi,False,,Bauchi,winning,False,185.0,20.0,False
2025-10-01,84,TraderAgent,Bauchi,1,166.45490482499653,4974.51953125,431524.40625,Onitsha,True,Onitsha,Onitsha,winning,False,162.5,5.0,True
2025-10-01,85,BuyerAgent,Bauchi,0,1.08001708984375,2139.03466796875,,,,,,,,,,
2025-10-01,86,BuyerAgent,Bauchi,0,1.08001708984375,2085.623046875,,,,,,,,,,
2025-10-01,87,BuyerAgent,Bauchi,0,1.08001708984375,2085.623046875,,,,,,,,,,
2025-10-01,88,BuyerAgent,Bauchi,0,1.08001708984375,1220.585205078125,,,,,,,,,,
2025-10-01,89,BuyerAgent,Bauchi,0,0.0,1986.3616943359375,,,,,,,,,,
2025-10-01,90,BuyerAgent,Bauchi,0,0.0,466.48101806640625,,,,,,,,,,
2025-10-01,91,BuyerAgent,Bauchi,0,0.0,142.735595703125,,,,,,,,,,
2025-10-01,92,BuyerAgent,Bauchi,0,0.0,157.83416748046875,,,,,,,,,,
2025-10-01,93,BuyerAgent,Bauchi,1,0.0,157.83416748046875,,,,,,,,,,
2025-10-01,94,BuyerAgent,Bauchi,1,0.0,142.735595703125,,,,,,,,,,
2025-10-01,95,BuyerAgent,Bauchi,0,0.0,157.83416748046875,,,,,,,,,,
2025-10-01,96,BuyerAgent,Bauchi,2,0.0,157.83416748046875,,,,,,,,,,
2025-10-01,97,BuyerAgent,Bauchi,1,0.0,15.09857177734375,,,,,,,,,,
2025-10-01,98,BuyerAgent,Bauchi,0,0.0,0.0,,,,,,,,,,
2025-10-01,99,BuyerAgent,Bauchi,1,0.0,0.0,,,,,,,,,,
2025-10-01,100,BuyerAgent,Bauchi,0,0.0,0.0,,,,,,,,,,
2025-10-01,101,BuyerAgent,Bauchi,2,0.0,0.0,,,,,,,,,,
2025-10-01,102,BuyerAgent,Bauchi,2,0.0,0.0,,,,,,,,,,
2025-10-01,103,BuyerAgent,Bauchi,1,0.0,0.0,,,,,,,,,,
2025-10-01,104,BuyerAgent,Bauchi,1,0.0,0.0,,,,,,,,,,
2025-10-01,105,BuyerAgent,Bauchi,0,0.0,0.0,,,,,,,,,,
2025-10-01,106,BuyerAgent,Bauchi,2,0.0,0.0,,,,,,,,,,
2025-10-01,107,BuyerAgent,Bauchi,0,0.0,0.0,,,,,,,,,,
2025-10-01,108,BuyerAgent,Bauchi,0,0.0,0.0,,,,,,,,,,
2025-10-01,109,BuyerAgent,Bauchi,1,0.0,0.0,,,,,,,,,,
2025-10-01,110,BuyerAgent,Bauchi,1,0.0,0.0,,,,,,,,,,
2025-10-01,111,BuyerAgent,Bauchi,2,0.0,0.0,,,,,,,,,,
2025-10-01,112,BuyerAgent,Bauchi,0,0.0,0.0,,,,,,,,,,
2025-10-01,113,BuyerAgent,Bauchi,0,0.0,0.0,,,,,,,,,,
2025-10-01,114,BuyerAgent,Bauchi,2,0.0,0.0,,,,,,,,,,
2025-10-01,115,TransporterAgent,Bauchi,0,2.085404980709318,-555.9503167823848,,,,,,,,,,
2025-10-01,116,TransporterAgent,Bauchi,0,2.085404980709318,-811.3170978102116,,,,,,,,,,
2025-10-01,117,TransporterAgent,Bauchi,3,50.0,900.0,,,,,,,,,,
2025-10-01,118,TransporterAgent,Bauchi,3,50.0,460.0357142857143,,,,,,,,,,
2025-10-01,119,TransporterAgent,Bauchi,0,2.085404980709318,-765.7519882201693,,,,,,,,,,
2025-10-01,120,TransporterAgent,Bauchi,3,50.0,850.0,,,,,,,,,,
2025-10-01,121,TransporterAgent,Bauchi,0,2.085404980709318,-1315.6881584612804,,,,,,,,,,
2025-10-01,122,TransporterAgent,Bauchi,3,50.0,-280.71964285714284,,,,,,,,,,
2025-10-01,123,TransporterAgent,Bauchi,3,50.0,613.8485449735449,,,,,,,,,,
2025-10-01,124,TransporterAgent,Bauchi,3,50.0,278.42849206349206,,,,,,,,,,
2025-10-01,125,BankingAgent,Bauchi,0,-0.0,-19.075000000000003,,,,,,,,,,
2025-10-01,126,BankingAgent,Bauchi,0,-0.0,-13.275,,,,,,,,,,
2025-10-01,127,BankingAgent,Bauchi,0,-0.0,-18.45,,,,,,,,,,
2025-10-01,129,TraderAgent,Kano,3,20.0,1683.089111328125,449601.09375,Kano,False,Onitsha,Kano,winning,False,87.88,7.0,False
2025-10-01,130,TraderAgent,Kano,4,-10.0,1845.88623046875,450454.28125,Kano,False,Onitsha,Onitsha,winning,False,95.0,6.0,False
2025-10-01,131,TraderAgent,Kano,3,20.0,1255.87841796875,444960.375,Kano,False,Onitsha,Onitsha,winning,False,90.25,6.0,False
2025-10-01,132,TraderAgent,Kano,3,20.0,3217.5380859375,481633.25,Kano,False,Onitsha,Onitsha,winning,False,90.25,10.0,False
2025-10-01,133,TraderAgent,Kano,4,-10.0,3756.2333984375,438507.96875,Kano,False,Onitsha,Onitsha,winning,False,95.0,9.0,False
2025-10-01,134,TraderAgent,Kano,0,0.0,2925.280029296875,433803.8125,Kano,False,Onitsha,Onitsha,winning,False,95.0,12.0,False
2025-10-01,135,TraderAgent,Kano,1,134.48131886905313,1553.0750732421875,458780.6875,Onitsha,True,Onitsha,Onitsha,winning,False,92.5,7.0,True
2025-10-01,136,TraderAgent,Kano,1,134.48131886905313,2029.1356201171875,479226.4375,Onitsha,True,Onitsha,Onitsha,winning,False,81.25,5.0,True
2025-10-01,137,TraderAgent,Kano,0,232.716064453125,1948.416748046875,463480.8125,Kano,False,Onitsha,Kano,winning,False,92.5,7.0,False
2025-10-01,138,TraderAgent,Kano,1,134.48131886905313,876.5469970703125,447366.5625,Onitsha,True,Onitsha,Onitsha,winning,False,95.0,5.0,True
2025-10-01,139,TraderAgent,Kano,1,134.48131886905313,3690.6806640625,464456.09375,Onitsha,True,Onitsha,Onitsha,winning,False,92.5,6.0,True
2025-10-01,140,TraderAgent,Kano,0,0.0,694.8662109375,464576.4375,Kano,False,Onitsha,Onitsha,winning,False,95.0,3.0,False
2025-10-01,141,TraderAgent,Kano,0,245.216064453125,4385.7578125,482367.625,Kano,False,Onitsha,Kano,winning,False,95.0,8.0,False
2025-10-01,142,TraderAgent,Kano,3,20.0,2180.37255859375,494095.3125,Kano,False,Bauchi,Kano,winning,False,87.88,7.0,False
2025-10-01,143,TraderAgent,Kano,3,20.0,1221.4991455078125,464754.59375,Kano,False,Onitsha,Onitsha,winning,False,90.25,6.0,False
2025-10-01,144,TraderAgent,Kano,0,245.216064453125,1069.262939453125,448178.25,Kano,False,Onitsha,Kano,winning,False,95.0,5.0,False
2025-10-01,145,TraderAgent,Kano,3,20.0,1610.274169921875,425140.125,Kano,False,Onitsha,Kano,winning,False,87.88,10.0,False
2025-10-01,146,TraderAgent,Kano,2,-34.29,598.7788696289062,462948.96875,Kano,False,Onitsha,Kano,winning,False,92.5,4.0,False
2025-10-01,147,TraderAgent,Kano,0,245.216064453125,1304.9473876953125,444365.8125,Kano,False,Onitsha,Kano,winning,False,95.0,8.0,False
2025-10-01,148,TraderAgent,Kano,1,134.48131886905313,2198.21240234375,464315.84375,Onitsha,True,Onitsha,Onitsha,winning,False,92.5,6.0,True
2025-10-01,149,BuyerAgent,Kano,0,17.283935546875,865.6783447265625,,,,,,,,,,
2025-10-01,150,BuyerAgent,Kano,1,4.783935546875,786.7537231445312,,,,,,,,,,
2025-10-01,151,BuyerAgent,Kano,1,4.783935546875,778.9960327148438,,,,,,,,,,
2025-10-01,152,BuyerAgent,Kano,1,4.783935546875,513.2257080078125,,,,,,,,,,
2025-10-01,153,BuyerAgent,Kano,2,0.0,115.6951904296875,,,,,,,,,,
2025-10-01,154,BuyerAgent,Kano,2,0.0,34.35447692871094,,,,,,,,,,
2025-10-01,155,BuyerAgent,Kano,1,4.783935546875,294.590087890625,,,,,,,,,,
2025-10-01,156,BuyerAgent,Kano,0,4.783935546875,76.27914428710938,,,,,,,,,,
2025-10-01,157,BuyerAgent,Kano,0,0.0,289.80615234375,,,,,,,,,,
2025-10-01,158,BuyerAgent,Kano,2,0.0,5.9931182861328125,,,,,,,,,,
2025-10-01,159,BuyerAgent,Kano,2,0.0,284.98779296875,,,,,,,,,,
2025-10-01,160,BuyerAgent,Kano,0,0.0,280.76080322265625,,,,,,,,,,
2025-10-01,161,BuyerAgent,Kano,0,0.0,44.01397705078125,,,,,,,,,,
2025-10-01,162,BuyerAgent,Kano,1,0.0,3.052215576171875,,,,,,,,,,
2025-10-01,163,BuyerAgent,Kano,1,0.0,3.052215576171875,,,,,,,,,,
2025-10-01,164,BuyerAgent,Kano,1,0.0,3.052215576171875,,,,,,,,,,
2025-10-01,165,BuyerAgent,Kano,1,0.0,0.0,,,,,,,,,,
2025-10-01,166,BuyerAgent,Kano,0,0.0,0.0,,,,,,,,,,
2025-10-01,167,BuyerAgent,Kano,2,0.0,0.0,,,,,,,,,,
2025-10-01,168,BuyerAgent,Kano,0,0.0,0.0,,,,,,,,,,
2025-10-01,169,BuyerAgent,Kano,1,0.0,0.0,,,,,,,,,,
2025-10-01,170,BuyerAgent,Kano,0,0.0,0.0,,,,,,,,,,
2025-10-01,171,BuyerAgent,Kano,1,0.0,0.0,,,,,,,,,,
2025-10-01,172,BuyerAgent,Kano,2,0.0,0.0,,,,,,,,,,
2025-10-01,173,BuyerAgent,Kano,0,0.0,0.0,,,,,,,,,,
2025-10-01,174,BuyerAgent,Kano,1,0.0,0.0,,,,,,,,,,
2025-10-01,175,BuyerAgent,Kano,1,0.0,0.0,,,,,,,,,,
2025-10-01,176,BuyerAgent,Kano,0,0.0,0.0,,,,,,,,,,
2025-10-01,177,BuyerAgent,Kano,0,0.0,0.0,,,,,,,,,,
2025-10-01,178,BuyerAgent,Kano,0,0.0,0.0,,,,,,,,,,
2025-10-01,179,TransporterAgent,Kano,0,9.127483755830594,111.97865791405229,,,,,,,,,,
2025-10-01,180,TransporterAgent,Kano,3,50.0,267.402,,,,,,,,,,
2025-10-01,181,TransporterAgent,Kano,3,50.0,-1127.1065634378483,,,,,,,,,,
2025-10-01,182,TransporterAgent,Kano,0,9.127483755830594,-316.9057887309419,,,,,,,,,,
2025-10-01,183,TransporterAgent,Kano,3,50.0,15.730043873015859,,,,,,,,,,
2025-10-01,184,TransporterAgent,Kano,3,50.0,-1150.0717553157947,,,,,,,,,,
2025-10-01,185,TransporterAgent,Kano,0,9.127483755830594,-631.168795116901,,,,,,,,,,
2025-10-01,186,TransporterAgent,Kano,0,9.127483755830594,-458.2042011670922,,,,,,,,,,
2025-10-01,187,TransporterAgent,Kano,1,-200.0,-1283.5,,,,,,,,,,
2025-10-01,188,TransporterAgent,Kano,2,100.0,-267.01574664903,,,,,,,,,,
2025-10-01,189,BankingAgent,Kano,0,-0.0,-36.15,,,,,,,,,,
2025-10-01,190,BankingAgent,Kano,2,-1.35,-63.05000000000002,,,,,,,,,,
2025-10-01,191,BankingAgent,Kano,1,-2.7,-65.47500000000001,,,,,,,,,,
2025-10-01,193,TraderAgent,Lagos,2,-23.355,30572.919921875,501722.40625,Lagos,False,Onitsha,Onitsha,winning,False,475.0,9.0,False
2025-10-01,194,TraderAgent,Lagos,4,-10.0,13275.48046875,496639.28125,Lagos,False,Onitsha,Lagos,winning,False,475.0,5.0,False
2025-10-01,195,TraderAgent,Lagos,2,-23.355,21979.5703125,499260.90625,Lagos,False,Onitsha,Lagos,winning,False,475.0,8.0,False
2025-10-01,196,TraderAgent,Lagos,0,0.0,26192.125,491384.3125,Lagos,False,Onitsha,Onitsha,winning,False,475.0,8.0,False
2025-10-01,197,TraderAgent,Lagos,1,160.57083119509403,12072.2021484375,436160.15625,Onitsha,True,Onitsha,Onitsha,winning,False,475.0,6.0,True
2025-10-01,198,TraderAgent,Lagos,1,160.57083119509403,31360.529296875,485851.96875,Onitsha,True,Onitsha,Onitsha,winning,False,475.0,8.0,True
2025-10-01,199,TraderAgent,Lagos,4,-10.0,23279.1796875,506178.375,Lagos,False,Onitsha,Lagos,winning,False,475.0,7.0,False
2025-10-01,200,TraderAgent,Lagos,0,1299.401611328125,17714.923828125,495249.84375,Lagos,False,Onitsha,Lagos,winning,False,475.0,7.0,False
2025-10-01,201,TraderAgent,Lagos,3,20.0,20268.91796875,502613.1875,Lagos,False,Onitsha,Lagos,winning,False,451.25,5.0,False
2025-10-01,202,TraderAgent,Lagos,1,160.57083119509403,26820.37109375,492471.84375,Onitsha,True,Onitsha,Onitsha,winning,False,475.0,7.0,True
2025-10-01,203,TraderAgent,Lagos,1,160.57083119509403,14245.4228515625,491263.1875,Onitsha,True,Onitsha,Onitsha,winning,False,475.0,3.0,True
2025-10-01,204,TraderAgent,Lagos,1,160.57083119509403,32315.087890625,433316.875,Onitsha,True,Onitsha,Onitsha,winning,False,475.0,9.0,True
2025-10-01,205,TraderAgent,Lagos,4,-10.0,14691.0771484375,497962.71875,Lagos,False,Onitsha,Lagos,winning,False,475.0,6.0,False
2025-10-01,206,TraderAgent,Lagos,1,160.57083119509403,25611.42578125,491438.53125,Onitsha,True,Onitsha,Onitsha,winning,False,475.0,8.0,True
2025-10-01,207,TraderAgent,Lagos,1,160.57083119509403,25142.046875,437129.8125,Onitsha,True,Onitsha,Onitsha,winning,False,475.0,8.0,True
2025-10-01,208,TraderAgent,Lagos,0,0.0,26585.609375,491892.8125,Lagos,False,Onitsha,Onitsha,winning,False,475.0,7.0,False
2025-10-01,209,TraderAgent,Lagos,1,160.57083119509403,24843.591796875,491295.15625,Onitsha,True,Onitsha,Onitsha,winning,False,475.0,8.0,True
2025-10-01,210,TraderAgent,Lagos,3,20.0,37323.453125,497272.6875,Lagos,False,Onitsha,Onitsha,winning,False,451.25,10.0,False
2025-10-01,211,TraderAgent,Lagos,0,1299.401611328125,16872.26171875,500194.40625,Lagos,False,Onitsha,Lagos,winning,False,475.0,7.0,False
2025-10-01,212,TraderAgent,Lagos,4,-10.0,28270.923828125,499271.03125,Lagos,False,Onitsha,Onitsha,winning,False,475.0,7.0,False
2025-10-01,213,BuyerAgent,Lagos,0,0.0,7249.84033203125,,,,,,,,,,
2025-10-01,214,BuyerAgent,Lagos,1,0.0,4654.029296875,,,,,,,,,,
2025-10-01,215,BuyerAgent,Lagos,0,0.0,3646.929931640625,,,,,,,,,,
2025-10-01,216,BuyerAgent,Lagos,0,0.0,5151.18994140625,,,,,,,,,,
2025-10-01,217,BuyerAgent,Lagos,1,0.0,3366.484375,,,,,,,,,,
2025-10-01,218,BuyerAgent,Lagos,2,0.0,3865.487060546875,,,,,,,,,,
2025-10-01,219,BuyerAgent,Lagos,2,0.0,3849.257080078125,,,,,,,,,,
2025-10-01,220,BuyerAgent,Lagos,0,0.0,4529.5341796875,,,,,,,,,,
2025-10-01,221,BuyerAgent,Lagos,1,0.0,3145.08544921875,,,,,,,,,,
2025-10-01,222,BuyerAgent,Lagos,1,0.0,3200.612060546875,,,,,,,,,,
2025-10-01,223,BuyerAgent,Lagos,1,0.0,2696.7578125,,,,,,,,,,
2025-10-01,224,BuyerAgent,Lagos,0,0.0,2487.04296875,,,,,,,,,,
2025-10-01,225,BuyerAgent,Lagos,2,0.0,1416.7620849609375,,,,,,,,,,
2025-10-01,226,BuyerAgent,Lagos,2,0.0,733.3868408203125,,,,,,,,,,
2025-10-01,227,BuyerAgent,Lagos,2,0.0,0.0,,,,,,,,,,
2025-10-01,228,BuyerAgent,Lagos,0,0.0,0.0,,,,,,,,,,
2025-10-01,229,BuyerAgent,Lagos,2,0.0,0.0,,,,,,,,,,
2025-10-01,230,BuyerAgent,Lagos,1,0.0,0.0,,,,,,,,,,
2025-10-01,231,BuyerAgent,Lagos,1,0.0,0.0,,,,,,,,,,
2025-10-01,232,BuyerAgent,Lagos,1,0.0,0.0,,,,,,,,,,
2025-10-01,233,BuyerAgent,Lagos,2,0.0,0.0,,,,,,,,,,
2025-10-01,234,BuyerAgent,Lagos,1,0.0,0.0,,,,,,,,,,
2025-10-01,235,BuyerAgent,Lagos,1,0.0,0.0,,,,,,,,,,
2025-10-01,236,BuyerAgent,Lagos,1,0.0,0.0,,,,,,,,,,
2025-10-01,237,BuyerAgent,Lagos,0,0.0,0.0,,,,,,,,,,
2025-10-01,238,BuyerAgent,Lagos,0,0.0,0.0,,,,,,,,,,
2025-10-01,239,BuyerAgent,Lagos,0,0.0,0.0,,,,,,,,,,
2025-10-01,240,BuyerAgent,Lagos,2,0.0,0.0,,,,,,,,,,
2025-10-01,241,BuyerAgent,Lagos,0,0.0,0.0,,,,,,,,,,
2025-10-01,242,BuyerAgent,Lagos,0,0.0,0.0,,,,,,,,,,
2025-10-01,243,TransporterAgent,Lagos,0,9.831974332611448,-679.0092719643608,,,,,,,,,,
2025-10-01,244,TransporterAgent,Lagos,3,50.0,-1275.118076118,,,,,,,,,,
2025-10-01,245,TransporterAgent,Lagos,0,9.831974332611448,-699.7301330243115,,,,,,,,,,
2025-10-01,246,TransporterAgent,Lagos,2,100.0,-1115.816548544784,,,,,,,,,,
2025-10-01,247,TransporterAgent,Lagos,3,50.0,-1186.2107606576205,,,,,,,,,,
2025-10-01,248,TransporterAgent,Lagos,2,100.0,-861.0163033131378,,,,,,,,,,
2025-10-01,249,TransporterAgent,Lagos,0,9.831974332611448,-831.3979147471927,,,,,,,,,,
2025-10-01,250,TransporterAgent,Lagos,2,100.0,-155.05938443878426,,,,,,,,,,
2025-10-01,251,TransporterAgent,Lagos,1,-200.0,-379.1127,,,,,,,,,,
2025-10-01,252,TransporterAgent,Lagos,3,50.0,-1063.8715321402553,,,,,,,,,,
2025-10-01,253,BankingAgent,Lagos,2,-1.35,-63.85000000000001,,,,,,,,,,
2025-10-01,254,BankingAgent,Lagos,1,-2.7,-42.42500000000001,,,,,,,,,,
2025-10-01,255,BankingAgent,Lagos,2,-1.35,-63.02500000000002,,,,,,,,,,
2025-10-01,257,TraderAgent,Onitsha,0,1685.361328125,10073.8505859375,484527.1875,Onitsha,False,Lagos,Onitsha,winning,False,647.5,9.0,False
2025-10-01,258,TraderAgent,Onitsha,1,147.3264111313406,6898.7978515625,486999.84375,Lagos,True,Lagos,Lagos,winning,False,647.5,6.0,True
2025-10-01,259,TraderAgent,Onitsha,0,0.0,13992.7255859375,471693.46875,Onitsha,False,Lagos,Lagos,winning,False,665.0,12.0,False
2025-10-01,260,TraderAgent,Onitsha,2,-34.29,787.5459177062348,461625.71875,Onitsha,False,Lagos,Lagos,winning,False,665.0,5.0,False
2025-10-01,261,TraderAgent,Onitsha,0,0.0,30209.96875,508253.0,Onitsha,False,Lagos,Lagos,winning,False,665.0,12.0,False
2025-10-01,262,TraderAgent,Onitsha,0,0.0,4542.29931640625,467829.53125,Onitsha,False,Lagos,Lagos,winning,False,665.0,6.0,False
2025-10-01,263,TraderAgent,Onitsha,1,147.3264111313406,5099.8623046875,457919.59375,Lagos,True,Lagos,Lagos,winning,False,665.0,7.0,True
2025-10-01,264,TraderAgent,Onitsha,3,20.0,6724.734375,480120.15625,Onitsha,False,Lagos,Lagos,winning,False,631.75,7.0,False
2025-10-01,265,TraderAgent,Onitsha,2,-34.29,8571.83203125,482654.125,Onitsha,False,Lagos,Lagos,winning,False,665.0,9.0,False
2025-10-01,266,TraderAgent,Onitsha,3,20.0,26809.451171875,512343.3125,Onitsha,False,Lagos,Onitsha,winning,False,615.12,10.0,False
2025-10-01,267,TraderAgent,Onitsha,4,-10.0,19311.19921875,501756.4375,Onitsha,False,Lagos,Lagos,winning,False,665.0,5.0,False
2025-10-01,268,TraderAgent,Onitsha,4,-10.0,22953.998046875,487400.375,Onitsha,False,Lagos,Lagos,winning,False,665.0,9.0,False
2025-10-01,269,TraderAgent,Onitsha,4,-10.0,9847.67578125,477824.5625,Onitsha,False,Lagos,Lagos,winning,False,665.0,9.0,False
2025-10-01,270,TraderAgent,Onitsha,0,0.0,4703.44921875,451965.90625,Onitsha,False,Lagos,Lagos,winning,False,665.0,8.0,False
2025-10-01,271,TraderAgent,Onitsha,4,-10.0,12605.244140625,498018.6875,Onitsha,False,Lagos,Onitsha,winning,False,665.0,9.0,False
2025-10-01,272,TraderAgent,Onitsha,3,20.0,9206.6845703125,493581.5625,Onitsha,False,Port_Harcourt,Onitsha,winning,False,615.12,7.0,False
2025-10-01,273,TraderAgent,Onitsha,4,-10.0,5945.4013671875,495600.96875,Onitsha,False,Lagos,Onitsha,winning,False,647.5,5.0,False
2025-10-01,274,TraderAgent,Onitsha,0,0.0,7166.58349609375,472929.375,Onitsha,False,Lagos,Lagos,winning,False,665.0,8.0,False
2025-10-01,275,TraderAgent,Onitsha,3,20.0,4175.7822265625,456939.3125,Onitsha,False,Lagos,Lagos,winning,False,631.75,7.0,False
2025-10-01,276,TraderAgent,Onitsha,1,147.3264111313406,3408.012451171875,443138.71875,Lagos,True,Lagos,Lagos,winning,False,665.0,7.0,True
2025-10-01,277,BuyerAgent,Onitsha,2,0.0,3818.888916015625,,,,,,,,,,
2025-10-01,278,BuyerAgent,Onitsha,1,64.638671875,1193.5205078125,,,,,,,,,,
2025-10-01,279,BuyerAgent,Onitsha,1,0.0,2983.808349609375,,,,,,,,,,
2025-10-01,280,BuyerAgent,Onitsha,0,0.0,2649.990478515625,,,,,,,,,,
2025-10-01,281,BuyerAgent,Onitsha,0,0.0,2330.519287109375,,,,,,,,,,
2025-10-01,282,BuyerAgent,Onitsha,1,0.0,584.9542236328125,,,,,,,,,,
2025-10-01,283,BuyerAgent,Onitsha,1,0.0,401.541748046875,,,,,,,,,,
2025-10-01,284,BuyerAgent,Onitsha,2,0.0,596.0284423828125,,,,,,,,,,
2025-10-01,285,BuyerAgent,Onitsha,2,0.0,158.3575439453125,,,,,,,,,,
2025-10-01,286,BuyerAgent,Onitsha,0,0.0,161.2261962890625,,,,,,,,,,
2025-10-01,287,BuyerAgent,Onitsha,2,0.0,173.84185791015625,,,,,,,,,,
2025-10-01,288,BuyerAgent,Onitsha,0,0.0,140.49896240234375,,,,,,,,,,
2025-10-01,289,BuyerAgent,Onitsha,1,0.0,71.62933349609375,,,,,,,,,,
2025-10-01,290,BuyerAgent,Onitsha,0,0.0,29.35943603515625,,,,,,,,,,
2025-10-01,291,BuyerAgent,Onitsha,0,0.0,14.669189453125,,,,,,,,,,
2025-10-01,292,BuyerAgent,Onitsha,1,0.0,18.4869384765625,,,,,,,,,,
2025-10-01,293,BuyerAgent,Onitsha,1,0.0,18.4869384765625,,,,,,,,,,
2025-10-01,294,BuyerAgent,Onitsha,1,0.0,0.0,,,,,,,,,,
2025-10-01,295,BuyerAgent,Onitsha,0,0.0,0.0,,,,,,,,,,
2025-10-01,296,BuyerAgent,Onitsha,2,0.0,0.0,,,,,,,,,,
2025-10-01,297,BuyerAgent,Onitsha,1,0.0,0.0,,,,,,,,,,
2025-10-01,298,BuyerAgent,Onitsha,2,0.0,0.0,,,,,,,,,,
2025-10-01,299,BuyerAgent,Onitsha,2,0.0,0.0,,,,,,,,,,
2025-10-01,300,BuyerAgent,Onitsha,1,0.0,0.0,,,,,,,,,,
2025-10-01,301,BuyerAgent,Onitsha,0,0.0,0.0,,,,,,,,,,
2025-10-01,302,BuyerAgent,Onitsha,2,0.0,0.0,,,,,,,,,,
2025-10-01,303,BuyerAgent,Onitsha,1,0.0,0.0,,,,,,,,,,
2025-10-01,304,BuyerAgent,Onitsha,1,0.0,0.0,,,,,,,,,,
2025-10-01,305,BuyerAgent,Onitsha,2,0.0,0.0,,,,,,,,,,
2025-10-01,306,BuyerAgent,Onitsha,2,0.0,0.0,,,,,,,,,,
2025-10-01,307,TransporterAgent,Onitsha,3,50.0,22.428269084663192,,,,,,,,,,
2025-10-01,308,TransporterAgent,Onitsha,3,50.0,291.3606448390403,,,,,,,,,,
2025-10-01,309,TransporterAgent,Onitsha,3,50.0,245.84827380820917,,,,,,,,,,
2025-10-01,310,TransporterAgent,Onitsha,2,100.0,180.61624994873225,,,,,,,,,,
2025-10-01,311,TransporterAgent,Onitsha,0,18.458407647038992,-318.7844212418499,,,,,,,,,,
2025-10-01,312,TransporterAgent,Onitsha,3,50.0,-793.3355762998726,,,,,,,,,,
2025-10-01,313,TransporterAgent,Onitsha,0,18.458407647038992,123.89625245937222,,,,,,,,,,
2025-10-01,314,TransporterAgent,Onitsha,2,100.0,567.3172795108725,,,,,,,,,,
2025-10-01,315,TransporterAgent,Onitsha,3,50.0,301.3701822135532,,,,,,,,,,
2025-10-01,316,TransporterAgent,Onitsha,0,18.458407647038992,-961.6653702595502,,,,,,,,,,
2025-10-01,317,BankingAgent,Onitsha,1,-2.7,-52.20000000000002,,,,,,,,,,
2025-10-01,318,BankingAgent,Onitsha,0,-0.0,-60.22500000000001,,,,,,,,,,
2025-10-01,319,BankingAgent,Onitsha,1,-2.7,-53.67500000000002,,,,,,,,,,
2025-10-01,321,TraderAgent,Port_Harcourt,1,168.65009510974335,29217.193359375,513679.03125,Onitsha,True,Onitsha,Onitsha,winning,False,1480.0,7.0,True
2025-10-01,322,TraderAgent,Port_Harcourt,0,9653.767578125,51303.421875,540114.0625,Port_Harcourt,False,Onitsha,Onitsha,winning,False,1277.5,8.0,False
2025-10-01,323,TraderAgent,Port_Harcourt,0,2903.76708984375,39334.1953125,532504.9375,Port_Harcourt,False,Onitsha,Port_Harcourt,winning,False,1277.5,8.0,False
2025-10-01,324,TraderAgent,Port_Harcourt,4,-10.0,20268.91796875,517795.40625,Port_Harcourt,False,Onitsha,Onitsha,winning,False,1300.0,5.0,False
2025-10-01,325,TraderAgent,Port_Harcourt,0,3016.26708984375,40583.12109375,532954.3125,Port_Harcourt,False,Onitsha,Port_Harcourt,winning,False,1300.0,9.0,False
2025-10-01,326,TraderAgent,Port_Harcourt,1,168.65009510974335,32978.05078125,517747.8125,Onitsha,True,Onitsha,Onitsha,winning,False,1491.25,6.0,True
2025-10-01,327,TraderAgent,Port_Harcourt,0,9653.767578125,35655.28515625,528887.1875,Port_Harcourt,False,Onitsha,Onitsha,winning,False,1277.5,7.0,False
2025-10-01,328,TraderAgent,Port_Harcourt,1,168.65009510974335,49604.9609375,530482.4375,Onitsha,True,Onitsha,Onitsha,winning,False,1277.5,8.0,True
2025-10-01,329,TraderAgent,Port_Harcourt,3,20.0,26846.71484375,519300.4375,Port_Harcourt,False,Onitsha,Port_Harcourt,winning,False,1416.69,6.0,False
2025-10-01,330,TraderAgent,Port_Harcourt,3,20.0,42814.8828125,535319.125,Port_Harcourt,False,Onitsha,Onitsha,winning,False,1213.62,10.0,False
2025-10-01,331,TraderAgent,Port_Harcourt,3,20.0,45804.37109375,533321.625,Port_Harcourt,False,Onitsha,Onitsha,winning,False,1235.0,8.0,False
2025-10-01,332,TraderAgent,Port_Harcourt,1,168.65009510974335,22895.462890625,464330.1875,Onitsha,True,Onitsha,Onitsha,winning,False,1491.25,6.0,True
2025-10-01,333,TraderAgent,Port_Harcourt,1,168.65009510974335,26076.662109375,511279.125,Onitsha,True,Onitsha,Onitsha,winning,False,1277.5,4.0,True
2025-10-01,334,TraderAgent,Port_Harcourt,1,168.65009510974335,45219.2265625,528634.6875,Onitsha,True,Onitsha,Onitsha,winning,False,1277.5,7.0,True
2025-10-01,335,TraderAgent,Port_Harcourt,4,-10.0,32105.599609375,527586.0,Port_Harcourt,False,Onitsha,Port_Harcourt,winning,False,1502.5,8.0,False
2025-10-01,336,TraderAgent,Port_Harcourt,1,168.65009510974335,38887.953125,523645.5625,Onitsha,True,Onitsha,Onitsha,winning,False,1480.0,10.0,True
2025-10-01,337,TraderAgent,Port_Harcourt,4,-10.0,34966.375,525383.9375,Port_Harcourt,False,Onitsha,Port_Harcourt,winning,False,1480.0,7.0,False
2025-10-01,338,TraderAgent,Port_Harcourt,1,168.65009510974335,36332.58984375,476040.09375,Onitsha,True,Onitsha,Onitsha,winning,False,1502.5,10.0,True
2025-10-01,339,TraderAgent,Port_Harcourt,3,20.0,20611.728515625,515227.375,Port_Harcourt,False,Onitsha,Port_Harcourt,winning,False,1406.0,6.0,False
2025-10-01,340,TraderAgent,Port_Harcourt,2,-27.0,41641.8671875,532365.125,Port_Harcourt,False,Onitsha,Port_Harcourt,winning,False,1502.5,8.0,False
2025-10-01,341,BuyerAgent,Port_Harcourt,2,0.0,15024.37109375,,,,,,,,,,
2025-10-01,342,BuyerAgent,Port_Harcourt,1,1096.23291015625,21849.1875,,,,,,,,,,
2025-10-01,343,BuyerAgent,Port_Harcourt,2,0.0,14777.83203125,,,,,,,,,,
2025-10-01,344,BuyerAgent,Port_Harcourt,2,0.0,10074.201171875,,,,,,,,,,
2025-10-01,345,BuyerAgent,Port_Harcourt,2,0.0,23699.49609375,,,,,,,,,,
2025-10-01,346,BuyerAgent,Port_Harcourt,0,1096.23291015625,14016.2890625,,,,,,,,,,
2025-10-01,347,BuyerAgent,Port_Harcourt,0,1096.23291015625,17048.611328125,,,,,,,,,,
2025-10-01,348,BuyerAgent,Port_Harcourt,2,0.0,8833.2021484375,,,,,,,,,,
2025-10-01,349,BuyerAgent,Port_Harcourt,0,983.73291015625,10887.095703125,,,,,,,,,,
2025-10-01,350,BuyerAgent,Port_Harcourt,2,0.0,4735.97265625,,,,,,,,,,
2025-10-01,351,BuyerAgent,Port_Harcourt,0,0.0,4242.7451171875,,,,,,,,,,
2025-10-01,352,BuyerAgent,Port_Harcourt,0,0.0,2838.14501953125,,,,,,,,,,
2025-10-01,353,BuyerAgent,Port_Harcourt,1,0.0,1553.5101318359375,,,,,,,,,,
2025-10-01,354,BuyerAgent,Port_Harcourt,0,0.0,2874.98583984375,,,,,,,,,,
2025-10-01,355,BuyerAgent,Port_Harcourt,1,0.0,306.6717529296875,,,,,,,,,,
2025-10-01,356,BuyerAgent,Port_Harcourt,2,0.0,0.0,,,,,,,,,,
2025-10-01,357,BuyerAgent,Port_Harcourt,0,0.0,1090.977783203125,,,,,,,,,,
2025-10-01,358,BuyerAgent,Port_Harcourt,0,0.0,715.977783203125,,,,,,,,,,
2025-10-01,359,BuyerAgent,Port_Harcourt,2,0.0,715.977783203125,,,,,,,,,,
2025-10-01,360,BuyerAgent,Port_Harcourt,2,0.0,715.977783203125,,,,,,,,,,
2025-10-01,361,BuyerAgent,Port_Harcourt,2,0.0,0.0,,,,,,,,,,
2025-10-01,362,BuyerAgent,Port_Harcourt,1,0.0,184.0081787109375,,,,,,,,,,
2025-10-01,363,BuyerAgent,Port_Harcourt,1,0.0,0.0,,,,,,,,,,
2025-10-01,364,BuyerAgent,Port_Harcourt,1,0.0,0.0,,,,,,,,,,
2025-10-01,365,BuyerAgent,Port_Harcourt,0,0.0,0.0,,,,,,,,,,
2025-10-01,366,BuyerAgent,Port_Harcourt,0,0.0,0.0,,,,,,,,,,
2025-10-01,367,BuyerAgent,Port_Harcourt,1,0.0,0.0,,,,,,,,,,
2025-10-01,368,BuyerAgent,Port_Harcourt,2,0.0,0.0,,,,,,,,,,
2025-10-01,369,BuyerAgent,Port_Harcourt,0,0.0,0.0,,,,,,,,,,
2025-10-01,370,BuyerAgent,Port_Harcourt,0,0.0,0.0,,,,,,,,,,
2025-10-01,371,TransporterAgent,Port_Harcourt,3,50.0,-522.6186756484849,,,,,,,,,,
2025-10-01,372,TransporterAgent,Port_Harcourt,1,-200.0,-152.28975929072564,,,,,,,,,,
2025-10-01,373,TransporterAgent,Port_Harcourt,2,100.0,602.0310133301184,,,,,,,,,,
2025-10-01,374,TransporterAgent,Port_Harcourt,3,50.0,-572.203904040404,,,,,,,,,,
2025-10-01,375,TransporterAgent,Port_Harcourt,2,100.0,-319.62735795454546,,,,,,,,,,
2025-10-01,376,TransporterAgent,Port_Harcourt,0,0.3872733455177513,-1066.650287891856,,,,,,,,,,
2025-10-01,377,TransporterAgent,Port_Harcourt,3,50.0,-467.060918009596,,,,,,,,,,
2025-10-01,378,TransporterAgent,Port_Harcourt,3,50.0,-320.78,,,,,,,,,,
2025-10-01,379,TransporterAgent,Port_Harcourt,2,100.0,-689.5391678661615,,,,,,,,,,
2025-10-01,380,TransporterAgent,Port_Harcourt,3,50.0,-331.92302254830133,,,,,,,,,,
2025-10-01,381,BankingAgent,Port_Harcourt,0,-0.0,-44.425000000000004,,,,,,,,,,
2025-10-01,382,BankingAgent,Port_Harcourt,1,-2.7,-38.750000000000014,,,,,,,,,,
2025-10-01,383,BankingAgent,Port_Harcourt,0,-0.0,-43.175000000000004,,,,,,,,,,
2025-11-01,1,TraderAgent,Abuja,4,-10.0,16307.646484375,488050.1875,Abuja,False,Onitsha,Abuja,winning,False,695.0,7.0,False
2025-11-01,2,TraderAgent,Abuja,1,154.45687777546667,18291.7578125,429425.375,Onitsha,True,Onitsha,Onitsha,winning,False,672.5,5.0,True
2025-11-01,3,TraderAgent,Abuja,3,20.0,15403.072265625,487501.46875,Abuja,False,Onitsha,Onitsha,winning,False,703.0,9.0,False
2025-11-01,4,TraderAgent,Abuja,1,154.45687777546667,31855.2890625,463544.15625,Onitsha,True,Onitsha,Onitsha,winning,False,717.5,12.0,True
2025-11-01,5,TraderAgent,Abuja,3,20.0,16285.2470703125,489890.625,Abuja,False,Onitsha,Onitsha,winning,False,703.0,6.0,False
2025-11-01,6,TraderAgent,Abuja,2,-27.0,19891.595703125,484623.90625,Abuja,False,Onitsha,Abuja,winning,False,695.0,8.0,False
2025-11-01,7,TraderAgent,Abuja,4,-10.0,33650.2734375,422517.625,Abuja,False,Onitsha,Abuja,winning,False,695.0,13.0,False
2025-11-01,8,TraderAgent,Abuja,3,20.0,29592.54296875,475182.90625,Abuja,False,Onitsha,Abuja,winning,False,638.88,12.0,False
2025-11-01,9,TraderAgent,Abuja,4,-10.0,12264.4423828125,433761.4375,Abuja,False,Onitsha,Abuja,winning,False,672.5,8.0,False
2025-11-01,10,TraderAgent,Abuja,0,2515.501708984375,19224.12109375,471851.40625,Abuja,False,Onitsha,Onitsha,winning,False,717.5,9.0,False
2025-11-01,11,TraderAgent,Abuja,4,-10.0,24905.0859375,489836.125,Abuja,False,Onitsha,Abuja,winning,False,672.5,7.0,False
2025-11-01,12,TraderAgent,Abuja,0,2515.501708984375,14343.9287109375,478763.3125,Abuja,False,Onitsha,Onitsha,winning,False,717.5,7.0,False
2025-11-01,13,TraderAgent,Abuja,3,20.0,19101.791015625,492011.125,Abuja,False,Onitsha,Onitsha,winning,False,681.62,8.0,False
2025-11-01,14,TraderAgent,Abuja,1,154.45687777546667,4235.54541015625,470592.46875,Onitsha,True,Onitsha,Onitsha,winning,False,717.5,5.0,True
2025-11-01,15,TraderAgent,Abuja,1,154.45687777546667,18799.716796875,477872.96875,Onitsha,True,Onitsha,Onitsha,winning,False,695.0,8.0,True
2025-11-01,16,TraderAgent,Abuja,4,-10.0,11309.1533203125,415356.875,Abuja,False,Onitsha,Abuja,winning,False,672.5,6.0,False
2025-11-01,17,TraderAgent,Abuja,1,154.45687777546667,21603.103515625,444123.6875,Onitsha,True,Onitsha,Onitsha,winning,False,717.5,9.0,True
2025-11-01,18,TraderAgent,Abuja,1,154.45687777546667,24419.060546875,491489.875,Onitsha,True,Onitsha,Onitsha,winning,False,695.0,12.0,True
2025-11-01,19,TraderAgent,Abuja,2,-27.0,8473.2841796875,480229.09375,Abuja,False,Onitsha,Abuja,winning,False,695.0,5.0,False
2025-11-01,20,TraderAgent,Abuja,0,1765.501708984375,14276.07421875,494152.875,Abuja,False,Onitsha,Abuja,winning,False,717.5,10.0,False
2025-11-01,21,BuyerAgent,Abuja,0,234.498291015625,7358.8505859375,,,,,,,,,,
2025-11-01,22,BuyerAgent,Abuja,1,234.498291015625,3278.626708984375,,,,,,,,,,
2025-11-01,23,BuyerAgent,Abuja,0,234.498291015625,5481.9775390625,,,,,,,,,,
2025-11-01,24,BuyerAgent,Abuja,1,0.0,2812.779296875,,,,,,,,,,
2025-11-01,25,BuyerAgent,Abuja,1,0.0,4022.3173828125,,,,,,,,,,
2025-11-01,26,BuyerAgent,Abuja,2,0.0,3789.0947265625,,,,,,,,,,
2025-11-01,27,BuyerAgent,Abuja,2,0.0,1560.6744384765625,,,,,,,,,,
2025-11-01,28,BuyerAgent,Abuja,1,0.0,4059.34130859375,,,,,,,,,,
2025-11-01,29,BuyerAgent,Abuja,0,0.0,2705.03466796875,,,,,,,,,,
2025-11-01,30,BuyerAgent,Abuja,1,0.0,3069.10107421875,,,,,,,,,,
2025-11-01,31,BuyerAgent,Abuja,0,0.0,1435.33935546875,,,,,,,,,,
2025-11-01,32,BuyerAgent,Abuja,0,0.0,172.83538818359375,,,,,,,,,,
2025-11-01,33,BuyerAgent,Abuja,2,0.0,1265.138916015625,,,,,,,,,,
2025-11-01,34,BuyerAgent,Abuja,2,0.0,2396.519775390625,,,,,,,,,,
2025-11-01,35,BuyerAgent,Abuja,2,0.0,1222.862548828125,,,,,,,,,,
2025-11-01,36,BuyerAgent,Abuja,1,0.0,22.862548828125,,,,,,,,,,
2025-11-01,37,BuyerAgent,Abuja,2,0.0,14.522705078125,,,,,,,,,,
2025-11-01,38,BuyerAgent,Abuja,2,0.0,0.0,,,,,,,,,,
2025-11-01,39,BuyerAgent,Abuja,0,0.0,0.0,,,,,,,,,,
2025-11-01,40,BuyerAgent,Abuja,1,0.0,0.0,,,,,,,,,,
2025-11-01,41,BuyerAgent,Abuja,1,0.0,0.0,,,,,,,,,,
2025-11-01,42,BuyerAgent,Abuja,2,0.0,0.0,,,,,,,,,,
2025-11-01,43,BuyerAgent,Abuja,1,0.0,0.0,,,,,,,,,,
2025-11-01,44,BuyerAgent,Abuja,0,0.0,0.0,,,,,,,,,,
2025-11-01,45,BuyerAgent,Abuja,0,0.0,0.0,,,,,,,,,,
2025-11-01,46,BuyerAgent,Abuja,2,0.0,0.0,,,,,,,,,,
2025-11-01,47,BuyerAgent,Abuja,1,0.0,0.0,,,,,,,,,,
2025-11-01,48,BuyerAgent,Abuja,0,0.0,0.0,,,,,,,,,,
2025-11-01,49,BuyerAgent,Abuja,0,0.0,0.0,,,,,,,,,,
2025-11-01,50,BuyerAgent,Abuja,2,0.0,0.0,,,,,,,,,,
2025-11-01,51,TransporterAgent,Abuja,3,50.0,-453.12090147945,,,,,,,,,,
2025-11-01,52,TransporterAgent,Abuja,3,50.0,-197.9651152358333,,,,,,,,,,
2025-11-01,53,TransporterAgent,Abuja,3,50.0,266.82904595751506,,,,,,,,,,
2025-11-01,54,TransporterAgent,Abuja,1,-200.0,-690.6269652358334,,,,,,,,,,
2025-11-01,55,TransporterAgent,Abuja,0,13.879572900000003,330.54413195813896,,,,,,,,,,
2025-11-01,56,TransporterAgent,Abuja,1,-200.0,-1056.1127858333334,,,,,,,,,,
2025-11-01,57,TransporterAgent,Abuja,0,13.879572900000003,-428.96191741902516,,,,,,,,,,
2025-11-01,58,TransporterAgent,Abuja,3,50.0,-2.3423521352093957,,,,,,,,,,
2025-11-01,59,TransporterAgent,Abuja,3,50.0,-290.59165,,,,,,,,,,
2025-11-01,60,TransporterAgent,Abuja,2,100.0,-523.2061339244349,,,,,,,,,,
2025-11-01,61,BankingAgent,Abuja,2,-1.35,-65.575,,,,,,,,,,
2025-11-01,62,BankingAgent,Abuja,0,-0.0,-56.82500000000001,,,,,,,,,,
2025-11-01,63,BankingAgent,Abuja,0,-0.0,-62.87500000000001,,,,,,,,,,
2025-11-01,65,TraderAgent,Bauchi,3,20.0,5525.2802734375,489236.96875,Bauchi,False,Port_Harcourt,Bauchi,winning,False,175.75,9.0,False
2025-11-01,66,TraderAgent,Bauchi,1,154.78502296499,5737.9873046875,368179.53125,Onitsha,True,Onitsha,Onitsha,winning,False,190.0,10.0,True
2025-11-01,67,TraderAgent,Bauchi,3,20.0,431.9372172619047,486006.96875,Bauchi,False,Port_Harcourt,Port_Harcourt,winning,False,180.5,1.0,False
2025-11-01,68,TraderAgent,Bauchi,1,154.78502296499,5524.576171875,334793.0625,Onitsha,True,Onitsha,Onitsha,winning,False,190.0,9.0,True
2025-11-01,69,TraderAgent,Bauchi,0,0.0,4593.78515625,313042.5625,Bauchi,False,Onitsha,Onitsha,winning,False,190.0,11.0,False
2025-11-01,70,TraderAgent,Bauchi,1,154.78502296499,5712.201171875,463901.4375,Onitsha,True,Onitsha,Onitsha,winning,False,190.0,4.0,True
2025-11-01,71,TraderAgent,Bauchi,0,0.0,9284.59765625,427039.25,Bauchi,False,Onitsha,Onitsha,winning,False,190.0,9.0,False
2025-11-01,72,TraderAgent,Bauchi,1,154.78502296499,8061.6953125,370333.0,Onitsha,True,Onitsha,Onitsha,winning,False,190.0,10.0,True
2025-11-01,73,TraderAgent,Bauchi,3,20.0,8340.56640625,493855.375,Bauchi,False,Port_Harcourt,Bauchi,winning,False,175.75,14.0,False
2025-11-01,74,TraderAgent,Bauchi,0,0.0,5983.8935546875,332010.65625,Bauchi,False,Onitsha,Onitsha,winning,False,190.0,10.0,False
2025-11-01,75,TraderAgent,Bauchi,0,473.16314697265625,14319.92578125,513744.46875,Bauchi,False,,Bauchi,winning,False,185.0,21.0,False
2025-11-01,76,TraderAgent,Bauchi,0,0.0,11343.9814453125,444214.3125,Bauchi,False,Onitsha,Onitsha,winning,False,190.0,17.0,False
2025-11-01,77,TraderAgent,Bauchi,1,154.78502296499,3916.48876953125,420958.09375,Onitsha,True,Onitsha,Onitsha,winning,False,162.5,7.0,True
2025-11-01,78,TraderAgent,Bauchi,3,20.0,415.25,499975.25,Bauchi,False,,,winning,False,171.0,0.0,False
2025-11-01,79,TraderAgent,Bauchi,3,20.0,500.4256592592593,484280.8125,Bauchi,False,Port_Harcourt,Port_Harcourt,winning,False,180.5,1.0,False
2025-11-01,80,TraderAgent,Bauchi,0,473.16314697265625,14641.478515625,514108.3125,Bauchi,False,,Bauchi,winning,False,185.0,21.0,False
2025-11-01,81,TraderAgent,Bauchi,0,0.0,4671.98876953125,390758.03125,Bauchi,False,Onitsha,Onitsha,winning,False,190.0,10.0,False
2025-11-01,82,TraderAgent,Bauchi,3,20.0,2918.06103515625,444805.5625,Bauchi,False,Onitsha,Onitsha,winning,False,180.5,5.0,False
2025-11-01,83,TraderAgent,Bauchi,0,473.16314697265625,14303.67578125,513718.25,Bauchi,False,,Bauchi,winning,False,185.0,21.0,False
2025-11-01,84,TraderAgent,Bauchi,0,0.0,4974.51953125,433522.5625,Bauchi,False,Onitsha,Onitsha,winning,False,190.0,6.0,False
2025-11-01,85,BuyerAgent,Bauchi,1,26.83685302734375,2165.87158203125,,,,,,,,,,
2025-11-01,86,BuyerAgent,Bauchi,0,26.83685302734375,2112.4599609375,,,,,,,,,,
2025-11-01,87,BuyerAgent,Bauchi,0,26.83685302734375,2112.4599609375,,,,,,,,,,
2025-11-01,88,BuyerAgent,Bauchi,0,1.83685302734375,1222.422119140625,,,,,,,,,,
2025-11-01,89,BuyerAgent,Bauchi,0,1.83685302734375,1988.198486328125,,,,,,,,,,
2025-11-01,90,BuyerAgent,Bauchi,0,1.83685302734375,468.31787109375,,,,,,,,,,
2025-11-01,91,BuyerAgent,Bauchi,0,1.83685302734375,144.57244873046875,,,,,,,,,,
2025-11-01,92,BuyerAgent,Bauchi,0,1.83685302734375,159.6710205078125,,,,,,,,,,
2025-11-01,93,BuyerAgent,Bauchi,1,1.83685302734375,159.6710205078125,,,,,,,,,,
2025-11-01,94,BuyerAgent,Bauchi,2,0.0,142.735595703125,,,,,,,,,,
2025-11-01,95,BuyerAgent,Bauchi,0,0.0,157.83416748046875,,,,,,,,,,
2025-11-01,96,BuyerAgent,Bauchi,2,0.0,157.83416748046875,,,,,,,,,,
2025-11-01,97,BuyerAgent,Bauchi,1,0.0,15.09857177734375,,,,,,,,,,
2025-11-01,98,BuyerAgent,Bauchi,2,0.0,0.0,,,,,,,,,,
2025-11-01,99,BuyerAgent,Bauchi,1,0.0,0.0,,,,,,,,,,
2025-11-01,100,BuyerAgent,Bauchi,0,0.0,0.0,,,,,,,,,,
2025-11-01,101,BuyerAgent,Bauchi,1,0.0,0.0,,,,,,,,,,
2025-11-01,102,BuyerAgent,Bauchi,2,0.0,0.0,,,,,,,,,,
2025-11-01,103,BuyerAgent,Bauchi,1,0.0,0.0,,,,,,,,,,
2025-11-01,104,BuyerAgent,Bauchi,2,0.0,0.0,,,,,,,,,,
2025-11-01,105,BuyerAgent,Bauchi,1,0.0,0.0,,,,,,,,,,
2025-11-01,106,BuyerAgent,Bauchi,2,0.0,0.0,,,,,,,,,,
2025-11-01,107,BuyerAgent,Bauchi,0,0.0,0.0,,,,,,,,,,
2025-11-01,108,BuyerAgent,Bauchi,0,0.0,0.0,,,,,,,,,,
2025-11-01,109,BuyerAgent,Bauchi,2,0.0,0.0,,,,,,,,,,
2025-11-01,110,BuyerAgent,Bauchi,1,0.0,0.0,,,,,,,,,,
2025-11-01,111,BuyerAgent,Bauchi,2,0.0,0.0,,,,,,,,,,
2025-11-01,112,BuyerAgent,Bauchi,0,0.0,0.0,,,,,,,,,,
2025-11-01,113,BuyerAgent,Bauchi,1,0.0,0.0,,,,,,,,,,
2025-11-01,114,BuyerAgent,Bauchi,1,0.0,0.0,,,,,,,,,,
2025-11-01,115,TransporterAgent,Bauchi,0,4.736049110000003,-551.2142676723848,,,,,,,,,,
2025-11-01,116,TransporterAgent,Bauchi,0,4.736049110000003,-806.5810487002117,,,,,,,,,,
2025-11-01,117,TransporterAgent,Bauchi,3,50.0,950.0,,,,,,,,,,
2025-11-01,118,TransporterAgent,Bauchi,3,50.0,510.0357142857143,,,,,,,,,,
2025-11-01,119,TransporterAgent,Bauchi,0,4.736049110000003,-761.0159391101694,,,,,,,,,,
2025-11-01,120,TransporterAgent,Bauchi,3,50.0,900.0,,,,,,,,,,
2025-11-01,121,TransporterAgent,Bauchi,3,50.0,-1265.6881584612804,,,,,,,,,,
2025-11-01,122,TransporterAgent,Bauchi,3,50.0,-230.71964285714284,,,,,,,,,,
2025-11-01,123,TransporterAgent,Bauchi,3,50.0,663.8485449735449,,,,,,,,,,
2025-11-01,124,TransporterAgent,Bauchi,3,50.0,328.42849206349206,,,,,,,,,,
2025-11-01,125,BankingAgent,Bauchi,0,-0.0,-19.075000000000003,,,,,,,,,,
2025-11-01,126,BankingAgent,Bauchi,0,-0.0,-13.275,,,,,,,,,,
2025-11-01,127,BankingAgent,Bauchi,0,-0.0,-18.45,,,,,,,,,,
2025-11-01,129,TraderAgent,Kano,0,358.2855224609375,2041.3746337890625,449932.375,Kano,False,Onitsha,Kano,winning,False,162.5,8.0,False
2025-11-01,130,TraderAgent,Kano,2,-27.0,1818.88623046875,450427.28125,Kano,False,Onitsha,Onitsha,winning,False,190.0,6.0,False
2025-11-01,131,TraderAgent,Kano,3,20.0,1275.87841796875,444960.375,Kano,False,Onitsha,Onitsha,winning,False,180.5,6.0,False
2025-11-01,132,TraderAgent,Kano,3,20.0,3237.5380859375,481633.25,Kano,False,Onitsha,Onitsha,winning,False,180.5,10.0,False
2025-11-01,133,TraderAgent,Kano,1,132.54758310542155,3888.781005859375,419135.90625,Onitsha,True,Onitsha,Onitsha,winning,False,190.0,9.0,True
2025-11-01,134,TraderAgent,Kano,2,-27.0,2898.280029296875,433776.8125,Kano,False,Onitsha,Onitsha,winning,False,190.0,12.0,False
2025-11-01,135,TraderAgent,Kano,0,0.0,1553.0750732421875,460776.46875,Kano,False,Onitsha,Onitsha,winning,False,190.0,8.0,False
2025-11-01,136,TraderAgent,Kano,0,0.0,2029.1356201171875,481222.1875,Kano,False,Onitsha,Onitsha,winning,False,190.0,6.0,False
2025-11-01,137,TraderAgent,Kano,1,132.54758310542155,2080.96435546875,444108.75,Onitsha,True,Onitsha,Onitsha,winning,False,162.5,7.0,True
2025-11-01,138,TraderAgent,Kano,0,0.0,876.5469970703125,449362.375,Kano,False,Onitsha,Onitsha,winning,False,190.0,6.0,False
2025-11-01,139,TraderAgent,Kano,0,0.0,3690.6806640625,466451.875,Kano,False,Onitsha,Onitsha,winning,False,190.0,7.0,False
2025-11-01,140,TraderAgent,Kano,3,20.0,714.8662109375,464576.4375,Kano,False,Onitsha,Onitsha,winning,False,180.5,3.0,False
2025-11-01,141,TraderAgent,Kano,0,358.2855224609375,4744.04345703125,482698.90625,Kano,False,Onitsha,Kano,winning,False,162.5,9.0,False
2025-11-01,142,TraderAgent,Kano,3,20.0,2200.37255859375,494095.3125,Kano,False,Bauchi,Kano,winning,False,154.38,7.0,False
2025-11-01,143,TraderAgent,Kano,0,495.7855224609375,1717.28466796875,465223.375,Kano,False,Onitsha,Kano,winning,False,190.0,7.0,False
2025-11-01,144,TraderAgent,Kano,3,20.0,1089.262939453125,448178.25,Kano,False,Onitsha,Kano,winning,False,154.38,5.0,False
2025-11-01,145,TraderAgent,Kano,3,20.0,1630.274169921875,425140.125,Kano,False,Onitsha,Kano,winning,False,154.38,10.0,False
2025-11-01,146,TraderAgent,Kano,1,132.54758310542155,731.326416015625,443576.90625,Onitsha,True,Onitsha,Onitsha,winning,False,162.5,4.0,True
2025-11-01,147,TraderAgent,Kano,3,20.0,1324.9473876953125,444365.8125,Kano,False,Onitsha,Kano,winning,False,154.38,8.0,False
2025-11-01,148,TraderAgent,Kano,0,0.0,2198.21240234375,466311.625,Kano,False,Onitsha,Onitsha,winning,False,190.0,7.0,False
2025-11-01,149,BuyerAgent,Kano,0,141.7144775390625,1007.392822265625,,,,,,,,,,
2025-11-01,150,BuyerAgent,Kano,1,141.7144775390625,928.4682006835938,,,,,,,,,,
2025-11-01,151,BuyerAgent,Kano,2,0.0,778.9960327148438,,,,,,,,,,
2025-11-01,152,BuyerAgent,Kano,2,0.0,513.2257080078125,,,,,,,,,,
2025-11-01,153,BuyerAgent,Kano,0,4.2144775390625,119.90966796875,,,,,,,,,,
2025-11-01,154,BuyerAgent,Kano,1,4.2144775390625,38.56895446777344,,,,,,,,,,
2025-11-01,155,BuyerAgent,Kano,1,4.2144775390625,298.8045654296875,,,,,,,,,,
2025-11-01,156,BuyerAgent,Kano,1,4.2144775390625,80.49362182617188,,,,,,,,,,
2025-11-01,157,BuyerAgent,Kano,1,4.2144775390625,294.0206298828125,,,,,,,,,,
2025-11-01,158,BuyerAgent,Kano,0,4.2144775390625,10.207595825195312,,,,,,,,,,
2025-11-01,159,BuyerAgent,Kano,2,0.0,284.98779296875,,,,,,,,,,
2025-11-01,160,BuyerAgent,Kano,0,0.0,280.76080322265625,,,,,,,,,,
2025-11-01,161,BuyerAgent,Kano,2,0.0,44.01397705078125,,,,,,,,,,
2025-11-01,162,BuyerAgent,Kano,1,0.0,3.052215576171875,,,,,,,,,,
2025-11-01,163,BuyerAgent,Kano,1,0.0,3.052215576171875,,,,,,,,,,
2025-11-01,164,BuyerAgent,Kano,2,0.0,3.052215576171875,,,,,,,,,,
2025-11-01,165,BuyerAgent,Kano,1,0.0,0.0,,,,,,,,,,
2025-11-01,166,BuyerAgent,Kano,0,0.0,0.0,,,,,,,,,,
2025-11-01,167,BuyerAgent,Kano,0,0.0,0.0,,,,,,,,,,
2025-11-01,168,BuyerAgent,Kano,1,0.0,0.0,,,,,,,,,,
2025-11-01,169,BuyerAgent,Kano,1,0.0,0.0,,,,,,,,,,
2025-11-01,170,BuyerAgent,Kano,2,0.0,0.0,,,,,,,,,,
2025-11-01,171,BuyerAgent,Kano,2,0.0,0.0,,,,,,,,,,
2025-11-01,172,BuyerAgent,Kano,0,0.0,0.0,,,,,,,,,,
2025-11-01,173,BuyerAgent,Kano,2,0.0,0.0,,,,,,,,,,
2025-11-01,174,BuyerAgent,Kano,1,0.0,0.0,,,,,,,,,,
2025-11-01,175,BuyerAgent,Kano,2,0.0,0.0,,,,,,,,,,
2025-11-01,176,BuyerAgent,Kano,0,0.0,0.0,,,,,,,,,,
2025-11-01,177,BuyerAgent,Kano,2,0.0,0.0,,,,,,,,,,
2025-11-01,178,BuyerAgent,Kano,2,0.0,0.0,,,,,,,,,,
2025-11-01,179,TransporterAgent,Kano,2,100.0,211.9786579140523,,,,,,,,,,
2025-11-01,180,TransporterAgent,Kano,2,100.0,367.402,,,,,,,,,,
2025-11-01,181,TransporterAgent,Kano,0,9.117293897500003,-1117.9892695403482,,,,,,,,,,
2025-11-01,182,TransporterAgent,Kano,1,-200.0,-516.9057887309418,,,,,,,,,,
2025-11-01,183,TransporterAgent,Kano,2,100.0,115.73004387301586,,,,,,,,,,
2025-11-01,184,TransporterAgent,Kano,2,100.0,-1050.0717553157947,,,,,,,,,,
2025-11-01,185,TransporterAgent,Kano,1,-200.0,-831.168795116901,,,,,,,,,,
2025-11-01,186,TransporterAgent,Kano,3,50.0,-408.2042011670922,,,,,,,,,,
2025-11-01,187,TransporterAgent,Kano,3,50.0,-1233.5,,,,,,,,,,
2025-11-01,188,TransporterAgent,Kano,3,50.0,-217.01574664903,,,,,,,,,,
2025-11-01,189,BankingAgent,Kano,2,-1.35,-38.85,,,,,,,,,,
2025-11-01,190,BankingAgent,Kano,0,-0.0,-63.05000000000002,,,,,,,,,,
2025-11-01,191,BankingAgent,Kano,0,-0.0,-65.47500000000001,,,,,,,,,,
2025-11-01,193,TraderAgent,Lagos,2,-23.355,30549.564453125,501699.09375,Lagos,False,Onitsha,Onitsha,winning,False,570.0,9.0,False
2025-11-01,194,TraderAgent,Lagos,0,1530.29052734375,14805.771484375,498146.1875,Lagos,False,Onitsha,Lagos,winning,False,570.0,6.0,False
2025-11-01,195,TraderAgent,Lagos,2,-23.355,21956.21484375,499237.59375,Lagos,False,Onitsha,Lagos,winning,False,570.0,8.0,False
2025-11-01,196,TraderAgent,Lagos,2,-23.355,26168.76953125,491360.96875,Lagos,False,Onitsha,Onitsha,winning,False,570.0,8.0,False
2025-11-01,197,TraderAgent,Lagos,0,780.29052734375,12852.4921875,442190.4375,Lagos,False,Onitsha,Onitsha,winning,False,570.0,7.0,False
2025-11-01,198,TraderAgent,Lagos,0,780.29052734375,32140.8203125,491882.25,Lagos,False,Onitsha,Onitsha,winning,False,570.0,9.0,False
2025-11-01,199,TraderAgent,Lagos,1,148.895820384,23428.076171875,494674.6875,Onitsha,True,Onitsha,Onitsha,winning,False,570.0,7.0,True
2025-11-01,200,TraderAgent,Lagos,2,-23.355,17691.568359375,495226.46875,Lagos,False,Onitsha,Lagos,winning,False,532.5,7.0,False
2025-11-01,201,TraderAgent,Lagos,0,1530.29052734375,21799.208984375,504120.15625,Lagos,False,Onitsha,Lagos,winning,False,570.0,6.0,False
2025-11-01,202,TraderAgent,Lagos,0,780.29052734375,27600.662109375,498502.125,Lagos,False,Onitsha,Onitsha,winning,False,570.0,8.0,False
2025-11-01,203,TraderAgent,Lagos,0,780.29052734375,15025.712890625,497293.53125,Lagos,False,Onitsha,Onitsha,winning,False,570.0,4.0,False
2025-11-01,204,TraderAgent,Lagos,0,780.29052734375,33095.37890625,439347.15625,Lagos,False,Onitsha,Onitsha,winning,False,570.0,10.0,False
2025-11-01,205,TraderAgent,Lagos,2,-23.355,14667.7216796875,497939.375,Lagos,False,Onitsha,Lagos,winning,False,570.0,6.0,False
2025-11-01,206,TraderAgent,Lagos,0,780.29052734375,26391.716796875,497468.8125,Lagos,False,Onitsha,Onitsha,winning,False,570.0,9.0,False
2025-11-01,207,TraderAgent,Lagos,0,780.29052734375,25922.337890625,443160.09375,Lagos,False,Onitsha,Onitsha,winning,False,570.0,9.0,False
2025-11-01,208,TraderAgent,Lagos,2,-23.355,26562.25390625,491869.4375,Lagos,False,Onitsha,Onitsha,winning,False,570.0,7.0,False
2025-11-01,209,TraderAgent,Lagos,0,780.29052734375,25623.8828125,497325.4375,Lagos,False,Onitsha,Onitsha,winning,False,570.0,9.0,False
2025-11-01,210,TraderAgent,Lagos,2,-23.355,37300.09765625,497249.375,Lagos,False,Onitsha,Onitsha,winning,False,570.0,10.0,False
2025-11-01,211,TraderAgent,Lagos,3,20.0,16892.26171875,500194.40625,Lagos,False,Onitsha,Lagos,winning,False,505.88,7.0,False
2025-11-01,212,TraderAgent,Lagos,1,148.895820384,28419.8203125,487767.375,Onitsha,True,Onitsha,Onitsha,winning,False,570.0,7.0,True
2025-11-01,213,BuyerAgent,Lagos,1,0.0,7249.84033203125,,,,,,,,,,
2025-11-01,214,BuyerAgent,Lagos,1,0.0,4654.029296875,,,,,,,,,,
2025-11-01,215,BuyerAgent,Lagos,0,0.0,3646.929931640625,,,,,,,,,,
2025-11-01,216,BuyerAgent,Lagos,0,0.0,5151.18994140625,,,,,,,,,,
2025-11-01,217,BuyerAgent,Lagos,2,0.0,3366.484375,,,,,,,,,,
2025-11-01,218,BuyerAgent,Lagos,2,0.0,3865.487060546875,,,,,,,,,,
2025-11-01,219,BuyerAgent,Lagos,0,0.0,3849.257080078125,,,,,,,,,,
2025-11-01,220,BuyerAgent,Lagos,2,0.0,4529.5341796875,,,,,,,,,,
2025-11-01,221,BuyerAgent,Lagos,0,0.0,3145.08544921875,,,,,,,,,,
2025-11-01,222,BuyerAgent,Lagos,2,0.0,3200.612060546875,,,,,,,,,,
2025-11-01,223,BuyerAgent,Lagos,2,0.0,2696.7578125,,,,,,,,,,
2025-11-01,224,BuyerAgent,Lagos,2,0.0,2487.04296875,,,,,,,,,,
2025-11-01,225,BuyerAgent,Lagos,0,0.0,1416.7620849609375,,,,,,,,,,
2025-11-01,226,BuyerAgent,Lagos,0,0.0,733.3868408203125,,,,,,,,,,
2025-11-01,227,BuyerAgent,Lagos,0,0.0,0.0,,,,,,,,,,
2025-11-01,228,BuyerAgent,Lagos,0,0.0,0.0,,,,,,,,,,
2025-11-01,229,BuyerAgent,Lagos,1,0.0,0.0,,,,,,,,,,
2025-11-01,230,BuyerAgent,Lagos,0,0.0,0.0,,,,,,,,,,
2025-11-01,231,BuyerAgent,Lagos,1,0.0,0.0,,,,,,,,,,
2025-11-01,232,BuyerAgent,Lagos,1,0.0,0.0,,,,,,,,,,
2025-11-01,233,BuyerAgent,Lagos,2,0.0,0.0,,,,,,,,,,
2025-11-01,234,BuyerAgent,Lagos,0,0.0,0.0,,,,,,,,,,
2025-11-01,235,BuyerAgent,Lagos,2,0.0,0.0,,,,,,,,,,
2025-11-01,236,BuyerAgent,Lagos,1,0.0,0.0,,,,,,,,,,
2025-11-01,237,BuyerAgent,Lagos,1,0.0,0.0,,,,,,,,,,
2025-11-01,238,BuyerAgent,Lagos,1,0.0,0.0,,,,,,,,,,
2025-11-01,239,BuyerAgent,Lagos,1,0.0,0.0,,,,,,,,,,
2025-11-01,240,BuyerAgent,Lagos,1,0.0,0.0,,,,,,,,,,
2025-11-01,241,BuyerAgent,Lagos,2,0.0,0.0,,,,,,,,,,
2025-11-01,242,BuyerAgent,Lagos,0,0.0,0.0,,,,,,,,,,
2025-11-01,243,TransporterAgent,Lagos,0,11.620067800000006,-667.3892041643608,,,,,,,,,,
2025-11-01,244,TransporterAgent,Lagos,3,50.0,-1225.118076118,,,,,,,,,,
2025-11-01,245,TransporterAgent,Lagos,3,50.0,-649.7301330243115,,,,,,,,,,
2025-11-01,246,TransporterAgent,Lagos,0,11.620067800000006,-1104.196480744784,,,,,,,,,,
2025-11-01,247,TransporterAgent,Lagos,1,-200.0,-1386.2107606576205,,,,,,,,,,
2025-11-01,248,TransporterAgent,Lagos,3,50.0,-811.0163033131378,,,,,,,,,,
2025-11-01,249,TransporterAgent,Lagos,0,11.620067800000006,-819.7778469471926,,,,,,,,,,
2025-11-01,250,TransporterAgent,Lagos,2,100.0,-55.059384438784264,,,,,,,,,,
2025-11-01,251,TransporterAgent,Lagos,3,50.0,-329.1127,,,,,,,,,,
2025-11-01,252,TransporterAgent,Lagos,3,50.0,-1013.8715321402553,,,,,,,,,,
2025-11-01,253,BankingAgent,Lagos,2,-1.35,-66.55,,,,,,,,,,
2025-11-01,254,BankingAgent,Lagos,0,-0.0,-42.42500000000001,,,,,,,,,,
2025-11-01,255,BankingAgent,Lagos,2,-1.35,-65.72500000000001,,,,,,,,,,
2025-11-01,257,TraderAgent,Onitsha,3,20.0,10093.8505859375,484527.1875,Onitsha,False,Lagos,Onitsha,winning,False,615.12,9.0,False
2025-11-01,258,TraderAgent,Onitsha,0,3066.08837890625,9964.88671875,493815.90625,Onitsha,False,Lagos,Lagos,winning,False,602.5,7.0,False
2025-11-01,259,TraderAgent,Onitsha,1,150.52987353860465,14143.255859375,460407.40625,Lagos,True,Lagos,Lagos,winning,False,665.0,12.0,True
2025-11-01,260,TraderAgent,Onitsha,0,1878.5882568359375,2666.13427734375,463480.96875,Onitsha,False,Lagos,Onitsha,winning,False,665.0,6.0,False
2025-11-01,261,TraderAgent,Onitsha,4,-10.0,30199.96875,508253.0,Onitsha,False,Lagos,Lagos,winning,False,665.0,12.0,False
2025-11-01,262,TraderAgent,Onitsha,1,150.52987353860465,4692.8291015625,456543.46875,Lagos,True,Lagos,Lagos,winning,False,665.0,6.0,True
2025-11-01,263,TraderAgent,Onitsha,0,3066.08837890625,8165.95068359375,464735.6875,Onitsha,False,Lagos,Lagos,winning,False,602.5,8.0,False
2025-11-01,264,TraderAgent,Onitsha,3,20.0,6744.734375,480120.15625,Onitsha,False,Lagos,Lagos,winning,False,631.75,7.0,False
2025-11-01,265,TraderAgent,Onitsha,4,-10.0,8561.83203125,482654.125,Onitsha,False,Lagos,Lagos,winning,False,665.0,9.0,False
2025-11-01,266,TraderAgent,Onitsha,4,-10.0,26799.451171875,512343.3125,Onitsha,False,Lagos,Onitsha,winning,False,647.5,10.0,False
2025-11-01,267,TraderAgent,Onitsha,1,150.52987353860465,19461.728515625,490470.375,Lagos,True,Lagos,Lagos,winning,False,665.0,5.0,True
2025-11-01,268,TraderAgent,Onitsha,1,150.52987353860465,23104.52734375,476114.3125,Lagos,True,Lagos,Lagos,winning,False,665.0,9.0,True
2025-11-01,269,TraderAgent,Onitsha,0,1878.5882568359375,11726.263671875,479679.8125,Onitsha,False,Lagos,Onitsha,winning,False,665.0,10.0,False
2025-11-01,270,TraderAgent,Onitsha,4,-10.0,4693.44921875,451965.90625,Onitsha,False,Lagos,Lagos,winning,False,665.0,8.0,False
2025-11-01,271,TraderAgent,Onitsha,0,1878.5882568359375,14483.83203125,499873.90625,Onitsha,False,Lagos,Onitsha,winning,False,665.0,10.0,False
2025-11-01,272,TraderAgent,Onitsha,3,20.0,9226.6845703125,493581.5625,Onitsha,False,Port_Harcourt,Onitsha,winning,False,615.12,7.0,False
2025-11-01,273,TraderAgent,Onitsha,1,150.52987353860465,6095.93115234375,484314.90625,Lagos,True,Lagos,Lagos,winning,False,647.5,5.0,True
2025-11-01,274,TraderAgent,Onitsha,2,-23.355,7143.228515625,472906.03125,Onitsha,False,Lagos,Lagos,winning,False,665.0,8.0,False
2025-11-01,275,TraderAgent,Onitsha,4,-10.0,4165.7822265625,456939.3125,Onitsha,False,Lagos,Lagos,winning,False,665.0,7.0,False
2025-11-01,276,TraderAgent,Onitsha,0,3066.08837890625,6474.1005859375,449954.8125,Onitsha,False,Lagos,Lagos,winning,False,602.5,8.0,False
2025-11-01,277,BuyerAgent,Onitsha,0,183.9117431640625,4002.80078125,,,,,,,,,,
2025-11-01,278,BuyerAgent,Onitsha,0,183.9117431640625,1377.4322509765625,,,,,,,,,,
2025-11-01,279,BuyerAgent,Onitsha,0,183.9117431640625,3167.72021484375,,,,,,,,,,
2025-11-01,280,BuyerAgent,Onitsha,1,0.0,2649.990478515625,,,,,,,,,,
2025-11-01,281,BuyerAgent,Onitsha,0,0.0,2330.519287109375,,,,,,,,,,
2025-11-01,282,BuyerAgent,Onitsha,2,0.0,584.9542236328125,,,,,,,,,,
2025-11-01,283,BuyerAgent,Onitsha,1,0.0,401.541748046875,,,,,,,,,,
2025-11-01,284,BuyerAgent,Onitsha,1,0.0,596.0284423828125,,,,,,,,,,
2025-11-01,285,BuyerAgent,Onitsha,1,0.0,158.3575439453125,,,,,,,,,,
2025-11-01,286,BuyerAgent,Onitsha,1,0.0,161.2261962890625,,,,,,,,,,
2025-11-01,287,BuyerAgent,Onitsha,1,0.0,173.84185791015625,,,,,,,,,,
2025-11-01,288,BuyerAgent,Onitsha,1,0.0,140.49896240234375,,,,,,,,,,
2025-11-01,289,BuyerAgent,Onitsha,1,0.0,71.62933349609375,,,,,,,,,,
2025-11-01,290,BuyerAgent,Onitsha,1,0.0,29.35943603515625,,,,,,,,,,
2025-11-01,291,BuyerAgent,Onitsha,1,0.0,14.669189453125,,,,,,,,,,
2025-11-01,292,BuyerAgent,Onitsha,1,0.0,18.4869384765625,,,,,,,,,,
2025-11-01,293,BuyerAgent,Onitsha,1,0.0,18.4869384765625,,,,,,,,,,
2025-11-01,294,BuyerAgent,Onitsha,1,0.0,0.0,,,,,,,,,,
2025-11-01,295,BuyerAgent,Onitsha,0,0.0,0.0,,,,,,,,,,
2025-11-01,296,BuyerAgent,Onitsha,1,0.0,0.0,,,,,,,,,,
2025-11-01,297,BuyerAgent,Onitsha,1,0.0,0.0,,,,,,,,,,
2025-11-01,298,BuyerAgent,Onitsha,0,0.0,0.0,,,,,,,,,,
2025-11-01,299,BuyerAgent,Onitsha,0,0.0,0.0,,,,,,,,,,
2025-11-01,300,BuyerAgent,Onitsha,2,0.0,0.0,,,,,,,,,,
2025-11-01,301,BuyerAgent,Onitsha,0,0.0,0.0,,,,,,,,,,
2025-11-01,302,BuyerAgent,Onitsha,2,0.0,0.0,,,,,,,,,,
2025-11-01,303,BuyerAgent,Onitsha,0,0.0,0.0,,,,,,,,,,
2025-11-01,304,BuyerAgent,Onitsha,1,0.0,0.0,,,,,,,,,,
2025-11-01,305,BuyerAgent,Onitsha,1,0.0,0.0,,,,,,,,,,
2025-11-01,306,BuyerAgent,Onitsha,1,0.0,0.0,,,,,,,,,,
2025-11-01,307,TransporterAgent,Onitsha,1,-200.0,-177.57173091533681,,,,,,,,,,
2025-11-01,308,TransporterAgent,Onitsha,0,13.804729149999995,305.1653739890403,,,,,,,,,,
2025-11-01,309,TransporterAgent,Onitsha,3,50.0,295.84827380820917,,,,,,,,,,
2025-11-01,310,TransporterAgent,Onitsha,3,50.0,230.61624994873225,,,,,,,,,,
2025-11-01,311,TransporterAgent,Onitsha,0,13.804729149999995,-304.97969209184987,,,,,,,,,,
2025-11-01,312,TransporterAgent,Onitsha,0,13.804729149999995,-779.5308471498727,,,,,,,,,,
2025-11-01,313,TransporterAgent,Onitsha,2,100.0,223.89625245937222,,,,,,,,,,
2025-11-01,314,TransporterAgent,Onitsha,1,-200.0,367.3172795108725,,,,,,,,,,
2025-11-01,315,TransporterAgent,Onitsha,2,100.0,401.3701822135532,,,,,,,,,,
2025-11-01,316,TransporterAgent,Onitsha,3,50.0,-911.6653702595502,,,,,,,,,,
2025-11-01,317,BankingAgent,Onitsha,2,-1.35,-54.90000000000002,,,,,,,,,,
2025-11-01,318,BankingAgent,Onitsha,1,-2.7,-65.62500000000001,,,,,,,,,,
2025-11-01,319,BankingAgent,Onitsha,2,-1.35,-56.37500000000002,,,,,,,,,,
2025-11-01,321,TraderAgent,Port_Harcourt,0,9609.853515625,38827.046875,528538.875,Port_Harcourt,False,Onitsha,Onitsha,winning,False,1277.5,8.0,False
2025-11-01,322,TraderAgent,Port_Harcourt,3,20.0,51323.421875,540114.0625,Port_Harcourt,False,Onitsha,Onitsha,winning,False,1213.62,8.0,False
2025-11-01,323,TraderAgent,Port_Harcourt,1,168.2771160911077,39502.47265625,524945.0,Onitsha,True,Onitsha,Onitsha,winning,False,1480.0,8.0,True
2025-11-01,324,TraderAgent,Port_Harcourt,3,20.0,20288.91796875,517795.40625,Port_Harcourt,False,Onitsha,Onitsha,winning,False,1235.0,5.0,False
2025-11-01,325,TraderAgent,Port_Harcourt,3,20.0,40603.12109375,532954.3125,Port_Harcourt,False,Onitsha,Port_Harcourt,winning,False,1406.0,9.0,False
2025-11-01,326,TraderAgent,Port_Harcourt,0,9609.853515625,42587.90625,532607.625,Port_Harcourt,False,Onitsha,Onitsha,winning,False,1277.5,7.0,False
2025-11-01,327,TraderAgent,Port_Harcourt,0,2859.853515625,38515.140625,531712.75,Port_Harcourt,False,Onitsha,Port_Harcourt,winning,False,1277.5,8.0,False
2025-11-01,328,TraderAgent,Port_Harcourt,0,9609.853515625,59214.8125,545342.3125,Port_Harcourt,False,Onitsha,Onitsha,winning,False,1277.5,9.0,False
2025-11-01,329,TraderAgent,Port_Harcourt,3,20.0,26866.71484375,519300.4375,Port_Harcourt,False,Onitsha,Port_Harcourt,winning,False,1416.69,6.0,False
2025-11-01,330,TraderAgent,Port_Harcourt,1,168.2771160911077,42983.16015625,527759.1875,Onitsha,True,Onitsha,Onitsha,winning,False,1277.5,10.0,True
2025-11-01,331,TraderAgent,Port_Harcourt,3,20.0,45824.37109375,533321.625,Port_Harcourt,False,Onitsha,Onitsha,winning,False,1235.0,8.0,False
2025-11-01,332,TraderAgent,Port_Harcourt,0,9609.853515625,32505.31640625,479190.03125,Port_Harcourt,False,Onitsha,Onitsha,winning,False,1277.5,7.0,False
2025-11-01,333,TraderAgent,Port_Harcourt,0,9609.853515625,35686.515625,526139.0,Port_Harcourt,False,Onitsha,Onitsha,winning,False,1277.5,5.0,False
2025-11-01,334,TraderAgent,Port_Harcourt,0,9609.853515625,54829.078125,543494.5625,Port_Harcourt,False,Onitsha,Onitsha,winning,False,1277.5,8.0,False
2025-11-01,335,TraderAgent,Port_Harcourt,3,20.0,32125.599609375,527586.0,Port_Harcourt,False,Onitsha,Port_Harcourt,winning,False,1427.38,8.0,False
2025-11-01,336,TraderAgent,Port_Harcourt,0,9609.853515625,48497.8046875,538505.4375,Port_Harcourt,False,Onitsha,Onitsha,winning,False,1277.5,11.0,False
2025-11-01,337,TraderAgent,Port_Harcourt,3,20.0,34986.375,525383.9375,Port_Harcourt,False,Onitsha,Port_Harcourt,winning,False,1406.0,7.0,False
2025-11-01,338,TraderAgent,Port_Harcourt,0,9609.853515625,45942.4453125,490899.90625,Port_Harcourt,False,Onitsha,Onitsha,winning,False,1277.5,11.0,False
2025-11-01,339,TraderAgent,Port_Harcourt,1,168.2771160911077,20780.005859375,507667.40625,Onitsha,True,Onitsha,Onitsha,winning,False,1480.0,6.0,True
2025-11-01,340,TraderAgent,Port_Harcourt,3,20.0,41661.8671875,532365.125,Port_Harcourt,False,Onitsha,Port_Harcourt,winning,False,1427.38,8.0,False
2025-11-01,341,BuyerAgent,Port_Harcourt,0,1140.146484375,16164.517578125,,,,,,,,,,
2025-11-01,342,BuyerAgent,Port_Harcourt,2,0.0,21849.1875,,,,,,,,,,
2025-11-01,343,BuyerAgent,Port_Harcourt,1,1140.146484375,15917.978515625,,,,,,,,,,
2025-11-01,344,BuyerAgent,Port_Harcourt,2,0.0,10074.201171875,,,,,,,,,,
2025-11-01,345,BuyerAgent,Port_Harcourt,0,1140.146484375,24839.642578125,,,,,,,,,,
2025-11-01,346,BuyerAgent,Port_Harcourt,2,0.0,14016.2890625,,,,,,,,,,
2025-11-01,347,BuyerAgent,Port_Harcourt,1,1140.146484375,18188.7578125,,,,,,,,,,
2025-11-01,348,BuyerAgent,Port_Harcourt,1,1140.146484375,9973.3486328125,,,,,,,,,,
2025-11-01,349,BuyerAgent,Port_Harcourt,2,0.0,10887.095703125,,,,,,,,,,
2025-11-01,350,BuyerAgent,Port_Harcourt,0,1140.146484375,5876.119140625,,,,,,,,,,
2025-11-01,351,BuyerAgent,Port_Harcourt,2,0.0,4242.7451171875,,,,,,,,,,
2025-11-01,352,BuyerAgent,Port_Harcourt,2,0.0,2838.14501953125,,,,,,,,,,
2025-11-01,353,BuyerAgent,Port_Harcourt,0,1140.146484375,2693.65673828125,,,,,,,,,,
2025-11-01,354,BuyerAgent,Port_Harcourt,0,1140.146484375,4015.13232421875,,,,,,,,,,
2025-11-01,355,BuyerAgent,Port_Harcourt,1,1140.146484375,1446.8182373046875,,,,,,,,,,
2025-11-01,356,BuyerAgent,Port_Harcourt,2,0.0,0.0,,,,,,,,,,
2025-11-01,357,BuyerAgent,Port_Harcourt,1,0.0,1090.977783203125,,,,,,,,,,
2025-11-01,358,BuyerAgent,Port_Harcourt,2,0.0,715.977783203125,,,,,,,,,,
2025-11-01,359,BuyerAgent,Port_Harcourt,0,0.0,715.977783203125,,,,,,,,,,
2025-11-01,360,BuyerAgent,Port_Harcourt,2,0.0,715.977783203125,,,,,,,,,,
2025-11-01,361,BuyerAgent,Port_Harcourt,2,0.0,0.0,,,,,,,,,,
2025-11-01,362,BuyerAgent,Port_Harcourt,2,0.0,184.0081787109375,,,,,,,,,,
2025-11-01,363,BuyerAgent,Port_Harcourt,0,0.0,0.0,,,,,,,,,,
2025-11-01,364,BuyerAgent,Port_Harcourt,2,0.0,0.0,,,,,,,,,,
2025-11-01,365,BuyerAgent,Port_Harcourt,0,0.0,0.0,,,,,,,,,,
2025-11-01,366,BuyerAgent,Port_Harcourt,2,0.0,0.0,,,,,,,,,,
2025-11-01,367,BuyerAgent,Port_Harcourt,1,0.0,0.0,,,,,,,,,,
2025-11-01,368,BuyerAgent,Port_Harcourt,1,0.0,0.0,,,,,,,,,,
2025-11-01,369,BuyerAgent,Port_Harcourt,1,0.0,0.0,,,,,,,,,,
2025-11-01,370,BuyerAgent,Port_Harcourt,0,0.0,0.0,,,,,,,,,,
2025-11-01,371,TransporterAgent,Port_Harcourt,3,50.0,-472.6186756484849,,,,,,,,,,
2025-11-01,372,TransporterAgent,Port_Harcourt,1,-200.0,-352.28975929072567,,,,,,,,,,
2025-11-01,373,TransporterAgent,Port_Harcourt,0,1.8081689750000032,603.8391823051185,,,,,,,,,,
2025-11-01,374,TransporterAgent,Port_Harcourt,3,50.0,-522.203904040404,,,,,,,,,,
2025-11-01,375,TransporterAgent,Port_Harcourt,2,100.0,-219.62735795454546,,,,,,,,,,
2025-11-01,376,TransporterAgent,Port_Harcourt,2,100.0,-966.6502878918559,,,,,,,,,,
2025-11-01,377,TransporterAgent,Port_Harcourt,0,1.8081689750000032,-465.252749034596,,,,,,,,,,
2025-11-01,378,TransporterAgent,Port_Harcourt,0,1.8081689750000032,-318.971831025,,,,,,,,,,
2025-11-01,379,TransporterAgent,Port_Harcourt,0,1.8081689750000032,-687.7309988911614,,,,,,,,,,
2025-11-01,380,TransporterAgent,Port_Harcourt,0,1.8081689750000032,-330.11485357330133,,,,,,,,,,
2025-11-01,381,BankingAgent,Port_Harcourt,1,-2.7,-49.82500000000001,,,,,,,,,,
2025-11-01,382,BankingAgent,Port_Harcourt,2,-1.35,-41.45000000000002,,,,,,,,,,
2025-11-01,383,BankingAgent,Port_Harcourt,1,-2.7,-48.57500000000001,,,,,,,,,,
2025-12-01,1,TraderAgent,Abuja,0,1656.05224609375,17963.69921875,489679.25,Abuja,False,Onitsha,Abuja,winning,False,695.0,8.0,False
2025-12-01,2,TraderAgent,Abuja,0,2518.55224609375,20810.310546875,437193.90625,Abuja,False,Onitsha,Onitsha,winning,False,717.5,6.0,False
2025-12-01,3,TraderAgent,Abuja,1,153.42152129955466,15556.494140625,472784.53125,Onitsha,True,Onitsha,Onitsha,winning,False,740.0,9.0,True
2025-12-01,4,TraderAgent,Abuja,0,2518.55224609375,34373.83984375,471312.71875,Abuja,False,Onitsha,Onitsha,winning,False,717.5,13.0,False
2025-12-01,5,TraderAgent,Abuja,1,153.42152129955466,16438.66796875,475173.6875,Onitsha,True,Onitsha,Onitsha,winning,False,740.0,6.0,True
2025-12-01,6,TraderAgent,Abuja,3,20.0,19911.595703125,484623.90625,Abuja,False,Onitsha,Abuja,winning,False,660.25,8.0,False
2025-12-01,7,TraderAgent,Abuja,1,153.42152129955466,33803.6953125,407800.71875,Onitsha,True,Onitsha,Onitsha,winning,False,695.0,13.0,True
2025-12-01,8,TraderAgent,Abuja,2,-27.0,29565.54296875,475155.90625,Abuja,False,Onitsha,Abuja,winning,False,672.5,12.0,False
2025-12-01,9,TraderAgent,Abuja,3,20.0,12284.4423828125,433761.4375,Abuja,False,Onitsha,Abuja,winning,False,638.88,8.0,False
2025-12-01,10,TraderAgent,Abuja,1,153.42152129955466,19377.54296875,457134.46875,Onitsha,True,Onitsha,Onitsha,winning,False,717.5,9.0,True
2025-12-01,11,TraderAgent,Abuja,4,-10.0,24895.0859375,489836.125,Abuja,False,Onitsha,Abuja,winning,False,672.5,7.0,False
2025-12-01,12,TraderAgent,Abuja,3,20.0,14363.9287109375,478763.3125,Abuja,False,Onitsha,Onitsha,winning,False,681.62,7.0,False
2025-12-01,13,TraderAgent,Abuja,2,-27.0,19074.791015625,491984.125,Abuja,False,Onitsha,Onitsha,winning,False,717.5,8.0,False
2025-12-01,14,TraderAgent,Abuja,0,2518.55224609375,6754.09765625,478361.03125,Abuja,False,Onitsha,Onitsha,winning,False,717.5,6.0,False
2025-12-01,15,TraderAgent,Abuja,0,2518.55224609375,21318.26953125,485641.53125,Abuja,False,Onitsha,Onitsha,winning,False,717.5,9.0,False
2025-12-01,16,TraderAgent,Abuja,1,153.42152129955466,11462.5751953125,400639.90625,Onitsha,True,Onitsha,Onitsha,winning,False,672.5,6.0,True
2025-12-01,17,TraderAgent,Abuja,0,2518.55224609375,24121.65625,451892.25,Abuja,False,Onitsha,Onitsha,winning,False,717.5,10.0,False
2025-12-01,18,TraderAgent,Abuja,0,2518.55224609375,26937.61328125,499258.4375,Abuja,False,Onitsha,Onitsha,winning,False,717.5,13.0,False
2025-12-01,19,TraderAgent,Abuja,1,153.42152129955466,8626.7060546875,465512.125,Onitsha,True,Onitsha,Onitsha,winning,False,695.0,5.0,True
2025-12-01,20,TraderAgent,Abuja,1,153.42152129955466,14429.49609375,479435.90625,Onitsha,True,Onitsha,Onitsha,winning,False,740.0,10.0,True
2025-12-01,21,BuyerAgent,Abuja,1,343.94775390625,7702.79833984375,,,,,,,,,,
2025-12-01,22,BuyerAgent,Abuja,2,0.0,3278.626708984375,,,,,,,,,,
2025-12-01,23,BuyerAgent,Abuja,2,0.0,5481.9775390625,,,,,,,,,,
2025-12-01,24,BuyerAgent,Abuja,1,231.44775390625,3044.22705078125,,,,,,,,,,
2025-12-01,25,BuyerAgent,Abuja,0,231.44775390625,4253.76513671875,,,,,,,,,,
2025-12-01,26,BuyerAgent,Abuja,0,231.44775390625,4020.54248046875,,,,,,,,,,
2025-12-01,27,BuyerAgent,Abuja,2,0.0,1560.6744384765625,,,,,,,,,,
2025-12-01,28,BuyerAgent,Abuja,0,231.44775390625,4290.7890625,,,,,,,,,,
2025-12-01,29,BuyerAgent,Abuja,2,0.0,2705.03466796875,,,,,,,,,,
2025-12-01,30,BuyerAgent,Abuja,2,0.0,3069.10107421875,,,,,,,,,,
2025-12-01,31,BuyerAgent,Abuja,2,0.0,1435.33935546875,,,,,,,,,,
2025-12-01,32,BuyerAgent,Abuja,2,0.0,172.83538818359375,,,,,,,,,,
2025-12-01,33,BuyerAgent,Abuja,0,231.44775390625,1496.586669921875,,,,,,,,,,
2025-12-01,34,BuyerAgent,Abuja,0,231.44775390625,2627.967529296875,,,,,,,,,,
2025-12-01,35,BuyerAgent,Abuja,0,0.0,1222.862548828125,,,,,,,,,,
2025-12-01,36,BuyerAgent,Abuja,1,0.0,22.862548828125,,,,,,,,,,
2025-12-01,37,BuyerAgent,Abuja,0,0.0,14.522705078125,,,,,,,,,,
2025-12-01,38,BuyerAgent,Abuja,1,0.0,0.0,,,,,,,,,,
2025-12-01,39,BuyerAgent,Abuja,1,0.0,0.0,,,,,,,,,,
2025-12-01,40,BuyerAgent,Abuja,2,0.0,0.0,,,,,,,,,,
2025-12-01,41,BuyerAgent,Abuja,2,0.0,0.0,,,,,,,,,,
2025-12-01,42,BuyerAgent,Abuja,2,0.0,0.0,,,,,,,,,,
2025-12-01,43,BuyerAgent,Abuja,1,0.0,0.0,,,,,,,,,,
2025-12-01,44,BuyerAgent,Abuja,0,0.0,0.0,,,,,,,,,,
2025-12-01,45,BuyerAgent,Abuja,0,0.0,0.0,,,,,,,,,,
2025-12-01,46,BuyerAgent,Abuja,1,0.0,0.0,,,,,,,,,,
2025-12-01,47,BuyerAgent,Abuja,0,0.0,0.0,,,,,,,,,,
2025-12-01,48,BuyerAgent,Abuja,2,0.0,0.0,,,,,,,,,,
2025-12-01,49,BuyerAgent,Abuja,2,0.0,0.0,,,,,,,,,,
2025-12-01,50,BuyerAgent,Abuja,0,0.0,0.0,,,,,,,,,,
2025-12-01,51,TransporterAgent,Abuja,0,16.7993883165,-436.32151316295005,,,,,,,,,,
2025-12-01,52,TransporterAgent,Abuja,1,-200.0,-397.9651152358333,,,,,,,,,,
2025-12-01,53,TransporterAgent,Abuja,1,-200.0,66.82904595751506,,,,,,,,,,
2025-12-01,54,TransporterAgent,Abuja,1,-200.0,-890.6269652358334,,,,,,,,,,
2025-12-01,55,TransporterAgent,Abuja,0,16.7993883165,347.343520274639,,,,,,,,,,
2025-12-01,56,TransporterAgent,Abuja,3,50.0,-1006.1127858333334,,,,,,,,,,
2025-12-01,57,TransporterAgent,Abuja,3,50.0,-378.96191741902516,,,,,,,,,,
2025-12-01,58,TransporterAgent,Abuja,1,-200.0,-202.3423521352094,,,,,,,,,,
2025-12-01,59,TransporterAgent,Abuja,0,16.7993883165,-273.7922616835,,,,,,,,,,
2025-12-01,60,TransporterAgent,Abuja,2,100.0,-423.2061339244349,,,,,,,,,,
2025-12-01,61,BankingAgent,Abuja,2,-1.35,-68.27499999999999,,,,,,,,,,
2025-12-01,62,BankingAgent,Abuja,0,-0.0,-56.82500000000001,,,,,,,,,,
2025-12-01,63,BankingAgent,Abuja,0,-0.0,-62.87500000000001,,,,,,,,,,
2025-12-01,65,TraderAgent,Bauchi,0,466.0499572753906,5991.330078125,489676.03125,Bauchi,False,Port_Harcourt,Bauchi,winning,False,185.0,10.0,False
2025-12-01,66,TraderAgent,Bauchi,0,0.0,5737.9873046875,370170.5625,Bauchi,False,Onitsha,Onitsha,winning,False,190.0,11.0,False
2025-12-01,67,TraderAgent,Bauchi,3,20.0,451.9372172619047,486006.96875,Bauchi,False,Port_Harcourt,Port_Harcourt,winning,False,180.5,1.0,False
2025-12-01,68,TraderAgent,Bauchi,0,0.0,5524.576171875,336784.125,Bauchi,False,Onitsha,Onitsha,winning,False,190.0,10.0,False
2025-12-01,69,TraderAgent,Bauchi,1,153.24185927131614,4747.02685546875,296889.3125,Onitsha,True,Onitsha,Onitsha,winning,False,190.0,11.0,True
2025-12-01,70,TraderAgent,Bauchi,0,0.0,5712.201171875,465892.46875,Bauchi,False,Onitsha,Onitsha,winning,False,190.0,5.0,False
2025-12-01,71,TraderAgent,Bauchi,1,153.24185927131614,9437.83984375,410886.0,Onitsha,True,Onitsha,Onitsha,winning,False,190.0,9.0,True
2025-12-01,72,TraderAgent,Bauchi,0,0.0,8061.6953125,372324.09375,Bauchi,False,Onitsha,Onitsha,winning,False,190.0,11.0,False
2025-12-01,73,TraderAgent,Bauchi,3,20.0,8360.56640625,493855.375,Bauchi,False,Port_Harcourt,Bauchi,winning,False,175.75,14.0,False
2025-12-01,74,TraderAgent,Bauchi,1,153.24185927131614,6137.13525390625,315857.40625,Onitsha,True,Onitsha,Onitsha,winning,False,190.0,10.0,True
2025-12-01,75,TraderAgent,Bauchi,0,466.0499572753906,14785.9755859375,514183.5625,Bauchi,False,,Bauchi,winning,False,185.0,22.0,False
2025-12-01,76,TraderAgent,Bauchi,0,491.0499572753906,11835.03125,444678.375,Bauchi,False,Onitsha,Bauchi,winning,False,190.0,18.0,False
2025-12-01,77,TraderAgent,Bauchi,0,0.0,3916.48876953125,422949.15625,Bauchi,False,Onitsha,Onitsha,winning,False,190.0,8.0,False
2025-12-01,78,TraderAgent,Bauchi,3,20.0,435.25,499975.25,Bauchi,False,,,winning,False,171.0,0.0,False
2025-12-01,79,TraderAgent,Bauchi,3,20.0,520.4256592592593,484280.8125,Bauchi,False,Port_Harcourt,Port_Harcourt,winning,False,180.5,1.0,False
2025-12-01,80,TraderAgent,Bauchi,0,466.0499572753906,15107.5283203125,514547.375,Bauchi,False,,Bauchi,winning,False,185.0,22.0,False
2025-12-01,81,TraderAgent,Bauchi,1,153.24185927131614,4825.23046875,374604.8125,Onitsha,True,Onitsha,Onitsha,winning,False,190.0,10.0,True
2025-12-01,82,TraderAgent,Bauchi,3,20.0,2938.06103515625,444805.5625,Bauchi,False,Onitsha,Onitsha,winning,False,180.5,5.0,False
2025-12-01,83,TraderAgent,Bauchi,0,466.0499572753906,14769.7255859375,514157.3125,Bauchi,False,,Bauchi,winning,False,185.0,22.0,False
2025-12-01,84,TraderAgent,Bauchi,1,153.24185927131614,5127.76123046875,417369.3125,Onitsha,True,Onitsha,Onitsha,winning,False,190.0,6.0,True
2025-12-01,85,BuyerAgent,Bauchi,0,33.950042724609375,2199.821533203125,,,,,,,,,,
2025-12-01,86,BuyerAgent,Bauchi,0,33.950042724609375,2146.409912109375,,,,,,,,,,
2025-12-01,87,BuyerAgent,Bauchi,0,33.950042724609375,2146.409912109375,,,,,,,,,,
2025-12-01,88,BuyerAgent,Bauchi,0,33.950042724609375,1256.3721923828125,,,,,,,,,,
2025-12-01,89,BuyerAgent,Bauchi,0,8.950042724609375,1997.1485595703125,,,,,,,,,,
2025-12-01,90,BuyerAgent,Bauchi,0,8.950042724609375,477.2679138183594,,,,,,,,,,
2025-12-01,91,BuyerAgent,Bauchi,2,0.0,144.57244873046875,,,,,,,,,,
2025-12-01,92,BuyerAgent,Bauchi,0,8.950042724609375,168.62106323242188,,,,,,,,,,
2025-12-01,93,BuyerAgent,Bauchi,2,0.0,159.6710205078125,,,,,,,,,,
2025-12-01,94,BuyerAgent,Bauchi,1,8.950042724609375,151.68563842773438,,,,,,,,,,
2025-12-01,95,BuyerAgent,Bauchi,0,8.950042724609375,166.78421020507812,,,,,,,,,,
2025-12-01,96,BuyerAgent,Bauchi,0,8.950042724609375,166.78421020507812,,,,,,,,,,
2025-12-01,97,BuyerAgent,Bauchi,2,0.0,15.09857177734375,,,,,,,,,,
2025-12-01,98,BuyerAgent,Bauchi,2,0.0,0.0,,,,,,,,,,
2025-12-01,99,BuyerAgent,Bauchi,1,0.0,0.0,,,,,,,,,,
2025-12-01,100,BuyerAgent,Bauchi,1,0.0,0.0,,,,,,,,,,
2025-12-01,101,BuyerAgent,Bauchi,1,0.0,0.0,,,,,,,,,,
2025-12-01,102,BuyerAgent,Bauchi,2,0.0,0.0,,,,,,,,,,
2025-12-01,103,BuyerAgent,Bauchi,1,0.0,0.0,,,,,,,,,,
2025-12-01,104,BuyerAgent,Bauchi,1,0.0,0.0,,,,,,,,,,
2025-12-01,105,BuyerAgent,Bauchi,2,0.0,0.0,,,,,,,,,,
2025-12-01,106,BuyerAgent,Bauchi,2,0.0,0.0,,,,,,,,,,
2025-12-01,107,BuyerAgent,Bauchi,1,0.0,0.0,,,,,,,,,,
2025-12-01,108,BuyerAgent,Bauchi,1,0.0,0.0,,,,,,,,,,
2025-12-01,109,BuyerAgent,Bauchi,2,0.0,0.0,,,,,,,,,,
2025-12-01,110,BuyerAgent,Bauchi,1,0.0,0.0,,,,,,,,,,
2025-12-01,111,BuyerAgent,Bauchi,2,0.0,0.0,,,,,,,,,,
2025-12-01,112,BuyerAgent,Bauchi,0,0.0,0.0,,,,,,,,,,
2025-12-01,113,BuyerAgent,Bauchi,0,0.0,0.0,,,,,,,,,,
2025-12-01,114,BuyerAgent,Bauchi,2,0.0,0.0,,,,,,,,,,
2025-12-01,115,TransporterAgent,Bauchi,0,7.058998495683336,-544.1552691767015,,,,,,,,,,
2025-12-01,116,TransporterAgent,Bauchi,0,7.058998495683336,-799.5220502045283,,,,,,,,,,
2025-12-01,117,TransporterAgent,Bauchi,3,50.0,1000.0,,,,,,,,,,
2025-12-01,118,TransporterAgent,Bauchi,3,50.0,560.0357142857142,,,,,,,,,,
2025-12-01,119,TransporterAgent,Bauchi,0,7.058998495683336,-753.956940614486,,,,,,,,,,
2025-12-01,120,TransporterAgent,Bauchi,3,50.0,950.0,,,,,,,,,,
2025-12-01,121,TransporterAgent,Bauchi,0,7.058998495683336,-1258.6291599655972,,,,,,,,,,
2025-12-01,122,TransporterAgent,Bauchi,3,50.0,-180.71964285714284,,,,,,,,,,
2025-12-01,123,TransporterAgent,Bauchi,3,50.0,713.8485449735449,,,,,,,,,,
2025-12-01,124,TransporterAgent,Bauchi,3,50.0,378.42849206349206,,,,,,,,,,
2025-12-01,125,BankingAgent,Bauchi,0,-0.0,-19.075000000000003,,,,,,,,,,
2025-12-01,126,BankingAgent,Bauchi,0,-0.0,-13.275,,,,,,,,,,
2025-12-01,127,BankingAgent,Bauchi,0,-0.0,-18.45,,,,,,,,,,
2025-12-01,129,TraderAgent,Kano,2,-27.0,2014.3746337890625,449905.375,Kano,False,Onitsha,Kano,winning,False,185.0,8.0,False
2025-12-01,130,TraderAgent,Kano,4,-10.0,1808.88623046875,450427.28125,Kano,False,Onitsha,Onitsha,winning,False,190.0,6.0,False
2025-12-01,131,TraderAgent,Kano,4,-10.0,1265.87841796875,444960.375,Kano,False,Onitsha,Onitsha,winning,False,190.0,6.0,False
2025-12-01,132,TraderAgent,Kano,1,130.22357905055443,3367.76171875,461505.90625,Onitsha,True,Onitsha,Onitsha,winning,False,190.0,10.0,True
2025-12-01,133,TraderAgent,Kano,0,0.0,3888.781005859375,421130.84375,Kano,False,Onitsha,Onitsha,winning,False,190.0,10.0,False
2025-12-01,134,TraderAgent,Kano,4,-10.0,2888.280029296875,433776.8125,Kano,False,Onitsha,Onitsha,winning,False,190.0,12.0,False
2025-12-01,135,TraderAgent,Kano,4,-10.0,1543.0750732421875,460776.46875,Kano,False,Onitsha,Onitsha,winning,False,190.0,8.0,False
2025-12-01,136,TraderAgent,Kano,2,-27.0,2002.1356201171875,481195.1875,Kano,False,Onitsha,Onitsha,winning,False,190.0,6.0,False
2025-12-01,137,TraderAgent,Kano,0,0.0,2080.96435546875,446103.625,Kano,False,Onitsha,Onitsha,winning,False,190.0,8.0,False
2025-12-01,138,TraderAgent,Kano,4,-10.0,866.5469970703125,449362.375,Kano,False,Onitsha,Onitsha,winning,False,190.0,6.0,False
2025-12-01,139,TraderAgent,Kano,0,494.9217224121094,4185.6025390625,466919.8125,Kano,False,Onitsha,Kano,winning,False,190.0,8.0,False
2025-12-01,140,TraderAgent,Kano,3,20.0,734.8662109375,464576.4375,Kano,False,Onitsha,Onitsha,winning,False,180.5,3.0,False
2025-12-01,141,TraderAgent,Kano,1,130.22357905055443,4874.26708984375,462571.5625,Onitsha,True,Onitsha,Onitsha,winning,False,185.0,9.0,True
2025-12-01,142,TraderAgent,Kano,0,357.4217224121094,2557.794189453125,494425.71875,Kano,False,Bauchi,Kano,winning,False,162.5,8.0,False
2025-12-01,143,TraderAgent,Kano,4,-10.0,1707.28466796875,465223.375,Kano,False,Onitsha,Kano,winning,False,185.0,7.0,False
2025-12-01,144,TraderAgent,Kano,0,357.4217224121094,1446.6846923828125,448508.625,Kano,False,Onitsha,Kano,winning,False,162.5,6.0,False
2025-12-01,145,TraderAgent,Kano,1,130.22357905055443,1760.497802734375,405012.8125,Onitsha,True,Onitsha,Onitsha,winning,False,162.5,10.0,True
2025-12-01,146,TraderAgent,Kano,0,0.0,731.326416015625,445571.84375,Kano,False,Onitsha,Onitsha,winning,False,190.0,5.0,False
2025-12-01,147,TraderAgent,Kano,1,130.22357905055443,1455.1708984375,424238.46875,Onitsha,True,Onitsha,Onitsha,winning,False,162.5,8.0,True
2025-12-01,148,TraderAgent,Kano,0,494.9217224121094,2693.134033203125,466779.53125,Kano,False,Onitsha,Kano,winning,False,190.0,8.0,False
2025-12-01,149,BuyerAgent,Kano,0,142.57827758789062,1149.9710693359375,,,,,,,,,,
2025-12-01,150,BuyerAgent,Kano,1,142.57827758789062,1071.0465087890625,,,,,,,,,,
2025-12-01,151,BuyerAgent,Kano,0,5.078277587890625,784.0743408203125,,,,,,,,,,
2025-12-01,152,BuyerAgent,Kano,1,5.078277587890625,518.303955078125,,,,,,,,,,
2025-12-01,153,BuyerAgent,Kano,0,5.078277587890625,124.98794555664062,,,,,,,,,,
2025-12-01,154,BuyerAgent,Kano,0,5.078277587890625,43.64723205566406,,,,,,,,,,
2025-12-01,155,BuyerAgent,Kano,2,0.0,298.8045654296875,,,,,,,,,,
2025-12-01,156,BuyerAgent,Kano,1,5.078277587890625,85.5718994140625,,,,,,,,,,
2025-12-01,157,BuyerAgent,Kano,2,0.0,294.0206298828125,,,,,,,,,,
2025-12-01,158,BuyerAgent,Kano,1,0.0,10.207595825195312,,,,,,,,,,
2025-12-01,159,BuyerAgent,Kano,2,0.0,284.98779296875,,,,,,,,,,
2025-12-01,160,BuyerAgent,Kano,0,0.0,280.76080322265625,,,,,,,,,,
2025-12-01,161,BuyerAgent,Kano,2,0.0,44.01397705078125,,,,,,,,,,
2025-12-01,162,BuyerAgent,Kano,0,0.0,3.052215576171875,,,,,,,,,,
2025-12-01,163,BuyerAgent,Kano,1,0.0,3.052215576171875,,,,,,,,,,
2025-12-01,164,BuyerAgent,Kano,1,0.0,3.052215576171875,,,,,,,,,,
2025-12-01,165,BuyerAgent,Kano,1,0.0,0.0,,,,,,,,,,
2025-12-01,166,BuyerAgent,Kano,2,0.0,0.0,,,,,,,,,,
2025-12-01,167,BuyerAgent,Kano,1,0.0,0.0,,,,,,,,,,
2025-12-01,168,BuyerAgent,Kano,2,0.0,0.0,,,,,,,,,,
2025-12-01,169,BuyerAgent,Kano,0,0.0,0.0,,,,,,,,,,
2025-12-01,170,BuyerAgent,Kano,1,0.0,0.0,,,,,,,,,,
2025-12-01,171,BuyerAgent,Kano,0,0.0,0.0,,,,,,,,,,
2025-12-01,172,BuyerAgent,Kano,1,0.0,0.0,,,,,,,,,,
2025-12-01,173,BuyerAgent,Kano,1,0.0,0.0,,,,,,,,,,
2025-12-01,174,BuyerAgent,Kano,2,0.0,0.0,,,,,,,,,,
2025-12-01,175,BuyerAgent,Kano,1,0.0,0.0,,,,,,,,,,
2025-12-01,176,BuyerAgent,Kano,2,0.0,0.0,,,,,,,,,,
2025-12-01,177,BuyerAgent,Kano,2,0.0,0.0,,,,,,,,,,
2025-12-01,178,BuyerAgent,Kano,0,0.0,0.0,,,,,,,,,,
2025-12-01,179,TransporterAgent,Kano,2,100.0,311.9786579140523,,,,,,,,,,
2025-12-01,180,TransporterAgent,Kano,1,-200.0,167.402,,,,,,,,,,
2025-12-01,181,TransporterAgent,Kano,0,11.256467091137493,-1106.7328024492108,,,,,,,,,,
2025-12-01,182,TransporterAgent,Kano,0,11.256467091137493,-505.6493216398043,,,,,,,,,,
2025-12-01,183,TransporterAgent,Kano,2,100.0,215.73004387301586,,,,,,,,,,
2025-12-01,184,TransporterAgent,Kano,0,11.256467091137493,-1038.8152882246573,,,,,,,,,,
2025-12-01,185,TransporterAgent,Kano,3,50.0,-781.168795116901,,,,,,,,,,
2025-12-01,186,TransporterAgent,Kano,0,11.256467091137493,-396.9477340759547,,,,,,,,,,
2025-12-01,187,TransporterAgent,Kano,1,-200.0,-1433.5,,,,,,,,,,
2025-12-01,188,TransporterAgent,Kano,3,50.0,-167.01574664903,,,,,,,,,,
2025-12-01,189,BankingAgent,Kano,2,-1.35,-41.550000000000004,,,,,,,,,,
2025-12-01,190,BankingAgent,Kano,0,-0.0,-63.05000000000002,,,,,,,,,,
2025-12-01,191,BankingAgent,Kano,0,-0.0,-65.47500000000001,,,,,,,,,,
2025-12-01,193,TraderAgent,Lagos,4,-10.0,30539.564453125,501699.09375,Lagos,False,Onitsha,Onitsha,winning,False,570.0,9.0,False
2025-12-01,194,TraderAgent,Lagos,0,1459.43603515625,16265.20703125,499582.3125,Lagos,False,Onitsha,Lagos,winning,False,555.0,7.0,False
2025-12-01,195,TraderAgent,Lagos,3,20.0,21976.21484375,499237.59375,Lagos,False,Onitsha,Lagos,winning,False,541.5,8.0,False
2025-12-01,196,TraderAgent,Lagos,4,-10.0,26158.76953125,491360.96875,Lagos,False,Onitsha,Onitsha,winning,False,570.0,8.0,False
2025-12-01,197,TraderAgent,Lagos,0,1534.43603515625,14386.927734375,443701.53125,Lagos,False,Onitsha,Lagos,winning,False,570.0,8.0,False
2025-12-01,198,TraderAgent,Lagos,0,1534.43603515625,33675.2578125,493393.375,Lagos,False,Onitsha,Lagos,winning,False,570.0,10.0,False
2025-12-01,199,TraderAgent,Lagos,0,784.43603515625,24212.51171875,500709.125,Lagos,False,Onitsha,Onitsha,winning,False,570.0,8.0,False
2025-12-01,200,TraderAgent,Lagos,3,20.0,17711.568359375,495226.46875,Lagos,False,Onitsha,Lagos,winning,False,505.88,7.0,False
2025-12-01,201,TraderAgent,Lagos,4,-10.0,21789.208984375,504120.15625,Lagos,False,Onitsha,Lagos,winning,False,555.0,6.0,False
2025-12-01,202,TraderAgent,Lagos,0,1534.43603515625,29135.09765625,500013.1875,Lagos,False,Onitsha,Lagos,winning,False,570.0,9.0,False
2025-12-01,203,TraderAgent,Lagos,3,20.0,15045.712890625,497293.53125,Lagos,False,Onitsha,Onitsha,winning,False,541.5,4.0,False
2025-12-01,204,TraderAgent,Lagos,4,-10.0,33085.37890625,439347.15625,Lagos,False,Onitsha,Onitsha,winning,False,570.0,10.0,False
2025-12-01,205,TraderAgent,Lagos,1,148.67075548536727,14816.392578125,486373.84375,Onitsha,True,Onitsha,Onitsha,winning,False,570.0,6.0,True
2025-12-01,206,TraderAgent,Lagos,1,148.67075548536727,26540.38671875,485903.28125,Onitsha,True,Onitsha,Onitsha,winning,False,570.0,9.0,True
2025-12-01,207,TraderAgent,Lagos,0,1534.43603515625,27456.7734375,444671.15625,Lagos,False,Onitsha,Lagos,winning,False,570.0,10.0,False
2025-12-01,208,TraderAgent,Lagos,2,-23.355,26538.8984375,491846.09375,Lagos,False,Onitsha,Onitsha,winning,False,570.0,7.0,False
2025-12-01,209,TraderAgent,Lagos,2,-23.355,25600.52734375,497302.09375,Lagos,False,Onitsha,Onitsha,winning,False,570.0,9.0,False
2025-12-01,210,TraderAgent,Lagos,4,-10.0,37290.09765625,497249.375,Lagos,False,Onitsha,Onitsha,winning,False,570.0,10.0,False
2025-12-01,211,TraderAgent,Lagos,2,-23.355,16868.90625,500171.09375,Lagos,False,Onitsha,Lagos,winning,False,532.5,7.0,False
2025-12-01,212,TraderAgent,Lagos,0,784.43603515625,29204.255859375,493801.8125,Lagos,False,Onitsha,Onitsha,winning,False,570.0,8.0,False
2025-12-01,213,BuyerAgent,Lagos,1,40.56396484375,7290.404296875,,,,,,,,,,
2025-12-01,214,BuyerAgent,Lagos,0,0.0,4654.029296875,,,,,,,,,,
2025-12-01,215,BuyerAgent,Lagos,1,0.0,3646.929931640625,,,,,,,,,,
2025-12-01,216,BuyerAgent,Lagos,1,0.0,5151.18994140625,,,,,,,,,,
2025-12-01,217,BuyerAgent,Lagos,2,0.0,3366.484375,,,,,,,,,,
2025-12-01,218,BuyerAgent,Lagos,2,0.0,3865.487060546875,,,,,,,,,,
2025-12-01,219,BuyerAgent,Lagos,0,0.0,3849.257080078125,,,,,,,,,,
2025-12-01,220,BuyerAgent,Lagos,1,0.0,4529.5341796875,,,,,,,,,,
2025-12-01,221,BuyerAgent,Lagos,1,0.0,3145.08544921875,,,,,,,,,,
2025-12-01,222,BuyerAgent,Lagos,1,0.0,3200.612060546875,,,,,,,,,,
2025-12-01,223,BuyerAgent,Lagos,2,0.0,2696.7578125,,,,,,,,,,
2025-12-01,224,BuyerAgent,Lagos,0,0.0,2487.04296875,,,,,,,,,,
2025-12-01,225,BuyerAgent,Lagos,0,0.0,1416.7620849609375,,,,,,,,,,
2025-12-01,226,BuyerAgent,Lagos,2,0.0,733.3868408203125,,,,,,,,,,
2025-12-01,227,BuyerAgent,Lagos,1,0.0,0.0,,,,,,,,,,
2025-12-01,228,BuyerAgent,Lagos,2,0.0,0.0,,,,,,,,,,
2025-12-01,229,BuyerAgent,Lagos,0,0.0,0.0,,,,,,,,,,
2025-12-01,230,BuyerAgent,Lagos,0,0.0,0.0,,,,,,,,,,
2025-12-01,231,BuyerAgent,Lagos,0,0.0,0.0,,,,,,,,,,
2025-12-01,232,BuyerAgent,Lagos,1,0.0,0.0,,,,,,,,,,
2025-12-01,233,BuyerAgent,Lagos,2,0.0,0.0,,,,,,,,,,
2025-12-01,234,BuyerAgent,Lagos,0,0.0,0.0,,,,,,,,,,
2025-12-01,235,BuyerAgent,Lagos,2,0.0,0.0,,,,,,,,,,
2025-12-01,236,BuyerAgent,Lagos,1,0.0,0.0,,,,,,,,,,
2025-12-01,237,BuyerAgent,Lagos,0,0.0,0.0,,,,,,,,,,
2025-12-01,238,BuyerAgent,Lagos,1,0.0,0.0,,,,,,,,,,
2025-12-01,239,BuyerAgent,Lagos,0,0.0,0.0,,,,,,,,,,
2025-12-01,240,BuyerAgent,Lagos,1,0.0,0.0,,,,,,,,,,
2025-12-01,241,BuyerAgent,Lagos,2,0.0,0.0,,,,,,,,,,
2025-12-01,242,BuyerAgent,Lagos,1,0.0,0.0,,,,,,,,,,
2025-12-01,243,TransporterAgent,Lagos,2,100.0,-567.3892041643608,,,,,,,,,,
2025-12-01,244,TransporterAgent,Lagos,3,50.0,-1175.118076118,,,,,,,,,,
2025-12-01,245,TransporterAgent,Lagos,1,-200.0,-849.7301330243115,,,,,,,,,,
2025-12-01,246,TransporterAgent,Lagos,2,100.0,-1004.1964807447839,,,,,,,,,,
2025-12-01,247,TransporterAgent,Lagos,2,100.0,-1286.2107606576205,,,,,,,,,,
2025-12-01,248,TransporterAgent,Lagos,3,50.0,-761.0163033131378,,,,,,,,,,
2025-12-01,249,TransporterAgent,Lagos,1,-200.0,-1019.7778469471926,,,,,,,,,,
2025-12-01,250,TransporterAgent,Lagos,3,50.0,-5.059384438784264,,,,,,,,,,
2025-12-01,251,TransporterAgent,Lagos,0,11.749491113000008,-317.363208887,,,,,,,,,,
2025-12-01,252,TransporterAgent,Lagos,0,11.749491113000008,-1002.1220410272554,,,,,,,,,,
2025-12-01,253,BankingAgent,Lagos,1,-2.7,-71.95,,,,,,,,,,
2025-12-01,254,BankingAgent,Lagos,0,-0.0,-42.42500000000001,,,,,,,,,,
2025-12-01,255,BankingAgent,Lagos,2,-1.35,-68.425,,,,,,,,,,
2025-12-01,257,TraderAgent,Onitsha,1,149.1800430379442,10243.0302734375,472950.90625,Lagos,True,Lagos,Lagos,winning,False,647.5,9.0,True
2025-12-01,258,TraderAgent,Onitsha,2,-34.29,9930.5966796875,493781.625,Onitsha,False,Lagos,Lagos,winning,False,602.5,7.0,False
2025-12-01,259,TraderAgent,Onitsha,0,2349.23095703125,16492.486328125,467256.625,Onitsha,False,Lagos,Lagos,winning,False,625.0,13.0,False
2025-12-01,260,TraderAgent,Onitsha,4,-10.0,2656.13427734375,463480.96875,Onitsha,False,Lagos,Onitsha,winning,False,647.5,6.0,False
2025-12-01,261,TraderAgent,Onitsha,2,-34.29,30165.6796875,508218.71875,Onitsha,False,Lagos,Lagos,winning,False,665.0,12.0,False
2025-12-01,262,TraderAgent,Onitsha,0,2349.23095703125,7042.06005859375,463392.6875,Onitsha,False,Lagos,Lagos,winning,False,625.0,7.0,False
2025-12-01,263,TraderAgent,Onitsha,4,-10.0,8155.95068359375,464735.6875,Onitsha,False,Lagos,Lagos,winning,False,602.5,8.0,False
2025-12-01,264,TraderAgent,Onitsha,3,20.0,6764.734375,480120.15625,Onitsha,False,Lagos,Lagos,winning,False,631.75,7.0,False
2025-12-01,265,TraderAgent,Onitsha,3,20.0,8581.83203125,482654.125,Onitsha,False,Lagos,Lagos,winning,False,631.75,9.0,False
2025-12-01,266,TraderAgent,Onitsha,3,20.0,26819.451171875,512343.3125,Onitsha,False,Lagos,Onitsha,winning,False,615.12,10.0,False
2025-12-01,267,TraderAgent,Onitsha,0,2349.23095703125,21810.958984375,497319.59375,Onitsha,False,Lagos,Lagos,winning,False,625.0,6.0,False
2025-12-01,268,TraderAgent,Onitsha,0,2349.23095703125,25453.7578125,482963.53125,Onitsha,False,Lagos,Lagos,winning,False,625.0,10.0,False
2025-12-01,269,TraderAgent,Onitsha,0,1711.73095703125,13437.994140625,481357.25,Onitsha,False,Lagos,Onitsha,winning,False,647.5,11.0,False
2025-12-01,270,TraderAgent,Onitsha,3,20.0,4713.44921875,451965.90625,Onitsha,False,Lagos,Lagos,winning,False,631.75,8.0,False
2025-12-01,271,TraderAgent,Onitsha,0,1711.73095703125,16195.5625,501551.375,Onitsha,False,Lagos,Onitsha,winning,False,647.5,11.0,False
2025-12-01,272,TraderAgent,Onitsha,0,1711.73095703125,10938.416015625,495259.0,Onitsha,False,Port_Harcourt,Onitsha,winning,False,647.5,8.0,False
2025-12-01,273,TraderAgent,Onitsha,0,2349.23095703125,8445.162109375,491164.125,Onitsha,False,Lagos,Lagos,winning,False,625.0,6.0,False
2025-12-01,274,TraderAgent,Onitsha,4,-10.0,7133.228515625,472906.03125,Onitsha,False,Lagos,Lagos,winning,False,665.0,8.0,False
2025-12-01,275,TraderAgent,Onitsha,1,149.1800430379442,4314.96240234375,445363.03125,Lagos,True,Lagos,Lagos,winning,False,665.0,7.0,True
2025-12-01,276,TraderAgent,Onitsha,4,-10.0,6464.1005859375,449954.8125,Onitsha,False,Lagos,Lagos,winning,False,602.5,8.0,False
2025-12-01,277,BuyerAgent,Onitsha,2,0.0,4002.80078125,,,,,,,,,,
2025-12-01,278,BuyerAgent,Onitsha,1,150.76904296875,1528.2012939453125,,,,,,,,,,
2025-12-01,279,BuyerAgent,Onitsha,0,150.76904296875,3318.4892578125,,,,,,,,,,
2025-12-01,280,BuyerAgent,Onitsha,0,150.76904296875,2800.759521484375,,,,,,,,,,
2025-12-01,281,BuyerAgent,Onitsha,1,150.76904296875,2481.288330078125,,,,,,,,,,
2025-12-01,282,BuyerAgent,Onitsha,0,150.76904296875,735.7232666015625,,,,,,,,,,
2025-12-01,283,BuyerAgent,Onitsha,0,38.26904296875,439.810791015625,,,,,,,,,,
2025-12-01,284,BuyerAgent,Onitsha,0,38.26904296875,634.2974853515625,,,,,,,,,,
2025-12-01,285,BuyerAgent,Onitsha,2,0.0,158.3575439453125,,,,,,,,,,
2025-12-01,286,BuyerAgent,Onitsha,0,38.26904296875,199.4952392578125,,,,,,,,,,
2025-12-01,287,BuyerAgent,Onitsha,0,0.0,173.84185791015625,,,,,,,,,,
2025-12-01,288,BuyerAgent,Onitsha,1,0.0,140.49896240234375,,,,,,,,,,
2025-12-01,289,BuyerAgent,Onitsha,0,0.0,71.62933349609375,,,,,,,,,,
2025-12-01,290,BuyerAgent,Onitsha,0,0.0,29.35943603515625,,,,,,,,,,
2025-12-01,291,BuyerAgent,Onitsha,2,0.0,14.669189453125,,,,,,,,,,
2025-12-01,292,BuyerAgent,Onitsha,0,0.0,18.4869384765625,,,,,,,,,,
2025-12-01,293,BuyerAgent,Onitsha,1,0.0,18.4869384765625,,,,,,,,,,
2025-12-01,294,BuyerAgent,Onitsha,1,0.0,0.0,,,,,,,,,,
2025-12-01,295,BuyerAgent,Onitsha,1,0.0,0.0,,,,,,,,,,
2025-12-01,296,BuyerAgent,Onitsha,0,0.0,0.0,,,,,,,,,,
2025-12-01,297,BuyerAgent,Onitsha,1,0.0,0.0,,,,,,,,,,
2025-12-01,298,BuyerAgent,Onitsha,1,0.0,0.0,,,,,,,,,,
2025-12-01,299,BuyerAgent,Onitsha,0,0.0,0.0,,,,,,,,,,
2025-12-01,300,BuyerAgent,Onitsha,0,0.0,0.0,,,,,,,,,,
2025-12-01,301,BuyerAgent,Onitsha,1,0.0,0.0,,,,,,,,,,
2025-12-01,302,BuyerAgent,Onitsha,0,0.0,0.0,,,,,,,,,,
2025-12-01,303,BuyerAgent,Onitsha,0,0.0,0.0,,,,,,,,,,
2025-12-01,304,BuyerAgent,Onitsha,1,0.0,0.0,,,,,,,,,,
2025-12-01,305,BuyerAgent,Onitsha,1,0.0,0.0,,,,,,,,,,
2025-12-01,306,BuyerAgent,Onitsha,1,0.0,0.0,,,,,,,,,,
2025-12-01,307,TransporterAgent,Onitsha,2,100.0,-77.57173091533681,,,,,,,,,,
2025-12-01,308,TransporterAgent,Onitsha,0,15.814867285250003,320.9802412742903,,,,,,,,,,
2025-12-01,309,TransporterAgent,Onitsha,3,50.0,345.84827380820917,,,,,,,,,,
2025-12-01,310,TransporterAgent,Onitsha,2,100.0,330.6162499487323,,,,,,,,,,
2025-12-01,311,TransporterAgent,Onitsha,0,15.814867285250003,-289.1648248065999,,,,,,,,,,
2025-12-01,312,TransporterAgent,Onitsha,3,50.0,-729.5308471498727,,,,,,,,,,
2025-12-01,313,TransporterAgent,Onitsha,2,100.0,323.89625245937225,,,,,,,,,,
2025-12-01,314,TransporterAgent,Onitsha,2,100.0,467.3172795108725,,,,,,,,,,
2025-12-01,315,TransporterAgent,Onitsha,3,50.0,451.3701822135532,,,,,,,,,,
2025-12-01,316,TransporterAgent,Onitsha,2,100.0,-811.6653702595502,,,,,,,,,,
2025-12-01,317,BankingAgent,Onitsha,0,-0.0,-54.90000000000002,,,,,,,,,,
2025-12-01,318,BankingAgent,Onitsha,0,-0.0,-65.62500000000001,,,,,,,,,,
2025-12-01,319,BankingAgent,Onitsha,1,-2.7,-61.77500000000003,,,,,,,,,,
2025-12-01,321,TraderAgent,Port_Harcourt,3,20.0,38847.046875,528538.875,Port_Harcourt,False,Onitsha,Onitsha,winning,False,1213.62,8.0,False
2025-12-01,322,TraderAgent,Port_Harcourt,1,166.27178542970722,51489.6953125,531902.375,Onitsha,True,Onitsha,Onitsha,winning,False,1277.5,8.0,True
2025-12-01,323,TraderAgent,Port_Harcourt,0,9508.8330078125,49011.3046875,539703.8125,Port_Harcourt,False,Onitsha,Onitsha,winning,False,1277.5,9.0,False
2025-12-01,324,TraderAgent,Port_Harcourt,4,-10.0,20278.91796875,517795.40625,Port_Harcourt,False,Onitsha,Onitsha,winning,False,1300.0,5.0,False
2025-12-01,325,TraderAgent,Port_Harcourt,1,166.27178542970722,40769.39453125,524742.625,Onitsha,True,Onitsha,Onitsha,winning,False,1480.0,9.0,True
2025-12-01,326,TraderAgent,Port_Harcourt,4,-10.0,42577.90625,532607.625,Port_Harcourt,False,Onitsha,Onitsha,winning,False,1277.5,7.0,False
2025-12-01,327,TraderAgent,Port_Harcourt,2,-27.0,38488.140625,531685.75,Port_Harcourt,False,Onitsha,Port_Harcourt,winning,False,1480.0,8.0,False
2025-12-01,328,TraderAgent,Port_Harcourt,4,-10.0,59204.8125,545342.3125,Port_Harcourt,False,Onitsha,Onitsha,winning,False,1277.5,9.0,False
2025-12-01,329,TraderAgent,Port_Harcourt,2,-27.0,26839.71484375,519273.4375,Port_Harcourt,False,Onitsha,Port_Harcourt,winning,False,1491.25,6.0,False
2025-12-01,330,TraderAgent,Port_Harcourt,0,9508.8330078125,52491.9921875,542518.0,Port_Harcourt,False,Onitsha,Onitsha,winning,False,1277.5,11.0,False
2025-12-01,331,TraderAgent,Port_Harcourt,4,-10.0,45814.37109375,533321.625,Port_Harcourt,False,Onitsha,Onitsha,winning,False,1300.0,8.0,False
2025-12-01,332,TraderAgent,Port_Harcourt,3,20.0,32525.31640625,479190.03125,Port_Harcourt,False,Onitsha,Onitsha,winning,False,1213.62,7.0,False
2025-12-01,333,TraderAgent,Port_Harcourt,1,166.27178542970722,35852.7890625,517927.375,Onitsha,True,Onitsha,Onitsha,winning,False,1277.5,5.0,True
2025-12-01,334,TraderAgent,Port_Harcourt,1,166.27178542970722,54995.3515625,535282.875,Onitsha,True,Onitsha,Onitsha,winning,False,1277.5,8.0,True
2025-12-01,335,TraderAgent,Port_Harcourt,3,20.0,32145.599609375,527586.0,Port_Harcourt,False,Onitsha,Port_Harcourt,winning,False,1427.38,8.0,False
2025-12-01,336,TraderAgent,Port_Harcourt,0,2758.8330078125,51256.63671875,541237.25,Port_Harcourt,False,Onitsha,Port_Harcourt,winning,False,1277.5,12.0,False
2025-12-01,337,TraderAgent,Port_Harcourt,1,166.27178542970722,35152.6484375,517172.28125,Onitsha,True,Onitsha,Onitsha,winning,False,1480.0,7.0,True
2025-12-01,338,TraderAgent,Port_Harcourt,4,-10.0,45932.4453125,490899.90625,Port_Harcourt,False,Onitsha,Onitsha,winning,False,1277.5,11.0,False
2025-12-01,339,TraderAgent,Port_Harcourt,0,9508.8330078125,30288.83984375,522426.25,Port_Harcourt,False,Onitsha,Onitsha,winning,False,1277.5,7.0,False
2025-12-01,340,TraderAgent,Port_Harcourt,2,-27.0,41634.8671875,532338.125,Port_Harcourt,False,Onitsha,Port_Harcourt,winning,False,1502.5,8.0,False
2025-12-01,341,BuyerAgent,Port_Harcourt,0,1241.1669921875,17405.68359375,,,,,,,,,,
2025-12-01,342,BuyerAgent,Port_Harcourt,1,1241.1669921875,23090.35546875,,,,,,,,,,
2025-12-01,343,BuyerAgent,Port_Harcourt,2,0.0,15917.978515625,,,,,,,,,,
2025-12-01,344,BuyerAgent,Port_Harcourt,2,0.0,10074.201171875,,,,,,,,,,
2025-12-01,345,BuyerAgent,Port_Harcourt,2,0.0,24839.642578125,,,,,,,,,,
2025-12-01,346,BuyerAgent,Port_Harcourt,0,1241.1669921875,15257.4560546875,,,,,,,,,,
2025-12-01,347,BuyerAgent,Port_Harcourt,2,0.0,18188.7578125,,,,,,,,,,
2025-12-01,348,BuyerAgent,Port_Harcourt,1,1241.1669921875,11214.515625,,,,,,,,,,
2025-12-01,349,BuyerAgent,Port_Harcourt,1,0.0,10887.095703125,,,,,,,,,,
2025-12-01,350,BuyerAgent,Port_Harcourt,1,0.0,5876.119140625,,,,,,,,,,
2025-12-01,351,BuyerAgent,Port_Harcourt,1,0.0,4242.7451171875,,,,,,,,,,
2025-12-01,352,BuyerAgent,Port_Harcourt,1,0.0,2838.14501953125,,,,,,,,,,
2025-12-01,353,BuyerAgent,Port_Harcourt,0,0.0,2693.65673828125,,,,,,,,,,
2025-12-01,354,BuyerAgent,Port_Harcourt,1,0.0,4015.13232421875,,,,,,,,,,
2025-12-01,355,BuyerAgent,Port_Harcourt,2,0.0,1446.8182373046875,,,,,,,,,,
2025-12-01,356,BuyerAgent,Port_Harcourt,1,0.0,0.0,,,,,,,,,,
2025-12-01,357,BuyerAgent,Port_Harcourt,2,0.0,1090.977783203125,,,,,,,,,,
2025-12-01,358,BuyerAgent,Port_Harcourt,1,0.0,715.977783203125,,,,,,,,,,
2025-12-01,359,BuyerAgent,Port_Harcourt,1,0.0,715.977783203125,,,,,,,,,,
2025-12-01,360,BuyerAgent,Port_Harcourt,0,0.0,715.977783203125,,,,,,,,,,
2025-12-01,361,BuyerAgent,Port_Harcourt,2,0.0,0.0,,,,,,,,,,
2025-12-01,362,BuyerAgent,Port_Harcourt,2,0.0,184.0081787109375,,,,,,,,,,
2025-12-01,363,BuyerAgent,Port_Harcourt,0,0.0,0.0,,,,,,,,,,
2025-12-01,364,BuyerAgent,Port_Harcourt,0,0.0,0.0,,,,,,,,,,
2025-12-01,365,BuyerAgent,Port_Harcourt,0,0.0,0.0,,,,,,,,,,
2025-12-01,366,BuyerAgent,Port_Harcourt,0,0.0,0.0,,,,,,,,,,
2025-12-01,367,BuyerAgent,Port_Harcourt,2,0.0,0.0,,,,,,,,,,
2025-12-01,368,BuyerAgent,Port_Harcourt,1,0.0,0.0,,,,,,,,,,
2025-12-01,369,BuyerAgent,Port_Harcourt,0,0.0,0.0,,,,,,,,,,
2025-12-01,370,BuyerAgent,Port_Harcourt,2,0.0,0.0,,,,,,,,,,
2025-12-01,371,TransporterAgent,Port_Harcourt,1,-200.0,-672.6186756484849,,,,,,,,,,
2025-12-01,372,TransporterAgent,Port_Harcourt,0,11.431728480375005,-340.85803081035067,,,,,,,,,,
2025-12-01,373,TransporterAgent,Port_Harcourt,3,50.0,653.8391823051185,,,,,,,,,,
2025-12-01,374,TransporterAgent,Port_Harcourt,1,-200.0,-722.203904040404,,,,,,,,,,
2025-12-01,375,TransporterAgent,Port_Harcourt,3,50.0,-169.62735795454546,,,,,,,,,,
2025-12-01,376,TransporterAgent,Port_Harcourt,1,-200.0,-1166.650287891856,,,,,,,,,,
2025-12-01,377,TransporterAgent,Port_Harcourt,0,11.431728480375005,-453.821020554221,,,,,,,,,,
2025-12-01,378,TransporterAgent,Port_Harcourt,0,11.431728480375005,-307.540102544625,,,,,,,,,,
2025-12-01,379,TransporterAgent,Port_Harcourt,0,11.431728480375005,-676.2992704107864,,,,,,,,,,
2025-12-01,380,TransporterAgent,Port_Harcourt,1,-200.0,-530.1148535733014,,,,,,,,,,
2025-12-01,381,BankingAgent,Port_Harcourt,2,-1.35,-52.52500000000001,,,,,,,,,,
2025-12-01,382,BankingAgent,Port_Harcourt,0,-0.0,-41.45000000000002,,,,,,,,,,
2025-12-01,383,BankingAgent,Port_Harcourt,0,-0.0,-48.57500000000001,,,,,,,,,,
2026-01-01,1,TraderAgent,Abuja,3,20.0,17983.69921875,489679.25,Abuja,False,Onitsha,Abuja,winning,False,631.75,8.0,False
2026-01-01,2,TraderAgent,Abuja,4,-10.0,20800.310546875,437193.90625,Abuja,False,Onitsha,Onitsha,winning,False,647.5,6.0,False
2026-01-01,3,TraderAgent,Abuja,0,1645.32958984375,17201.82421875,479679.875,Abuja,False,Onitsha,Onitsha,winning,False,647.5,10.0,False
2026-01-01,4,TraderAgent,Abuja,2,-23.355,34350.484375,471289.375,Abuja,False,Onitsha,Onitsha,winning,False,647.5,13.0,False
2026-01-01,5,TraderAgent,Abuja,0,1645.32958984375,18083.998046875,482069.03125,Abuja,False,Onitsha,Onitsha,winning,False,647.5,7.0,False
2026-01-01,6,TraderAgent,Abuja,2,-23.355,19888.240234375,484600.59375,Abuja,False,Onitsha,Abuja,winning,False,625.0,8.0,False
2026-01-01,7,TraderAgent,Abuja,0,1645.32958984375,35449.0234375,414696.09375,Abuja,False,Onitsha,Onitsha,winning,False,647.5,14.0,False
2026-01-01,8,TraderAgent,Abuja,0,1420.32958984375,30985.873046875,476552.90625,Abuja,False,Onitsha,Abuja,winning,False,602.5,13.0,False
2026-01-01,9,TraderAgent,Abuja,2,-23.355,12261.0869140625,433738.09375,Abuja,False,Onitsha,Abuja,winning,False,602.5,8.0,False
2026-01-01,10,TraderAgent,Abuja,0,1645.32958984375,21022.873046875,464029.8125,Abuja,False,Onitsha,Onitsha,winning,False,647.5,10.0,False
2026-01-01,11,TraderAgent,Abuja,1,151.1983402420973,25046.28515625,475305.53125,Onitsha,True,Onitsha,Onitsha,winning,False,602.5,7.0,True
2026-01-01,12,TraderAgent,Abuja,2,-23.355,14340.5732421875,478739.96875,Abuja,False,Onitsha,Onitsha,winning,False,647.5,7.0,False
2026-01-01,13,TraderAgent,Abuja,2,-23.355,19051.435546875,491960.8125,Abuja,False,Onitsha,Onitsha,winning,False,647.5,8.0,False
2026-01-01,14,TraderAgent,Abuja,3,20.0,6774.09765625,478361.03125,Abuja,False,Onitsha,Onitsha,winning,False,615.12,6.0,False
2026-01-01,15,TraderAgent,Abuja,0,1645.32958984375,22963.599609375,487263.53125,Abuja,False,Onitsha,Abuja,winning,False,647.5,10.0,False
2026-01-01,16,TraderAgent,Abuja,0,1645.32958984375,13107.904296875,407535.28125,Abuja,False,Onitsha,Onitsha,winning,False,647.5,7.0,False
2026-01-01,17,TraderAgent,Abuja,0,1645.32958984375,25766.986328125,453514.25,Abuja,False,Onitsha,Abuja,winning,False,647.5,11.0,False
2026-01-01,18,TraderAgent,Abuja,1,151.1983402420973,27088.8125,484727.84375,Onitsha,True,Onitsha,Onitsha,winning,False,647.5,13.0,True
2026-01-01,19,TraderAgent,Abuja,0,1645.32958984375,10272.03515625,472407.46875,Abuja,False,Onitsha,Onitsha,winning,False,647.5,6.0,False
2026-01-01,20,TraderAgent,Abuja,0,1645.32958984375,16074.826171875,486331.28125,Abuja,False,Onitsha,Onitsha,winning,False,647.5,11.0,False
2026-01-01,21,BuyerAgent,Abuja,2,0.0,7702.79833984375,,,,,,,,,,
2026-01-01,22,BuyerAgent,Abuja,1,329.67041015625,3608.297119140625,,,,,,,,,,
2026-01-01,23,BuyerAgent,Abuja,0,104.67041015625,5586.64794921875,,,,,,,,,,
2026-01-01,24,BuyerAgent,Abuja,1,104.67041015625,3148.8974609375,,,,,,,,,,
2026-01-01,25,BuyerAgent,Abuja,2,0.0,4253.76513671875,,,,,,,,,,
2026-01-01,26,BuyerAgent,Abuja,0,104.67041015625,4125.212890625,,,,,,,,,,
2026-01-01,27,BuyerAgent,Abuja,2,0.0,1560.6744384765625,,,,,,,,,,
2026-01-01,28,BuyerAgent,Abuja,0,104.67041015625,4395.45947265625,,,,,,,,,,
2026-01-01,29,BuyerAgent,Abuja,0,104.67041015625,2809.705078125,,,,,,,,,,
2026-01-01,30,BuyerAgent,Abuja,1,104.67041015625,3173.771484375,,,,,,,,,,
2026-01-01,31,BuyerAgent,Abuja,1,104.67041015625,1540.009765625,,,,,,,,,,
2026-01-01,32,BuyerAgent,Abuja,0,104.67041015625,277.50579833984375,,,,,,,,,,
2026-01-01,33,BuyerAgent,Abuja,0,104.67041015625,1601.257080078125,,,,,,,,,,
2026-01-01,34,BuyerAgent,Abuja,1,0.0,2627.967529296875,,,,,,,,,,
2026-01-01,35,BuyerAgent,Abuja,2,0.0,1222.862548828125,,,,,,,,,,
2026-01-01,36,BuyerAgent,Abuja,0,0.0,22.862548828125,,,,,,,,,,
2026-01-01,37,BuyerAgent,Abuja,2,0.0,14.522705078125,,,,,,,,,,
2026-01-01,38,BuyerAgent,Abuja,1,0.0,0.0,,,,,,,,,,
2026-01-01,39,BuyerAgent,Abuja,2,0.0,0.0,,,,,,,,,,
2026-01-01,40,BuyerAgent,Abuja,1,0.0,0.0,,,,,,,,,,
2026-01-01,41,BuyerAgent,Abuja,2,0.0,0.0,,,,,,,,,,
2026-01-01,42,BuyerAgent,Abuja,0,0.0,0.0,,,,,,,,,,
2026-01-01,43,BuyerAgent,Abuja,0,0.0,0.0,,,,,,,,,,
2026-01-01,44,BuyerAgent,Abuja,1,0.0,0.0,,,,,,,,,,
2026-01-01,45,BuyerAgent,Abuja,2,0.0,0.0,,,,,,,,,,
2026-01-01,46,BuyerAgent,Abuja,0,0.0,0.0,,,,,,,,,,
2026-01-01,47,BuyerAgent,Abuja,1,0.0,0.0,,,,,,,,,,
2026-01-01,48,BuyerAgent,Abuja,2,0.0,0.0,,,,,,,,,,
2026-01-01,49,BuyerAgent,Abuja,0,0.0,0.0,,,,,,,,,,
2026-01-01,50,BuyerAgent,Abuja,2,0.0,0.0,,,,,,,,,,
2026-01-01,51,TransporterAgent,Abuja,3,50.0,-386.32151316295005,,,,,,,,,,
2026-01-01,52,TransporterAgent,Abuja,2,-50.0,-447.9651152358333,,,,,,,,,,
2026-01-01,53,TransporterAgent,Abuja,2,-50.0,16.829045957515063,,,,,,,,,,
2026-01-01,54,TransporterAgent,Abuja,2,-50.0,-940.6269652358334,,,,,,,,,,
2026-01-01,55,TransporterAgent,Abuja,2,-50.0,297.343520274639,,,,,,,,,,
2026-01-01,56,TransporterAgent,Abuja,3,50.0,-956.1127858333334,,,,,,,,,,
2026-01-01,57,TransporterAgent,Abuja,2,-50.0,-428.96191741902516,,,,,,,,,,
2026-01-01,58,TransporterAgent,Abuja,1,-200.0,-402.3423521352094,,,,,,,,,,
2026-01-01,59,TransporterAgent,Abuja,2,-50.0,-323.7922616835,,,,,,,,,,
2026-01-01,60,TransporterAgent,Abuja,3,50.0,-373.2061339244349,,,,,,,,,,
2026-01-01,61,BankingAgent,Abuja,2,-1.35,-70.97499999999998,,,,,,,,,,
2026-01-01,62,BankingAgent,Abuja,0,-0.0,-56.82500000000001,,,,,,,,,,
2026-01-01,63,BankingAgent,Abuja,2,-1.35,-65.575,,,,,,,,,,
2026-01-01,65,TraderAgent,Bauchi,0,246.72576904296875,6238.0556640625,489895.75,Bauchi,False,Port_Harcourt,Bauchi,winning,False,95.0,11.0,False
2026-01-01,66,TraderAgent,Bauchi,1,146.9455294029837,5884.9326171875,354151.53125,Onitsha,True,Onitsha,Onitsha,winning,False,95.0,11.0,True
2026-01-01,67,TraderAgent,Bauchi,3,20.0,471.9372172619047,486006.96875,Bauchi,False,Port_Harcourt,Port_Harcourt,winning,False,90.25,1.0,False
2026-01-01,68,TraderAgent,Bauchi,1,146.9455294029837,5671.521484375,320765.0625,Onitsha,True,Onitsha,Onitsha,winning,False,95.0,10.0,True
2026-01-01,69,TraderAgent,Bauchi,0,0.0,4747.02685546875,297886.03125,Bauchi,False,Onitsha,Onitsha,winning,False,95.0,12.0,False
2026-01-01,70,TraderAgent,Bauchi,3,20.0,5732.201171875,465892.46875,Bauchi,False,Onitsha,Onitsha,winning,False,90.25,5.0,False
2026-01-01,71,TraderAgent,Bauchi,0,0.0,9437.83984375,411882.71875,Bauchi,False,Onitsha,Onitsha,winning,False,95.0,10.0,False
2026-01-01,72,TraderAgent,Bauchi,0,246.72576904296875,8308.4208984375,372543.8125,Bauchi,False,Onitsha,Bauchi,winning,False,95.0,12.0,False
2026-01-01,73,TraderAgent,Bauchi,0,246.72576904296875,8607.2919921875,494075.09375,Bauchi,False,Port_Harcourt,Bauchi,winning,False,95.0,15.0,False
2026-01-01,74,TraderAgent,Bauchi,0,0.0,6137.13525390625,316854.125,Bauchi,False,Onitsha,Onitsha,winning,False,95.0,11.0,False
2026-01-01,75,TraderAgent,Bauchi,0,246.72576904296875,15032.701171875,514403.28125,Bauchi,False,,Bauchi,winning,False,95.0,23.0,False
2026-01-01,76,TraderAgent,Bauchi,0,246.72576904296875,12081.7568359375,444898.09375,Bauchi,False,Onitsha,Bauchi,winning,False,95.0,19.0,False
2026-01-01,77,TraderAgent,Bauchi,4,-10.0,3906.48876953125,422949.15625,Bauchi,False,Onitsha,Onitsha,winning,False,95.0,8.0,False
2026-01-01,78,TraderAgent,Bauchi,3,20.0,455.25,499975.25,Bauchi,False,,,winning,False,85.5,0.0,False
2026-01-01,79,TraderAgent,Bauchi,3,20.0,540.4256592592593,484280.8125,Bauchi,False,Port_Harcourt,Port_Harcourt,winning,False,90.25,1.0,False
2026-01-01,80,TraderAgent,Bauchi,0,246.72576904296875,15354.25390625,514767.09375,Bauchi,False,,Bauchi,winning,False,95.0,23.0,False
2026-01-01,81,TraderAgent,Bauchi,0,0.0,4825.23046875,375601.53125,Bauchi,False,Onitsha,Onitsha,winning,False,95.0,11.0,False
2026-01-01,82,TraderAgent,Bauchi,3,20.0,2958.06103515625,444805.5625,Bauchi,False,Onitsha,Onitsha,winning,False,90.25,5.0,False
2026-01-01,83,TraderAgent,Bauchi,0,246.72576904296875,15016.451171875,514377.03125,Bauchi,False,,Bauchi,winning,False,95.0,23.0,False
2026-01-01,84,TraderAgent,Bauchi,0,0.0,5127.76123046875,418366.03125,Bauchi,False,Onitsha,Onitsha,winning,False,95.0,7.0,False
2026-01-01,85,BuyerAgent,Bauchi,0,3.27423095703125,2203.095703125,,,,,,,,,,
2026-01-01,86,BuyerAgent,Bauchi,0,3.27423095703125,2149.68408203125,,,,,,,,,,
2026-01-01,87,BuyerAgent,Bauchi,0,3.27423095703125,2149.68408203125,,,,,,,,,,
2026-01-01,88,BuyerAgent,Bauchi,0,3.27423095703125,1259.646484375,,,,,,,,,,
2026-01-01,89,BuyerAgent,Bauchi,0,3.27423095703125,2000.4228515625,,,,,,,,,,
2026-01-01,90,BuyerAgent,Bauchi,0,3.27423095703125,480.5421447753906,,,,,,,,,,
2026-01-01,91,BuyerAgent,Bauchi,0,3.27423095703125,147.8466796875,,,,,,,,,,
2026-01-01,92,BuyerAgent,Bauchi,0,3.27423095703125,171.89529418945312,,,,,,,,,,
2026-01-01,93,BuyerAgent,Bauchi,1,3.27423095703125,162.94525146484375,,,,,,,,,,
2026-01-01,94,BuyerAgent,Bauchi,1,3.27423095703125,154.95986938476562,,,,,,,,,,
2026-01-01,95,BuyerAgent,Bauchi,0,3.27423095703125,170.05844116210938,,,,,,,,,,
2026-01-01,96,BuyerAgent,Bauchi,2,0.0,166.78421020507812,,,,,,,,,,
2026-01-01,97,BuyerAgent,Bauchi,1,3.27423095703125,18.372802734375,,,,,,,,,,
2026-01-01,98,BuyerAgent,Bauchi,1,0.0,0.0,,,,,,,,,,
2026-01-01,99,BuyerAgent,Bauchi,0,0.0,0.0,,,,,,,,,,
2026-01-01,100,BuyerAgent,Bauchi,2,0.0,0.0,,,,,,,,,,
2026-01-01,101,BuyerAgent,Bauchi,0,0.0,0.0,,,,,,,,,,
2026-01-01,102,BuyerAgent,Bauchi,0,0.0,0.0,,,,,,,,,,
2026-01-01,103,BuyerAgent,Bauchi,0,0.0,0.0,,,,,,,,,,
2026-01-01,104,BuyerAgent,Bauchi,1,0.0,0.0,,,,,,,,,,
2026-01-01,105,BuyerAgent,Bauchi,1,0.0,0.0,,,,,,,,,,
2026-01-01,106,BuyerAgent,Bauchi,0,0.0,0.0,,,,,,,,,,
2026-01-01,107,BuyerAgent,Bauchi,1,0.0,0.0,,,,,,,,,,
2026-01-01,108,BuyerAgent,Bauchi,2,0.0,0.0,,,,,,,,,,
2026-01-01,109,BuyerAgent,Bauchi,1,0.0,0.0,,,,,,,,,,
2026-01-01,110,BuyerAgent,Bauchi,1,0.0,0.0,,,,,,,,,,
2026-01-01,111,BuyerAgent,Bauchi,1,0.0,0.0,,,,,,,,,,
2026-01-01,112,BuyerAgent,Bauchi,0,0.0,0.0,,,,,,,,,,
2026-01-01,113,BuyerAgent,Bauchi,2,0.0,0.0,,,,,,,,,,
2026-01-01,114,BuyerAgent,Bauchi,2,0.0,0.0,,,,,,,,,,
2026-01-01,115,TransporterAgent,Bauchi,0,9.951700729699834,-534.2035684470017,,,,,,,,,,
2026-01-01,116,TransporterAgent,Bauchi,0,9.951700729699834,-789.5703494748285,,,,,,,,,,
2026-01-01,117,TransporterAgent,Bauchi,3,50.0,1050.0,,,,,,,,,,
2026-01-01,118,TransporterAgent,Bauchi,3,50.0,610.0357142857142,,,,,,,,,,
2026-01-01,119,TransporterAgent,Bauchi,2,-50.0,-803.956940614486,,,,,,,,,,
2026-01-01,120,TransporterAgent,Bauchi,3,50.0,1000.0,,,,,,,,,,
2026-01-01,121,TransporterAgent,Bauchi,0,9.951700729699834,-1248.6774592358975,,,,,,,,,,
2026-01-01,122,TransporterAgent,Bauchi,3,50.0,-130.71964285714284,,,,,,,,,,
2026-01-01,123,TransporterAgent,Bauchi,3,50.0,763.8485449735449,,,,,,,,,,
2026-01-01,124,TransporterAgent,Bauchi,3,50.0,428.42849206349206,,,,,,,,,,
2026-01-01,125,BankingAgent,Bauchi,0,-0.0,-19.075000000000003,,,,,,,,,,
2026-01-01,126,BankingAgent,Bauchi,0,-0.0,-13.275,,,,,,,,,,
2026-01-01,127,BankingAgent,Bauchi,0,-0.0,-18.45,,,,,,,,,,
2026-01-01,129,TraderAgent,Kano,3,20.0,2034.3746337890625,449905.375,Kano,False,Onitsha,Kano,winning,False,90.25,8.0,False
2026-01-01,130,TraderAgent,Kano,0,249.5025634765625,2058.388671875,450653.4375,Kano,False,Onitsha,Kano,winning,False,95.0,7.0,False
2026-01-01,131,TraderAgent,Kano,4,-10.0,1255.87841796875,444960.375,Kano,False,Onitsha,Onitsha,winning,False,95.0,6.0,False
2026-01-01,132,TraderAgent,Kano,0,0.0,3367.76171875,462505.40625,Kano,False,Onitsha,Onitsha,winning,False,95.0,11.0,False
2026-01-01,133,TraderAgent,Kano,3,20.0,3908.781005859375,421130.84375,Kano,False,Onitsha,Onitsha,winning,False,90.25,10.0,False
2026-01-01,134,TraderAgent,Kano,3,20.0,2908.280029296875,433776.8125,Kano,False,Onitsha,Onitsha,winning,False,90.25,12.0,False
2026-01-01,135,TraderAgent,Kano,0,249.5025634765625,1792.57763671875,461002.625,Kano,False,Onitsha,Kano,winning,False,95.0,9.0,False
2026-01-01,136,TraderAgent,Kano,0,249.5025634765625,2251.63818359375,481421.375,Kano,False,Onitsha,Kano,winning,False,95.0,7.0,False
2026-01-01,137,TraderAgent,Kano,2,-23.355,2057.609375,446080.3125,Kano,False,Onitsha,Onitsha,winning,False,95.0,8.0,False
2026-01-01,138,TraderAgent,Kano,3,20.0,886.5469970703125,449362.375,Kano,False,Onitsha,Onitsha,winning,False,90.25,6.0,False
2026-01-01,139,TraderAgent,Kano,1,132.06965138594649,4317.67236328125,447392.40625,Onitsha,True,Onitsha,Onitsha,winning,False,95.0,8.0,True
2026-01-01,140,TraderAgent,Kano,1,132.06965138594649,866.9358520507812,445049.09375,Onitsha,True,Onitsha,Onitsha,winning,False,95.0,3.0,True
2026-01-01,141,TraderAgent,Kano,0,0.0,4874.26708984375,463571.09375,Kano,False,Onitsha,Onitsha,winning,False,95.0,10.0,False
2026-01-01,142,TraderAgent,Kano,0,249.5025634765625,2807.296875,494651.875,Kano,False,Bauchi,Kano,winning,False,95.0,9.0,False
2026-01-01,143,TraderAgent,Kano,4,-10.0,1697.28466796875,465223.375,Kano,False,Onitsha,Kano,winning,False,95.0,7.0,False
2026-01-01,144,TraderAgent,Kano,2,-23.355,1423.3297119140625,448485.3125,Kano,False,Onitsha,Kano,winning,False,95.0,6.0,False
2026-01-01,145,TraderAgent,Kano,0,0.0,1760.497802734375,406012.28125,Kano,False,Onitsha,Onitsha,winning,False,95.0,11.0,False
2026-01-01,146,TraderAgent,Kano,1,132.06965138594649,863.3960571289062,426044.46875,Onitsha,True,Onitsha,Onitsha,winning,False,95.0,5.0,True
2026-01-01,147,TraderAgent,Kano,0,0.0,1455.1708984375,425237.96875,Kano,False,Onitsha,Onitsha,winning,False,95.0,9.0,False
2026-01-01,148,TraderAgent,Kano,4,-10.0,2683.134033203125,466779.53125,Kano,False,Onitsha,Kano,winning,False,95.0,8.0,False
2026-01-01,149,BuyerAgent,Kano,1,0.4974365234375,1150.468505859375,,,,,,,,,,
2026-01-01,150,BuyerAgent,Kano,0,0.4974365234375,1071.5439453125,,,,,,,,,,
2026-01-01,151,BuyerAgent,Kano,0,0.4974365234375,784.57177734375,,,,,,,,,,
2026-01-01,152,BuyerAgent,Kano,0,0.4974365234375,518.8013916015625,,,,,,,,,,
2026-01-01,153,BuyerAgent,Kano,0,0.4974365234375,125.48538208007812,,,,,,,,,,
2026-01-01,154,BuyerAgent,Kano,0,0.4974365234375,44.14466857910156,,,,,,,,,,
2026-01-01,155,BuyerAgent,Kano,1,0.4974365234375,299.302001953125,,,,,,,,,,
2026-01-01,156,BuyerAgent,Kano,2,0.0,85.5718994140625,,,,,,,,,,
2026-01-01,157,BuyerAgent,Kano,1,0.4974365234375,294.51806640625,,,,,,,,,,
2026-01-01,158,BuyerAgent,Kano,2,0.0,10.207595825195312,,,,,,,,,,
2026-01-01,159,BuyerAgent,Kano,0,0.0,284.98779296875,,,,,,,,,,
2026-01-01,160,BuyerAgent,Kano,1,0.0,280.76080322265625,,,,,,,,,,
2026-01-01,161,BuyerAgent,Kano,2,0.0,44.01397705078125,,,,,,,,,,
2026-01-01,162,BuyerAgent,Kano,0,0.0,3.052215576171875,,,,,,,,,,
2026-01-01,163,BuyerAgent,Kano,1,0.0,3.052215576171875,,,,,,,,,,
2026-01-01,164,BuyerAgent,Kano,2,0.0,3.052215576171875,,,,,,,,,,
2026-01-01,165,BuyerAgent,Kano,2,0.0,0.0,,,,,,,,,,
2026-01-01,166,BuyerAgent,Kano,2,0.0,0.0,,,,,,,,,,
2026-01-01,167,BuyerAgent,Kano,2,0.0,0.0,,,,,,,,,,
2026-01-01,168,BuyerAgent,Kano,2,0.0,0.0,,,,,,,,,,
2026-01-01,169,BuyerAgent,Kano,2,0.0,0.0,,,,,,,,,,
2026-01-01,170,BuyerAgent,Kano,1,0.0,0.0,,,,,,,,,,
2026-01-01,171,BuyerAgent,Kano,2,0.0,0.0,,,,,,,,,,
2026-01-01,172,BuyerAgent,Kano,0,0.0,0.0,,,,,,,,,,
2026-01-01,173,BuyerAgent,Kano,1,0.0,0.0,,,,,,,,,,
2026-01-01,174,BuyerAgent,Kano,1,0.0,0.0,,,,,,,,,,
2026-01-01,175,BuyerAgent,Kano,1,0.0,0.0,,,,,,,,,,
2026-01-01,176,BuyerAgent,Kano,0,0.0,0.0,,,,,,,,,,
2026-01-01,177,BuyerAgent,Kano,1,0.0,0.0,,,,,,,,,,
2026-01-01,178,BuyerAgent,Kano,2,0.0,0.0,,,,,,,,,,
2026-01-01,179,TransporterAgent,Kano,0,10.975735750018984,322.9543936640713,,,,,,,,,,
2026-01-01,180,TransporterAgent,Kano,2,100.0,267.402,,,,,,,,,,
2026-01-01,181,TransporterAgent,Kano,2,100.0,-1006.7328024492108,,,,,,,,,,
2026-01-01,182,TransporterAgent,Kano,1,-200.0,-705.6493216398044,,,,,,,,,,
2026-01-01,183,TransporterAgent,Kano,1,-200.0,15.730043873015859,,,,,,,,,,
2026-01-01,184,TransporterAgent,Kano,1,-200.0,-1238.8152882246573,,,,,,,,,,
2026-01-01,185,TransporterAgent,Kano,2,100.0,-681.168795116901,,,,,,,,,,
2026-01-01,186,TransporterAgent,Kano,0,10.975735750018984,-385.9719983259357,,,,,,,,,,
2026-01-01,187,TransporterAgent,Kano,1,-200.0,-1633.5,,,,,,,,,,
2026-01-01,188,TransporterAgent,Kano,1,-200.0,-367.01574664903,,,,,,,,,,
2026-01-01,189,BankingAgent,Kano,2,-1.35,-44.25000000000001,,,,,,,,,,
2026-01-01,190,BankingAgent,Kano,2,-1.35,-65.75000000000001,,,,,,,,,,
2026-01-01,191,BankingAgent,Kano,2,-1.35,-68.175,,,,,,,,,,
2026-01-01,193,TraderAgent,Lagos,2,-23.355,30516.208984375,501675.71875,Lagos,False,Onitsha,Onitsha,winning,False,647.5,9.0,False
2026-01-01,194,TraderAgent,Lagos,3,20.0,16285.20703125,499582.3125,Lagos,False,Onitsha,Lagos,winning,False,593.75,7.0,False
2026-01-01,195,TraderAgent,Lagos,0,1721.0235595703125,23697.23828125,500935.28125,Lagos,False,Onitsha,Lagos,winning,False,665.0,9.0,False
2026-01-01,196,TraderAgent,Lagos,1,149.03059236743346,26307.80078125,479894.375,Onitsha,True,Onitsha,Onitsha,winning,False,647.5,8.0,True
2026-01-01,197,TraderAgent,Lagos,3,20.0,14406.927734375,443701.53125,Lagos,False,Onitsha,Lagos,winning,False,593.75,8.0,False
2026-01-01,198,TraderAgent,Lagos,1,149.03059236743346,33824.2890625,481926.75,Onitsha,True,Onitsha,Onitsha,winning,False,625.0,10.0,True
2026-01-01,199,TraderAgent,Lagos,2,-23.355,24189.15625,500685.8125,Lagos,False,Onitsha,Onitsha,winning,False,647.5,8.0,False
2026-01-01,200,TraderAgent,Lagos,0,1408.5235595703125,19120.091796875,496611.6875,Lagos,False,Onitsha,Lagos,winning,False,602.5,8.0,False
2026-01-01,201,TraderAgent,Lagos,3,20.0,21809.208984375,504120.15625,Lagos,False,Onitsha,Lagos,winning,False,593.75,6.0,False
2026-01-01,202,TraderAgent,Lagos,0,1521.0235595703125,30656.12109375,501510.90625,Lagos,False,Onitsha,Lagos,winning,False,625.0,10.0,False
2026-01-01,203,TraderAgent,Lagos,1,149.03059236743346,15194.7431640625,485826.90625,Onitsha,True,Onitsha,Onitsha,winning,False,647.5,4.0,True
2026-01-01,204,TraderAgent,Lagos,4,-10.0,33075.37890625,439347.15625,Lagos,False,Onitsha,Onitsha,winning,False,647.5,10.0,False
2026-01-01,205,TraderAgent,Lagos,0,1633.5235595703125,16449.916015625,493257.375,Lagos,False,Onitsha,Onitsha,winning,False,647.5,7.0,False
2026-01-01,206,TraderAgent,Lagos,0,1633.5235595703125,28173.91015625,492786.8125,Lagos,False,Onitsha,Onitsha,winning,False,647.5,10.0,False
2026-01-01,207,TraderAgent,Lagos,3,20.0,27476.7734375,444671.15625,Lagos,False,Onitsha,Lagos,winning,False,593.75,10.0,False
2026-01-01,208,TraderAgent,Lagos,1,149.03059236743346,26687.9296875,480379.53125,Onitsha,True,Onitsha,Onitsha,winning,False,647.5,7.0,True
2026-01-01,209,TraderAgent,Lagos,0,1633.5235595703125,27234.05078125,498912.28125,Lagos,False,Onitsha,Lagos,winning,False,647.5,10.0,False
2026-01-01,210,TraderAgent,Lagos,3,20.0,37310.09765625,497249.375,Lagos,False,Onitsha,Onitsha,winning,False,615.12,10.0,False
2026-01-01,211,TraderAgent,Lagos,3,20.0,16888.90625,500171.09375,Lagos,False,Onitsha,Lagos,winning,False,572.38,7.0,False
2026-01-01,212,TraderAgent,Lagos,4,-10.0,29194.255859375,493801.8125,Lagos,False,Onitsha,Onitsha,winning,False,647.5,8.0,False
2026-01-01,213,BuyerAgent,Lagos,1,341.4764404296875,7631.880859375,,,,,,,,,,
2026-01-01,214,BuyerAgent,Lagos,1,228.9764404296875,4883.005859375,,,,,,,,,,
2026-01-01,215,BuyerAgent,Lagos,0,116.4764404296875,3763.40625,,,,,,,,,,
2026-01-01,216,BuyerAgent,Lagos,1,116.4764404296875,5267.66650390625,,,,,,,,,,
2026-01-01,217,BuyerAgent,Lagos,2,0.0,3366.484375,,,,,,,,,,
2026-01-01,218,BuyerAgent,Lagos,0,116.4764404296875,3981.96337890625,,,,,,,,,,
2026-01-01,219,BuyerAgent,Lagos,1,28.9764404296875,3878.2333984375,,,,,,,,,,
2026-01-01,220,BuyerAgent,Lagos,1,0.0,4529.5341796875,,,,,,,,,,
2026-01-01,221,BuyerAgent,Lagos,0,0.0,3145.08544921875,,,,,,,,,,
2026-01-01,222,BuyerAgent,Lagos,1,0.0,3200.612060546875,,,,,,,,,,
2026-01-01,223,BuyerAgent,Lagos,0,0.0,2696.7578125,,,,,,,,,,
2026-01-01,224,BuyerAgent,Lagos,1,0.0,2487.04296875,,,,,,,,,,
2026-01-01,225,BuyerAgent,Lagos,1,0.0,1416.7620849609375,,,,,,,,,,
2026-01-01,226,BuyerAgent,Lagos,2,0.0,733.3868408203125,,,,,,,,,,
2026-01-01,227,BuyerAgent,Lagos,2,0.0,0.0,,,,,,,,,,
2026-01-01,228,BuyerAgent,Lagos,0,0.0,0.0,,,,,,,,,,
2026-01-01,229,BuyerAgent,Lagos,2,0.0,0.0,,,,,,,,,,
2026-01-01,230,BuyerAgent,Lagos,2,0.0,0.0,,,,,,,,,,
2026-01-01,231,BuyerAgent,Lagos,0,0.0,0.0,,,,,,,,,,
2026-01-01,232,BuyerAgent,Lagos,1,0.0,0.0,,,,,,,,,,
2026-01-01,233,BuyerAgent,Lagos,1,0.0,0.0,,,,,,,,,,
2026-01-01,234,BuyerAgent,Lagos,2,0.0,0.0,,,,,,,,,,
2026-01-01,235,BuyerAgent,Lagos,2,0.0,0.0,,,,,,,,,,
2026-01-01,236,BuyerAgent,Lagos,0,0.0,0.0,,,,,,,,,,
2026-01-01,237,BuyerAgent,Lagos,2,0.0,0.0,,,,,,,,,,
2026-01-01,238,BuyerAgent,Lagos,2,0.0,0.0,,,,,,,,,,
2026-01-01,239,BuyerAgent,Lagos,2,0.0,0.0,,,,,,,,,,
2026-01-01,240,BuyerAgent,Lagos,1,0.0,0.0,,,,,,,,,,
2026-01-01,241,BuyerAgent,Lagos,2,0.0,0.0,,,,,,,,,,
2026-01-01,242,BuyerAgent,Lagos,0,0.0,0.0,,,,,,,,,,
2026-01-01,243,TransporterAgent,Lagos,0,11.220808812650358,-556.1683953517104,,,,,,,,,,
2026-01-01,244,TransporterAgent,Lagos,3,50.0,-1125.118076118,,,,,,,,,,
2026-01-01,245,TransporterAgent,Lagos,3,50.0,-799.7301330243115,,,,,,,,,,
2026-01-01,246,TransporterAgent,Lagos,1,-200.0,-1204.196480744784,,,,,,,,,,
2026-01-01,247,TransporterAgent,Lagos,1,-200.0,-1486.2107606576205,,,,,,,,,,
2026-01-01,248,TransporterAgent,Lagos,3,50.0,-711.0163033131378,,,,,,,,,,
2026-01-01,249,TransporterAgent,Lagos,0,11.220808812650358,-1008.5570381345423,,,,,,,,,,
2026-01-01,250,TransporterAgent,Lagos,0,11.220808812650358,6.161424373866094,,,,,,,,,,
2026-01-01,251,TransporterAgent,Lagos,1,-200.0,-517.3632088869999,,,,,,,,,,
2026-01-01,252,TransporterAgent,Lagos,2,100.0,-902.1220410272554,,,,,,,,,,
2026-01-01,253,BankingAgent,Lagos,1,-2.7,-77.35000000000001,,,,,,,,,,
2026-01-01,254,BankingAgent,Lagos,2,-1.35,-45.125000000000014,,,,,,,,,,
2026-01-01,255,BankingAgent,Lagos,2,-1.35,-71.12499999999999,,,,,,,,,,
2026-01-01,257,TraderAgent,Onitsha,0,2344.063720703125,12587.09375,479794.96875,Onitsha,False,Lagos,Lagos,winning,False,625.0,10.0,False
2026-01-01,258,TraderAgent,Onitsha,3,20.0,9950.5966796875,493781.625,Onitsha,False,Lagos,Lagos,winning,False,572.38,7.0,False
2026-01-01,259,TraderAgent,Onitsha,0,1594.063720703125,18086.55078125,468816.40625,Onitsha,False,Lagos,Onitsha,winning,False,625.0,14.0,False
2026-01-01,260,TraderAgent,Onitsha,0,1706.563720703125,4362.6982421875,465153.25,Onitsha,False,Lagos,Onitsha,winning,False,647.5,7.0,False
2026-01-01,261,TraderAgent,Onitsha,0,1794.063720703125,31959.744140625,509978.46875,Onitsha,False,Lagos,Onitsha,winning,False,665.0,13.0,False
2026-01-01,262,TraderAgent,Onitsha,2,-34.29,7007.77001953125,463358.40625,Onitsha,False,Lagos,Lagos,winning,False,625.0,7.0,False
2026-01-01,263,TraderAgent,Onitsha,0,1481.563720703125,9637.5146484375,466182.96875,Onitsha,False,Lagos,Onitsha,winning,False,602.5,9.0,False
2026-01-01,264,TraderAgent,Onitsha,4,-10.0,6754.734375,480120.15625,Onitsha,False,Lagos,Lagos,winning,False,665.0,7.0,False
2026-01-01,265,TraderAgent,Onitsha,0,1794.063720703125,10375.8955078125,484413.90625,Onitsha,False,Lagos,Onitsha,winning,False,665.0,10.0,False
2026-01-01,266,TraderAgent,Onitsha,0,1706.563720703125,28526.015625,514015.59375,Onitsha,False,Lagos,Onitsha,winning,False,647.5,11.0,False
2026-01-01,267,TraderAgent,Onitsha,3,20.0,21830.958984375,497319.59375,Onitsha,False,Lagos,Lagos,winning,False,593.75,6.0,False
2026-01-01,268,TraderAgent,Onitsha,0,1594.063720703125,27047.822265625,484523.3125,Onitsha,False,Lagos,Onitsha,winning,False,625.0,11.0,False
2026-01-01,269,TraderAgent,Onitsha,0,1706.563720703125,15144.5576171875,483029.53125,Onitsha,False,Lagos,Onitsha,winning,False,647.5,12.0,False
2026-01-01,270,TraderAgent,Onitsha,3,20.0,4733.44921875,451965.90625,Onitsha,False,Lagos,Lagos,winning,False,631.75,8.0,False
2026-01-01,271,TraderAgent,Onitsha,4,-10.0,16185.5625,501551.375,Onitsha,False,Lagos,Onitsha,winning,False,647.5,11.0,False
2026-01-01,272,TraderAgent,Onitsha,1,150.32218013909892,11088.73828125,483178.28125,Lagos,True,Lagos,Lagos,winning,False,647.5,8.0,True
2026-01-01,273,TraderAgent,Onitsha,3,20.0,8465.162109375,491164.125,Onitsha,False,Lagos,Lagos,winning,False,593.75,6.0,False
2026-01-01,274,TraderAgent,Onitsha,1,150.32218013909892,7283.55078125,460825.3125,Lagos,True,Lagos,Lagos,winning,False,665.0,8.0,True
2026-01-01,275,TraderAgent,Onitsha,0,2344.063720703125,6659.0263671875,452207.09375,Onitsha,False,Lagos,Lagos,winning,False,625.0,8.0,False
2026-01-01,276,TraderAgent,Onitsha,0,1481.563720703125,7945.6640625,451402.09375,Onitsha,False,Lagos,Onitsha,winning,False,602.5,9.0,False
2026-01-01,277,BuyerAgent,Onitsha,1,268.436279296875,4271.2373046875,,,,,,,,,,
2026-01-01,278,BuyerAgent,Onitsha,1,268.436279296875,1796.6375732421875,,,,,,,,,,
2026-01-01,279,BuyerAgent,Onitsha,0,155.936279296875,3474.425537109375,,,,,,,,,,
2026-01-01,280,BuyerAgent,Onitsha,0,155.936279296875,2956.69580078125,,,,,,,,,,
2026-01-01,281,BuyerAgent,Onitsha,2,0.0,2481.288330078125,,,,,,,,,,
2026-01-01,282,BuyerAgent,Onitsha,0,155.936279296875,891.6595458984375,,,,,,,,,,
2026-01-01,283,BuyerAgent,Onitsha,0,155.936279296875,595.7470703125,,,,,,,,,,
2026-01-01,284,BuyerAgent,Onitsha,0,43.436279296875,677.7337646484375,,,,,,,,,,
2026-01-01,285,BuyerAgent,Onitsha,0,43.436279296875,201.7938232421875,,,,,,,,,,
2026-01-01,286,BuyerAgent,Onitsha,0,43.436279296875,242.9315185546875,,,,,,,,,,
2026-01-01,287,BuyerAgent,Onitsha,0,0.0,173.84185791015625,,,,,,,,,,
2026-01-01,288,BuyerAgent,Onitsha,2,0.0,140.49896240234375,,,,,,,,,,
2026-01-01,289,BuyerAgent,Onitsha,1,0.0,71.62933349609375,,,,,,,,,,
2026-01-01,290,BuyerAgent,Onitsha,2,0.0,29.35943603515625,,,,,,,,,,
2026-01-01,291,BuyerAgent,Onitsha,2,0.0,14.669189453125,,,,,,,,,,
2026-01-01,292,BuyerAgent,Onitsha,0,0.0,18.4869384765625,,,,,,,,,,
2026-01-01,293,BuyerAgent,Onitsha,2,0.0,18.4869384765625,,,,,,,,,,
2026-01-01,294,BuyerAgent,Onitsha,0,0.0,0.0,,,,,,,,,,
2026-01-01,295,BuyerAgent,Onitsha,0,0.0,0.0,,,,,,,,,,
2026-01-01,296,BuyerAgent,Onitsha,2,0.0,0.0,,,,,,,,,,
2026-01-01,297,BuyerAgent,Onitsha,1,0.0,0.0,,,,,,,,,,
2026-01-01,298,BuyerAgent,Onitsha,2,0.0,0.0,,,,,,,,,,
2026-01-01,299,BuyerAgent,Onitsha,1,0.0,0.0,,,,,,,,,,
2026-01-01,300,BuyerAgent,Onitsha,2,0.0,0.0,,,,,,,,,,
2026-01-01,301,BuyerAgent,Onitsha,1,0.0,0.0,,,,,,,,,,
2026-01-01,302,BuyerAgent,Onitsha,1,0.0,0.0,,,,,,,,,,
2026-01-01,303,BuyerAgent,Onitsha,2,0.0,0.0,,,,,,,,,,
2026-01-01,304,BuyerAgent,Onitsha,2,0.0,0.0,,,,,,,,,,
2026-01-01,305,BuyerAgent,Onitsha,1,0.0,0.0,,,,,,,,,,
2026-01-01,306,BuyerAgent,Onitsha,2,0.0,0.0,,,,,,,,,,
2026-01-01,307,TransporterAgent,Onitsha,0,16.7297771627955,-60.841953752541315,,,,,,,,,,
2026-01-01,308,TransporterAgent,Onitsha,3,50.0,370.9802412742903,,,,,,,,,,
2026-01-01,309,TransporterAgent,Onitsha,2,-50.0,295.84827380820917,,,,,,,,,,
2026-01-01,310,TransporterAgent,Onitsha,1,-200.0,130.61624994873227,,,,,,,,,,
2026-01-01,311,TransporterAgent,Onitsha,0,16.7297771627955,-272.4350476438044,,,,,,,,,,
2026-01-01,312,TransporterAgent,Onitsha,3,50.0,-679.5308471498727,,,,,,,,,,
2026-01-01,313,TransporterAgent,Onitsha,2,-50.0,273.89625245937225,,,,,,,,,,
2026-01-01,314,TransporterAgent,Onitsha,3,50.0,517.3172795108725,,,,,,,,,,
2026-01-01,315,TransporterAgent,Onitsha,0,16.7297771627955,468.0999593763487,,,,,,,,,,
2026-01-01,316,TransporterAgent,Onitsha,2,-50.0,-861.6653702595502,,,,,,,,,,
2026-01-01,317,BankingAgent,Onitsha,0,-0.0,-54.90000000000002,,,,,,,,,,
2026-01-01,318,BankingAgent,Onitsha,2,-1.35,-68.325,,,,,,,,,,
2026-01-01,319,BankingAgent,Onitsha,1,-2.7,-67.17500000000003,,,,,,,,,,
2026-01-01,321,TraderAgent,Port_Harcourt,0,2754.29443359375,41601.33984375,531266.1875,Port_Harcourt,False,Onitsha,Port_Harcourt,winning,False,1312.5,9.0,False
2026-01-01,322,TraderAgent,Port_Harcourt,0,9879.294921875,61368.9921875,547031.6875,Port_Harcourt,False,Onitsha,Onitsha,winning,False,1312.5,9.0,False
2026-01-01,323,TraderAgent,Port_Harcourt,1,141.45546018811552,49152.76171875,531426.8125,Onitsha,True,Onitsha,Onitsha,winning,False,1312.5,9.0,True
2026-01-01,324,TraderAgent,Port_Harcourt,3,20.0,20298.91796875,517795.40625,Port_Harcourt,False,Onitsha,Onitsha,winning,False,1268.25,5.0,False
2026-01-01,325,TraderAgent,Port_Harcourt,0,9879.294921875,50648.6875,539871.9375,Port_Harcourt,False,Onitsha,Onitsha,winning,False,1312.5,10.0,False
2026-01-01,326,TraderAgent,Port_Harcourt,3,20.0,42597.90625,532607.625,Port_Harcourt,False,Onitsha,Onitsha,winning,False,1246.88,7.0,False
2026-01-01,327,TraderAgent,Port_Harcourt,1,141.45546018811552,38629.59765625,523408.75,Onitsha,True,Onitsha,Onitsha,winning,False,1515.0,8.0,True
2026-01-01,328,TraderAgent,Port_Harcourt,0,2754.29443359375,61959.10546875,548069.625,Port_Harcourt,False,Onitsha,Port_Harcourt,winning,False,1312.5,10.0,False
2026-01-01,329,TraderAgent,Port_Harcourt,3,20.0,26859.71484375,519273.4375,Port_Harcourt,False,Onitsha,Port_Harcourt,winning,False,1449.94,6.0,False
2026-01-01,330,TraderAgent,Port_Harcourt,0,2754.29443359375,55246.28515625,545245.3125,Port_Harcourt,False,Onitsha,Port_Harcourt,winning,False,1312.5,12.0,False
2026-01-01,331,TraderAgent,Port_Harcourt,1,141.45546018811552,45955.828125,525044.625,Onitsha,True,Onitsha,Onitsha,winning,False,1335.0,8.0,True
2026-01-01,332,TraderAgent,Port_Harcourt,0,2754.29443359375,35279.609375,481917.3125,Port_Harcourt,False,Onitsha,Port_Harcourt,winning,False,1312.5,8.0,False
2026-01-01,333,TraderAgent,Port_Harcourt,0,9879.294921875,45732.0859375,533056.625,Port_Harcourt,False,Onitsha,Onitsha,winning,False,1312.5,6.0,False
2026-01-01,334,TraderAgent,Port_Harcourt,0,9879.294921875,64874.6484375,550412.1875,Port_Harcourt,False,Onitsha,Onitsha,winning,False,1312.5,9.0,False
2026-01-01,335,TraderAgent,Port_Harcourt,2,-27.0,32118.599609375,527559.0,Port_Harcourt,False,Onitsha,Port_Harcourt,winning,False,1537.5,8.0,False
2026-01-01,336,TraderAgent,Port_Harcourt,1,141.45546018811552,51398.09375,532960.25,Onitsha,True,Onitsha,Onitsha,winning,False,1515.0,12.0,True
2026-01-01,337,TraderAgent,Port_Harcourt,0,9879.294921875,45031.9453125,532301.5625,Port_Harcourt,False,Onitsha,Onitsha,winning,False,1312.5,8.0,False
2026-01-01,338,TraderAgent,Port_Harcourt,1,141.45546018811552,46073.90234375,482622.96875,Onitsha,True,Onitsha,Onitsha,winning,False,1312.5,11.0,True
2026-01-01,339,TraderAgent,Port_Harcourt,2,-27.0,30261.83984375,522399.25,Port_Harcourt,False,Onitsha,Onitsha,winning,False,1312.5,7.0,False
2026-01-01,340,TraderAgent,Port_Harcourt,0,3879.29443359375,45514.16015625,536190.4375,Port_Harcourt,False,Onitsha,Port_Harcourt,winning,False,1537.5,9.0,False
2026-01-01,341,BuyerAgent,Port_Harcourt,2,0.0,17405.68359375,,,,,,,,,,
2026-01-01,342,BuyerAgent,Port_Harcourt,1,1370.70556640625,24461.060546875,,,,,,,,,,
2026-01-01,343,BuyerAgent,Port_Harcourt,1,1370.70556640625,17288.68359375,,,,,,,,,,
2026-01-01,344,BuyerAgent,Port_Harcourt,2,0.0,10074.201171875,,,,,,,,,,
2026-01-01,345,BuyerAgent,Port_Harcourt,2,0.0,24839.642578125,,,,,,,,,,
2026-01-01,346,BuyerAgent,Port_Harcourt,1,1370.70556640625,16628.162109375,,,,,,,,,,
2026-01-01,347,BuyerAgent,Port_Harcourt,0,1370.70556640625,19559.462890625,,,,,,,,,,
2026-01-01,348,BuyerAgent,Port_Harcourt,0,1370.70556640625,12585.220703125,,,,,,,,,,
2026-01-01,349,BuyerAgent,Port_Harcourt,0,1370.70556640625,12257.80078125,,,,,,,,,,
2026-01-01,350,BuyerAgent,Port_Harcourt,1,1370.70556640625,7246.82470703125,,,,,,,,,,
2026-01-01,351,BuyerAgent,Port_Harcourt,0,1370.70556640625,5613.45068359375,,,,,,,,,,
2026-01-01,352,BuyerAgent,Port_Harcourt,0,1370.70556640625,4208.8505859375,,,,,,,,,,
2026-01-01,353,BuyerAgent,Port_Harcourt,1,245.70556640625,2939.3623046875,,,,,,,,,,
2026-01-01,354,BuyerAgent,Port_Harcourt,2,0.0,4015.13232421875,,,,,,,,,,
2026-01-01,355,BuyerAgent,Port_Harcourt,0,0.0,1446.8182373046875,,,,,,,,,,
2026-01-01,356,BuyerAgent,Port_Harcourt,2,0.0,0.0,,,,,,,,,,
2026-01-01,357,BuyerAgent,Port_Harcourt,0,0.0,1090.977783203125,,,,,,,,,,
2026-01-01,358,BuyerAgent,Port_Harcourt,0,0.0,715.977783203125,,,,,,,,,,
2026-01-01,359,BuyerAgent,Port_Harcourt,2,0.0,715.977783203125,,,,,,,,,,
2026-01-01,360,BuyerAgent,Port_Harcourt,0,0.0,715.977783203125,,,,,,,,,,
2026-01-01,361,BuyerAgent,Port_Harcourt,0,0.0,0.0,,,,,,,,,,
2026-01-01,362,BuyerAgent,Port_Harcourt,1,0.0,184.0081787109375,,,,,,,,,,
2026-01-01,363,BuyerAgent,Port_Harcourt,1,0.0,0.0,,,,,,,,,,
2026-01-01,364,BuyerAgent,Port_Harcourt,2,0.0,0.0,,,,,,,,,,
2026-01-01,365,BuyerAgent,Port_Harcourt,1,0.0,0.0,,,,,,,,,,
2026-01-01,366,BuyerAgent,Port_Harcourt,0,0.0,0.0,,,,,,,,,,
2026-01-01,367,BuyerAgent,Port_Harcourt,0,0.0,0.0,,,,,,,,,,
2026-01-01,368,BuyerAgent,Port_Harcourt,2,0.0,0.0,,,,,,,,,,
2026-01-01,369,BuyerAgent,Port_Harcourt,0,0.0,0.0,,,,,,,,,,
2026-01-01,370,BuyerAgent,Port_Harcourt,0,0.0,0.0,,,,,,,,,,
2026-01-01,371,TransporterAgent,Port_Harcourt,0,9.426512683954002,-663.1921629645309,,,,,,,,,,
2026-01-01,372,TransporterAgent,Port_Harcourt,2,100.0,-240.85803081035067,,,,,,,,,,
2026-01-01,373,TransporterAgent,Port_Harcourt,0,9.426512683954002,663.2656949890725,,,,,,,,,,
2026-01-01,374,TransporterAgent,Port_Harcourt,2,100.0,-622.203904040404,,,,,,,,,,
2026-01-01,375,TransporterAgent,Port_Harcourt,3,50.0,-119.62735795454546,,,,,,,,,,
2026-01-01,376,TransporterAgent,Port_Harcourt,0,9.426512683954002,-1157.2237752079018,,,,,,,,,,
2026-01-01,377,TransporterAgent,Port_Harcourt,2,100.0,-353.821020554221,,,,,,,,,,
2026-01-01,378,TransporterAgent,Port_Harcourt,0,9.426512683954002,-298.11358986067097,,,,,,,,,,
2026-01-01,379,TransporterAgent,Port_Harcourt,3,50.0,-626.2992704107864,,,,,,,,,,
2026-01-01,380,TransporterAgent,Port_Harcourt,2,100.0,-430.1148535733014,,,,,,,,,,
2026-01-01,381,BankingAgent,Port_Harcourt,0,-0.0,-52.52500000000001,,,,,,,,,,
2026-01-01,382,BankingAgent,Port_Harcourt,2,-1.35,-44.15000000000002,,,,,,,,,,
2026-01-01,383,BankingAgent,Port_Harcourt,0,-0.0,-48.57500000000001,,,,,,,,,,
2026-02-01,1,TraderAgent,Abuja,1,159.41045057982114,18143.109375,475137.625,Onitsha,True,Onitsha,Onitsha,winning,False,570.0,8.0,True
2026-02-01,2,TraderAgent,Abuja,3,20.0,20820.310546875,437193.90625,Abuja,False,Onitsha,Onitsha,winning,False,541.5,6.0,False
2026-02-01,3,TraderAgent,Abuja,1,159.41045057982114,17361.234375,465138.28125,Onitsha,True,Onitsha,Onitsha,winning,False,570.0,10.0,True
2026-02-01,4,TraderAgent,Abuja,3,20.0,34370.484375,471289.375,Abuja,False,Onitsha,Onitsha,winning,False,541.5,13.0,False
2026-02-01,5,TraderAgent,Abuja,4,-10.0,18073.998046875,482069.03125,Abuja,False,Onitsha,Onitsha,winning,False,570.0,7.0,False
2026-02-01,6,TraderAgent,Abuja,3,20.0,19908.240234375,484600.59375,Abuja,False,Onitsha,Abuja,winning,False,527.25,8.0,False
2026-02-01,7,TraderAgent,Abuja,1,159.41045057982114,35608.43359375,400154.46875,Onitsha,True,Onitsha,Onitsha,winning,False,570.0,14.0,True
2026-02-01,8,TraderAgent,Abuja,2,-26.5,30959.373046875,476526.40625,Abuja,False,Onitsha,Abuja,winning,False,570.0,13.0,False
2026-02-01,9,TraderAgent,Abuja,1,159.41045057982114,12420.4970703125,419196.46875,Onitsha,True,Onitsha,Onitsha,winning,False,532.5,8.0,True
2026-02-01,10,TraderAgent,Abuja,0,1509.677734375,22532.55078125,465513.0,Abuja,False,Onitsha,Abuja,winning,False,570.0,11.0,False
2026-02-01,11,TraderAgent,Abuja,0,759.677734375,25805.962890625,481315.1875,Abuja,False,Onitsha,Onitsha,winning,False,570.0,8.0,False
2026-02-01,12,TraderAgent,Abuja,1,159.41045057982114,14499.9833984375,464198.375,Onitsha,True,Onitsha,Onitsha,winning,False,570.0,7.0,True
2026-02-01,13,TraderAgent,Abuja,2,-26.5,19024.935546875,491934.28125,Abuja,False,Onitsha,Onitsha,winning,False,570.0,8.0,False
2026-02-01,14,TraderAgent,Abuja,4,-10.0,6764.09765625,478361.03125,Abuja,False,Onitsha,Onitsha,winning,False,570.0,6.0,False
2026-02-01,15,TraderAgent,Abuja,0,1509.677734375,24473.27734375,488746.71875,Abuja,False,Onitsha,Abuja,winning,False,570.0,11.0,False
2026-02-01,16,TraderAgent,Abuja,3,20.0,13127.904296875,407535.28125,Abuja,False,Onitsha,Onitsha,winning,False,541.5,7.0,False
2026-02-01,17,TraderAgent,Abuja,3,20.0,25786.986328125,453514.25,Abuja,False,Onitsha,Abuja,winning,False,541.5,11.0,False
2026-02-01,18,TraderAgent,Abuja,0,759.677734375,27848.490234375,490737.53125,Abuja,False,Onitsha,Onitsha,winning,False,570.0,14.0,False
2026-02-01,19,TraderAgent,Abuja,3,20.0,10292.03515625,472407.46875,Abuja,False,Onitsha,Onitsha,winning,False,541.5,6.0,False
2026-02-01,20,TraderAgent,Abuja,0,1509.677734375,17584.50390625,487814.46875,Abuja,False,Onitsha,Abuja,winning,False,570.0,12.0,False
2026-02-01,21,BuyerAgent,Abuja,0,0.0,7702.79833984375,,,,,,,,,,
2026-02-01,22,BuyerAgent,Abuja,1,0.0,3608.297119140625,,,,,,,,,,
2026-02-01,23,BuyerAgent,Abuja,2,0.0,5586.64794921875,,,,,,,,,,
2026-02-01,24,BuyerAgent,Abuja,2,0.0,3148.8974609375,,,,,,,,,,
2026-02-01,25,BuyerAgent,Abuja,0,0.0,4253.76513671875,,,,,,,,,,
2026-02-01,26,BuyerAgent,Abuja,2,0.0,4125.212890625,,,,,,,,,,
2026-02-01,27,BuyerAgent,Abuja,2,0.0,1560.6744384765625,,,,,,,,,,
2026-02-01,28,BuyerAgent,Abuja,1,0.0,4395.45947265625,,,,,,,,,,
2026-02-01,29,BuyerAgent,Abuja,1,0.0,2809.705078125,,,,,,,,,,
2026-02-01,30,BuyerAgent,Abuja,0,0.0,3173.771484375,,,,,,,,,,
2026-02-01,31,BuyerAgent,Abuja,1,0.0,1540.009765625,,,,,,,,,,
2026-02-01,32,BuyerAgent,Abuja,1,0.0,277.50579833984375,,,,,,,,,,
2026-02-01,33,BuyerAgent,Abuja,1,0.0,1601.257080078125,,,,,,,,,,
2026-02-01,34,BuyerAgent,Abuja,0,0.0,2627.967529296875,,,,,,,,,,
2026-02-01,35,BuyerAgent,Abuja,1,0.0,1222.862548828125,,,,,,,,,,
2026-02-01,36,BuyerAgent,Abuja,0,0.0,22.862548828125,,,,,,,,,,
2026-02-01,37,BuyerAgent,Abuja,2,0.0,14.522705078125,,,,,,,,,,
2026-02-01,38,BuyerAgent,Abuja,1,0.0,0.0,,,,,,,,,,
2026-02-01,39,BuyerAgent,Abuja,1,0.0,0.0,,,,,,,,,,
2026-02-01,40,BuyerAgent,Abuja,0,0.0,0.0,,,,,,,,,,
2026-02-01,41,BuyerAgent,Abuja,2,0.0,0.0,,,,,,,,,,
2026-02-01,42,BuyerAgent,Abuja,2,0.0,0.0,,,,,,,,,,
2026-02-01,43,BuyerAgent,Abuja,2,0.0,0.0,,,,,,,,,,
2026-02-01,44,BuyerAgent,Abuja,0,0.0,0.0,,,,,,,,,,
2026-02-01,45,BuyerAgent,Abuja,1,0.0,0.0,,,,,,,,,,
2026-02-01,46,BuyerAgent,Abuja,2,0.0,0.0,,,,,,,,,,
2026-02-01,47,BuyerAgent,Abuja,2,0.0,0.0,,,,,,,,,,
2026-02-01,48,BuyerAgent,Abuja,1,0.0,0.0,,,,,,,,,,
2026-02-01,49,BuyerAgent,Abuja,2,0.0,0.0,,,,,,,,,,
2026-02-01,50,BuyerAgent,Abuja,1,0.0,0.0,,,,,,,,,,
2026-02-01,51,TransporterAgent,Abuja,3,50.0,-336.32151316295005,,,,,,,,,,
2026-02-01,52,TransporterAgent,Abuja,3,50.0,-397.9651152358333,,,,,,,,,,
2026-02-01,53,TransporterAgent,Abuja,1,-200.0,-183.17095404248494,,,,,,,,,,
2026-02-01,54,TransporterAgent,Abuja,2,100.0,-840.6269652358334,,,,,,,,,,
2026-02-01,55,TransporterAgent,Abuja,1,-200.0,97.34352027463899,,,,,,,,,,
2026-02-01,56,TransporterAgent,Abuja,2,100.0,-856.1127858333334,,,,,,,,,,
2026-02-01,57,TransporterAgent,Abuja,3,50.0,-378.96191741902516,,,,,,,,,,
2026-02-01,58,TransporterAgent,Abuja,0,16.737395286730898,-385.60495684847854,,,,,,,,,,
2026-02-01,59,TransporterAgent,Abuja,0,16.737395286730898,-307.0548663967691,,,,,,,,,,
2026-02-01,60,TransporterAgent,Abuja,1,-200.0,-573.2061339244349,,,,,,,,,,
2026-02-01,61,BankingAgent,Abuja,1,-2.6500000000000012,-76.27499999999999,,,,,,,,,,
2026-02-01,62,BankingAgent,Abuja,0,-0.0,-56.82500000000001,,,,,,,,,,
2026-02-01,63,BankingAgent,Abuja,0,-0.0,-65.575,,,,,,,,,,
2026-02-01,65,TraderAgent,Bauchi,0,234.11666870117188,6472.17236328125,490103.375,Bauchi,False,Port_Harcourt,Bauchi,winning,False,92.5,12.0,False
2026-02-01,66,TraderAgent,Bauchi,0,0.0,5884.9326171875,355148.125,Bauchi,False,Onitsha,Onitsha,winning,False,95.0,12.0,False
2026-02-01,67,TraderAgent,Bauchi,3,20.0,491.9372172619047,486006.96875,Bauchi,False,Port_Harcourt,Port_Harcourt,winning,False,90.25,1.0,False
2026-02-01,68,TraderAgent,Bauchi,0,0.0,5671.521484375,321761.6875,Bauchi,False,Onitsha,Onitsha,winning,False,95.0,11.0,False
2026-02-01,69,TraderAgent,Bauchi,1,159.40377913059282,4906.4306640625,282327.34375,Onitsha,True,Onitsha,Onitsha,winning,False,95.0,12.0,True
2026-02-01,70,TraderAgent,Bauchi,3,20.0,5752.201171875,465892.46875,Bauchi,False,Onitsha,Onitsha,winning,False,90.25,5.0,False
2026-02-01,71,TraderAgent,Bauchi,1,159.40377913059282,9597.2431640625,396324.03125,Onitsha,True,Onitsha,Onitsha,winning,False,95.0,10.0,True
2026-02-01,72,TraderAgent,Bauchi,1,159.40377913059282,8467.82421875,356985.09375,Onitsha,True,Onitsha,Onitsha,winning,False,92.5,12.0,True
2026-02-01,73,TraderAgent,Bauchi,0,234.11666870117188,8841.408203125,494282.71875,Bauchi,False,Port_Harcourt,Bauchi,winning,False,92.5,16.0,False
2026-02-01,74,TraderAgent,Bauchi,1,159.40377913059282,6296.5390625,301295.4375,Onitsha,True,Onitsha,Onitsha,winning,False,95.0,11.0,True
2026-02-01,75,TraderAgent,Bauchi,0,234.11666870117188,15266.8173828125,514610.90625,Bauchi,False,,Bauchi,winning,False,92.5,24.0,False
2026-02-01,76,TraderAgent,Bauchi,0,234.11666870117188,12315.873046875,445105.71875,Bauchi,False,Onitsha,Bauchi,winning,False,92.5,20.0,False
2026-02-01,77,TraderAgent,Bauchi,3,20.0,3926.48876953125,422949.15625,Bauchi,False,Onitsha,Onitsha,winning,False,90.25,8.0,False
2026-02-01,78,TraderAgent,Bauchi,3,20.0,475.25,499975.25,Bauchi,False,,,winning,False,85.5,0.0,False
2026-02-01,79,TraderAgent,Bauchi,3,20.0,560.4256592592593,484280.8125,Bauchi,False,Port_Harcourt,Port_Harcourt,winning,False,90.25,1.0,False
2026-02-01,80,TraderAgent,Bauchi,0,234.11666870117188,15588.3701171875,514974.71875,Bauchi,False,,Bauchi,winning,False,92.5,24.0,False
2026-02-01,81,TraderAgent,Bauchi,1,159.40377913059282,4984.63427734375,360042.8125,Onitsha,True,Onitsha,Onitsha,winning,False,95.0,11.0,True
2026-02-01,82,TraderAgent,Bauchi,0,246.61666870117188,3204.677734375,445025.6875,Bauchi,False,Onitsha,Bauchi,winning,False,95.0,6.0,False
2026-02-01,83,TraderAgent,Bauchi,0,234.11666870117188,15250.5673828125,514584.625,Bauchi,False,,Bauchi,winning,False,92.5,24.0,False
2026-02-01,84,TraderAgent,Bauchi,3,20.0,5147.76123046875,418366.03125,Bauchi,False,Onitsha,Onitsha,winning,False,90.25,7.0,False
2026-02-01,85,BuyerAgent,Bauchi,1,15.883331298828125,2218.97900390625,,,,,,,,,,
2026-02-01,86,BuyerAgent,Bauchi,0,15.883331298828125,2165.5673828125,,,,,,,,,,
2026-02-01,87,BuyerAgent,Bauchi,0,15.883331298828125,2165.5673828125,,,,,,,,,,
2026-02-01,88,BuyerAgent,Bauchi,0,15.883331298828125,1275.52978515625,,,,,,,,,,
2026-02-01,89,BuyerAgent,Bauchi,0,15.883331298828125,2016.30615234375,,,,,,,,,,
2026-02-01,90,BuyerAgent,Bauchi,0,15.883331298828125,496.42547607421875,,,,,,,,,,
2026-02-01,91,BuyerAgent,Bauchi,1,3.383331298828125,151.23001098632812,,,,,,,,,,
2026-02-01,92,BuyerAgent,Bauchi,0,3.383331298828125,175.27862548828125,,,,,,,,,,
2026-02-01,93,BuyerAgent,Bauchi,2,0.0,162.94525146484375,,,,,,,,,,
2026-02-01,94,BuyerAgent,Bauchi,1,3.383331298828125,158.34320068359375,,,,,,,,,,
2026-02-01,95,BuyerAgent,Bauchi,0,0.0,170.05844116210938,,,,,,,,,,
2026-02-01,96,BuyerAgent,Bauchi,1,0.0,166.78421020507812,,,,,,,,,,
2026-02-01,97,BuyerAgent,Bauchi,1,0.0,18.372802734375,,,,,,,,,,
2026-02-01,98,BuyerAgent,Bauchi,0,0.0,0.0,,,,,,,,,,
2026-02-01,99,BuyerAgent,Bauchi,1,0.0,0.0,,,,,,,,,,
2026-02-01,100,BuyerAgent,Bauchi,2,0.0,0.0,,,,,,,,,,
2026-02-01,101,BuyerAgent,Bauchi,2,0.0,0.0,,,,,,,,,,
2026-02-01,102,BuyerAgent,Bauchi,0,0.0,0.0,,,,,,,,,,
2026-02-01,103,BuyerAgent,Bauchi,1,0.0,0.0,,,,,,,,,,
2026-02-01,104,BuyerAgent,Bauchi,2,0.0,0.0,,,,,,,,,,
2026-02-01,105,BuyerAgent,Bauchi,1,0.0,0.0,,,,,,,,,,
2026-02-01,106,BuyerAgent,Bauchi,0,0.0,0.0,,,,,,,,,,
2026-02-01,107,BuyerAgent,Bauchi,0,0.0,0.0,,,,,,,,,,
2026-02-01,108,BuyerAgent,Bauchi,2,0.0,0.0,,,,,,,,,,
2026-02-01,109,BuyerAgent,Bauchi,0,0.0,0.0,,,,,,,,,,
2026-02-01,110,BuyerAgent,Bauchi,1,0.0,0.0,,,,,,,,,,
2026-02-01,111,BuyerAgent,Bauchi,2,0.0,0.0,,,,,,,,,,
2026-02-01,112,BuyerAgent,Bauchi,0,0.0,0.0,,,,,,,,,,
2026-02-01,113,BuyerAgent,Bauchi,0,0.0,0.0,,,,,,,,,,
2026-02-01,114,BuyerAgent,Bauchi,1,0.0,0.0,,,,,,,,,,
2026-02-01,115,TransporterAgent,Bauchi,0,7.1326748230679184,-527.0708936239338,,,,,,,,,,
2026-02-01,116,TransporterAgent,Bauchi,0,7.1326748230679184,-782.4376746517606,,,,,,,,,,
2026-02-01,117,TransporterAgent,Bauchi,3,50.0,1100.0,,,,,,,,,,
2026-02-01,118,TransporterAgent,Bauchi,3,50.0,660.0357142857142,,,,,,,,,,
2026-02-01,119,TransporterAgent,Bauchi,0,7.1326748230679184,-796.8242657914182,,,,,,,,,,
2026-02-01,120,TransporterAgent,Bauchi,3,50.0,1050.0,,,,,,,,,,
2026-02-01,121,TransporterAgent,Bauchi,0,7.1326748230679184,-1241.5447844128296,,,,,,,,,,
2026-02-01,122,TransporterAgent,Bauchi,3,50.0,-80.71964285714284,,,,,,,,,,
2026-02-01,123,TransporterAgent,Bauchi,3,50.0,813.8485449735449,,,,,,,,,,
2026-02-01,124,TransporterAgent,Bauchi,3,50.0,478.42849206349206,,,,,,,,,,
2026-02-01,125,BankingAgent,Bauchi,0,-0.0,-19.075000000000003,,,,,,,,,,
2026-02-01,126,BankingAgent,Bauchi,0,-0.0,-13.275,,,,,,,,,,
2026-02-01,127,BankingAgent,Bauchi,0,-0.0,-18.45,,,,,,,,,,
2026-02-01,129,TraderAgent,Kano,4,-10.0,2024.3746337890625,449905.375,Kano,False,Onitsha,Kano,winning,False,95.0,8.0,False
2026-02-01,130,TraderAgent,Kano,3,20.0,2078.388671875,450653.4375,Kano,False,Onitsha,Kano,winning,False,87.88,7.0,False
2026-02-01,131,TraderAgent,Kano,0,248.14979553222656,1504.0281982421875,445182.03125,Kano,False,Onitsha,Kano,winning,False,95.0,7.0,False
2026-02-01,132,TraderAgent,Kano,2,-26.5,3341.26171875,462478.90625,Kano,False,Onitsha,Onitsha,winning,False,95.0,11.0,False
2026-02-01,133,TraderAgent,Kano,1,152.44867645714285,4061.229736328125,403137.875,Onitsha,True,Onitsha,Onitsha,winning,False,95.0,10.0,True
2026-02-01,134,TraderAgent,Kano,1,152.44867645714285,3060.728759765625,415783.8125,Onitsha,True,Onitsha,Onitsha,winning,False,95.0,12.0,True
2026-02-01,135,TraderAgent,Kano,2,-26.5,1766.07763671875,460976.125,Kano,False,Onitsha,Kano,winning,False,92.5,9.0,False
2026-02-01,136,TraderAgent,Kano,4,-10.0,2241.63818359375,481421.375,Kano,False,Onitsha,Kano,winning,False,92.5,7.0,False
2026-02-01,137,TraderAgent,Kano,4,-10.0,2047.609375,446080.3125,Kano,False,Onitsha,Onitsha,winning,False,95.0,8.0,False
2026-02-01,138,TraderAgent,Kano,3,20.0,906.5469970703125,449362.375,Kano,False,Onitsha,Onitsha,winning,False,90.25,6.0,False
2026-02-01,139,TraderAgent,Kano,0,0.0,4317.67236328125,448390.5625,Kano,False,Onitsha,Onitsha,winning,False,95.0,9.0,False
2026-02-01,140,TraderAgent,Kano,0,0.0,866.9358520507812,446047.1875,Kano,False,Onitsha,Onitsha,winning,False,95.0,4.0,False
2026-02-01,141,TraderAgent,Kano,3,20.0,4894.26708984375,463571.09375,Kano,False,Onitsha,Onitsha,winning,False,90.25,10.0,False
2026-02-01,142,TraderAgent,Kano,2,-26.5,2780.796875,494625.375,Kano,False,Bauchi,Kano,winning,False,92.5,9.0,False
2026-02-01,143,TraderAgent,Kano,3,20.0,1717.28466796875,465223.375,Kano,False,Onitsha,Kano,winning,False,90.25,7.0,False
2026-02-01,144,TraderAgent,Kano,4,-10.0,1413.3297119140625,448485.3125,Kano,False,Onitsha,Kano,winning,False,95.0,6.0,False
2026-02-01,145,TraderAgent,Kano,2,-26.5,1733.997802734375,405985.8125,Kano,False,Onitsha,Onitsha,winning,False,95.0,11.0,False
2026-02-01,146,TraderAgent,Kano,0,0.0,863.3960571289062,427042.625,Kano,False,Onitsha,Onitsha,winning,False,95.0,6.0,False
2026-02-01,147,TraderAgent,Kano,3,20.0,1475.1708984375,425237.96875,Kano,False,Onitsha,Onitsha,winning,False,90.25,9.0,False
2026-02-01,148,TraderAgent,Kano,3,20.0,2703.134033203125,466779.53125,Kano,False,Onitsha,Kano,winning,False,90.25,8.0,False
2026-02-01,149,BuyerAgent,Kano,0,1.8502044677734375,1152.3187255859375,,,,,,,,,,
2026-02-01,150,BuyerAgent,Kano,0,1.8502044677734375,1073.3941650390625,,,,,,,,,,
2026-02-01,151,BuyerAgent,Kano,2,0.0,784.57177734375,,,,,,,,,,
2026-02-01,152,BuyerAgent,Kano,1,1.8502044677734375,520.651611328125,,,,,,,,,,
2026-02-01,153,BuyerAgent,Kano,1,1.8502044677734375,127.33558654785156,,,,,,,,,,
2026-02-01,154,BuyerAgent,Kano,2,0.0,44.14466857910156,,,,,,,,,,
2026-02-01,155,BuyerAgent,Kano,1,0.0,299.302001953125,,,,,,,,,,
2026-02-01,156,BuyerAgent,Kano,1,0.0,85.5718994140625,,,,,,,,,,
2026-02-01,157,BuyerAgent,Kano,0,0.0,294.51806640625,,,,,,,,,,
2026-02-01,158,BuyerAgent,Kano,0,0.0,10.207595825195312,,,,,,,,,,
2026-02-01,159,BuyerAgent,Kano,0,0.0,284.98779296875,,,,,,,,,,
2026-02-01,160,BuyerAgent,Kano,2,0.0,280.76080322265625,,,,,,,,,,
2026-02-01,161,BuyerAgent,Kano,0,0.0,44.01397705078125,,,,,,,,,,
2026-02-01,162,BuyerAgent,Kano,2,0.0,3.052215576171875,,,,,,,,,,
2026-02-01,163,BuyerAgent,Kano,0,0.0,3.052215576171875,,,,,,,,,,
2026-02-01,164,BuyerAgent,Kano,2,0.0,3.052215576171875,,,,,,,,,,
2026-02-01,165,BuyerAgent,Kano,1,0.0,0.0,,,,,,,,,,
2026-02-01,166,BuyerAgent,Kano,0,0.0,0.0,,,,,,,,,,
2026-02-01,167,BuyerAgent,Kano,2,0.0,0.0,,,,,,,,,,
2026-02-01,168,BuyerAgent,Kano,2,0.0,0.0,,,,,,,,,,
2026-02-01,169,BuyerAgent,Kano,2,0.0,0.0,,,,,,,,,,
2026-02-01,170,BuyerAgent,Kano,1,0.0,0.0,,,,,,,,,,
2026-02-01,171,BuyerAgent,Kano,1,0.0,0.0,,,,,,,,,,
2026-02-01,172,BuyerAgent,Kano,0,0.0,0.0,,,,,,,,,,
2026-02-01,173,BuyerAgent,Kano,0,0.0,0.0,,,,,,,,,,
2026-02-01,174,BuyerAgent,Kano,1,0.0,0.0,,,,,,,,,,
2026-02-01,175,BuyerAgent,Kano,2,0.0,0.0,,,,,,,,,,
2026-02-01,176,BuyerAgent,Kano,2,0.0,0.0,,,,,,,,,,
2026-02-01,177,BuyerAgent,Kano,1,0.0,0.0,,,,,,,,,,
2026-02-01,178,BuyerAgent,Kano,2,0.0,0.0,,,,,,,,,,
2026-02-01,179,TransporterAgent,Kano,3,50.0,372.9543936640713,,,,,,,,,,
2026-02-01,180,TransporterAgent,Kano,2,100.0,367.402,,,,,,,,,,
2026-02-01,181,TransporterAgent,Kano,0,5.98421055164984,-1000.7485918975609,,,,,,,,,,
2026-02-01,182,TransporterAgent,Kano,0,5.98421055164984,-699.6651110881545,,,,,,,,,,
2026-02-01,183,TransporterAgent,Kano,3,50.0,65.73004387301586,,,,,,,,,,
2026-02-01,184,TransporterAgent,Kano,0,5.98421055164984,-1232.8310776730075,,,,,,,,,,
2026-02-01,185,TransporterAgent,Kano,3,50.0,-631.168795116901,,,,,,,,,,
2026-02-01,186,TransporterAgent,Kano,0,5.98421055164984,-379.9877877742859,,,,,,,,,,
2026-02-01,187,TransporterAgent,Kano,2,100.0,-1533.5,,,,,,,,,,
2026-02-01,188,TransporterAgent,Kano,1,-200.0,-567.01574664903,,,,,,,,,,
2026-02-01,189,BankingAgent,Kano,1,-2.6500000000000012,-49.550000000000004,,,,,,,,,,
2026-02-01,190,BankingAgent,Kano,0,-0.0,-65.75000000000001,,,,,,,,,,
2026-02-01,191,BankingAgent,Kano,0,-0.0,-68.175,,,,,,,,,,
2026-02-01,193,TraderAgent,Lagos,0,1632.774658203125,32148.984375,503274.96875,Lagos,False,Onitsha,Lagos,winning,False,647.5,10.0,False
2026-02-01,194,TraderAgent,Lagos,0,1520.274658203125,17805.482421875,501069.09375,Lagos,False,Onitsha,Lagos,winning,False,625.0,8.0,False
2026-02-01,195,TraderAgent,Lagos,0,1632.774658203125,25330.013671875,502534.53125,Lagos,False,Onitsha,Lagos,winning,False,647.5,10.0,False
2026-02-01,196,TraderAgent,Lagos,0,1632.774658203125,27940.576171875,486777.15625,Lagos,False,Onitsha,Onitsha,winning,False,647.5,9.0,False
2026-02-01,197,TraderAgent,Lagos,1,163.04457569813385,14569.97265625,432188.8125,Onitsha,True,Onitsha,Onitsha,winning,False,625.0,8.0,True
2026-02-01,198,TraderAgent,Lagos,0,1632.774658203125,35457.0625,488809.53125,Lagos,False,Onitsha,Onitsha,winning,False,647.5,11.0,False
2026-02-01,199,TraderAgent,Lagos,0,1632.774658203125,25821.931640625,502285.03125,Lagos,False,Onitsha,Lagos,winning,False,647.5,9.0,False
2026-02-01,200,TraderAgent,Lagos,4,-10.0,19110.091796875,496611.6875,Lagos,False,Onitsha,Lagos,winning,False,647.5,8.0,False
2026-02-01,201,TraderAgent,Lagos,1,163.04457569813385,21972.25390625,492607.40625,Onitsha,True,Onitsha,Onitsha,winning,False,625.0,6.0,True
2026-02-01,202,TraderAgent,Lagos,4,-10.0,30646.12109375,501510.90625,Lagos,False,Onitsha,Lagos,winning,False,647.5,10.0,False
2026-02-01,203,TraderAgent,Lagos,0,1632.774658203125,16827.517578125,492709.6875,Lagos,False,Onitsha,Onitsha,winning,False,647.5,5.0,False
2026-02-01,204,TraderAgent,Lagos,3,20.0,33095.37890625,439347.15625,Lagos,False,Onitsha,Onitsha,winning,False,615.12,10.0,False
2026-02-01,205,TraderAgent,Lagos,1,163.04457569813385,16612.9609375,481744.625,Onitsha,True,Onitsha,Onitsha,winning,False,647.5,7.0,True
2026-02-01,206,TraderAgent,Lagos,2,-33.5225,28140.38671875,492753.28125,Lagos,False,Onitsha,Onitsha,winning,False,647.5,10.0,False
2026-02-01,207,TraderAgent,Lagos,1,163.04457569813385,27639.818359375,433158.40625,Onitsha,True,Onitsha,Onitsha,winning,False,625.0,10.0,True
2026-02-01,208,TraderAgent,Lagos,0,1632.774658203125,28320.705078125,487262.28125,Lagos,False,Onitsha,Onitsha,winning,False,647.5,8.0,False
2026-02-01,209,TraderAgent,Lagos,2,-33.5225,27200.52734375,498878.75,Lagos,False,Onitsha,Lagos,winning,False,647.5,10.0,False
2026-02-01,210,TraderAgent,Lagos,4,-10.0,37300.09765625,497249.375,Lagos,False,Onitsha,Onitsha,winning,False,647.5,10.0,False
2026-02-01,211,TraderAgent,Lagos,2,-33.5225,16855.3828125,500137.53125,Lagos,False,Onitsha,Lagos,winning,False,602.5,7.0,False
2026-02-01,212,TraderAgent,Lagos,1,163.04457569813385,29357.30078125,482289.09375,Onitsha,True,Onitsha,Onitsha,winning,False,647.5,8.0,True
2026-02-01,213,BuyerAgent,Lagos,1,229.725341796875,7861.6064453125,,,,,,,,,,
2026-02-01,214,BuyerAgent,Lagos,1,117.225341796875,5000.2314453125,,,,,,,,,,
2026-02-01,215,BuyerAgent,Lagos,2,0.0,3763.40625,,,,,,,,,,
2026-02-01,216,BuyerAgent,Lagos,1,117.225341796875,5384.8916015625,,,,,,,,,,
2026-02-01,217,BuyerAgent,Lagos,1,117.225341796875,3483.709716796875,,,,,,,,,,
2026-02-01,218,BuyerAgent,Lagos,2,0.0,3981.96337890625,,,,,,,,,,
2026-02-01,219,BuyerAgent,Lagos,0,117.225341796875,3995.458740234375,,,,,,,,,,
2026-02-01,220,BuyerAgent,Lagos,2,0.0,4529.5341796875,,,,,,,,,,
2026-02-01,221,BuyerAgent,Lagos,2,0.0,3145.08544921875,,,,,,,,,,
2026-02-01,222,BuyerAgent,Lagos,2,0.0,3200.612060546875,,,,,,,,,,
2026-02-01,223,BuyerAgent,Lagos,1,117.225341796875,2813.983154296875,,,,,,,,,,
2026-02-01,224,BuyerAgent,Lagos,0,117.225341796875,2604.268310546875,,,,,,,,,,
2026-02-01,225,BuyerAgent,Lagos,1,117.225341796875,1533.9874267578125,,,,,,,,,,
2026-02-01,226,BuyerAgent,Lagos,2,0.0,733.3868408203125,,,,,,,,,,
2026-02-01,227,BuyerAgent,Lagos,1,0.0,0.0,,,,,,,,,,
2026-02-01,228,BuyerAgent,Lagos,1,0.0,0.0,,,,,,,,,,
2026-02-01,229,BuyerAgent,Lagos,1,0.0,0.0,,,,,,,,,,
2026-02-01,230,BuyerAgent,Lagos,1,0.0,0.0,,,,,,,,,,
2026-02-01,231,BuyerAgent,Lagos,0,0.0,0.0,,,,,,,,,,
2026-02-01,232,BuyerAgent,Lagos,2,0.0,0.0,,,,,,,,,,
2026-02-01,233,BuyerAgent,Lagos,2,0.0,0.0,,,,,,,,,,
2026-02-01,234,BuyerAgent,Lagos,2,0.0,0.0,,,,,,,,,,
2026-02-01,235,BuyerAgent,Lagos,1,0.0,0.0,,,,,,,,,,
2026-02-01,236,BuyerAgent,Lagos,0,0.0,0.0,,,,,,,,,,
2026-02-01,237,BuyerAgent,Lagos,1,0.0,0.0,,,,,,,,,,
2026-02-01,238,BuyerAgent,Lagos,0,0.0,0.0,,,,,,,,,,
2026-02-01,239,BuyerAgent,Lagos,2,0.0,0.0,,,,,,,,,,
2026-02-01,240,BuyerAgent,Lagos,2,0.0,0.0,,,,,,,,,,
2026-02-01,241,BuyerAgent,Lagos,0,0.0,0.0,,,,,,,,,,
2026-02-01,242,BuyerAgent,Lagos,1,0.0,0.0,,,,,,,,,,
2026-02-01,243,TransporterAgent,Lagos,3,50.0,-506.1683953517104,,,,,,,,,,
2026-02-01,244,TransporterAgent,Lagos,3,50.0,-1075.118076118,,,,,,,,,,
2026-02-01,245,TransporterAgent,Lagos,2,-50.0,-849.7301330243115,,,,,,,,,,
2026-02-01,246,TransporterAgent,Lagos,3,50.0,-1154.196480744784,,,,,,,,,,
2026-02-01,247,TransporterAgent,Lagos,2,-50.0,-1536.2107606576205,,,,,,,,,,
2026-02-01,248,TransporterAgent,Lagos,0,13.3175326246027,-697.6987706885351,,,,,,,,,,
2026-02-01,249,TransporterAgent,Lagos,0,13.3175326246027,-995.2395055099396,,,,,,,,,,
2026-02-01,250,TransporterAgent,Lagos,0,13.3175326246027,19.478956998468796,,,,,,,,,,
2026-02-01,251,TransporterAgent,Lagos,1,-200.0,-717.3632088869999,,,,,,,,,,
2026-02-01,252,TransporterAgent,Lagos,2,-50.0,-952.1220410272554,,,,,,,,,,
2026-02-01,253,BankingAgent,Lagos,0,-0.0,-77.35000000000001,,,,,,,,,,
2026-02-01,254,BankingAgent,Lagos,1,-2.6500000000000012,-50.42500000000001,,,,,,,,,,
2026-02-01,255,BankingAgent,Lagos,1,-2.6500000000000012,-76.425,,,,,,,,,,
2026-02-01,257,TraderAgent,Onitsha,3,20.0,12607.09375,479794.96875,Onitsha,False,Lagos,Lagos,winning,False,593.75,10.0,False
2026-02-01,258,TraderAgent,Onitsha,1,151.9079069767442,10102.5048828125,482041.84375,Lagos,True,Lagos,Lagos,winning,False,602.5,7.0,True
2026-02-01,259,TraderAgent,Onitsha,0,1633.331298828125,19719.8828125,470426.75,Onitsha,False,Lagos,Onitsha,winning,False,647.5,15.0,False
2026-02-01,260,TraderAgent,Onitsha,3,20.0,4382.6982421875,465153.25,Onitsha,False,Lagos,Onitsha,winning,False,615.12,7.0,False
2026-02-01,261,TraderAgent,Onitsha,2,-22.98875,31936.755859375,509955.53125,Onitsha,False,Lagos,Onitsha,winning,False,647.5,13.0,False
2026-02-01,262,TraderAgent,Onitsha,0,1520.831298828125,8528.6015625,464856.25,Onitsha,False,Lagos,Onitsha,winning,False,625.0,8.0,False
2026-02-01,263,TraderAgent,Onitsha,1,151.9079069767442,9789.4228515625,454443.15625,Lagos,True,Lagos,Lagos,winning,False,647.5,9.0,True
2026-02-01,264,TraderAgent,Onitsha,0,1720.831298828125,8475.5654296875,481818.0,Onitsha,False,Lagos,Onitsha,winning,False,665.0,8.0,False
2026-02-01,265,TraderAgent,Onitsha,2,-22.98875,10352.9072265625,484390.90625,Onitsha,False,Lagos,Onitsha,winning,False,647.5,10.0,False
2026-02-01,266,TraderAgent,Onitsha,0,1633.331298828125,30159.34765625,515625.90625,Onitsha,False,Lagos,Onitsha,winning,False,647.5,12.0,False
2026-02-01,267,TraderAgent,Onitsha,1,151.9079069767442,21982.8671875,485579.8125,Lagos,True,Lagos,Lagos,winning,False,625.0,6.0,True
2026-02-01,268,TraderAgent,Onitsha,1,151.9079069767442,27199.73046875,472783.53125,Lagos,True,Lagos,Lagos,winning,False,647.5,11.0,True
2026-02-01,269,TraderAgent,Onitsha,1,151.9079069767442,15296.4658203125,471289.71875,Lagos,True,Lagos,Lagos,winning,False,647.5,12.0,True
2026-02-01,270,TraderAgent,Onitsha,0,1720.831298828125,6454.2802734375,453663.8125,Onitsha,False,Lagos,Onitsha,winning,False,665.0,9.0,False
2026-02-01,271,TraderAgent,Onitsha,3,20.0,16205.5625,501551.375,Onitsha,False,Lagos,Onitsha,winning,False,615.12,11.0,False
2026-02-01,272,TraderAgent,Onitsha,0,1633.331298828125,12722.0693359375,490061.625,Onitsha,False,Lagos,Lagos,winning,False,647.5,9.0,False
2026-02-01,273,TraderAgent,Onitsha,3,20.0,8485.162109375,491164.125,Onitsha,False,Lagos,Lagos,winning,False,593.75,6.0,False
2026-02-01,274,TraderAgent,Onitsha,0,1633.331298828125,8916.8818359375,467708.625,Onitsha,False,Lagos,Lagos,winning,False,647.5,9.0,False
2026-02-01,275,TraderAgent,Onitsha,2,-22.98875,6636.03759765625,452184.09375,Onitsha,False,Lagos,Lagos,winning,False,625.0,8.0,False
2026-02-01,276,TraderAgent,Onitsha,4,-10.0,7935.6640625,451402.09375,Onitsha,False,Lagos,Onitsha,winning,False,647.5,9.0,False
2026-02-01,277,BuyerAgent,Onitsha,0,229.168701171875,4500.40625,,,,,,,,,,
2026-02-01,278,BuyerAgent,Onitsha,1,116.668701171875,1913.3062744140625,,,,,,,,,,
2026-02-01,279,BuyerAgent,Onitsha,0,116.668701171875,3591.09423828125,,,,,,,,,,
2026-02-01,280,BuyerAgent,Onitsha,1,116.668701171875,3073.364501953125,,,,,,,,,,
2026-02-01,281,BuyerAgent,Onitsha,0,116.668701171875,2597.95703125,,,,,,,,,,
2026-02-01,282,BuyerAgent,Onitsha,0,29.168701171875,920.8282470703125,,,,,,,,,,
2026-02-01,283,BuyerAgent,Onitsha,0,29.168701171875,624.915771484375,,,,,,,,,,
2026-02-01,284,BuyerAgent,Onitsha,0,0.0,677.7337646484375,,,,,,,,,,
2026-02-01,285,BuyerAgent,Onitsha,1,0.0,201.7938232421875,,,,,,,,,,
2026-02-01,286,BuyerAgent,Onitsha,0,0.0,242.9315185546875,,,,,,,,,,
2026-02-01,287,BuyerAgent,Onitsha,0,0.0,173.84185791015625,,,,,,,,,,
2026-02-01,288,BuyerAgent,Onitsha,2,0.0,140.49896240234375,,,,,,,,,,
2026-02-01,289,BuyerAgent,Onitsha,1,0.0,71.62933349609375,,,,,,,,,,
2026-02-01,290,BuyerAgent,Onitsha,1,0.0,29.35943603515625,,,,,,,,,,
2026-02-01,291,BuyerAgent,Onitsha,0,0.0,14.669189453125,,,,,,,,,,
2026-02-01,292,BuyerAgent,Onitsha,2,0.0,18.4869384765625,,,,,,,,,,
2026-02-01,293,BuyerAgent,Onitsha,0,0.0,18.4869384765625,,,,,,,,,,
2026-02-01,294,BuyerAgent,Onitsha,2,0.0,0.0,,,,,,,,,,
2026-02-01,295,BuyerAgent,Onitsha,0,0.0,0.0,,,,,,,,,,
2026-02-01,296,BuyerAgent,Onitsha,2,0.0,0.0,,,,,,,,,,
2026-02-01,297,BuyerAgent,Onitsha,2,0.0,0.0,,,,,,,,,,
2026-02-01,298,BuyerAgent,Onitsha,1,0.0,0.0,,,,,,,,,,
2026-02-01,299,BuyerAgent,Onitsha,0,0.0,0.0,,,,,,,,,,
2026-02-01,300,BuyerAgent,Onitsha,1,0.0,0.0,,,,,,,,,,
2026-02-01,301,BuyerAgent,Onitsha,1,0.0,0.0,,,,,,,,,,
2026-02-01,302,BuyerAgent,Onitsha,1,0.0,0.0,,,,,,,,,,
2026-02-01,303,BuyerAgent,Onitsha,0,0.0,0.0,,,,,,,,,,
2026-02-01,304,BuyerAgent,Onitsha,2,0.0,0.0,,,,,,,,,,
2026-02-01,305,BuyerAgent,Onitsha,0,0.0,0.0,,,,,,,,,,
2026-02-01,306,BuyerAgent,Onitsha,2,0.0,0.0,,,,,,,,,,
2026-02-01,307,TransporterAgent,Onitsha,0,11.52476022727276,-49.31719352526856,,,,,,,,,,
2026-02-01,308,TransporterAgent,Onitsha,1,-200.0,170.98024127429028,,,,,,,,,,
2026-02-01,309,TransporterAgent,Onitsha,2,100.0,395.84827380820917,,,,,,,,,,
2026-02-01,310,TransporterAgent,Onitsha,3,50.0,180.61624994873227,,,,,,,,,,
2026-02-01,311,TransporterAgent,Onitsha,0,11.52476022727276,-260.9102874165317,,,,,,,,,,
2026-02-01,312,TransporterAgent,Onitsha,0,11.52476022727276,-668.0060869225999,,,,,,,,,,
2026-02-01,313,TransporterAgent,Onitsha,3,50.0,323.89625245937225,,,,,,,,,,
2026-02-01,314,TransporterAgent,Onitsha,3,50.0,567.3172795108725,,,,,,,,,,
2026-02-01,315,TransporterAgent,Onitsha,2,100.0,568.0999593763487,,,,,,,,,,
2026-02-01,316,TransporterAgent,Onitsha,2,100.0,-761.6653702595502,,,,,,,,,,
2026-02-01,317,BankingAgent,Onitsha,1,-2.6500000000000012,-60.20000000000002,,,,,,,,,,
2026-02-01,318,BankingAgent,Onitsha,1,-2.6500000000000012,-73.62500000000001,,,,,,,,,,
2026-02-01,319,BankingAgent,Onitsha,2,-1.3250000000000006,-69.82500000000003,,,,,,,,,,
2026-02-01,321,TraderAgent,Port_Harcourt,3,20.0,41621.33984375,531266.1875,Port_Harcourt,False,Onitsha,Port_Harcourt,winning,False,1416.69,9.0,False
2026-02-01,322,TraderAgent,Port_Harcourt,1,142.2239855410177,61511.21484375,539004.5,Onitsha,True,Onitsha,Onitsha,winning,False,1277.5,9.0,True
2026-02-01,323,TraderAgent,Port_Harcourt,0,9406.4765625,58559.23828125,546083.3125,Port_Harcourt,False,Onitsha,Onitsha,winning,False,1277.5,10.0,False
2026-02-01,324,TraderAgent,Port_Harcourt,3,20.0,20318.91796875,517795.40625,Port_Harcourt,False,Onitsha,Onitsha,winning,False,1235.0,5.0,False
2026-02-01,325,TraderAgent,Port_Harcourt,0,2656.47705078125,53305.1640625,542505.4375,Port_Harcourt,False,Onitsha,Port_Harcourt,winning,False,1277.5,11.0,False
2026-02-01,326,TraderAgent,Port_Harcourt,1,142.2239855410177,42740.12890625,524580.4375,Onitsha,True,Onitsha,Onitsha,winning,False,1277.5,7.0,True
2026-02-01,327,TraderAgent,Port_Harcourt,0,9406.4765625,48036.07421875,538065.25,Port_Harcourt,False,Onitsha,Onitsha,winning,False,1277.5,9.0,False
2026-02-01,328,TraderAgent,Port_Harcourt,3,20.0,61979.10546875,548069.625,Port_Harcourt,False,Onitsha,Port_Harcourt,winning,False,1416.69,10.0,False
2026-02-01,329,TraderAgent,Port_Harcourt,1,142.2239855410177,27001.939453125,511246.1875,Onitsha,True,Onitsha,Onitsha,winning,False,1491.25,6.0,True
2026-02-01,330,TraderAgent,Port_Harcourt,1,142.2239855410177,55388.5078125,537218.125,Onitsha,True,Onitsha,Onitsha,winning,False,1491.25,12.0,True
2026-02-01,331,TraderAgent,Port_Harcourt,0,9406.4765625,55362.3046875,539701.125,Port_Harcourt,False,Onitsha,Onitsha,winning,False,1277.5,9.0,False
2026-02-01,332,TraderAgent,Port_Harcourt,0,3725.22705078125,39004.8359375,485619.53125,Port_Harcourt,False,Onitsha,Port_Harcourt,winning,False,1491.25,9.0,False
2026-02-01,333,TraderAgent,Port_Harcourt,3,20.0,45752.0859375,533056.625,Port_Harcourt,False,Onitsha,Onitsha,winning,False,1213.62,6.0,False
2026-02-01,334,TraderAgent,Port_Harcourt,4,-10.0,64864.6484375,550412.1875,Port_Harcourt,False,Onitsha,Onitsha,winning,False,1277.5,9.0,False
2026-02-01,335,TraderAgent,Port_Harcourt,0,3781.47705078125,35900.078125,531317.5,Port_Harcourt,False,Onitsha,Port_Harcourt,winning,False,1502.5,9.0,False
2026-02-01,336,TraderAgent,Port_Harcourt,0,9406.4765625,60804.5703125,547616.75,Port_Harcourt,False,Onitsha,Onitsha,winning,False,1277.5,13.0,False
2026-02-01,337,TraderAgent,Port_Harcourt,2,-22.98875,45008.95703125,532278.5625,Port_Harcourt,False,Onitsha,Onitsha,winning,False,1277.5,8.0,False
2026-02-01,338,TraderAgent,Port_Harcourt,0,9406.4765625,55480.37890625,497279.4375,Port_Harcourt,False,Onitsha,Onitsha,winning,False,1277.5,12.0,False
2026-02-01,339,TraderAgent,Port_Harcourt,1,142.2239855410177,30404.064453125,514372.03125,Onitsha,True,Onitsha,Onitsha,winning,False,1277.5,7.0,True
2026-02-01,340,TraderAgent,Port_Harcourt,0,3725.22705078125,49239.38671875,539892.6875,Port_Harcourt,False,Onitsha,Port_Harcourt,winning,False,1491.25,10.0,False
2026-02-01,341,BuyerAgent,Port_Harcourt,2,0.0,17405.68359375,,,,,,,,,,
2026-02-01,342,BuyerAgent,Port_Harcourt,2,0.0,24461.060546875,,,,,,,,,,
2026-02-01,343,BuyerAgent,Port_Harcourt,0,1343.52294921875,18632.20703125,,,,,,,,,,
2026-02-01,344,BuyerAgent,Port_Harcourt,1,1343.52294921875,11417.724609375,,,,,,,,,,
2026-02-01,345,BuyerAgent,Port_Harcourt,0,1343.52294921875,26183.166015625,,,,,,,,,,
2026-02-01,346,BuyerAgent,Port_Harcourt,1,1343.52294921875,17971.685546875,,,,,,,,,,
2026-02-01,347,BuyerAgent,Port_Harcourt,2,0.0,19559.462890625,,,,,,,,,,
2026-02-01,348,BuyerAgent,Port_Harcourt,2,0.0,12585.220703125,,,,,,,,,,
2026-02-01,349,BuyerAgent,Port_Harcourt,1,1343.52294921875,13601.32421875,,,,,,,,,,
2026-02-01,350,BuyerAgent,Port_Harcourt,0,1343.52294921875,8590.34765625,,,,,,,,,,
2026-02-01,351,BuyerAgent,Port_Harcourt,1,274.77294921875,5888.2236328125,,,,,,,,,,
2026-02-01,352,BuyerAgent,Port_Harcourt,2,0.0,4208.8505859375,,,,,,,,,,
2026-02-01,353,BuyerAgent,Port_Harcourt,0,274.77294921875,3214.13525390625,,,,,,,,,,
2026-02-01,354,BuyerAgent,Port_Harcourt,2,0.0,4015.13232421875,,,,,,,,,,
2026-02-01,355,BuyerAgent,Port_Harcourt,2,0.0,1446.8182373046875,,,,,,,,,,
2026-02-01,356,BuyerAgent,Port_Harcourt,0,218.52294921875,218.52294921875,,,,,,,,,,
2026-02-01,357,BuyerAgent,Port_Harcourt,0,0.0,1090.977783203125,,,,,,,,,,
2026-02-01,358,BuyerAgent,Port_Harcourt,2,0.0,715.977783203125,,,,,,,,,,
2026-02-01,359,BuyerAgent,Port_Harcourt,1,0.0,715.977783203125,,,,,,,,,,
2026-02-01,360,BuyerAgent,Port_Harcourt,2,0.0,715.977783203125,,,,,,,,,,
2026-02-01,361,BuyerAgent,Port_Harcourt,2,0.0,0.0,,,,,,,,,,
2026-02-01,362,BuyerAgent,Port_Harcourt,2,0.0,184.0081787109375,,,,,,,,,,
2026-02-01,363,BuyerAgent,Port_Harcourt,2,0.0,0.0,,,,,,,,,,
2026-02-01,364,BuyerAgent,Port_Harcourt,0,0.0,0.0,,,,,,,,,,
2026-02-01,365,BuyerAgent,Port_Harcourt,0,0.0,0.0,,,,,,,,,,
2026-02-01,366,BuyerAgent,Port_Harcourt,0,0.0,0.0,,,,,,,,,,
2026-02-01,367,BuyerAgent,Port_Harcourt,2,0.0,0.0,,,,,,,,,,
2026-02-01,368,BuyerAgent,Port_Harcourt,0,0.0,0.0,,,,,,,,,,
2026-02-01,369,BuyerAgent,Port_Harcourt,2,0.0,0.0,,,,,,,,,,
2026-02-01,370,BuyerAgent,Port_Harcourt,1,0.0,0.0,,,,,,,,,,
2026-02-01,371,TransporterAgent,Port_Harcourt,2,100.0,-563.1921629645309,,,,,,,,,,
2026-02-01,372,TransporterAgent,Port_Harcourt,3,50.0,-190.85803081035067,,,,,,,,,,
2026-02-01,373,TransporterAgent,Port_Harcourt,2,100.0,763.2656949890725,,,,,,,,,,
2026-02-01,374,TransporterAgent,Port_Harcourt,3,50.0,-572.203904040404,,,,,,,,,,
2026-02-01,375,TransporterAgent,Port_Harcourt,0,9.680118997765703,-109.94723895677976,,,,,,,,,,
2026-02-01,376,TransporterAgent,Port_Harcourt,3,50.0,-1107.2237752079018,,,,,,,,,,
2026-02-01,377,TransporterAgent,Port_Harcourt,0,9.680118997765703,-344.1409015564553,,,,,,,,,,
2026-02-01,378,TransporterAgent,Port_Harcourt,0,9.680118997765703,-288.43347086290527,,,,,,,,,,
2026-02-01,379,TransporterAgent,Port_Harcourt,0,9.680118997765703,-616.6191514130207,,,,,,,,,,
2026-02-01,380,TransporterAgent,Port_Harcourt,0,9.680118997765703,-420.4347345755357,,,,,,,,,,
2026-02-01,381,BankingAgent,Port_Harcourt,0,-0.0,-52.52500000000001,,,,,,,,,,
2026-02-01,382,BankingAgent,Port_Harcourt,0,-0.0,-44.15000000000002,,,,,,,,,,
2026-02-01,383,BankingAgent,Port_Harcourt,2,-1.3250000000000006,-51.225000000000016,,,,,,,,,,
2026-03-01,1,TraderAgent,Abuja,0,4331.765625,22474.875,484719.4375,Abuja,False,Onitsha,Onitsha,winning,False,857.5,9.0,False
2026-03-01,2,TraderAgent,Abuja,1,157.8987468019415,20978.208984375,421108.46875,Onitsha,True,Onitsha,Onitsha,winning,False,857.5,6.0,True
2026-03-01,3,TraderAgent,Abuja,0,4331.765625,21693.0,474720.09375,Abuja,False,Onitsha,Onitsha,winning,False,857.5,11.0,False
2026-03-01,4,TraderAgent,Abuja,0,2081.765625,36452.25,473344.625,Abuja,False,Onitsha,Abuja,winning,False,857.5,14.0,False
2026-03-01,5,TraderAgent,Abuja,2,-26.5,18047.498046875,482042.53125,Abuja,False,Onitsha,Onitsha,winning,False,857.5,7.0,False
2026-03-01,6,TraderAgent,Abuja,3,20.0,19928.240234375,484600.59375,Abuja,False,Onitsha,Abuja,winning,False,793.25,8.0,False
2026-03-01,7,TraderAgent,Abuja,0,4331.765625,39940.19921875,409736.25,Abuja,False,Onitsha,Onitsha,winning,False,857.5,15.0,False
2026-03-01,8,TraderAgent,Abuja,3,20.0,30979.373046875,476526.40625,Abuja,False,Onitsha,Abuja,winning,False,814.62,13.0,False
2026-03-01,9,TraderAgent,Abuja,0,4331.765625,16752.26171875,428778.25,Abuja,False,Onitsha,Onitsha,winning,False,857.5,9.0,False
2026-03-01,10,TraderAgent,Abuja,1,157.8987468019415,22690.44921875,449427.5625,Onitsha,True,Onitsha,Onitsha,winning,False,835.0,11.0,True
2026-03-01,11,TraderAgent,Abuja,4,-10.0,25795.962890625,481315.1875,Abuja,False,Onitsha,Onitsha,winning,False,857.5,8.0,False
2026-03-01,12,TraderAgent,Abuja,0,4331.765625,18831.75,473780.125,Abuja,False,Onitsha,Onitsha,winning,False,857.5,8.0,False
2026-03-01,13,TraderAgent,Abuja,3,20.0,19044.935546875,491934.28125,Abuja,False,Onitsha,Onitsha,winning,False,814.62,8.0,False
2026-03-01,14,TraderAgent,Abuja,0,2081.765625,8845.86328125,480416.3125,Abuja,False,Onitsha,Abuja,winning,False,857.5,7.0,False
2026-03-01,15,TraderAgent,Abuja,3,20.0,24493.27734375,488746.71875,Abuja,False,Onitsha,Abuja,winning,False,793.25,11.0,False
2026-03-01,16,TraderAgent,Abuja,3,20.0,13147.904296875,407535.28125,Abuja,False,Onitsha,Onitsha,winning,False,814.62,7.0,False
2026-03-01,17,TraderAgent,Abuja,4,-10.0,25776.986328125,453514.25,Abuja,False,Onitsha,Abuja,winning,False,857.5,11.0,False
2026-03-01,18,TraderAgent,Abuja,2,-26.5,27821.990234375,490711.03125,Abuja,False,Onitsha,Onitsha,winning,False,857.5,14.0,False
2026-03-01,19,TraderAgent,Abuja,1,157.8987468019415,10449.93359375,456322.03125,Onitsha,True,Onitsha,Onitsha,winning,False,857.5,6.0,True
2026-03-01,20,TraderAgent,Abuja,0,1969.2657470703125,19553.76953125,489757.25,Abuja,False,Onitsha,Abuja,winning,False,835.0,13.0,False
2026-03-01,21,BuyerAgent,Abuja,1,530.7342529296875,8233.5322265625,,,,,,,,,,
2026-03-01,22,BuyerAgent,Abuja,0,418.2342529296875,4026.53125,,,,,,,,,,
2026-03-01,23,BuyerAgent,Abuja,2,0.0,5586.64794921875,,,,,,,,,,
2026-03-01,24,BuyerAgent,Abuja,0,418.2342529296875,3567.1318359375,,,,,,,,,,
2026-03-01,25,BuyerAgent,Abuja,1,418.2342529296875,4671.99951171875,,,,,,,,,,
2026-03-01,26,BuyerAgent,Abuja,2,0.0,4125.212890625,,,,,,,,,,
2026-03-01,27,BuyerAgent,Abuja,1,418.2342529296875,1978.90869140625,,,,,,,,,,
2026-03-01,28,BuyerAgent,Abuja,1,418.2342529296875,4813.69384765625,,,,,,,,,,
2026-03-01,29,BuyerAgent,Abuja,1,418.2342529296875,3227.939453125,,,,,,,,,,
2026-03-01,30,BuyerAgent,Abuja,2,0.0,3173.771484375,,,,,,,,,,
2026-03-01,31,BuyerAgent,Abuja,0,418.2342529296875,1958.2440185546875,,,,,,,,,,
2026-03-01,32,BuyerAgent,Abuja,2,0.0,277.50579833984375,,,,,,,,,,
2026-03-01,33,BuyerAgent,Abuja,2,0.0,1601.257080078125,,,,,,,,,,
2026-03-01,34,BuyerAgent,Abuja,1,0.0,2627.967529296875,,,,,,,,,,
2026-03-01,35,BuyerAgent,Abuja,1,0.0,1222.862548828125,,,,,,,,,,
2026-03-01,36,BuyerAgent,Abuja,0,0.0,22.862548828125,,,,,,,,,,
2026-03-01,37,BuyerAgent,Abuja,2,0.0,14.522705078125,,,,,,,,,,
2026-03-01,38,BuyerAgent,Abuja,1,0.0,0.0,,,,,,,,,,
2026-03-01,39,BuyerAgent,Abuja,0,0.0,0.0,,,,,,,,,,
2026-03-01,40,BuyerAgent,Abuja,2,0.0,0.0,,,,,,,,,,
2026-03-01,41,BuyerAgent,Abuja,2,0.0,0.0,,,,,,,,,,
2026-03-01,42,BuyerAgent,Abuja,2,0.0,0.0,,,,,,,,,,
2026-03-01,43,BuyerAgent,Abuja,0,0.0,0.0,,,,,,,,,,
2026-03-01,44,BuyerAgent,Abuja,1,0.0,0.0,,,,,,,,,,
2026-03-01,45,BuyerAgent,Abuja,1,0.0,0.0,,,,,,,,,,
2026-03-01,46,BuyerAgent,Abuja,2,0.0,0.0,,,,,,,,,,
2026-03-01,47,BuyerAgent,Abuja,0,0.0,0.0,,,,,,,,,,
2026-03-01,48,BuyerAgent,Abuja,1,0.0,0.0,,,,,,,,,,
2026-03-01,49,BuyerAgent,Abuja,2,0.0,0.0,,,,,,,,,,
2026-03-01,50,BuyerAgent,Abuja,1,0.0,0.0,,,,,,,,,,
2026-03-01,51,TransporterAgent,Abuja,1,-200.0,-536.32151316295,,,,,,,,,,
2026-03-01,52,TransporterAgent,Abuja,1,-200.0,-597.9651152358333,,,,,,,,,,
2026-03-01,53,TransporterAgent,Abuja,2,100.0,-83.17095404248494,,,,,,,,,,
2026-03-01,54,TransporterAgent,Abuja,0,16.669737471315493,-823.9572277645179,,,,,,,,,,
2026-03-01,55,TransporterAgent,Abuja,3,50.0,147.343520274639,,,,,,,,,,
2026-03-01,56,TransporterAgent,Abuja,0,16.669737471315493,-839.443048362018,,,,,,,,,,
2026-03-01,57,TransporterAgent,Abuja,3,50.0,-328.96191741902516,,,,,,,,,,
2026-03-01,58,TransporterAgent,Abuja,0,16.669737471315493,-368.93521937716304,,,,,,,,,,
2026-03-01,59,TransporterAgent,Abuja,1,-200.0,-507.0548663967691,,,,,,,,,,
2026-03-01,60,TransporterAgent,Abuja,3,50.0,-523.2061339244349,,,,,,,,,,
2026-03-01,61,BankingAgent,Abuja,0,-0.0,-76.27499999999999,,,,,,,,,,
2026-03-01,62,BankingAgent,Abuja,1,-2.6500000000000012,-62.12500000000001,,,,,,,,,,
2026-03-01,63,BankingAgent,Abuja,0,-0.0,-65.575,,,,,,,,,,
2026-03-01,65,TraderAgent,Bauchi,3,20.0,6492.17236328125,490103.375,Bauchi,False,Port_Harcourt,Bauchi,winning,False,101.17,12.0,False
2026-03-01,66,TraderAgent,Bauchi,1,154.98087462584417,6039.91357421875,338041.4375,Onitsha,True,Onitsha,Onitsha,winning,False,114.0,12.0,True
2026-03-01,67,TraderAgent,Bauchi,3,20.0,511.9372172619047,486006.96875,Bauchi,False,Port_Harcourt,Port_Harcourt,winning,False,108.3,1.0,False
2026-03-01,68,TraderAgent,Bauchi,1,154.98087462584417,5826.50244140625,304655.0,Onitsha,True,Onitsha,Onitsha,winning,False,114.0,11.0,True
2026-03-01,69,TraderAgent,Bauchi,0,0.0,4906.4306640625,283514.625,Bauchi,False,Onitsha,Onitsha,winning,False,114.0,13.0,False
2026-03-01,70,TraderAgent,Bauchi,1,154.98087462584417,5907.18212890625,448785.8125,Onitsha,True,Onitsha,Onitsha,winning,False,114.0,5.0,True
2026-03-01,71,TraderAgent,Bauchi,0,0.0,9597.2431640625,397511.3125,Bauchi,False,Onitsha,Onitsha,winning,False,114.0,11.0,False
2026-03-01,72,TraderAgent,Bauchi,0,0.0,8467.82421875,358172.375,Bauchi,False,Onitsha,Onitsha,winning,False,114.0,13.0,False
2026-03-01,73,TraderAgent,Bauchi,0,249.7931671142578,9091.201171875,494506.0,Bauchi,False,Port_Harcourt,Bauchi,winning,False,106.5,17.0,False
2026-03-01,74,TraderAgent,Bauchi,0,0.0,6296.5390625,302482.71875,Bauchi,False,Onitsha,Onitsha,winning,False,114.0,12.0,False
2026-03-01,75,TraderAgent,Bauchi,0,249.7931671142578,15516.6103515625,514834.1875,Bauchi,False,,Bauchi,winning,False,106.5,25.0,False
2026-03-01,76,TraderAgent,Bauchi,0,249.7931671142578,12565.666015625,445329.0,Bauchi,False,Onitsha,Bauchi,winning,False,106.5,21.0,False
2026-03-01,77,TraderAgent,Bauchi,3,20.0,3946.48876953125,422949.15625,Bauchi,False,Onitsha,Onitsha,winning,False,108.3,8.0,False
2026-03-01,78,TraderAgent,Bauchi,3,20.0,495.25,499975.25,Bauchi,False,,,winning,False,102.6,0.0,False
2026-03-01,79,TraderAgent,Bauchi,3,20.0,580.4256592592593,484280.8125,Bauchi,False,Port_Harcourt,Port_Harcourt,winning,False,108.3,1.0,False
2026-03-01,80,TraderAgent,Bauchi,0,249.7931671142578,15838.1630859375,515198.0,Bauchi,False,,Bauchi,winning,False,106.5,25.0,False
2026-03-01,81,TraderAgent,Bauchi,0,0.0,4984.63427734375,361230.09375,Bauchi,False,Onitsha,Onitsha,winning,False,114.0,12.0,False
2026-03-01,82,TraderAgent,Bauchi,3,20.0,3224.677734375,445025.6875,Bauchi,False,Onitsha,Bauchi,winning,False,101.17,6.0,False
2026-03-01,83,TraderAgent,Bauchi,0,249.7931671142578,15500.3603515625,514807.90625,Bauchi,False,,Bauchi,winning,False,106.5,25.0,False
2026-03-01,84,TraderAgent,Bauchi,1,154.98087462584417,5302.7421875,401259.375,Onitsha,True,Onitsha,Onitsha,winning,False,114.0,7.0,True
2026-03-01,85,BuyerAgent,Bauchi,1,50.20683288574219,2269.185791015625,,,,,,,,,,
2026-03-01,86,BuyerAgent,Bauchi,0,50.20683288574219,2215.774169921875,,,,,,,,,,
2026-03-01,87,BuyerAgent,Bauchi,0,50.20683288574219,2215.774169921875,,,,,,,,,,
2026-03-01,88,BuyerAgent,Bauchi,0,50.20683288574219,1325.736572265625,,,,,,,,,,
2026-03-01,89,BuyerAgent,Bauchi,0,50.20683288574219,2066.512939453125,,,,,,,,,,
2026-03-01,90,BuyerAgent,Bauchi,0,12.706832885742188,509.13232421875,,,,,,,,,,
2026-03-01,91,BuyerAgent,Bauchi,1,12.706832885742188,163.9368438720703,,,,,,,,,,
2026-03-01,92,BuyerAgent,Bauchi,0,12.706832885742188,187.98545837402344,,,,,,,,,,
2026-03-01,93,BuyerAgent,Bauchi,0,12.706832885742188,175.65208435058594,,,,,,,,,,
2026-03-01,94,BuyerAgent,Bauchi,2,0.0,158.34320068359375,,,,,,,,,,
2026-03-01,95,BuyerAgent,Bauchi,0,12.706832885742188,182.76527404785156,,,,,,,,,,
2026-03-01,96,BuyerAgent,Bauchi,0,0.0,166.78421020507812,,,,,,,,,,
2026-03-01,97,BuyerAgent,Bauchi,1,0.0,18.372802734375,,,,,,,,,,
2026-03-01,98,BuyerAgent,Bauchi,2,0.0,0.0,,,,,,,,,,
2026-03-01,99,BuyerAgent,Bauchi,2,0.0,0.0,,,,,,,,,,
2026-03-01,100,BuyerAgent,Bauchi,2,0.0,0.0,,,,,,,,,,
2026-03-01,101,BuyerAgent,Bauchi,2,0.0,0.0,,,,,,,,,,
2026-03-01,102,BuyerAgent,Bauchi,0,0.0,0.0,,,,,,,,,,
2026-03-01,103,BuyerAgent,Bauchi,1,0.0,0.0,,,,,,,,,,
2026-03-01,104,BuyerAgent,Bauchi,1,0.0,0.0,,,,,,,,,,
2026-03-01,105,BuyerAgent,Bauchi,0,0.0,0.0,,,,,,,,,,
2026-03-01,106,BuyerAgent,Bauchi,0,0.0,0.0,,,,,,,,,,
2026-03-01,107,BuyerAgent,Bauchi,1,0.0,0.0,,,,,,,,,,
2026-03-01,108,BuyerAgent,Bauchi,0,0.0,0.0,,,,,,,,,,
2026-03-01,109,BuyerAgent,Bauchi,0,0.0,0.0,,,,,,,,,,
2026-03-01,110,BuyerAgent,Bauchi,1,0.0,0.0,,,,,,,,,,
2026-03-01,111,BuyerAgent,Bauchi,2,0.0,0.0,,,,,,,,,,
2026-03-01,112,BuyerAgent,Bauchi,0,0.0,0.0,,,,,,,,,,
2026-03-01,113,BuyerAgent,Bauchi,1,0.0,0.0,,,,,,,,,,
2026-03-01,114,BuyerAgent,Bauchi,1,0.0,0.0,,,,,,,,,,
2026-03-01,115,TransporterAgent,Bauchi,0,4.182766428923787,-522.88812719501,,,,,,,,,,
2026-03-01,116,TransporterAgent,Bauchi,0,4.182766428923787,-778.2549082228369,,,,,,,,,,
2026-03-01,117,TransporterAgent,Bauchi,3,50.0,1150.0,,,,,,,,,,
2026-03-01,118,TransporterAgent,Bauchi,3,50.0,710.0357142857142,,,,,,,,,,
2026-03-01,119,TransporterAgent,Bauchi,0,4.182766428923787,-792.6414993624944,,,,,,,,,,
2026-03-01,120,TransporterAgent,Bauchi,3,50.0,1100.0,,,,,,,,,,
2026-03-01,121,TransporterAgent,Bauchi,0,4.182766428923787,-1237.3620179839058,,,,,,,,,,
2026-03-01,122,TransporterAgent,Bauchi,3,50.0,-30.719642857142844,,,,,,,,,,
2026-03-01,123,TransporterAgent,Bauchi,3,50.0,863.8485449735449,,,,,,,,,,
2026-03-01,124,TransporterAgent,Bauchi,3,50.0,528.4284920634921,,,,,,,,,,
2026-03-01,125,BankingAgent,Bauchi,0,-0.0,-19.075000000000003,,,,,,,,,,
2026-03-01,126,BankingAgent,Bauchi,0,-0.0,-13.275,,,,,,,,,,
2026-03-01,127,BankingAgent,Bauchi,0,-0.0,-18.45,,,,,,,,,,
2026-03-01,129,TraderAgent,Kano,3,20.0,2044.3746337890625,449905.375,Kano,False,Onitsha,Kano,winning,False,90.25,8.0,False
2026-03-01,130,TraderAgent,Kano,2,-26.5,2051.888671875,450626.90625,Kano,False,Onitsha,Kano,winning,False,92.5,7.0,False
2026-03-01,131,TraderAgent,Kano,4,-10.0,1494.0281982421875,445182.03125,Kano,False,Onitsha,Kano,winning,False,92.5,7.0,False
2026-03-01,132,TraderAgent,Kano,2,-26.5,3314.76171875,462452.40625,Kano,False,Onitsha,Onitsha,winning,False,95.0,11.0,False
2026-03-01,133,TraderAgent,Kano,0,0.0,4061.229736328125,404135.40625,Kano,False,Onitsha,Onitsha,winning,False,95.0,11.0,False
2026-03-01,134,TraderAgent,Kano,0,0.0,3060.728759765625,416781.375,Kano,False,Onitsha,Onitsha,winning,False,95.0,13.0,False
2026-03-01,135,TraderAgent,Kano,1,143.24205606516293,1909.3197021484375,439760.84375,Onitsha,True,Onitsha,Onitsha,winning,False,92.5,9.0,True
2026-03-01,136,TraderAgent,Kano,1,143.24205606516293,2384.880126953125,460206.09375,Onitsha,True,Onitsha,Onitsha,winning,False,92.5,7.0,True
2026-03-01,137,TraderAgent,Kano,0,247.54287719726562,2295.15234375,446301.375,Kano,False,Onitsha,Kano,winning,False,95.0,9.0,False
2026-03-01,138,TraderAgent,Kano,3,20.0,926.5469970703125,449362.375,Kano,False,Onitsha,Onitsha,winning,False,90.25,6.0,False
2026-03-01,139,TraderAgent,Kano,3,20.0,4337.67236328125,448390.5625,Kano,False,Onitsha,Onitsha,winning,False,90.25,9.0,False
2026-03-01,140,TraderAgent,Kano,2,-26.5,840.4358520507812,446020.71875,Kano,False,Onitsha,Onitsha,winning,False,95.0,4.0,False
2026-03-01,141,TraderAgent,Kano,2,-26.5,4867.76708984375,463544.5625,Kano,False,Onitsha,Onitsha,winning,False,95.0,10.0,False
2026-03-01,142,TraderAgent,Kano,1,143.24205606516293,2924.038818359375,473410.09375,Onitsha,True,Onitsha,Onitsha,winning,False,92.5,9.0,True
2026-03-01,143,TraderAgent,Kano,2,-26.5,1690.78466796875,465196.875,Kano,False,Onitsha,Kano,winning,False,95.0,7.0,False
2026-03-01,144,TraderAgent,Kano,2,-26.5,1386.8297119140625,448458.8125,Kano,False,Onitsha,Kano,winning,False,95.0,6.0,False
2026-03-01,145,TraderAgent,Kano,2,-26.5,1707.497802734375,405959.28125,Kano,False,Onitsha,Onitsha,winning,False,95.0,11.0,False
2026-03-01,146,TraderAgent,Kano,2,-26.5,836.8960571289062,427016.125,Kano,False,Onitsha,Onitsha,winning,False,95.0,6.0,False
2026-03-01,147,TraderAgent,Kano,1,143.24205606516293,1618.4129638671875,404022.6875,Onitsha,True,Onitsha,Onitsha,winning,False,95.0,9.0,True
2026-03-01,148,TraderAgent,Kano,4,-10.0,2693.134033203125,466779.53125,Kano,False,Onitsha,Kano,winning,False,95.0,8.0,False
2026-03-01,149,BuyerAgent,Kano,1,2.457122802734375,1154.77587890625,,,,,,,,,,
2026-03-01,150,BuyerAgent,Kano,0,2.457122802734375,1075.851318359375,,,,,,,,,,
2026-03-01,151,BuyerAgent,Kano,1,2.457122802734375,787.0289306640625,,,,,,,,,,
2026-03-01,152,BuyerAgent,Kano,1,0.0,520.651611328125,,,,,,,,,,
2026-03-01,153,BuyerAgent,Kano,2,0.0,127.33558654785156,,,,,,,,,,
2026-03-01,154,BuyerAgent,Kano,2,0.0,44.14466857910156,,,,,,,,,,
2026-03-01,155,BuyerAgent,Kano,1,0.0,299.302001953125,,,,,,,,,,
2026-03-01,156,BuyerAgent,Kano,0,0.0,85.5718994140625,,,,,,,,,,
2026-03-01,157,BuyerAgent,Kano,0,0.0,294.51806640625,,,,,,,,,,
2026-03-01,158,BuyerAgent,Kano,1,0.0,10.207595825195312,,,,,,,,,,
2026-03-01,159,BuyerAgent,Kano,0,0.0,284.98779296875,,,,,,,,,,
2026-03-01,160,BuyerAgent,Kano,1,0.0,280.76080322265625,,,,,,,,,,
2026-03-01,161,BuyerAgent,Kano,2,0.0,44.01397705078125,,,,,,,,,,
2026-03-01,162,BuyerAgent,Kano,1,0.0,3.052215576171875,,,,,,,,,,
2026-03-01,163,BuyerAgent,Kano,1,0.0,3.052215576171875,,,,,,,,,,
2026-03-01,164,BuyerAgent,Kano,0,0.0,3.052215576171875,,,,,,,,,,
2026-03-01,165,BuyerAgent,Kano,0,0.0,0.0,,,,,,,,,,
2026-03-01,166,BuyerAgent,Kano,2,0.0,0.0,,,,,,,,,,
2026-03-01,167,BuyerAgent,Kano,1,0.0,0.0,,,,,,,,,,
2026-03-01,168,BuyerAgent,Kano,0,0.0,0.0,,,,,,,,,,
2026-03-01,169,BuyerAgent,Kano,1,0.0,0.0,,,,,,,,,,
2026-03-01,170,BuyerAgent,Kano,0,0.0,0.0,,,,,,,,,,
2026-03-01,171,BuyerAgent,Kano,0,0.0,0.0,,,,,,,,,,
2026-03-01,172,BuyerAgent,Kano,2,0.0,0.0,,,,,,,,,,
2026-03-01,173,BuyerAgent,Kano,2,0.0,0.0,,,,,,,,,,
2026-03-01,174,BuyerAgent,Kano,2,0.0,0.0,,,,,,,,,,
2026-03-01,175,BuyerAgent,Kano,2,0.0,0.0,,,,,,,,,,
2026-03-01,176,BuyerAgent,Kano,1,0.0,0.0,,,,,,,,,,
2026-03-01,177,BuyerAgent,Kano,1,0.0,0.0,,,,,,,,,,
2026-03-01,178,BuyerAgent,Kano,1,0.0,0.0,,,,,,,,,,
2026-03-01,179,TransporterAgent,Kano,2,100.0,472.9543936640713,,,,,,,,,,
2026-03-01,180,TransporterAgent,Kano,2,100.0,467.402,,,,,,,,,,
2026-03-01,181,TransporterAgent,Kano,3,50.0,-950.7485918975609,,,,,,,,,,
2026-03-01,182,TransporterAgent,Kano,0,7.8988173352464495,-691.766293752908,,,,,,,,,,
2026-03-01,183,TransporterAgent,Kano,2,100.0,165.73004387301586,,,,,,,,,,
2026-03-01,184,TransporterAgent,Kano,0,7.8988173352464495,-1224.9322603377611,,,,,,,,,,
2026-03-01,185,TransporterAgent,Kano,2,100.0,-531.168795116901,,,,,,,,,,
2026-03-01,186,TransporterAgent,Kano,2,100.0,-279.9877877742859,,,,,,,,,,
2026-03-01,187,TransporterAgent,Kano,1,-200.0,-1733.5,,,,,,,,,,
2026-03-01,188,TransporterAgent,Kano,0,7.8988173352464495,-559.1169293137835,,,,,,,,,,
2026-03-01,189,BankingAgent,Kano,2,-1.3250000000000006,-52.20000000000001,,,,,,,,,,
2026-03-01,190,BankingAgent,Kano,2,-1.3250000000000006,-68.40000000000002,,,,,,,,,,
2026-03-01,191,BankingAgent,Kano,0,-0.0,-68.175,,,,,,,,,,
2026-03-01,193,TraderAgent,Lagos,3,20.0,32168.984375,503274.96875,Lagos,False,Onitsha,Lagos,winning,False,814.62,10.0,False
2026-03-01,194,TraderAgent,Lagos,0,1981.4190673828125,19786.90234375,503023.96875,Lagos,False,Onitsha,Lagos,winning,False,857.5,9.0,False
2026-03-01,195,TraderAgent,Lagos,1,162.46866926425827,25492.482421875,489925.125,Onitsha,True,Onitsha,Onitsha,winning,False,857.5,10.0,True
2026-03-01,196,TraderAgent,Lagos,2,-26.5,27914.076171875,486750.625,Lagos,False,Onitsha,Onitsha,winning,False,857.5,9.0,False
2026-03-01,197,TraderAgent,Lagos,0,4231.4189453125,18801.390625,441670.1875,Lagos,False,Onitsha,Onitsha,winning,False,857.5,9.0,False
2026-03-01,198,TraderAgent,Lagos,3,20.0,35477.0625,488809.53125,Lagos,False,Onitsha,Onitsha,winning,False,814.62,11.0,False
2026-03-01,199,TraderAgent,Lagos,4,-10.0,25811.931640625,502285.03125,Lagos,False,Onitsha,Lagos,winning,False,857.5,9.0,False
2026-03-01,200,TraderAgent,Lagos,3,20.0,19130.091796875,496611.6875,Lagos,False,Onitsha,Lagos,winning,False,814.62,8.0,False
2026-03-01,201,TraderAgent,Lagos,0,4231.4189453125,26203.671875,502088.8125,Lagos,False,Onitsha,Onitsha,winning,False,857.5,7.0,False
2026-03-01,202,TraderAgent,Lagos,0,1981.4190673828125,32627.541015625,503465.8125,Lagos,False,Onitsha,Lagos,winning,False,857.5,11.0,False
2026-03-01,203,TraderAgent,Lagos,3,20.0,16847.517578125,492709.6875,Lagos,False,Onitsha,Onitsha,winning,False,814.62,5.0,False
2026-03-01,204,TraderAgent,Lagos,1,162.46866926425827,33257.84765625,426737.75,Onitsha,True,Onitsha,Onitsha,winning,False,857.5,10.0,True
2026-03-01,205,TraderAgent,Lagos,0,4231.4189453125,20844.37890625,491226.03125,Lagos,False,Onitsha,Onitsha,winning,False,857.5,8.0,False
2026-03-01,206,TraderAgent,Lagos,0,1981.4190673828125,30121.806640625,494708.1875,Lagos,False,Onitsha,Lagos,winning,False,857.5,11.0,False
2026-03-01,207,TraderAgent,Lagos,0,4231.4189453125,31871.23828125,442639.8125,Lagos,False,Onitsha,Onitsha,winning,False,857.5,11.0,False
2026-03-01,208,TraderAgent,Lagos,0,1981.4190673828125,30302.125,489217.1875,Lagos,False,Onitsha,Lagos,winning,False,857.5,9.0,False
2026-03-01,209,TraderAgent,Lagos,2,-26.5,27174.02734375,498852.25,Lagos,False,Onitsha,Lagos,winning,False,857.5,10.0,False
2026-03-01,210,TraderAgent,Lagos,2,-26.5,37273.59765625,497222.84375,Lagos,False,Onitsha,Onitsha,winning,False,857.5,10.0,False
2026-03-01,211,TraderAgent,Lagos,0,1756.4190673828125,18611.802734375,501867.4375,Lagos,False,Onitsha,Lagos,winning,False,812.5,8.0,False
2026-03-01,212,TraderAgent,Lagos,0,4231.4189453125,33588.71875,491770.46875,Lagos,False,Onitsha,Onitsha,winning,False,857.5,9.0,False
2026-03-01,213,BuyerAgent,Lagos,2,0.0,7861.6064453125,,,,,,,,,,
2026-03-01,214,BuyerAgent,Lagos,0,743.5809326171875,5743.8125,,,,,,,,,,
2026-03-01,215,BuyerAgent,Lagos,1,518.5809326171875,4281.9873046875,,,,,,,,,,
2026-03-01,216,BuyerAgent,Lagos,1,518.5809326171875,5903.47265625,,,,,,,,,,
2026-03-01,217,BuyerAgent,Lagos,2,0.0,3483.709716796875,,,,,,,,,,
2026-03-01,218,BuyerAgent,Lagos,1,518.5809326171875,4500.54443359375,,,,,,,,,,
2026-03-01,219,BuyerAgent,Lagos,0,518.5809326171875,4514.03955078125,,,,,,,,,,
2026-03-01,220,BuyerAgent,Lagos,1,518.5809326171875,5048.115234375,,,,,,,,,,
2026-03-01,221,BuyerAgent,Lagos,2,0.0,3145.08544921875,,,,,,,,,,
2026-03-01,222,BuyerAgent,Lagos,0,518.5809326171875,3719.19287109375,,,,,,,,,,
2026-03-01,223,BuyerAgent,Lagos,1,518.5809326171875,3332.56396484375,,,,,,,,,,
2026-03-01,224,BuyerAgent,Lagos,2,0.0,2604.268310546875,,,,,,,,,,
2026-03-01,225,BuyerAgent,Lagos,0,518.5809326171875,2052.568359375,,,,,,,,,,
2026-03-01,226,BuyerAgent,Lagos,1,518.5809326171875,1251.9677734375,,,,,,,,,,
2026-03-01,227,BuyerAgent,Lagos,2,0.0,0.0,,,,,,,,,,
2026-03-01,228,BuyerAgent,Lagos,1,0.0,0.0,,,,,,,,,,
2026-03-01,229,BuyerAgent,Lagos,0,0.0,0.0,,,,,,,,,,
2026-03-01,230,BuyerAgent,Lagos,0,0.0,0.0,,,,,,,,,,
2026-03-01,231,BuyerAgent,Lagos,0,0.0,0.0,,,,,,,,,,
2026-03-01,232,BuyerAgent,Lagos,2,0.0,0.0,,,,,,,,,,
2026-03-01,233,BuyerAgent,Lagos,0,0.0,0.0,,,,,,,,,,
2026-03-01,234,BuyerAgent,Lagos,2,0.0,0.0,,,,,,,,,,
2026-03-01,235,BuyerAgent,Lagos,0,0.0,0.0,,,,,,,,,,
2026-03-01,236,BuyerAgent,Lagos,0,0.0,0.0,,,,,,,,,,
2026-03-01,237,BuyerAgent,Lagos,1,0.0,0.0,,,,,,,,,,
2026-03-01,238,BuyerAgent,Lagos,1,0.0,0.0,,,,,,,,,,
2026-03-01,239,BuyerAgent,Lagos,1,0.0,0.0,,,,,,,,,,
2026-03-01,240,BuyerAgent,Lagos,0,0.0,0.0,,,,,,,,,,
2026-03-01,241,BuyerAgent,Lagos,0,0.0,0.0,,,,,,,,,,
2026-03-01,242,BuyerAgent,Lagos,2,0.0,0.0,,,,,,,,,,
2026-03-01,243,TransporterAgent,Lagos,1,-200.0,-706.1683953517104,,,,,,,,,,
2026-03-01,244,TransporterAgent,Lagos,2,100.0,-975.1180761180001,,,,,,,,,,
2026-03-01,245,TransporterAgent,Lagos,3,50.0,-799.7301330243115,,,,,,,,,,
2026-03-01,246,TransporterAgent,Lagos,0,14.844370410287302,-1139.3521103344965,,,,,,,,,,
2026-03-01,247,TransporterAgent,Lagos,0,14.844370410287302,-1521.3663902473331,,,,,,,,,,
2026-03-01,248,TransporterAgent,Lagos,3,50.0,-647.6987706885351,,,,,,,,,,
2026-03-01,249,TransporterAgent,Lagos,1,-200.0,-1195.2395055099396,,,,,,,,,,
2026-03-01,250,TransporterAgent,Lagos,1,-200.0,-180.5210430015312,,,,,,,,,,
2026-03-01,251,TransporterAgent,Lagos,0,14.844370410287302,-702.5188384767126,,,,,,,,,,
2026-03-01,252,TransporterAgent,Lagos,2,100.0,-852.1220410272554,,,,,,,,,,
2026-03-01,253,BankingAgent,Lagos,0,-0.0,-77.35000000000001,,,,,,,,,,
2026-03-01,254,BankingAgent,Lagos,0,-0.0,-50.42500000000001,,,,,,,,,,
2026-03-01,255,BankingAgent,Lagos,0,-0.0,-76.425,,,,,,,,,,
2026-03-01,257,TraderAgent,Onitsha,3,20.0,12627.09375,479794.96875,Onitsha,False,Lagos,Lagos,winning,False,593.75,10.0,False
2026-03-01,258,TraderAgent,Onitsha,0,1633.924560546875,11736.4296875,488925.8125,Onitsha,False,Lagos,Lagos,winning,False,647.5,8.0,False
2026-03-01,259,TraderAgent,Onitsha,4,-10.0,19709.8828125,470426.75,Onitsha,False,Lagos,Onitsha,winning,False,647.5,15.0,False
2026-03-01,260,TraderAgent,Onitsha,0,1633.924560546875,6016.623046875,466760.6875,Onitsha,False,Lagos,Onitsha,winning,False,647.5,8.0,False
2026-03-01,261,TraderAgent,Onitsha,3,20.0,31956.755859375,509955.53125,Onitsha,False,Lagos,Onitsha,winning,False,615.12,13.0,False
2026-03-01,262,TraderAgent,Onitsha,0,1633.924560546875,10162.5263671875,466463.6875,Onitsha,False,Lagos,Onitsha,winning,False,647.5,9.0,False
2026-03-01,263,TraderAgent,Onitsha,0,1633.924560546875,11423.34765625,461327.09375,Onitsha,False,Lagos,Lagos,winning,False,647.5,10.0,False
2026-03-01,264,TraderAgent,Onitsha,3,20.0,8495.5654296875,481818.0,Onitsha,False,Lagos,Onitsha,winning,False,615.12,8.0,False
2026-03-01,265,TraderAgent,Onitsha,0,1633.924560546875,11986.83203125,485998.375,Onitsha,False,Lagos,Onitsha,winning,False,647.5,11.0,False
2026-03-01,266,TraderAgent,Onitsha,3,20.0,30179.34765625,515625.90625,Onitsha,False,Lagos,Onitsha,winning,False,615.12,12.0,False
2026-03-01,267,TraderAgent,Onitsha,0,1633.924560546875,23616.791015625,492463.71875,Onitsha,False,Lagos,Lagos,winning,False,647.5,7.0,False
2026-03-01,268,TraderAgent,Onitsha,0,1633.924560546875,28833.654296875,479667.4375,Onitsha,False,Lagos,Lagos,winning,False,647.5,12.0,False
2026-03-01,269,TraderAgent,Onitsha,0,1633.924560546875,16930.390625,478173.625,Onitsha,False,Lagos,Lagos,winning,False,647.5,13.0,False
2026-03-01,270,TraderAgent,Onitsha,0,1633.924560546875,8088.205078125,455271.1875,Onitsha,False,Lagos,Onitsha,winning,False,647.5,10.0,False
2026-03-01,271,TraderAgent,Onitsha,4,-10.0,16195.5625,501551.375,Onitsha,False,Lagos,Onitsha,winning,False,647.5,11.0,False
2026-03-01,272,TraderAgent,Onitsha,1,140.94038093023255,12863.009765625,473713.8125,Abuja,True,Abuja,Abuja,winning,False,647.5,9.0,True
2026-03-01,273,TraderAgent,Onitsha,3,20.0,8505.162109375,491164.125,Onitsha,False,Lagos,Lagos,winning,False,593.75,6.0,False
2026-03-01,274,TraderAgent,Onitsha,4,-10.0,8906.8818359375,467708.625,Onitsha,False,Lagos,Lagos,winning,False,647.5,9.0,False
2026-03-01,275,TraderAgent,Onitsha,3,20.0,6656.03759765625,452184.09375,Onitsha,False,Lagos,Lagos,winning,False,593.75,8.0,False
2026-03-01,276,TraderAgent,Onitsha,1,140.94038093023255,8076.6044921875,435054.28125,Abuja,True,Abuja,Abuja,winning,False,647.5,9.0,True
2026-03-01,277,BuyerAgent,Onitsha,0,116.075439453125,4616.4814453125,,,,,,,,,,
2026-03-01,278,BuyerAgent,Onitsha,1,116.075439453125,2029.3817138671875,,,,,,,,,,
2026-03-01,279,BuyerAgent,Onitsha,0,116.075439453125,3707.169677734375,,,,,,,,,,
2026-03-01,280,BuyerAgent,Onitsha,1,116.075439453125,3189.43994140625,,,,,,,,,,
2026-03-01,281,BuyerAgent,Onitsha,2,0.0,2597.95703125,,,,,,,,,,
2026-03-01,282,BuyerAgent,Onitsha,1,116.075439453125,1036.9036865234375,,,,,,,,,,
2026-03-01,283,BuyerAgent,Onitsha,0,116.075439453125,740.9912109375,,,,,,,,,,
2026-03-01,284,BuyerAgent,Onitsha,1,116.075439453125,793.8092041015625,,,,,,,,,,
2026-03-01,285,BuyerAgent,Onitsha,1,116.075439453125,317.8692626953125,,,,,,,,,,
2026-03-01,286,BuyerAgent,Onitsha,1,116.075439453125,359.0069580078125,,,,,,,,,,
2026-03-01,287,BuyerAgent,Onitsha,0,0.0,173.84185791015625,,,,,,,,,,
2026-03-01,288,BuyerAgent,Onitsha,0,0.0,140.49896240234375,,,,,,,,,,
2026-03-01,289,BuyerAgent,Onitsha,1,0.0,71.62933349609375,,,,,,,,,,
2026-03-01,290,BuyerAgent,Onitsha,1,0.0,29.35943603515625,,,,,,,,,,
2026-03-01,291,BuyerAgent,Onitsha,1,0.0,14.669189453125,,,,,,,,,,
2026-03-01,292,BuyerAgent,Onitsha,0,0.0,18.4869384765625,,,,,,,,,,
2026-03-01,293,BuyerAgent,Onitsha,0,0.0,18.4869384765625,,,,,,,,,,
2026-03-01,294,BuyerAgent,Onitsha,0,0.0,0.0,,,,,,,,,,
2026-03-01,295,BuyerAgent,Onitsha,0,0.0,0.0,,,,,,,,,,
2026-03-01,296,BuyerAgent,Onitsha,0,0.0,0.0,,,,,,,,,,
2026-03-01,297,BuyerAgent,Onitsha,0,0.0,0.0,,,,,,,,,,
2026-03-01,298,BuyerAgent,Onitsha,2,0.0,0.0,,,,,,,,,,
2026-03-01,299,BuyerAgent,Onitsha,0,0.0,0.0,,,,,,,,,,
2026-03-01,300,BuyerAgent,Onitsha,2,0.0,0.0,,,,,,,,,,
2026-03-01,301,BuyerAgent,Onitsha,0,0.0,0.0,,,,,,,,,,
2026-03-01,302,BuyerAgent,Onitsha,2,0.0,0.0,,,,,,,,,,
2026-03-01,303,BuyerAgent,Onitsha,1,0.0,0.0,,,,,,,,,,
2026-03-01,304,BuyerAgent,Onitsha,2,0.0,0.0,,,,,,,,,,
2026-03-01,305,BuyerAgent,Onitsha,1,0.0,0.0,,,,,,,,,,
2026-03-01,306,BuyerAgent,Onitsha,0,0.0,0.0,,,,,,,,,,
2026-03-01,307,TransporterAgent,Onitsha,2,100.0,50.68280647473144,,,,,,,,,,
2026-03-01,308,TransporterAgent,Onitsha,0,1.4493500000000041,172.4295912742903,,,,,,,,,,
2026-03-01,309,TransporterAgent,Onitsha,3,50.0,445.84827380820917,,,,,,,,,,
2026-03-01,310,TransporterAgent,Onitsha,0,1.4493500000000041,182.06559994873228,,,,,,,,,,
2026-03-01,311,TransporterAgent,Onitsha,0,1.4493500000000041,-259.4609374165317,,,,,,,,,,
2026-03-01,312,TransporterAgent,Onitsha,0,1.4493500000000041,-666.5567369226,,,,,,,,,,
2026-03-01,313,TransporterAgent,Onitsha,0,1.4493500000000041,325.34560245937223,,,,,,,,,,
2026-03-01,314,TransporterAgent,Onitsha,0,1.4493500000000041,568.7666295108725,,,,,,,,,,
2026-03-01,315,TransporterAgent,Onitsha,0,1.4493500000000041,569.5493093763487,,,,,,,,,,
2026-03-01,316,TransporterAgent,Onitsha,0,1.4493500000000041,-760.2160202595502,,,,,,,,,,
2026-03-01,317,BankingAgent,Onitsha,0,-0.0,-60.20000000000002,,,,,,,,,,
2026-03-01,318,BankingAgent,Onitsha,0,-0.0,-73.62500000000001,,,,,,,,,,
2026-03-01,319,BankingAgent,Onitsha,0,-0.0,-69.82500000000003,,,,,,,,,,
2026-03-01,321,TraderAgent,Port_Harcourt,4,-10.0,41611.33984375,531266.1875,Port_Harcourt,False,Onitsha,Port_Harcourt,winning,False,1526.25,9.0,False
2026-03-01,322,TraderAgent,Port_Harcourt,0,9933.1650390625,71444.3828125,554187.6875,Port_Harcourt,False,Onitsha,Onitsha,winning,False,1312.5,10.0,False
2026-03-01,323,TraderAgent,Port_Harcourt,0,2808.165283203125,61367.40234375,548858.0,Port_Harcourt,False,Onitsha,Port_Harcourt,winning,False,1312.5,11.0,False
2026-03-01,324,TraderAgent,Port_Harcourt,0,2920.665283203125,23239.583984375,520682.53125,Port_Harcourt,False,Onitsha,Port_Harcourt,winning,False,1335.0,6.0,False
2026-03-01,325,TraderAgent,Port_Harcourt,0,3820.665283203125,57125.828125,546292.625,Port_Harcourt,False,Onitsha,Port_Harcourt,winning,False,1515.0,12.0,False
2026-03-01,326,TraderAgent,Port_Harcourt,0,9933.1650390625,52673.29296875,539763.625,Port_Harcourt,False,Onitsha,Onitsha,winning,False,1312.5,8.0,False
2026-03-01,327,TraderAgent,Port_Harcourt,4,-10.0,48026.07421875,538065.25,Port_Harcourt,False,Onitsha,Onitsha,winning,False,1312.5,9.0,False
2026-03-01,328,TraderAgent,Port_Harcourt,3,20.0,61999.10546875,548069.625,Port_Harcourt,False,Onitsha,Port_Harcourt,winning,False,1449.94,10.0,False
2026-03-01,329,TraderAgent,Port_Harcourt,0,9933.1650390625,36935.10546875,526429.375,Port_Harcourt,False,Onitsha,Onitsha,winning,False,1312.5,7.0,False
2026-03-01,330,TraderAgent,Port_Harcourt,0,9933.1650390625,65321.671875,552401.3125,Port_Harcourt,False,Onitsha,Onitsha,winning,False,1312.5,13.0,False
2026-03-01,331,TraderAgent,Port_Harcourt,2,-33.5225,55328.78125,539667.625,Port_Harcourt,False,Onitsha,Onitsha,winning,False,1312.5,9.0,False
2026-03-01,332,TraderAgent,Port_Harcourt,1,142.21291192333248,39147.05078125,477155.3125,Onitsha,True,Onitsha,Onitsha,winning,False,1515.0,9.0,True
2026-03-01,333,TraderAgent,Port_Harcourt,3,20.0,45772.0859375,533056.625,Port_Harcourt,False,Onitsha,Onitsha,winning,False,1246.88,6.0,False
2026-03-01,334,TraderAgent,Port_Harcourt,3,20.0,64884.6484375,550412.1875,Port_Harcourt,False,Onitsha,Onitsha,winning,False,1246.88,9.0,False
2026-03-01,335,TraderAgent,Port_Harcourt,0,3820.665283203125,39720.7421875,535104.625,Port_Harcourt,False,Onitsha,Port_Harcourt,winning,False,1515.0,10.0,False
2026-03-01,336,TraderAgent,Port_Harcourt,2,-33.5225,60771.046875,547583.25,Port_Harcourt,False,Onitsha,Onitsha,winning,False,1312.5,13.0,False
2026-03-01,337,TraderAgent,Port_Harcourt,1,142.21291192333248,45151.171875,523814.375,Onitsha,True,Onitsha,Onitsha,winning,False,1312.5,8.0,True
2026-03-01,338,TraderAgent,Port_Harcourt,1,142.21291192333248,55622.59375,488815.1875,Onitsha,True,Onitsha,Onitsha,winning,False,1312.5,12.0,True
2026-03-01,339,TraderAgent,Port_Harcourt,0,9933.1650390625,40337.23046875,529555.1875,Port_Harcourt,False,Onitsha,Onitsha,winning,False,1312.5,8.0,False
2026-03-01,340,TraderAgent,Port_Harcourt,3,20.0,49259.38671875,539892.6875,Port_Harcourt,False,Onitsha,Port_Harcourt,winning,False,1439.25,10.0,False
2026-03-01,341,BuyerAgent,Port_Harcourt,1,1316.834716796875,18722.517578125,,,,,,,,,,
2026-03-01,342,BuyerAgent,Port_Harcourt,2,0.0,24461.060546875,,,,,,,,,,
2026-03-01,343,BuyerAgent,Port_Harcourt,0,1316.834716796875,19949.041015625,,,,,,,,,,
2026-03-01,344,BuyerAgent,Port_Harcourt,2,0.0,11417.724609375,,,,,,,,,,
2026-03-01,345,BuyerAgent,Port_Harcourt,0,1316.834716796875,27500.0,,,,,,,,,,
2026-03-01,346,BuyerAgent,Port_Harcourt,0,1316.834716796875,19288.51953125,,,,,,,,,,
2026-03-01,347,BuyerAgent,Port_Harcourt,2,0.0,19559.462890625,,,,,,,,,,
2026-03-01,348,BuyerAgent,Port_Harcourt,0,1316.834716796875,13902.0556640625,,,,,,,,,,
2026-03-01,349,BuyerAgent,Port_Harcourt,0,1316.834716796875,14918.1591796875,,,,,,,,,,
2026-03-01,350,BuyerAgent,Port_Harcourt,2,0.0,8590.34765625,,,,,,,,,,
2026-03-01,351,BuyerAgent,Port_Harcourt,2,0.0,5888.2236328125,,,,,,,,,,
2026-03-01,352,BuyerAgent,Port_Harcourt,2,0.0,4208.8505859375,,,,,,,,,,
2026-03-01,353,BuyerAgent,Port_Harcourt,0,1204.334716796875,4418.4697265625,,,,,,,,,,
2026-03-01,354,BuyerAgent,Port_Harcourt,1,304.334716796875,4319.466796875,,,,,,,,,,
2026-03-01,355,BuyerAgent,Port_Harcourt,1,304.334716796875,1751.1529541015625,,,,,,,,,,
2026-03-01,356,BuyerAgent,Port_Harcourt,1,0.0,218.52294921875,,,,,,,,,,
2026-03-01,357,BuyerAgent,Port_Harcourt,1,0.0,1090.977783203125,,,,,,,,,,
2026-03-01,358,BuyerAgent,Port_Harcourt,2,0.0,715.977783203125,,,,,,,,,,
2026-03-01,359,BuyerAgent,Port_Harcourt,1,0.0,715.977783203125,,,,,,,,,,
2026-03-01,360,BuyerAgent,Port_Harcourt,0,0.0,715.977783203125,,,,,,,,,,
2026-03-01,361,BuyerAgent,Port_Harcourt,0,0.0,0.0,,,,,,,,,,
2026-03-01,362,BuyerAgent,Port_Harcourt,2,0.0,184.0081787109375,,,,,,,,,,
2026-03-01,363,BuyerAgent,Port_Harcourt,0,0.0,0.0,,,,,,,,,,
2026-03-01,364,BuyerAgent,Port_Harcourt,2,0.0,0.0,,,,,,,,,,
2026-03-01,365,BuyerAgent,Port_Harcourt,2,0.0,0.0,,,,,,,,,,
2026-03-01,366,BuyerAgent,Port_Harcourt,1,0.0,0.0,,,,,,,,,,
2026-03-01,367,BuyerAgent,Port_Harcourt,1,0.0,0.0,,,,,,,,,,
2026-03-01,368,BuyerAgent,Port_Harcourt,0,0.0,0.0,,,,,,,,,,
2026-03-01,369,BuyerAgent,Port_Harcourt,1,0.0,0.0,,,,,,,,,,
2026-03-01,370,BuyerAgent,Port_Harcourt,2,0.0,0.0,,,,,,,,,,
2026-03-01,371,TransporterAgent,Port_Harcourt,2,100.0,-463.1921629645309,,,,,,,,,,
2026-03-01,372,TransporterAgent,Port_Harcourt,2,100.0,-90.85803081035067,,,,,,,,,,
2026-03-01,373,TransporterAgent,Port_Harcourt,3,50.0,813.2656949890725,,,,,,,,,,
2026-03-01,374,TransporterAgent,Port_Harcourt,0,9.556127273274205,-562.6477767671298,,,,,,,,,,
2026-03-01,375,TransporterAgent,Port_Harcourt,3,50.0,-59.947238956779756,,,,,,,,,,
2026-03-01,376,TransporterAgent,Port_Harcourt,1,-200.0,-1307.2237752079018,,,,,,,,,,
2026-03-01,377,TransporterAgent,Port_Harcourt,1,-200.0,-544.1409015564552,,,,,,,,,,
2026-03-01,378,TransporterAgent,Port_Harcourt,2,100.0,-188.43347086290527,,,,,,,,,,
2026-03-01,379,TransporterAgent,Port_Harcourt,1,-200.0,-816.6191514130207,,,,,,,,,,
2026-03-01,380,TransporterAgent,Port_Harcourt,3,50.0,-370.4347345755357,,,,,,,,,,
2026-03-01,381,BankingAgent,Port_Harcourt,1,-2.6500000000000012,-57.82500000000001,,,,,,,,,,
2026-03-01,382,BankingAgent,Port_Harcourt,0,-0.0,-44.15000000000002,,,,,,,,,,
2026-03-01,383,BankingAgent,Port_Harcourt,1,-2.6500000000000012,-56.52500000000001,,,,,,,,,,
2026-04-01,1,TraderAgent,Abuja,0,2097.037353515625,24571.912109375,486782.90625,Abuja,False,Onitsha,Abuja,winning,False,857.5,10.0,False
2026-04-01,2,TraderAgent,Abuja,0,4347.037109375,25325.24609375,430705.53125,Abuja,False,Onitsha,Onitsha,winning,False,857.5,7.0,False
2026-04-01,3,TraderAgent,Abuja,3,20.0,21713.0,474720.09375,Abuja,False,Onitsha,Onitsha,winning,False,814.62,11.0,False
2026-04-01,4,TraderAgent,Abuja,1,146.7400305129457,36598.98828125,456503.625,Onitsha,True,Onitsha,Onitsha,winning,False,925.0,14.0,True
2026-04-01,5,TraderAgent,Abuja,2,-33.5225,18013.974609375,482009.0,Abuja,False,Onitsha,Onitsha,winning,False,857.5,7.0,False
2026-04-01,6,TraderAgent,Abuja,2,-33.5225,19894.716796875,484567.09375,Abuja,False,Onitsha,Abuja,winning,False,835.0,8.0,False
2026-04-01,7,TraderAgent,Abuja,0,2097.037353515625,42037.23828125,411799.75,Abuja,False,Onitsha,Abuja,winning,False,857.5,16.0,False
2026-04-01,8,TraderAgent,Abuja,2,-33.5225,30945.849609375,476492.875,Abuja,False,Onitsha,Abuja,winning,False,857.5,13.0,False
2026-04-01,9,TraderAgent,Abuja,1,146.7400305129457,16899.001953125,411937.25,Onitsha,True,Onitsha,Onitsha,winning,False,857.5,9.0,True
2026-04-01,10,TraderAgent,Abuja,0,4347.037109375,27037.486328125,459024.59375,Abuja,False,Onitsha,Onitsha,winning,False,857.5,12.0,False
2026-04-01,11,TraderAgent,Abuja,2,-33.5225,25762.439453125,481281.6875,Abuja,False,Onitsha,Onitsha,winning,False,857.5,8.0,False
2026-04-01,12,TraderAgent,Abuja,1,146.7400305129457,18978.490234375,456939.125,Onitsha,True,Onitsha,Onitsha,winning,False,857.5,8.0,True
2026-04-01,13,TraderAgent,Abuja,0,2097.037353515625,21141.97265625,493997.8125,Abuja,False,Onitsha,Abuja,winning,False,857.5,9.0,False
2026-04-01,14,TraderAgent,Abuja,3,20.0,8865.86328125,480416.3125,Abuja,False,Onitsha,Abuja,winning,False,878.75,7.0,False
2026-04-01,15,TraderAgent,Abuja,2,-33.5225,24459.75390625,488713.1875,Abuja,False,Onitsha,Abuja,winning,False,835.0,11.0,False
2026-04-01,16,TraderAgent,Abuja,0,2097.037353515625,15244.94140625,409598.8125,Abuja,False,Onitsha,Abuja,winning,False,857.5,8.0,False
2026-04-01,17,TraderAgent,Abuja,1,146.7400305129457,25923.7265625,436673.25,Onitsha,True,Onitsha,Onitsha,winning,False,857.5,11.0,True
2026-04-01,18,TraderAgent,Abuja,2,-33.5225,27788.466796875,490677.53125,Abuja,False,Onitsha,Onitsha,winning,False,857.5,14.0,False
2026-04-01,19,TraderAgent,Abuja,0,4347.037109375,14796.970703125,465919.09375,Abuja,False,Onitsha,Onitsha,winning,False,857.5,7.0,False
2026-04-01,20,TraderAgent,Abuja,3,20.0,19573.76953125,489757.25,Abuja,False,Onitsha,Abuja,winning,False,878.75,13.0,False
2026-04-01,21,BuyerAgent,Abuja,1,402.962646484375,8636.4951171875,,,,,,,,,,
2026-04-01,22,BuyerAgent,Abuja,1,402.962646484375,4429.494140625,,,,,,,,,,
2026-04-01,23,BuyerAgent,Abuja,1,402.962646484375,5989.6103515625,,,,,,,,,,
2026-04-01,24,BuyerAgent,Abuja,2,0.0,3567.1318359375,,,,,,,,,,
2026-04-01,25,BuyerAgent,Abuja,2,0.0,4671.99951171875,,,,,,,,,,
2026-04-01,26,BuyerAgent,Abuja,1,402.962646484375,4528.17578125,,,,,,,,,,
2026-04-01,27,BuyerAgent,Abuja,0,402.962646484375,2381.871337890625,,,,,,,,,,
2026-04-01,28,BuyerAgent,Abuja,1,402.962646484375,5216.65625,,,,,,,,,,
2026-04-01,29,BuyerAgent,Abuja,2,0.0,3227.939453125,,,,,,,,,,
2026-04-01,30,BuyerAgent,Abuja,1,402.962646484375,3576.734130859375,,,,,,,,,,
2026-04-01,31,BuyerAgent,Abuja,2,0.0,1958.2440185546875,,,,,,,,,,
2026-04-01,32,BuyerAgent,Abuja,1,0.0,277.50579833984375,,,,,,,,,,
2026-04-01,33,BuyerAgent,Abuja,1,0.0,1601.257080078125,,,,,,,,,,
2026-04-01,34,BuyerAgent,Abuja,2,0.0,2627.967529296875,,,,,,,,,,
2026-04-01,35,BuyerAgent,Abuja,0,0.0,1222.862548828125,,,,,,,,,,
2026-04-01,36,BuyerAgent,Abuja,0,0.0,22.862548828125,,,,,,,,,,
2026-04-01,37,BuyerAgent,Abuja,2,0.0,14.522705078125,,,,,,,,,,
2026-04-01,38,BuyerAgent,Abuja,1,0.0,0.0,,,,,,,,,,
2026-04-01,39,BuyerAgent,Abuja,0,0.0,0.0,,,,,,,,,,
2026-04-01,40,BuyerAgent,Abuja,0,0.0,0.0,,,,,,,,,,
2026-04-01,41,BuyerAgent,Abuja,2,0.0,0.0,,,,,,,,,,
2026-04-01,42,BuyerAgent,Abuja,2,0.0,0.0,,,,,,,,,,
2026-04-01,43,BuyerAgent,Abuja,2,0.0,0.0,,,,,,,,,,
2026-04-01,44,BuyerAgent,Abuja,0,0.0,0.0,,,,,,,,,,
2026-04-01,45,BuyerAgent,Abuja,1,0.0,0.0,,,,,,,,,,
2026-04-01,46,BuyerAgent,Abuja,1,0.0,0.0,,,,,,,,,,
2026-04-01,47,BuyerAgent,Abuja,1,0.0,0.0,,,,,,,,,,
2026-04-01,48,BuyerAgent,Abuja,0,0.0,0.0,,,,,,,,,,
2026-04-01,49,BuyerAgent,Abuja,0,0.0,0.0,,,,,,,,,,
2026-04-01,50,BuyerAgent,Abuja,1,0.0,0.0,,,,,,,,,,
2026-04-01,51,TransporterAgent,Abuja,3,50.0,-486.32151316295005,,,,,,,,,,
2026-04-01,52,TransporterAgent,Abuja,0,8.139971315499997,-589.8251439203333,,,,,,,,,,
2026-04-01,53,TransporterAgent,Abuja,0,8.139971315499997,-75.03098272698494,,,,,,,,,,
2026-04-01,54,TransporterAgent,Abuja,2,100.0,-723.9572277645179,,,,,,,,,,
2026-04-01,55,TransporterAgent,Abuja,0,8.139971315499997,155.48349159013898,,,,,,,,,,
2026-04-01,56,TransporterAgent,Abuja,3,50.0,-789.443048362018,,,,,,,,,,
2026-04-01,57,TransporterAgent,Abuja,1,-200.0,-528.9619174190252,,,,,,,,,,
2026-04-01,58,TransporterAgent,Abuja,2,100.0,-268.93521937716304,,,,,,,,,,
2026-04-01,59,TransporterAgent,Abuja,1,-200.0,-707.0548663967691,,,,,,,,,,
2026-04-01,60,TransporterAgent,Abuja,0,8.139971315499997,-515.0661626089349,,,,,,,,,,
2026-04-01,61,BankingAgent,Abuja,2,-1.3250000000000006,-78.925,,,,,,,,,,
2026-04-01,62,BankingAgent,Abuja,1,-2.6500000000000012,-67.42500000000001,,,,,,,,,,
2026-04-01,63,BankingAgent,Abuja,1,-2.6500000000000012,-70.87500000000001,,,,,,,,,,
2026-04-01,65,TraderAgent,Bauchi,3,20.0,6512.17236328125,490103.375,Bauchi,False,Port_Harcourt,Bauchi,winning,False,101.17,12.0,False
2026-04-01,66,TraderAgent,Bauchi,0,0.0,6039.91357421875,339242.84375,Bauchi,False,Onitsha,Onitsha,winning,False,114.0,13.0,False
2026-04-01,67,TraderAgent,Bauchi,3,20.0,531.9372172619047,486006.96875,Bauchi,False,Port_Harcourt,Port_Harcourt,winning,False,108.3,1.0,False
2026-04-01,68,TraderAgent,Bauchi,0,0.0,5826.50244140625,305856.40625,Bauchi,False,Onitsha,Onitsha,winning,False,114.0,12.0,False
2026-04-01,69,TraderAgent,Bauchi,1,143.8365979756048,5050.26708984375,265657.4375,Onitsha,True,Onitsha,Onitsha,winning,False,114.0,13.0,True
2026-04-01,70,TraderAgent,Bauchi,0,0.0,5907.18212890625,449987.1875,Bauchi,False,Onitsha,Onitsha,winning,False,114.0,6.0,False
2026-04-01,71,TraderAgent,Bauchi,1,143.8365979756048,9741.080078125,379654.125,Onitsha,True,Onitsha,Onitsha,winning,False,114.0,11.0,True
2026-04-01,72,TraderAgent,Bauchi,1,143.8365979756048,8611.6611328125,340315.1875,Onitsha,True,Onitsha,Onitsha,winning,False,114.0,13.0,True
2026-04-01,73,TraderAgent,Bauchi,0,286.4178466796875,9377.619140625,494765.90625,Bauchi,False,Port_Harcourt,Bauchi,winning,False,111.0,18.0,False
2026-04-01,74,TraderAgent,Bauchi,1,143.8365979756048,6440.37548828125,284625.53125,Onitsha,True,Onitsha,Onitsha,winning,False,114.0,12.0,True
2026-04-01,75,TraderAgent,Bauchi,0,286.4178466796875,15803.0283203125,515094.09375,Bauchi,False,,Bauchi,winning,False,111.0,26.0,False
2026-04-01,76,TraderAgent,Bauchi,0,286.4178466796875,12852.083984375,445588.90625,Bauchi,False,Onitsha,Bauchi,winning,False,111.0,22.0,False
2026-04-01,77,TraderAgent,Bauchi,3,20.0,3966.48876953125,422949.15625,Bauchi,False,Onitsha,Onitsha,winning,False,108.3,8.0,False
2026-04-01,78,TraderAgent,Bauchi,3,20.0,515.25,499975.25,Bauchi,False,,,winning,False,102.6,0.0,False
2026-04-01,79,TraderAgent,Bauchi,3,20.0,600.4256592592593,484280.8125,Bauchi,False,Port_Harcourt,Port_Harcourt,winning,False,108.3,1.0,False
2026-04-01,80,TraderAgent,Bauchi,0,286.4178466796875,16124.5810546875,515457.90625,Bauchi,False,,Bauchi,winning,False,111.0,26.0,False
2026-04-01,81,TraderAgent,Bauchi,1,143.8365979756048,5128.470703125,343372.90625,Onitsha,True,Onitsha,Onitsha,winning,False,114.0,12.0,True
2026-04-01,82,TraderAgent,Bauchi,3,20.0,3244.677734375,445025.6875,Bauchi,False,Onitsha,Bauchi,winning,False,101.17,6.0,False
2026-04-01,83,TraderAgent,Bauchi,0,286.4178466796875,15786.7783203125,515067.84375,Bauchi,False,,Bauchi,winning,False,111.0,26.0,False
2026-04-01,84,TraderAgent,Bauchi,0,0.0,5302.7421875,402460.75,Bauchi,False,Onitsha,Onitsha,winning,False,114.0,8.0,False
2026-04-01,85,BuyerAgent,Bauchi,0,13.5821533203125,2282.76806640625,,,,,,,,,,
2026-04-01,86,BuyerAgent,Bauchi,0,13.5821533203125,2229.3564453125,,,,,,,,,,
2026-04-01,87,BuyerAgent,Bauchi,0,13.5821533203125,2229.3564453125,,,,,,,,,,
2026-04-01,88,BuyerAgent,Bauchi,0,13.5821533203125,1339.3187255859375,,,,,,,,,,
2026-04-01,89,BuyerAgent,Bauchi,0,13.5821533203125,2080.09521484375,,,,,,,,,,
2026-04-01,90,BuyerAgent,Bauchi,0,0.0,509.13232421875,,,,,,,,,,
2026-04-01,91,BuyerAgent,Bauchi,2,0.0,163.9368438720703,,,,,,,,,,
2026-04-01,92,BuyerAgent,Bauchi,0,0.0,187.98545837402344,,,,,,,,,,
2026-04-01,93,BuyerAgent,Bauchi,1,0.0,175.65208435058594,,,,,,,,,,
2026-04-01,94,BuyerAgent,Bauchi,1,0.0,158.34320068359375,,,,,,,,,,
2026-04-01,95,BuyerAgent,Bauchi,0,0.0,182.76527404785156,,,,,,,,,,
2026-04-01,96,BuyerAgent,Bauchi,1,0.0,166.78421020507812,,,,,,,,,,
2026-04-01,97,BuyerAgent,Bauchi,1,0.0,18.372802734375,,,,,,,,,,
2026-04-01,98,BuyerAgent,Bauchi,2,0.0,0.0,,,,,,,,,,
2026-04-01,99,BuyerAgent,Bauchi,1,0.0,0.0,,,,,,,,,,
2026-04-01,100,BuyerAgent,Bauchi,1,0.0,0.0,,,,,,,,,,
2026-04-01,101,BuyerAgent,Bauchi,2,0.0,0.0,,,,,,,,,,
2026-04-01,102,BuyerAgent,Bauchi,2,0.0,0.0,,,,,,,,,,
2026-04-01,103,BuyerAgent,Bauchi,1,0.0,0.0,,,,,,,,,,
2026-04-01,104,BuyerAgent,Bauchi,1,0.0,0.0,,,,,,,,,,
2026-04-01,105,BuyerAgent,Bauchi,2,0.0,0.0,,,,,,,,,,
2026-04-01,106,BuyerAgent,Bauchi,0,0.0,0.0,,,,,,,,,,
2026-04-01,107,BuyerAgent,Bauchi,0,0.0,0.0,,,,,,,,,,
2026-04-01,108,BuyerAgent,Bauchi,1,0.0,0.0,,,,,,,,,,
2026-04-01,109,BuyerAgent,Bauchi,1,0.0,0.0,,,,,,,,,,
2026-04-01,110,BuyerAgent,Bauchi,1,0.0,0.0,,,,,,,,,,
2026-04-01,111,BuyerAgent,Bauchi,0,0.0,0.0,,,,,,,,,,
2026-04-01,112,BuyerAgent,Bauchi,0,0.0,0.0,,,,,,,,,,
2026-04-01,113,BuyerAgent,Bauchi,0,0.0,0.0,,,,,,,,,,
2026-04-01,114,BuyerAgent,Bauchi,1,0.0,0.0,,,,,,,,,,
2026-04-01,115,TransporterAgent,Bauchi,0,0.0,-522.88812719501,,,,,,,,,,
2026-04-01,116,TransporterAgent,Bauchi,0,0.0,-778.2549082228369,,,,,,,,,,
2026-04-01,117,TransporterAgent,Bauchi,3,50.0,1200.0,,,,,,,,,,
2026-04-01,118,TransporterAgent,Bauchi,3,50.0,760.0357142857142,,,,,,,,,,
2026-04-01,119,TransporterAgent,Bauchi,0,0.0,-792.6414993624944,,,,,,,,,,
2026-04-01,120,TransporterAgent,Bauchi,3,50.0,1150.0,,,,,,,,,,
2026-04-01,121,TransporterAgent,Bauchi,0,0.0,-1237.3620179839058,,,,,,,,,,
2026-04-01,122,TransporterAgent,Bauchi,3,50.0,19.280357142857156,,,,,,,,,,
2026-04-01,123,TransporterAgent,Bauchi,3,50.0,913.8485449735449,,,,,,,,,,
2026-04-01,124,TransporterAgent,Bauchi,3,50.0,578.4284920634921,,,,,,,,,,
2026-04-01,125,BankingAgent,Bauchi,0,-0.0,-19.075000000000003,,,,,,,,,,
2026-04-01,126,BankingAgent,Bauchi,0,-0.0,-13.275,,,,,,,,,,
2026-04-01,127,BankingAgent,Bauchi,0,-0.0,-18.45,,,,,,,,,,
2026-04-01,129,TraderAgent,Kano,1,131.9021703508772,2176.27685546875,427871.09375,Onitsha,True,Onitsha,Onitsha,winning,False,185.0,8.0,True
2026-04-01,130,TraderAgent,Kano,4,-10.0,2041.888671875,450626.90625,Kano,False,Onitsha,Kano,winning,False,162.5,7.0,False
2026-04-01,131,TraderAgent,Kano,1,131.9021703508772,1625.930419921875,423147.8125,Onitsha,True,Onitsha,Onitsha,winning,False,162.5,7.0,True
2026-04-01,132,TraderAgent,Kano,2,-26.5,3288.26171875,462425.90625,Kano,False,Onitsha,Onitsha,winning,False,190.0,11.0,False
2026-04-01,133,TraderAgent,Kano,2,-26.5,4034.729736328125,404108.90625,Kano,False,Onitsha,Onitsha,winning,False,190.0,11.0,False
2026-04-01,134,TraderAgent,Kano,3,20.0,3080.728759765625,416781.375,Kano,False,Onitsha,Onitsha,winning,False,180.5,13.0,False
2026-04-01,135,TraderAgent,Kano,0,0.0,1909.3197021484375,441751.5625,Kano,False,Onitsha,Onitsha,winning,False,190.0,10.0,False
2026-04-01,136,TraderAgent,Kano,0,0.0,2384.880126953125,462196.8125,Kano,False,Onitsha,Onitsha,winning,False,190.0,8.0,False
2026-04-01,137,TraderAgent,Kano,2,-26.5,2268.65234375,446274.84375,Kano,False,Onitsha,Kano,winning,False,162.5,9.0,False
2026-04-01,138,TraderAgent,Kano,3,20.0,946.5469970703125,449362.375,Kano,False,Onitsha,Onitsha,winning,False,180.5,6.0,False
2026-04-01,139,TraderAgent,Kano,2,-26.5,4311.17236328125,448364.09375,Kano,False,Onitsha,Onitsha,winning,False,190.0,9.0,False
2026-04-01,140,TraderAgent,Kano,0,490.72052001953125,1331.1563720703125,446484.90625,Kano,False,Onitsha,Kano,winning,False,190.0,5.0,False
2026-04-01,141,TraderAgent,Kano,3,20.0,4887.76708984375,463544.5625,Kano,False,Onitsha,Onitsha,winning,False,180.5,10.0,False
2026-04-01,142,TraderAgent,Kano,0,0.0,2924.038818359375,475400.8125,Kano,False,Onitsha,Onitsha,winning,False,190.0,10.0,False
2026-04-01,143,TraderAgent,Kano,4,-10.0,1680.78466796875,465196.875,Kano,False,Onitsha,Kano,winning,False,185.0,7.0,False
2026-04-01,144,TraderAgent,Kano,3,20.0,1406.8297119140625,448458.8125,Kano,False,Onitsha,Kano,winning,False,175.75,6.0,False
2026-04-01,145,TraderAgent,Kano,3,20.0,1727.497802734375,405959.28125,Kano,False,Onitsha,Onitsha,winning,False,180.5,11.0,False
2026-04-01,146,TraderAgent,Kano,4,-10.0,826.8960571289062,427016.125,Kano,False,Onitsha,Onitsha,winning,False,190.0,6.0,False
2026-04-01,147,TraderAgent,Kano,0,0.0,1618.4129638671875,406013.40625,Kano,False,Onitsha,Onitsha,winning,False,190.0,10.0,False
2026-04-01,148,TraderAgent,Kano,0,465.72052001953125,3158.8544921875,467218.75,Kano,False,Onitsha,Kano,winning,False,185.0,9.0,False
2026-04-01,149,BuyerAgent,Kano,0,34.27947998046875,1189.055419921875,,,,,,,,,,
2026-04-01,150,BuyerAgent,Kano,2,0.0,1075.851318359375,,,,,,,,,,
2026-04-01,151,BuyerAgent,Kano,2,0.0,787.0289306640625,,,,,,,,,,
2026-04-01,152,BuyerAgent,Kano,1,9.27947998046875,529.9310913085938,,,,,,,,,,
2026-04-01,153,BuyerAgent,Kano,2,0.0,127.33558654785156,,,,,,,,,,
2026-04-01,154,BuyerAgent,Kano,1,9.27947998046875,53.42414855957031,,,,,,,,,,
2026-04-01,155,BuyerAgent,Kano,1,9.27947998046875,308.58148193359375,,,,,,,,,,
2026-04-01,156,BuyerAgent,Kano,2,0.0,85.5718994140625,,,,,,,,,,
2026-04-01,157,BuyerAgent,Kano,2,0.0,294.51806640625,,,,,,,,,,
2026-04-01,158,BuyerAgent,Kano,2,0.0,10.207595825195312,,,,,,,,,,
2026-04-01,159,BuyerAgent,Kano,1,9.27947998046875,294.26727294921875,,,,,,,,,,
2026-04-01,160,BuyerAgent,Kano,0,9.27947998046875,290.040283203125,,,,,,,,,,
2026-04-01,161,BuyerAgent,Kano,2,0.0,44.01397705078125,,,,,,,,,,
2026-04-01,162,BuyerAgent,Kano,0,0.0,3.052215576171875,,,,,,,,,,
2026-04-01,163,BuyerAgent,Kano,0,0.0,3.052215576171875,,,,,,,,,,
2026-04-01,164,BuyerAgent,Kano,0,0.0,3.052215576171875,,,,,,,,,,
2026-04-01,165,BuyerAgent,Kano,0,0.0,0.0,,,,,,,,,,
2026-04-01,166,BuyerAgent,Kano,2,0.0,0.0,,,,,,,,,,
2026-04-01,167,BuyerAgent,Kano,0,0.0,0.0,,,,,,,,,,
2026-04-01,168,BuyerAgent,Kano,2,0.0,0.0,,,,,,,,,,
2026-04-01,169,BuyerAgent,Kano,0,0.0,0.0,,,,,,,,,,
2026-04-01,170,BuyerAgent,Kano,2,0.0,0.0,,,,,,,,,,
2026-04-01,171,BuyerAgent,Kano,2,0.0,0.0,,,,,,,,,,
2026-04-01,172,BuyerAgent,Kano,1,0.0,0.0,,,,,,,,,,
2026-04-01,173,BuyerAgent,Kano,1,0.0,0.0,,,,,,,,,,
2026-04-01,174,BuyerAgent,Kano,2,0.0,0.0,,,,,,,,,,
2026-04-01,175,BuyerAgent,Kano,0,0.0,0.0,,,,,,,,,,
2026-04-01,176,BuyerAgent,Kano,2,0.0,0.0,,,,,,,,,,
2026-04-01,177,BuyerAgent,Kano,2,0.0,0.0,,,,,,,,,,
2026-04-01,178,BuyerAgent,Kano,1,0.0,0.0,,,,,,,,,,
2026-04-01,179,TransporterAgent,Kano,2,100.0,572.9543936640713,,,,,,,,,,
2026-04-01,180,TransporterAgent,Kano,1,-200.0,267.402,,,,,,,,,,
2026-04-01,181,TransporterAgent,Kano,2,100.0,-850.7485918975609,,,,,,,,,,
2026-04-01,182,TransporterAgent,Kano,3,50.0,-641.766293752908,,,,,,,,,,
2026-04-01,183,TransporterAgent,Kano,2,100.0,265.73004387301586,,,,,,,,,,
2026-04-01,184,TransporterAgent,Kano,0,0.0,-1224.9322603377611,,,,,,,,,,
2026-04-01,185,TransporterAgent,Kano,3,50.0,-481.16879511690104,,,,,,,,,,
2026-04-01,186,TransporterAgent,Kano,1,-200.0,-479.9877877742859,,,,,,,,,,
2026-04-01,187,TransporterAgent,Kano,0,0.0,-1733.5,,,,,,,,,,
2026-04-01,188,TransporterAgent,Kano,3,50.0,-509.11692931378354,,,,,,,,,,
2026-04-01,189,BankingAgent,Kano,0,-0.0,-52.20000000000001,,,,,,,,,,
2026-04-01,190,BankingAgent,Kano,0,-0.0,-68.40000000000002,,,,,,,,,,
2026-04-01,191,BankingAgent,Kano,0,-0.0,-68.175,,,,,,,,,,
2026-04-01,193,TraderAgent,Lagos,3,20.0,32188.984375,503274.96875,Lagos,False,Onitsha,Lagos,winning,False,814.62,10.0,False
2026-04-01,194,TraderAgent,Lagos,1,153.12812085378337,19940.03125,489590.59375,Onitsha,True,Onitsha,Onitsha,winning,False,925.0,9.0,True
2026-04-01,195,TraderAgent,Lagos,0,4240.080078125,29732.5625,499415.1875,Lagos,False,Onitsha,Onitsha,winning,False,857.5,11.0,False
2026-04-01,196,TraderAgent,Lagos,3,20.0,27934.076171875,486750.625,Lagos,False,Onitsha,Onitsha,winning,False,814.62,9.0,False
2026-04-01,197,TraderAgent,Lagos,3,20.0,18821.390625,441670.1875,Lagos,False,Onitsha,Onitsha,winning,False,814.62,9.0,False
2026-04-01,198,TraderAgent,Lagos,4,-10.0,35467.0625,488809.53125,Lagos,False,Onitsha,Onitsha,winning,False,857.5,11.0,False
2026-04-01,199,TraderAgent,Lagos,1,153.12812085378337,25965.060546875,488851.625,Onitsha,True,Onitsha,Onitsha,winning,False,857.5,9.0,True
2026-04-01,200,TraderAgent,Lagos,2,-33.5225,19096.568359375,496578.15625,Lagos,False,Onitsha,Lagos,winning,False,857.5,8.0,False
2026-04-01,201,TraderAgent,Lagos,1,153.12812085378337,26356.80078125,488655.4375,Onitsha,True,Onitsha,Onitsha,winning,False,857.5,7.0,True
2026-04-01,202,TraderAgent,Lagos,1,153.12812085378337,32780.66796875,490032.4375,Onitsha,True,Onitsha,Onitsha,winning,False,925.0,11.0,True
2026-04-01,203,TraderAgent,Lagos,2,-33.5225,16813.994140625,492676.15625,Lagos,False,Onitsha,Onitsha,winning,False,857.5,5.0,False
2026-04-01,204,TraderAgent,Lagos,0,4240.080078125,37497.9296875,436227.84375,Lagos,False,Onitsha,Onitsha,winning,False,857.5,11.0,False
2026-04-01,205,TraderAgent,Lagos,3,20.0,20864.37890625,491226.03125,Lagos,False,Onitsha,Onitsha,winning,False,814.62,8.0,False
2026-04-01,206,TraderAgent,Lagos,1,153.12812085378337,30274.935546875,481274.8125,Onitsha,True,Onitsha,Onitsha,winning,False,925.0,11.0,True
2026-04-01,207,TraderAgent,Lagos,3,20.0,31891.23828125,442639.8125,Lagos,False,Onitsha,Onitsha,winning,False,814.62,11.0,False
2026-04-01,208,TraderAgent,Lagos,1,153.12812085378337,30455.25390625,475783.8125,Onitsha,True,Onitsha,Onitsha,winning,False,925.0,9.0,True
2026-04-01,209,TraderAgent,Lagos,3,20.0,27194.02734375,498852.25,Lagos,False,Onitsha,Lagos,winning,False,814.62,10.0,False
2026-04-01,210,TraderAgent,Lagos,3,20.0,37293.59765625,497222.84375,Lagos,False,Onitsha,Onitsha,winning,False,814.62,10.0,False
2026-04-01,211,TraderAgent,Lagos,1,153.12812085378337,18764.931640625,488434.09375,Onitsha,True,Onitsha,Onitsha,winning,False,925.0,8.0,True
2026-04-01,212,TraderAgent,Lagos,0,1990.0799560546875,35578.796875,493727.03125,Lagos,False,Onitsha,Lagos,winning,False,857.5,10.0,False
2026-04-01,213,BuyerAgent,Lagos,0,509.9200439453125,8371.5263671875,,,,,,,,,,
2026-04-01,214,BuyerAgent,Lagos,2,0.0,5743.8125,,,,,,,,,,
2026-04-01,215,BuyerAgent,Lagos,1,509.9200439453125,4791.9072265625,,,,,,,,,,
2026-04-01,216,BuyerAgent,Lagos,0,509.9200439453125,6413.392578125,,,,,,,,,,
2026-04-01,217,BuyerAgent,Lagos,1,0.0,3483.709716796875,,,,,,,,,,
2026-04-01,218,BuyerAgent,Lagos,2,0.0,4500.54443359375,,,,,,,,,,
2026-04-01,219,BuyerAgent,Lagos,0,0.0,4514.03955078125,,,,,,,,,,
2026-04-01,220,BuyerAgent,Lagos,0,0.0,5048.115234375,,,,,,,,,,
2026-04-01,221,BuyerAgent,Lagos,1,0.0,3145.08544921875,,,,,,,,,,
2026-04-01,222,BuyerAgent,Lagos,2,0.0,3719.19287109375,,,,,,,,,,
2026-04-01,223,BuyerAgent,Lagos,1,0.0,3332.56396484375,,,,,,,,,,
2026-04-01,224,BuyerAgent,Lagos,2,0.0,2604.268310546875,,,,,,,,,,
2026-04-01,225,BuyerAgent,Lagos,2,0.0,2052.568359375,,,,,,,,,,
2026-04-01,226,BuyerAgent,Lagos,0,0.0,1251.9677734375,,,,,,,,,,
2026-04-01,227,BuyerAgent,Lagos,0,0.0,0.0,,,,,,,,,,
2026-04-01,228,BuyerAgent,Lagos,2,0.0,0.0,,,,,,,,,,
2026-04-01,229,BuyerAgent,Lagos,0,0.0,0.0,,,,,,,,,,
2026-04-01,230,BuyerAgent,Lagos,2,0.0,0.0,,,,,,,,,,
2026-04-01,231,BuyerAgent,Lagos,0,0.0,0.0,,,,,,,,,,
2026-04-01,232,BuyerAgent,Lagos,1,0.0,0.0,,,,,,,,,,
2026-04-01,233,BuyerAgent,Lagos,1,0.0,0.0,,,,,,,,,,
2026-04-01,234,BuyerAgent,Lagos,1,0.0,0.0,,,,,,,,,,
2026-04-01,235,BuyerAgent,Lagos,2,0.0,0.0,,,,,,,,,,
2026-04-01,236,BuyerAgent,Lagos,0,0.0,0.0,,,,,,,,,,
2026-04-01,237,BuyerAgent,Lagos,0,0.0,0.0,,,,,,,,,,
2026-04-01,238,BuyerAgent,Lagos,2,0.0,0.0,,,,,,,,,,
2026-04-01,239,BuyerAgent,Lagos,0,0.0,0.0,,,,,,,,,,
2026-04-01,240,BuyerAgent,Lagos,1,0.0,0.0,,,,,,,,,,
2026-04-01,241,BuyerAgent,Lagos,2,0.0,0.0,,,,,,,,,,
2026-04-01,242,BuyerAgent,Lagos,1,0.0,0.0,,,,,,,,,,
2026-04-01,243,TransporterAgent,Lagos,1,-200.0,-906.1683953517104,,,,,,,,,,
2026-04-01,244,TransporterAgent,Lagos,2,100.0,-875.1180761180001,,,,,,,,,,
2026-04-01,245,TransporterAgent,Lagos,3,50.0,-749.7301330243115,,,,,,,,,,
2026-04-01,246,TransporterAgent,Lagos,1,-200.0,-1339.3521103344965,,,,,,,,,,
2026-04-01,247,TransporterAgent,Lagos,0,5.640310287299999,-1515.726079960033,,,,,,,,,,
2026-04-01,248,TransporterAgent,Lagos,2,100.0,-547.6987706885351,,,,,,,,,,
2026-04-01,249,TransporterAgent,Lagos,0,5.640310287299999,-1189.5991952226395,,,,,,,,,,
2026-04-01,250,TransporterAgent,Lagos,1,-200.0,-380.5210430015312,,,,,,,,,,
2026-04-01,251,TransporterAgent,Lagos,0,5.640310287299999,-696.8785281894126,,,,,,,,,,
2026-04-01,252,TransporterAgent,Lagos,2,100.0,-752.1220410272554,,,,,,,,,,
2026-04-01,253,BankingAgent,Lagos,2,-1.3250000000000006,-80.00000000000001,,,,,,,,,,
2026-04-01,254,BankingAgent,Lagos,1,-2.6500000000000012,-55.72500000000001,,,,,,,,,,
2026-04-01,255,BankingAgent,Lagos,1,-2.6500000000000012,-81.72500000000001,,,,,,,,,,
2026-04-01,257,TraderAgent,Onitsha,0,1659.0380859375,14286.1318359375,481427.53125,Onitsha,False,Lagos,Onitsha,winning,False,695.0,11.0,False
2026-04-01,258,TraderAgent,Onitsha,2,-26.5,11709.9296875,488899.28125,Onitsha,False,Lagos,Lagos,winning,False,717.5,8.0,False
2026-04-01,259,TraderAgent,Onitsha,3,20.0,19729.8828125,470426.75,Onitsha,False,Lagos,Onitsha,winning,False,681.62,15.0,False
2026-04-01,260,TraderAgent,Onitsha,1,140.71102325581398,6157.333984375,450363.5625,Abuja,True,Abuja,Abuja,winning,False,717.5,8.0,True
2026-04-01,261,TraderAgent,Onitsha,1,140.71102325581398,32097.466796875,493558.375,Abuja,True,Abuja,Abuja,winning,False,717.5,13.0,True
2026-04-01,262,TraderAgent,Onitsha,4,-10.0,10152.5263671875,466463.6875,Onitsha,False,Lagos,Onitsha,winning,False,717.5,9.0,False
2026-04-01,263,TraderAgent,Onitsha,3,20.0,11443.34765625,461327.09375,Onitsha,False,Lagos,Lagos,winning,False,681.62,10.0,False
2026-04-01,264,TraderAgent,Onitsha,4,-10.0,8485.5654296875,481818.0,Onitsha,False,Lagos,Onitsha,winning,False,717.5,8.0,False
2026-04-01,265,TraderAgent,Onitsha,0,1771.5380859375,13758.3701171875,487743.375,Onitsha,False,Lagos,Onitsha,winning,False,717.5,12.0,False
2026-04-01,266,TraderAgent,Onitsha,1,140.71102325581398,30320.05859375,499228.8125,Abuja,True,Abuja,Abuja,winning,False,717.5,12.0,True
2026-04-01,267,TraderAgent,Onitsha,0,1771.5380859375,25388.328125,494208.75,Onitsha,False,Lagos,Onitsha,winning,False,717.5,8.0,False
2026-04-01,268,TraderAgent,Onitsha,4,-10.0,28823.654296875,479667.4375,Onitsha,False,Lagos,Lagos,winning,False,717.5,12.0,False
2026-04-01,269,TraderAgent,Onitsha,2,-26.5,16903.890625,478147.15625,Onitsha,False,Lagos,Lagos,winning,False,717.5,13.0,False
2026-04-01,270,TraderAgent,Onitsha,1,140.71102325581398,8228.916015625,438874.09375,Abuja,True,Abuja,Abuja,winning,False,717.5,10.0,True
2026-04-01,271,TraderAgent,Onitsha,1,140.71102325581398,16336.2734375,485154.25,Abuja,True,Abuja,Abuja,winning,False,717.5,11.0,True
2026-04-01,272,TraderAgent,Onitsha,0,484.0380859375,13347.0478515625,481697.84375,Onitsha,False,Abuja,Abuja,winning,False,760.0,10.0,False
2026-04-01,273,TraderAgent,Onitsha,2,-26.5,8478.662109375,491137.625,Onitsha,False,Lagos,Lagos,winning,False,695.0,6.0,False
2026-04-01,274,TraderAgent,Onitsha,0,1771.5380859375,10678.419921875,469453.6875,Onitsha,False,Lagos,Onitsha,winning,False,717.5,10.0,False
2026-04-01,275,TraderAgent,Onitsha,3,20.0,6676.03759765625,452184.09375,Onitsha,False,Lagos,Lagos,winning,False,660.25,8.0,False
2026-04-01,276,TraderAgent,Onitsha,0,484.0380859375,8560.642578125,443038.3125,Onitsha,False,Abuja,Abuja,winning,False,760.0,10.0,False
2026-04-01,277,BuyerAgent,Onitsha,0,340.9619140625,4957.443359375,,,,,,,,,,
2026-04-01,278,BuyerAgent,Onitsha,2,0.0,2029.3817138671875,,,,,,,,,,
2026-04-01,279,BuyerAgent,Onitsha,1,228.4619140625,3935.631591796875,,,,,,,,,,
2026-04-01,280,BuyerAgent,Onitsha,0,228.4619140625,3417.90185546875,,,,,,,,,,
2026-04-01,281,BuyerAgent,Onitsha,0,228.4619140625,2826.4189453125,,,,,,,,,,
2026-04-01,282,BuyerAgent,Onitsha,1,15.9619140625,1052.8656005859375,,,,,,,,,,
2026-04-01,283,BuyerAgent,Onitsha,0,15.9619140625,756.953125,,,,,,,,,,
2026-04-01,284,BuyerAgent,Onitsha,0,0.0,793.8092041015625,,,,,,,,,,
2026-04-01,285,BuyerAgent,Onitsha,1,0.0,317.8692626953125,,,,,,,,,,
2026-04-01,286,BuyerAgent,Onitsha,0,0.0,359.0069580078125,,,,,,,,,,
2026-04-01,287,BuyerAgent,Onitsha,0,0.0,173.84185791015625,,,,,,,,,,
2026-04-01,288,BuyerAgent,Onitsha,0,0.0,140.49896240234375,,,,,,,,,,
2026-04-01,289,BuyerAgent,Onitsha,1,0.0,71.62933349609375,,,,,,,,,,
2026-04-01,290,BuyerAgent,Onitsha,2,0.0,29.35943603515625,,,,,,,,,,
2026-04-01,291,BuyerAgent,Onitsha,0,0.0,14.669189453125,,,,,,,,,,
2026-04-01,292,BuyerAgent,Onitsha,1,0.0,18.4869384765625,,,,,,,,,,
2026-04-01,293,BuyerAgent,Onitsha,2,0.0,18.4869384765625,,,,,,,,,,
2026-04-01,294,BuyerAgent,Onitsha,2,0.0,0.0,,,,,,,,,,
2026-04-01,295,BuyerAgent,Onitsha,0,0.0,0.0,,,,,,,,,,
2026-04-01,296,BuyerAgent,Onitsha,1,0.0,0.0,,,,,,,,,,
2026-04-01,297,BuyerAgent,Onitsha,0,0.0,0.0,,,,,,,,,,
2026-04-01,298,BuyerAgent,Onitsha,2,0.0,0.0,,,,,,,,,,
2026-04-01,299,BuyerAgent,Onitsha,2,0.0,0.0,,,,,,,,,,
2026-04-01,300,BuyerAgent,Onitsha,0,0.0,0.0,,,,,,,,,,
2026-04-01,301,BuyerAgent,Onitsha,2,0.0,0.0,,,,,,,,,,
2026-04-01,302,BuyerAgent,Onitsha,1,0.0,0.0,,,,,,,,,,
2026-04-01,303,BuyerAgent,Onitsha,0,0.0,0.0,,,,,,,,,,
2026-04-01,304,BuyerAgent,Onitsha,2,0.0,0.0,,,,,,,,,,
2026-04-01,305,BuyerAgent,Onitsha,0,0.0,0.0,,,,,,,,,,
2026-04-01,306,BuyerAgent,Onitsha,2,0.0,0.0,,,,,,,,,,
2026-04-01,307,TransporterAgent,Onitsha,1,-200.0,-149.31719352526855,,,,,,,,,,
2026-04-01,308,TransporterAgent,Onitsha,0,0.0,172.4295912742903,,,,,,,,,,
2026-04-01,309,TransporterAgent,Onitsha,0,0.0,445.84827380820917,,,,,,,,,,
2026-04-01,310,TransporterAgent,Onitsha,3,50.0,232.06559994873228,,,,,,,,,,
2026-04-01,311,TransporterAgent,Onitsha,3,50.0,-209.4609374165317,,,,,,,,,,
2026-04-01,312,TransporterAgent,Onitsha,3,50.0,-616.5567369226,,,,,,,,,,
2026-04-01,313,TransporterAgent,Onitsha,0,0.0,325.34560245937223,,,,,,,,,,
2026-04-01,314,TransporterAgent,Onitsha,2,100.0,668.7666295108725,,,,,,,,,,
2026-04-01,315,TransporterAgent,Onitsha,0,0.0,569.5493093763487,,,,,,,,,,
2026-04-01,316,TransporterAgent,Onitsha,2,100.0,-660.2160202595502,,,,,,,,,,
2026-04-01,317,BankingAgent,Onitsha,1,-2.6500000000000012,-65.50000000000001,,,,,,,,,,
2026-04-01,318,BankingAgent,Onitsha,2,-1.3250000000000006,-76.27500000000002,,,,,,,,,,
2026-04-01,319,BankingAgent,Onitsha,0,-0.0,-69.82500000000003,,,,,,,,,,
2026-04-01,321,TraderAgent,Port_Harcourt,3,20.0,41631.33984375,531266.1875,Port_Harcourt,False,Onitsha,Port_Harcourt,winning,False,1483.19,9.0,False
2026-04-01,322,TraderAgent,Port_Harcourt,0,2926.6259765625,74371.0078125,557080.8125,Port_Harcourt,False,Onitsha,Port_Harcourt,winning,False,1347.5,11.0,False
2026-04-01,323,TraderAgent,Port_Harcourt,4,-10.0,61357.40234375,548858.0,Port_Harcourt,False,Onitsha,Port_Harcourt,winning,False,1561.25,11.0,False
2026-04-01,324,TraderAgent,Port_Harcourt,2,-33.5225,23206.060546875,520649.0,Port_Harcourt,False,Onitsha,Port_Harcourt,winning,False,1561.25,6.0,False
2026-04-01,325,TraderAgent,Port_Harcourt,2,-33.5225,57092.3046875,546259.125,Port_Harcourt,False,Onitsha,Port_Harcourt,winning,False,1561.25,12.0,False
2026-04-01,326,TraderAgent,Port_Harcourt,2,-33.5225,52639.76953125,539730.125,Port_Harcourt,False,Onitsha,Onitsha,winning,False,1347.5,8.0,False
2026-04-01,327,TraderAgent,Port_Harcourt,4,-10.0,48016.07421875,538065.25,Port_Harcourt,False,Onitsha,Onitsha,winning,False,1347.5,9.0,False
2026-04-01,328,TraderAgent,Port_Harcourt,0,3995.3759765625,65994.484375,552031.5,Port_Harcourt,False,Onitsha,Port_Harcourt,winning,False,1561.25,11.0,False
2026-04-01,329,TraderAgent,Port_Harcourt,0,2926.6259765625,39861.73046875,529322.5,Port_Harcourt,False,Onitsha,Port_Harcourt,winning,False,1347.5,8.0,False
2026-04-01,330,TraderAgent,Port_Harcourt,3,20.0,65341.671875,552401.3125,Port_Harcourt,False,Onitsha,Onitsha,winning,False,1280.12,13.0,False
2026-04-01,331,TraderAgent,Port_Harcourt,0,2926.6259765625,58255.40625,542560.75,Port_Harcourt,False,Onitsha,Port_Harcourt,winning,False,1347.5,10.0,False
2026-04-01,332,TraderAgent,Port_Harcourt,0,10426.6259765625,49573.67578125,492831.90625,Port_Harcourt,False,Onitsha,Onitsha,winning,False,1347.5,10.0,False
2026-04-01,333,TraderAgent,Port_Harcourt,4,-10.0,45762.0859375,533056.625,Port_Harcourt,False,Onitsha,Onitsha,winning,False,1347.5,6.0,False
2026-04-01,334,TraderAgent,Port_Harcourt,4,-10.0,64874.6484375,550412.1875,Port_Harcourt,False,Onitsha,Onitsha,winning,False,1347.5,9.0,False
2026-04-01,335,TraderAgent,Port_Harcourt,3,20.0,39740.7421875,535104.625,Port_Harcourt,False,Onitsha,Port_Harcourt,winning,False,1483.19,10.0,False
2026-04-01,336,TraderAgent,Port_Harcourt,4,-10.0,60761.046875,547583.25,Port_Harcourt,False,Onitsha,Onitsha,winning,False,1347.5,13.0,False
2026-04-01,337,TraderAgent,Port_Harcourt,0,10426.6259765625,55577.796875,539491.0,Port_Harcourt,False,Onitsha,Onitsha,winning,False,1347.5,9.0,False
2026-04-01,338,TraderAgent,Port_Harcourt,0,10426.6259765625,66049.21875,504491.84375,Port_Harcourt,False,Onitsha,Onitsha,winning,False,1347.5,13.0,False
2026-04-01,339,TraderAgent,Port_Harcourt,0,2926.6259765625,43263.85546875,532448.3125,Port_Harcourt,False,Onitsha,Port_Harcourt,winning,False,1347.5,9.0,False
2026-04-01,340,TraderAgent,Port_Harcourt,2,-33.5225,49225.86328125,539859.1875,Port_Harcourt,False,Onitsha,Port_Harcourt,winning,False,1550.0,10.0,False
2026-04-01,341,BuyerAgent,Port_Harcourt,2,0.0,18722.517578125,,,,,,,,,,
2026-04-01,342,BuyerAgent,Port_Harcourt,0,1323.3740234375,25784.43359375,,,,,,,,,,
2026-04-01,343,BuyerAgent,Port_Harcourt,0,1323.3740234375,21272.4140625,,,,,,,,,,
2026-04-01,344,BuyerAgent,Port_Harcourt,1,1323.3740234375,12741.0986328125,,,,,,,,,,
2026-04-01,345,BuyerAgent,Port_Harcourt,1,1323.3740234375,28823.375,,,,,,,,,,
2026-04-01,346,BuyerAgent,Port_Harcourt,1,1323.3740234375,20611.89453125,,,,,,,,,,
2026-04-01,347,BuyerAgent,Port_Harcourt,0,1323.3740234375,20882.8359375,,,,,,,,,,
2026-04-01,348,BuyerAgent,Port_Harcourt,2,0.0,13902.0556640625,,,,,,,,,,
2026-04-01,349,BuyerAgent,Port_Harcourt,2,0.0,14918.1591796875,,,,,,,,,,
2026-04-01,350,BuyerAgent,Port_Harcourt,1,1323.3740234375,9913.7216796875,,,,,,,,,,
2026-04-01,351,BuyerAgent,Port_Harcourt,1,254.6240234375,6142.84765625,,,,,,,,,,
2026-04-01,352,BuyerAgent,Port_Harcourt,0,0.0,4208.8505859375,,,,,,,,,,
2026-04-01,353,BuyerAgent,Port_Harcourt,2,0.0,4418.4697265625,,,,,,,,,,
2026-04-01,354,BuyerAgent,Port_Harcourt,0,0.0,4319.466796875,,,,,,,,,,
2026-04-01,355,BuyerAgent,Port_Harcourt,1,0.0,1751.1529541015625,,,,,,,,,,
2026-04-01,356,BuyerAgent,Port_Harcourt,2,0.0,218.52294921875,,,,,,,,,,
2026-04-01,357,BuyerAgent,Port_Harcourt,2,0.0,1090.977783203125,,,,,,,,,,
2026-04-01,358,BuyerAgent,Port_Harcourt,1,0.0,715.977783203125,,,,,,,,,,
2026-04-01,359,BuyerAgent,Port_Harcourt,2,0.0,715.977783203125,,,,,,,,,,
2026-04-01,360,BuyerAgent,Port_Harcourt,1,0.0,715.977783203125,,,,,,,,,,
2026-04-01,361,BuyerAgent,Port_Harcourt,1,0.0,0.0,,,,,,,,,,
2026-04-01,362,BuyerAgent,Port_Harcourt,2,0.0,184.0081787109375,,,,,,,,,,
2026-04-01,363,BuyerAgent,Port_Harcourt,0,0.0,0.0,,,,,,,,,,
2026-04-01,364,BuyerAgent,Port_Harcourt,0,0.0,0.0,,,,,,,,,,
2026-04-01,365,BuyerAgent,Port_Harcourt,0,0.0,0.0,,,,,,,,,,
2026-04-01,366,BuyerAgent,Port_Harcourt,1,0.0,0.0,,,,,,,,,,
2026-04-01,367,BuyerAgent,Port_Harcourt,1,0.0,0.0,,,,,,,,,,
2026-04-01,368,BuyerAgent,Port_Harcourt,1,0.0,0.0,,,,,,,,,,
2026-04-01,369,BuyerAgent,Port_Harcourt,2,0.0,0.0,,,,,,,,,,
2026-04-01,370,BuyerAgent,Port_Harcourt,2,0.0,0.0,,,,,,,,,,
2026-04-01,371,TransporterAgent,Port_Harcourt,3,50.0,-413.1921629645309,,,,,,,,,,
2026-04-01,372,TransporterAgent,Port_Harcourt,2,100.0,9.14196918964933,,,,,,,,,,
2026-04-01,373,TransporterAgent,Port_Harcourt,3,50.0,863.2656949890725,,,,,,,,,,
2026-04-01,374,TransporterAgent,Port_Harcourt,2,100.0,-462.6477767671298,,,,,,,,,,
2026-04-01,375,TransporterAgent,Port_Harcourt,1,-200.0,-259.94723895677976,,,,,,,,,,
2026-04-01,376,TransporterAgent,Port_Harcourt,3,50.0,-1257.2237752079018,,,,,,,,,,
2026-04-01,377,TransporterAgent,Port_Harcourt,0,0.06687632727324853,-544.074025229182,,,,,,,,,,
2026-04-01,378,TransporterAgent,Port_Harcourt,1,-200.0,-388.43347086290527,,,,,,,,,,
2026-04-01,379,TransporterAgent,Port_Harcourt,0,0.06687632727324853,-816.5522750857475,,,,,,,,,,
2026-04-01,380,TransporterAgent,Port_Harcourt,1,-200.0,-570.4347345755357,,,,,,,,,,
2026-04-01,381,BankingAgent,Port_Harcourt,0,-0.0,-57.82500000000001,,,,,,,,,,
2026-04-01,382,BankingAgent,Port_Harcourt,0,-0.0,-44.15000000000002,,,,,,,,,,
2026-04-01,383,BankingAgent,Port_Harcourt,1,-2.6500000000000012,-61.82500000000001,,,,,,,,,,
2026-05-01,1,TraderAgent,Abuja,0,1535.706787109375,26107.619140625,488295.625,Abuja,False,Onitsha,Abuja,winning,False,570.0,11.0,False
2026-05-01,2,TraderAgent,Abuja,3,20.0,25345.24609375,430705.53125,Abuja,False,Onitsha,Onitsha,winning,False,541.5,7.0,False
2026-05-01,3,TraderAgent,Abuja,3,20.0,21733.0,474720.09375,Abuja,False,Onitsha,Onitsha,winning,False,541.5,11.0,False
2026-05-01,4,TraderAgent,Abuja,0,35.706787109375,36634.6953125,462539.375,Abuja,False,Onitsha,Onitsha,winning,False,570.0,15.0,False
2026-05-01,5,TraderAgent,Abuja,3,20.0,18033.974609375,482009.0,Abuja,False,Onitsha,Onitsha,winning,False,541.5,7.0,False
2026-05-01,6,TraderAgent,Abuja,2,-22.98875,19871.728515625,484544.09375,Abuja,False,Onitsha,Abuja,winning,False,555.0,8.0,False
2026-05-01,7,TraderAgent,Abuja,1,142.4163518371028,42179.65625,394885.09375,Onitsha,True,Onitsha,Onitsha,winning,False,570.0,16.0,True
2026-05-01,8,TraderAgent,Abuja,1,142.4163518371028,31088.265625,459578.1875,Onitsha,True,Onitsha,Onitsha,winning,False,570.0,13.0,True
2026-05-01,9,TraderAgent,Abuja,0,35.706787109375,16934.708984375,417972.96875,Abuja,False,Onitsha,Onitsha,winning,False,570.0,10.0,False
2026-05-01,10,TraderAgent,Abuja,0,1535.706787109375,28573.193359375,460537.3125,Abuja,False,Onitsha,Abuja,winning,False,570.0,13.0,False
2026-05-01,11,TraderAgent,Abuja,4,-10.0,25752.439453125,481281.6875,Abuja,False,Onitsha,Onitsha,winning,False,570.0,8.0,False
2026-05-01,12,TraderAgent,Abuja,0,35.706787109375,19014.197265625,462974.84375,Abuja,False,Onitsha,Onitsha,winning,False,570.0,9.0,False
2026-05-01,13,TraderAgent,Abuja,3,20.0,21161.97265625,493997.8125,Abuja,False,Onitsha,Abuja,winning,False,541.5,9.0,False
2026-05-01,14,TraderAgent,Abuja,0,1535.706787109375,10401.5703125,481929.03125,Abuja,False,Onitsha,Abuja,winning,False,570.0,8.0,False
2026-05-01,15,TraderAgent,Abuja,1,142.4163518371028,24602.169921875,471798.46875,Onitsha,True,Onitsha,Onitsha,winning,False,555.0,11.0,True
2026-05-01,16,TraderAgent,Abuja,3,20.0,15264.94140625,409598.8125,Abuja,False,Onitsha,Abuja,winning,False,541.5,8.0,False
2026-05-01,17,TraderAgent,Abuja,0,35.706787109375,25959.43359375,442708.96875,Abuja,False,Onitsha,Onitsha,winning,False,570.0,12.0,False
2026-05-01,18,TraderAgent,Abuja,1,142.4163518371028,27930.8828125,473762.8125,Onitsha,True,Onitsha,Onitsha,winning,False,570.0,14.0,True
2026-05-01,19,TraderAgent,Abuja,0,1535.706787109375,16332.677734375,467431.8125,Abuja,False,Onitsha,Abuja,winning,False,570.0,8.0,False
2026-05-01,20,TraderAgent,Abuja,3,20.0,19593.76953125,489757.25,Abuja,False,Onitsha,Abuja,winning,False,541.5,13.0,False
2026-05-01,21,BuyerAgent,Abuja,2,0.0,8636.4951171875,,,,,,,,,,
2026-05-01,22,BuyerAgent,Abuja,0,0.0,4429.494140625,,,,,,,,,,
2026-05-01,23,BuyerAgent,Abuja,1,0.0,5989.6103515625,,,,,,,,,,
2026-05-01,24,BuyerAgent,Abuja,1,0.0,3567.1318359375,,,,,,,,,,
2026-05-01,25,BuyerAgent,Abuja,1,0.0,4671.99951171875,,,,,,,,,,
2026-05-01,26,BuyerAgent,Abuja,0,0.0,4528.17578125,,,,,,,,,,
2026-05-01,27,BuyerAgent,Abuja,0,0.0,2381.871337890625,,,,,,,,,,
2026-05-01,28,BuyerAgent,Abuja,1,0.0,5216.65625,,,,,,,,,,
2026-05-01,29,BuyerAgent,Abuja,1,0.0,3227.939453125,,,,,,,,,,
2026-05-01,30,BuyerAgent,Abuja,0,0.0,3576.734130859375,,,,,,,,,,
2026-05-01,31,BuyerAgent,Abuja,0,0.0,1958.2440185546875,,,,,,,,,,
2026-05-01,32,BuyerAgent,Abuja,0,0.0,277.50579833984375,,,,,,,,,,
2026-05-01,33,BuyerAgent,Abuja,0,0.0,1601.257080078125,,,,,,,,,,
2026-05-01,34,BuyerAgent,Abuja,1,0.0,2627.967529296875,,,,,,,,,,
2026-05-01,35,BuyerAgent,Abuja,1,0.0,1222.862548828125,,,,,,,,,,
2026-05-01,36,BuyerAgent,Abuja,2,0.0,22.862548828125,,,,,,,,,,
2026-05-01,37,BuyerAgent,Abuja,2,0.0,14.522705078125,,,,,,,,,,
2026-05-01,38,BuyerAgent,Abuja,1,0.0,0.0,,,,,,,,,,
2026-05-01,39,BuyerAgent,Abuja,1,0.0,0.0,,,,,,,,,,
2026-05-01,40,BuyerAgent,Abuja,2,0.0,0.0,,,,,,,,,,
2026-05-01,41,BuyerAgent,Abuja,2,0.0,0.0,,,,,,,,,,
2026-05-01,42,BuyerAgent,Abuja,2,0.0,0.0,,,,,,,,,,
2026-05-01,43,BuyerAgent,Abuja,1,0.0,0.0,,,,,,,,,,
2026-05-01,44,BuyerAgent,Abuja,0,0.0,0.0,,,,,,,,,,
2026-05-01,45,BuyerAgent,Abuja,1,0.0,0.0,,,,,,,,,,
2026-05-01,46,BuyerAgent,Abuja,1,0.0,0.0,,,,,,,,,,
2026-05-01,47,BuyerAgent,Abuja,1,0.0,0.0,,,,,,,,,,
2026-05-01,48,BuyerAgent,Abuja,2,0.0,0.0,,,,,,,,,,
2026-05-01,49,BuyerAgent,Abuja,1,0.0,0.0,,,,,,,,,,
2026-05-01,50,BuyerAgent,Abuja,0,0.0,0.0,,,,,,,,,,
2026-05-01,51,TransporterAgent,Abuja,2,100.0,-386.32151316295005,,,,,,,,,,
2026-05-01,52,TransporterAgent,Abuja,2,100.0,-489.8251439203333,,,,,,,,,,
2026-05-01,53,TransporterAgent,Abuja,3,50.0,-25.030982726984945,,,,,,,,,,
2026-05-01,54,TransporterAgent,Abuja,0,7.0454750148565015,-716.9117527496614,,,,,,,,,,
2026-05-01,55,TransporterAgent,Abuja,0,7.0454750148565015,162.52896660499547,,,,,,,,,,
2026-05-01,56,TransporterAgent,Abuja,0,7.0454750148565015,-782.3975733471615,,,,,,,,,,
2026-05-01,57,TransporterAgent,Abuja,3,50.0,-478.9619174190252,,,,,,,,,,
2026-05-01,58,TransporterAgent,Abuja,3,50.0,-218.93521937716304,,,,,,,,,,
2026-05-01,59,TransporterAgent,Abuja,3,50.0,-657.0548663967691,,,,,,,,,,
2026-05-01,60,TransporterAgent,Abuja,3,50.0,-465.06616260893486,,,,,,,,,,
2026-05-01,61,BankingAgent,Abuja,2,-1.3250000000000006,-81.575,,,,,,,,,,
2026-05-01,62,BankingAgent,Abuja,2,-1.3250000000000006,-70.07500000000002,,,,,,,,,,
2026-05-01,63,BankingAgent,Abuja,2,-1.3250000000000006,-73.52500000000002,,,,,,,,,,
2026-05-01,65,TraderAgent,Bauchi,0,366.3484191894531,6878.52099609375,490443.1875,Bauchi,False,Port_Harcourt,Bauchi,winning,False,162.5,13.0,False
2026-05-01,66,TraderAgent,Bauchi,1,143.35990446290415,6183.2734375,321218.8125,Onitsha,True,Onitsha,Onitsha,winning,False,190.0,13.0,True
2026-05-01,67,TraderAgent,Bauchi,3,20.0,551.9372172619047,486006.96875,Bauchi,False,Port_Harcourt,Port_Harcourt,winning,False,180.5,1.0,False
2026-05-01,68,TraderAgent,Bauchi,1,143.35990446290415,5969.8623046875,287832.375,Onitsha,True,Onitsha,Onitsha,winning,False,190.0,12.0,True
2026-05-01,69,TraderAgent,Bauchi,0,0.0,5050.26708984375,267661.28125,Bauchi,False,Onitsha,Onitsha,winning,False,190.0,14.0,False
2026-05-01,70,TraderAgent,Bauchi,3,20.0,5927.18212890625,449987.1875,Bauchi,False,Onitsha,Onitsha,winning,False,180.5,6.0,False
2026-05-01,71,TraderAgent,Bauchi,0,0.0,9741.080078125,381657.96875,Bauchi,False,Onitsha,Onitsha,winning,False,190.0,12.0,False
2026-05-01,72,TraderAgent,Bauchi,0,0.0,8611.6611328125,342319.03125,Bauchi,False,Onitsha,Onitsha,winning,False,190.0,14.0,False
2026-05-01,73,TraderAgent,Bauchi,0,388.8484191894531,9766.4677734375,495128.25,Bauchi,False,Port_Harcourt,Bauchi,winning,False,167.0,19.0,False
2026-05-01,74,TraderAgent,Bauchi,0,0.0,6440.37548828125,286629.375,Bauchi,False,Onitsha,Onitsha,winning,False,190.0,13.0,False
2026-05-01,75,TraderAgent,Bauchi,0,388.8484191894531,16191.876953125,515456.4375,Bauchi,False,,Bauchi,winning,False,167.0,27.0,False
2026-05-01,76,TraderAgent,Bauchi,0,388.8484191894531,13240.9326171875,445951.25,Bauchi,False,Onitsha,Bauchi,winning,False,167.0,23.0,False
2026-05-01,77,TraderAgent,Bauchi,1,143.35990446290415,4109.8486328125,404925.125,Onitsha,True,Onitsha,Onitsha,winning,False,190.0,8.0,True
2026-05-01,78,TraderAgent,Bauchi,3,20.0,535.25,499975.25,Bauchi,False,,,winning,False,171.0,0.0,False
2026-05-01,79,TraderAgent,Bauchi,3,20.0,620.4256592592593,484280.8125,Bauchi,False,Port_Harcourt,Port_Harcourt,winning,False,180.5,1.0,False
2026-05-01,80,TraderAgent,Bauchi,0,388.8484191894531,16513.4296875,515820.25,Bauchi,False,,Bauchi,winning,False,167.0,27.0,False
2026-05-01,81,TraderAgent,Bauchi,0,0.0,5128.470703125,345376.75,Bauchi,False,Onitsha,Onitsha,winning,False,190.0,13.0,False
2026-05-01,82,TraderAgent,Bauchi,3,20.0,3264.677734375,445025.6875,Bauchi,False,Onitsha,Bauchi,winning,False,154.38,6.0,False
2026-05-01,83,TraderAgent,Bauchi,0,388.8484191894531,16175.626953125,515430.1875,Bauchi,False,,Bauchi,winning,False,167.0,27.0,False
2026-05-01,84,TraderAgent,Bauchi,3,20.0,5322.7421875,402460.75,Bauchi,False,Onitsha,Onitsha,winning,False,180.5,8.0,False
2026-05-01,85,BuyerAgent,Bauchi,0,133.65158081054688,2416.419677734375,,,,,,,,,,
2026-05-01,86,BuyerAgent,Bauchi,0,111.15158081054688,2340.508056640625,,,,,,,,,,
2026-05-01,87,BuyerAgent,Bauchi,0,111.15158081054688,2340.508056640625,,,,,,,,,,
2026-05-01,88,BuyerAgent,Bauchi,0,111.15158081054688,1450.4703369140625,,,,,,,,,,
2026-05-01,89,BuyerAgent,Bauchi,0,111.15158081054688,2191.246826171875,,,,,,,,,,
2026-05-01,90,BuyerAgent,Bauchi,0,111.15158081054688,620.283935546875,,,,,,,,,,
2026-05-01,91,BuyerAgent,Bauchi,0,0.0,163.9368438720703,,,,,,,,,,
2026-05-01,92,BuyerAgent,Bauchi,0,0.0,187.98545837402344,,,,,,,,,,
2026-05-01,93,BuyerAgent,Bauchi,2,0.0,175.65208435058594,,,,,,,,,,
2026-05-01,94,BuyerAgent,Bauchi,1,0.0,158.34320068359375,,,,,,,,,,
2026-05-01,95,BuyerAgent,Bauchi,0,0.0,182.76527404785156,,,,,,,,,,
2026-05-01,96,BuyerAgent,Bauchi,1,0.0,166.78421020507812,,,,,,,,,,
2026-05-01,97,BuyerAgent,Bauchi,1,0.0,18.372802734375,,,,,,,,,,
2026-05-01,98,BuyerAgent,Bauchi,2,0.0,0.0,,,,,,,,,,
2026-05-01,99,BuyerAgent,Bauchi,1,0.0,0.0,,,,,,,,,,
2026-05-01,100,BuyerAgent,Bauchi,1,0.0,0.0,,,,,,,,,,
2026-05-01,101,BuyerAgent,Bauchi,1,0.0,0.0,,,,,,,,,,
2026-05-01,102,BuyerAgent,Bauchi,0,0.0,0.0,,,,,,,,,,
2026-05-01,103,BuyerAgent,Bauchi,0,0.0,0.0,,,,,,,,,,
2026-05-01,104,BuyerAgent,Bauchi,1,0.0,0.0,,,,,,,,,,
2026-05-01,105,BuyerAgent,Bauchi,0,0.0,0.0,,,,,,,,,,
2026-05-01,106,BuyerAgent,Bauchi,0,0.0,0.0,,,,,,,,,,
2026-05-01,107,BuyerAgent,Bauchi,0,0.0,0.0,,,,,,,,,,
2026-05-01,108,BuyerAgent,Bauchi,1,0.0,0.0,,,,,,,,,,
2026-05-01,109,BuyerAgent,Bauchi,0,0.0,0.0,,,,,,,,,,
2026-05-01,110,BuyerAgent,Bauchi,1,0.0,0.0,,,,,,,,,,
2026-05-01,111,BuyerAgent,Bauchi,1,0.0,0.0,,,,,,,,,,
2026-05-01,112,BuyerAgent,Bauchi,0,0.0,0.0,,,,,,,,,,
2026-05-01,113,BuyerAgent,Bauchi,0,0.0,0.0,,,,,,,,,,
2026-05-01,114,BuyerAgent,Bauchi,2,0.0,0.0,,,,,,,,,,
2026-05-01,115,TransporterAgent,Bauchi,0,0.0,-522.88812719501,,,,,,,,,,
2026-05-01,116,TransporterAgent,Bauchi,0,0.0,-778.2549082228369,,,,,,,,,,
2026-05-01,117,TransporterAgent,Bauchi,3,50.0,1250.0,,,,,,,,,,
2026-05-01,118,TransporterAgent,Bauchi,3,50.0,810.0357142857142,,,,,,,,,,
2026-05-01,119,TransporterAgent,Bauchi,2,100.0,-692.6414993624944,,,,,,,,,,
2026-05-01,120,TransporterAgent,Bauchi,3,50.0,1200.0,,,,,,,,,,
2026-05-01,121,TransporterAgent,Bauchi,0,0.0,-1237.3620179839058,,,,,,,,,,
2026-05-01,122,TransporterAgent,Bauchi,3,50.0,69.28035714285716,,,,,,,,,,
2026-05-01,123,TransporterAgent,Bauchi,3,50.0,963.8485449735449,,,,,,,,,,
2026-05-01,124,TransporterAgent,Bauchi,3,50.0,628.4284920634921,,,,,,,,,,
2026-05-01,125,BankingAgent,Bauchi,0,-0.0,-19.075000000000003,,,,,,,,,,
2026-05-01,126,BankingAgent,Bauchi,0,-0.0,-13.275,,,,,,,,,,
2026-05-01,127,BankingAgent,Bauchi,0,-0.0,-18.45,,,,,,,,,,
2026-05-01,129,TraderAgent,Kano,0,0.0,2176.27685546875,431850.15625,Kano,False,Onitsha,Onitsha,winning,False,380.0,9.0,False
2026-05-01,130,TraderAgent,Kano,4,-10.0,2031.888671875,450626.90625,Kano,False,Onitsha,Kano,winning,False,302.5,7.0,False
2026-05-01,131,TraderAgent,Kano,0,0.0,1625.930419921875,427126.84375,Kano,False,Onitsha,Onitsha,winning,False,380.0,8.0,False
2026-05-01,132,TraderAgent,Kano,0,979.0643310546875,4267.326171875,463378.46875,Kano,False,Onitsha,Kano,winning,False,380.0,12.0,False
2026-05-01,133,TraderAgent,Kano,0,979.0643310546875,5013.7939453125,405061.46875,Kano,False,Onitsha,Kano,winning,False,380.0,12.0,False
2026-05-01,134,TraderAgent,Kano,3,20.0,3100.728759765625,416781.375,Kano,False,Onitsha,Onitsha,winning,False,361.0,13.0,False
2026-05-01,135,TraderAgent,Kano,3,20.0,1929.3197021484375,441751.5625,Kano,False,Onitsha,Onitsha,winning,False,361.0,10.0,False
2026-05-01,136,TraderAgent,Kano,3,20.0,2404.880126953125,462196.8125,Kano,False,Onitsha,Onitsha,winning,False,361.0,8.0,False
2026-05-01,137,TraderAgent,Kano,1,131.35932822106534,2400.01171875,424050.59375,Onitsha,True,Onitsha,Onitsha,winning,False,302.5,9.0,True
2026-05-01,138,TraderAgent,Kano,3,20.0,966.5469970703125,449362.375,Kano,False,Onitsha,Onitsha,winning,False,361.0,6.0,False
2026-05-01,139,TraderAgent,Kano,0,979.0643310546875,5290.23681640625,449316.625,Kano,False,Onitsha,Kano,winning,False,380.0,10.0,False
2026-05-01,140,TraderAgent,Kano,4,-10.0,1321.1563720703125,446484.90625,Kano,False,Onitsha,Kano,winning,False,325.0,5.0,False
2026-05-01,141,TraderAgent,Kano,0,979.0643310546875,5866.83154296875,464497.125,Kano,False,Onitsha,Kano,winning,False,380.0,11.0,False
2026-05-01,142,TraderAgent,Kano,0,979.0643310546875,3903.10302734375,476353.375,Kano,False,Onitsha,Kano,winning,False,380.0,11.0,False
2026-05-01,143,TraderAgent,Kano,4,-10.0,1670.78466796875,465196.875,Kano,False,Onitsha,Kano,winning,False,325.0,7.0,False
2026-05-01,144,TraderAgent,Kano,0,704.0643310546875,2110.89404296875,449136.375,Kano,False,Onitsha,Kano,winning,False,325.0,7.0,False
2026-05-01,145,TraderAgent,Kano,3,20.0,1747.497802734375,405959.28125,Kano,False,Onitsha,Onitsha,winning,False,361.0,11.0,False
2026-05-01,146,TraderAgent,Kano,0,979.0643310546875,1805.96044921875,427968.6875,Kano,False,Onitsha,Kano,winning,False,380.0,7.0,False
2026-05-01,147,TraderAgent,Kano,2,-26.5,1591.9129638671875,405986.90625,Kano,False,Onitsha,Onitsha,winning,False,380.0,10.0,False
2026-05-01,148,TraderAgent,Kano,3,20.0,3178.8544921875,467218.75,Kano,False,Onitsha,Kano,winning,False,308.75,9.0,False
2026-05-01,149,BuyerAgent,Kano,1,295.9356689453125,1484.9910888671875,,,,,,,,,,
2026-05-01,150,BuyerAgent,Kano,1,20.9356689453125,1096.7869873046875,,,,,,,,,,
2026-05-01,151,BuyerAgent,Kano,1,20.9356689453125,807.964599609375,,,,,,,,,,
2026-05-01,152,BuyerAgent,Kano,0,20.9356689453125,550.8667602539062,,,,,,,,,,
2026-05-01,153,BuyerAgent,Kano,2,0.0,127.33558654785156,,,,,,,,,,
2026-05-01,154,BuyerAgent,Kano,2,0.0,53.42414855957031,,,,,,,,,,
2026-05-01,155,BuyerAgent,Kano,0,20.9356689453125,329.51715087890625,,,,,,,,,,
2026-05-01,156,BuyerAgent,Kano,1,20.9356689453125,106.507568359375,,,,,,,,,,
2026-05-01,157,BuyerAgent,Kano,1,20.9356689453125,315.4537353515625,,,,,,,,,,
2026-05-01,158,BuyerAgent,Kano,1,20.9356689453125,31.143264770507812,,,,,,,,,,
2026-05-01,159,BuyerAgent,Kano,1,20.9356689453125,315.20294189453125,,,,,,,,,,
2026-05-01,160,BuyerAgent,Kano,2,0.0,290.040283203125,,,,,,,,,,
2026-05-01,161,BuyerAgent,Kano,1,0.0,44.01397705078125,,,,,,,,,,
2026-05-01,162,BuyerAgent,Kano,0,0.0,3.052215576171875,,,,,,,,,,
2026-05-01,163,BuyerAgent,Kano,1,0.0,3.052215576171875,,,,,,,,,,
2026-05-01,164,BuyerAgent,Kano,1,0.0,3.052215576171875,,,,,,,,,,
2026-05-01,165,BuyerAgent,Kano,0,0.0,0.0,,,,,,,,,,
2026-05-01,166,BuyerAgent,Kano,1,0.0,0.0,,,,,,,,,,
2026-05-01,167,BuyerAgent,Kano,2,0.0,0.0,,,,,,,,,,
2026-05-01,168,BuyerAgent,Kano,1,0.0,0.0,,,,,,,,,,
2026-05-01,169,BuyerAgent,Kano,2,0.0,0.0,,,,,,,,,,
2026-05-01,170,BuyerAgent,Kano,0,0.0,0.0,,,,,,,,,,
2026-05-01,171,BuyerAgent,Kano,2,0.0,0.0,,,,,,,,,,
2026-05-01,172,BuyerAgent,Kano,2,0.0,0.0,,,,,,,,,,
2026-05-01,173,BuyerAgent,Kano,1,0.0,0.0,,,,,,,,,,
2026-05-01,174,BuyerAgent,Kano,2,0.0,0.0,,,,,,,,,,
2026-05-01,175,BuyerAgent,Kano,2,0.0,0.0,,,,,,,,,,
2026-05-01,176,BuyerAgent,Kano,2,0.0,0.0,,,,,,,,,,
2026-05-01,177,BuyerAgent,Kano,2,0.0,0.0,,,,,,,,,,
2026-05-01,178,BuyerAgent,Kano,1,0.0,0.0,,,,,,,,,,
2026-05-01,179,TransporterAgent,Kano,0,0.0,572.9543936640713,,,,,,,,,,
2026-05-01,180,TransporterAgent,Kano,3,50.0,317.402,,,,,,,,,,
2026-05-01,181,TransporterAgent,Kano,3,50.0,-800.7485918975609,,,,,,,,,,
2026-05-01,182,TransporterAgent,Kano,2,100.0,-541.766293752908,,,,,,,,,,
2026-05-01,183,TransporterAgent,Kano,1,-200.0,65.73004387301586,,,,,,,,,,
2026-05-01,184,TransporterAgent,Kano,0,0.0,-1224.9322603377611,,,,,,,,,,
2026-05-01,185,TransporterAgent,Kano,3,50.0,-431.16879511690104,,,,,,,,,,
2026-05-01,186,TransporterAgent,Kano,3,50.0,-429.9877877742859,,,,,,,,,,
2026-05-01,187,TransporterAgent,Kano,0,0.0,-1733.5,,,,,,,,,,
2026-05-01,188,TransporterAgent,Kano,3,50.0,-459.11692931378354,,,,,,,,,,
2026-05-01,189,BankingAgent,Kano,1,-2.6500000000000012,-57.50000000000001,,,,,,,,,,
2026-05-01,190,BankingAgent,Kano,0,-0.0,-68.40000000000002,,,,,,,,,,
2026-05-01,191,BankingAgent,Kano,0,-0.0,-68.175,,,,,,,,,,
2026-05-01,193,TraderAgent,Lagos,3,20.0,32208.984375,503274.96875,Lagos,False,Onitsha,Lagos,winning,False,814.62,10.0,False
2026-05-01,194,TraderAgent,Lagos,0,3676.444091796875,23616.474609375,499267.03125,Lagos,False,Onitsha,Onitsha,winning,False,880.0,10.0,False
2026-05-01,195,TraderAgent,Lagos,1,161.6386718439052,29894.201171875,485870.6875,Onitsha,True,Onitsha,Onitsha,winning,False,857.5,11.0,True
2026-05-01,196,TraderAgent,Lagos,1,161.6386718439052,28095.71484375,473206.125,Onitsha,True,Onitsha,Onitsha,winning,False,857.5,9.0,True
2026-05-01,197,TraderAgent,Lagos,0,2063.944091796875,20885.333984375,443707.625,Lagos,False,Onitsha,Lagos,winning,False,857.5,10.0,False
2026-05-01,198,TraderAgent,Lagos,4,-10.0,35457.0625,488809.53125,Lagos,False,Onitsha,Onitsha,winning,False,857.5,11.0,False
2026-05-01,199,TraderAgent,Lagos,0,3676.444091796875,29641.50390625,498528.09375,Lagos,False,Onitsha,Onitsha,winning,False,880.0,10.0,False
2026-05-01,200,TraderAgent,Lagos,2,-26.5,19070.068359375,496551.625,Lagos,False,Onitsha,Lagos,winning,False,857.5,8.0,False
2026-05-01,201,TraderAgent,Lagos,0,3676.444091796875,30033.244140625,498331.875,Lagos,False,Onitsha,Onitsha,winning,False,880.0,8.0,False
2026-05-01,202,TraderAgent,Lagos,0,3676.444091796875,36457.11328125,499708.875,Lagos,False,Onitsha,Onitsha,winning,False,880.0,12.0,False
2026-05-01,203,TraderAgent,Lagos,1,161.6386718439052,16975.6328125,479131.625,Onitsha,True,Onitsha,Onitsha,winning,False,857.5,5.0,True
2026-05-01,204,TraderAgent,Lagos,0,2063.944091796875,39561.875,438265.28125,Lagos,False,Onitsha,Lagos,winning,False,857.5,12.0,False
2026-05-01,205,TraderAgent,Lagos,4,-10.0,20854.37890625,491226.03125,Lagos,False,Onitsha,Onitsha,winning,False,857.5,8.0,False
2026-05-01,206,TraderAgent,Lagos,0,3676.444091796875,33951.37890625,490951.25,Lagos,False,Onitsha,Onitsha,winning,False,880.0,12.0,False
2026-05-01,207,TraderAgent,Lagos,4,-10.0,31881.23828125,442639.8125,Lagos,False,Onitsha,Onitsha,winning,False,857.5,11.0,False
2026-05-01,208,TraderAgent,Lagos,0,3676.444091796875,34131.69921875,485460.25,Lagos,False,Onitsha,Onitsha,winning,False,880.0,10.0,False
2026-05-01,209,TraderAgent,Lagos,1,161.6386718439052,27355.666015625,485307.71875,Onitsha,True,Onitsha,Onitsha,winning,False,857.5,10.0,True
2026-05-01,210,TraderAgent,Lagos,1,161.6386718439052,37455.234375,483678.3125,Onitsha,True,Onitsha,Onitsha,winning,False,857.5,10.0,True
2026-05-01,211,TraderAgent,Lagos,0,3676.444091796875,22441.375,498110.46875,Lagos,False,Onitsha,Onitsha,winning,False,880.0,9.0,False
2026-05-01,212,TraderAgent,Lagos,2,-26.5,35552.296875,493700.53125,Lagos,False,Onitsha,Lagos,winning,False,925.0,10.0,False
2026-05-01,213,BuyerAgent,Lagos,2,0.0,8371.5263671875,,,,,,,,,,
2026-05-01,214,BuyerAgent,Lagos,2,0.0,5743.8125,,,,,,,,,,
2026-05-01,215,BuyerAgent,Lagos,0,436.055908203125,5227.962890625,,,,,,,,,,
2026-05-01,216,BuyerAgent,Lagos,0,436.055908203125,6849.4482421875,,,,,,,,,,
2026-05-01,217,BuyerAgent,Lagos,1,323.555908203125,3807.265625,,,,,,,,,,
2026-05-01,218,BuyerAgent,Lagos,0,323.555908203125,4824.1005859375,,,,,,,,,,
2026-05-01,219,BuyerAgent,Lagos,2,0.0,4514.03955078125,,,,,,,,,,
2026-05-01,220,BuyerAgent,Lagos,1,323.555908203125,5371.6708984375,,,,,,,,,,
2026-05-01,221,BuyerAgent,Lagos,0,323.555908203125,3468.641357421875,,,,,,,,,,
2026-05-01,222,BuyerAgent,Lagos,0,323.555908203125,4042.748779296875,,,,,,,,,,
2026-05-01,223,BuyerAgent,Lagos,2,0.0,3332.56396484375,,,,,,,,,,
2026-05-01,224,BuyerAgent,Lagos,1,323.555908203125,2927.82421875,,,,,,,,,,
2026-05-01,225,BuyerAgent,Lagos,0,323.555908203125,2376.124267578125,,,,,,,,,,
2026-05-01,226,BuyerAgent,Lagos,2,0.0,1251.9677734375,,,,,,,,,,
2026-05-01,227,BuyerAgent,Lagos,1,0.0,0.0,,,,,,,,,,
2026-05-01,228,BuyerAgent,Lagos,2,0.0,0.0,,,,,,,,,,
2026-05-01,229,BuyerAgent,Lagos,0,0.0,0.0,,,,,,,,,,
2026-05-01,230,BuyerAgent,Lagos,1,0.0,0.0,,,,,,,,,,
2026-05-01,231,BuyerAgent,Lagos,0,0.0,0.0,,,,,,,,,,
2026-05-01,232,BuyerAgent,Lagos,0,0.0,0.0,,,,,,,,,,
2026-05-01,233,BuyerAgent,Lagos,1,0.0,0.0,,,,,,,,,,
2026-05-01,234,BuyerAgent,Lagos,0,0.0,0.0,,,,,,,,,,
2026-05-01,235,BuyerAgent,Lagos,2,0.0,0.0,,,,,,,,,,
2026-05-01,236,BuyerAgent,Lagos,2,0.0,0.0,,,,,,,,,,
2026-05-01,237,BuyerAgent,Lagos,2,0.0,0.0,,,,,,,,,,
2026-05-01,238,BuyerAgent,Lagos,0,0.0,0.0,,,,,,,,,,
2026-05-01,239,BuyerAgent,Lagos,1,0.0,0.0,,,,,,,,,,
2026-05-01,240,BuyerAgent,Lagos,0,0.0,0.0,,,,,,,,,,
2026-05-01,241,BuyerAgent,Lagos,0,0.0,0.0,,,,,,,,,,
2026-05-01,242,BuyerAgent,Lagos,0,0.0,0.0,,,,,,,,,,
2026-05-01,243,TransporterAgent,Lagos,0,4.1399625840400045,-902.0284327676704,,,,,,,,,,
2026-05-01,244,TransporterAgent,Lagos,3,50.0,-825.1180761180001,,,,,,,,,,
2026-05-01,245,TransporterAgent,Lagos,2,100.0,-649.7301330243115,,,,,,,,,,
2026-05-01,246,TransporterAgent,Lagos,0,4.1399625840400045,-1335.2121477504566,,,,,,,,,,
2026-05-01,247,TransporterAgent,Lagos,0,4.1399625840400045,-1511.5861173759931,,,,,,,,,,
2026-05-01,248,TransporterAgent,Lagos,1,-200.0,-747.6987706885351,,,,,,,,,,
2026-05-01,249,TransporterAgent,Lagos,1,-200.0,-1389.5991952226395,,,,,,,,,,
2026-05-01,250,TransporterAgent,Lagos,2,100.0,-280.5210430015312,,,,,,,,,,
2026-05-01,251,TransporterAgent,Lagos,2,100.0,-596.8785281894126,,,,,,,,,,
2026-05-01,252,TransporterAgent,Lagos,3,50.0,-702.1220410272554,,,,,,,,,,
2026-05-01,253,BankingAgent,Lagos,0,-0.0,-80.00000000000001,,,,,,,,,,
2026-05-01,254,BankingAgent,Lagos,1,-2.6500000000000012,-61.025000000000006,,,,,,,,,,
2026-05-01,255,BankingAgent,Lagos,0,-0.0,-81.72500000000001,,,,,,,,,,
2026-05-01,257,TraderAgent,Onitsha,3,20.0,14306.1318359375,481427.53125,Onitsha,False,Lagos,Onitsha,winning,False,703.0,11.0,False
2026-05-01,258,TraderAgent,Onitsha,4,-10.0,11699.9296875,488899.28125,Onitsha,False,Lagos,Lagos,winning,False,717.5,8.0,False
2026-05-01,259,TraderAgent,Onitsha,1,138.3757426134221,19868.2578125,453820.6875,Port_Harcourt,True,Port_Harcourt,Port_Harcourt,winning,False,717.5,15.0,True
2026-05-01,260,TraderAgent,Onitsha,0,478.53515625,6635.869140625,458342.09375,Onitsha,False,Abuja,Abuja,winning,False,760.0,9.0,False
2026-05-01,261,TraderAgent,Onitsha,0,478.53515625,32576.001953125,501536.90625,Onitsha,False,Abuja,Abuja,winning,False,760.0,14.0,False
2026-05-01,262,TraderAgent,Onitsha,4,-10.0,10142.5263671875,466463.6875,Onitsha,False,Lagos,Onitsha,winning,False,717.5,9.0,False
2026-05-01,263,TraderAgent,Onitsha,1,138.3757426134221,11581.7236328125,444721.03125,Port_Harcourt,True,Port_Harcourt,Port_Harcourt,winning,False,717.5,10.0,True
2026-05-01,264,TraderAgent,Onitsha,3,20.0,8505.5654296875,481818.0,Onitsha,False,Lagos,Onitsha,winning,False,681.62,8.0,False
2026-05-01,265,TraderAgent,Onitsha,2,-26.5,13731.8701171875,487716.875,Onitsha,False,Lagos,Onitsha,winning,False,740.0,12.0,False
2026-05-01,266,TraderAgent,Onitsha,0,478.53515625,30798.59375,507207.375,Onitsha,False,Abuja,Abuja,winning,False,760.0,13.0,False
2026-05-01,267,TraderAgent,Onitsha,4,-10.0,25378.328125,494208.75,Onitsha,False,Lagos,Onitsha,winning,False,740.0,8.0,False
2026-05-01,268,TraderAgent,Onitsha,0,1766.03515625,30589.689453125,481406.96875,Onitsha,False,Lagos,Onitsha,winning,False,717.5,13.0,False
2026-05-01,269,TraderAgent,Onitsha,3,20.0,16923.890625,478147.15625,Onitsha,False,Lagos,Lagos,winning,False,681.62,13.0,False
2026-05-01,270,TraderAgent,Onitsha,0,478.53515625,8707.451171875,446852.625,Onitsha,False,Abuja,Abuja,winning,False,760.0,11.0,False
2026-05-01,271,TraderAgent,Onitsha,0,478.53515625,16814.80859375,493132.8125,Onitsha,False,Abuja,Abuja,winning,False,760.0,12.0,False
2026-05-01,272,TraderAgent,Onitsha,1,138.3757426134221,13485.423828125,465091.8125,Port_Harcourt,True,Port_Harcourt,Port_Harcourt,winning,False,760.0,10.0,True
2026-05-01,273,TraderAgent,Onitsha,3,20.0,8498.662109375,491137.625,Onitsha,False,Lagos,Lagos,winning,False,660.25,6.0,False
2026-05-01,274,TraderAgent,Onitsha,2,-26.5,10651.919921875,469427.1875,Onitsha,False,Lagos,Onitsha,winning,False,740.0,10.0,False
2026-05-01,275,TraderAgent,Onitsha,1,138.3757426134221,6814.41357421875,435578.03125,Port_Harcourt,True,Port_Harcourt,Port_Harcourt,winning,False,695.0,8.0,True
2026-05-01,276,TraderAgent,Onitsha,3,20.0,8580.642578125,443038.3125,Onitsha,False,Abuja,Abuja,winning,False,722.0,10.0,False
2026-05-01,277,BuyerAgent,Onitsha,0,233.96484375,5191.408203125,,,,,,,,,,
2026-05-01,278,BuyerAgent,Onitsha,1,21.46484375,2050.8466796875,,,,,,,,,,
2026-05-01,279,BuyerAgent,Onitsha,0,21.46484375,3957.096435546875,,,,,,,,,,
2026-05-01,280,BuyerAgent,Onitsha,0,21.46484375,3439.36669921875,,,,,,,,,,
2026-05-01,281,BuyerAgent,Onitsha,0,21.46484375,2847.8837890625,,,,,,,,,,
2026-05-01,282,BuyerAgent,Onitsha,1,21.46484375,1074.3304443359375,,,,,,,,,,
2026-05-01,283,BuyerAgent,Onitsha,0,0.0,756.953125,,,,,,,,,,
2026-05-01,284,BuyerAgent,Onitsha,1,0.0,793.8092041015625,,,,,,,,,,
2026-05-01,285,BuyerAgent,Onitsha,1,0.0,317.8692626953125,,,,,,,,,,
2026-05-01,286,BuyerAgent,Onitsha,1,0.0,359.0069580078125,,,,,,,,,,
2026-05-01,287,BuyerAgent,Onitsha,0,0.0,173.84185791015625,,,,,,,,,,
2026-05-01,288,BuyerAgent,Onitsha,0,0.0,140.49896240234375,,,,,,,,,,
2026-05-01,289,BuyerAgent,Onitsha,1,0.0,71.62933349609375,,,,,,,,,,
2026-05-01,290,BuyerAgent,Onitsha,0,0.0,29.35943603515625,,,,,,,,,,
2026-05-01,291,BuyerAgent,Onitsha,1,0.0,14.669189453125,,,,,,,,,,
2026-05-01,292,BuyerAgent,Onitsha,2,0.0,18.4869384765625,,,,,,,,,,
2026-05-01,293,BuyerAgent,Onitsha,2,0.0,18.4869384765625,,,,,,,,,,
2026-05-01,294,BuyerAgent,Onitsha,1,0.0,0.0,,,,,,,,,,
2026-05-01,295,BuyerAgent,Onitsha,0,0.0,0.0,,,,,,,,,,
2026-05-01,296,BuyerAgent,Onitsha,0,0.0,0.0,,,,,,,,,,
2026-05-01,297,BuyerAgent,Onitsha,0,0.0,0.0,,,,,,,,,,
2026-05-01,298,BuyerAgent,Onitsha,1,0.0,0.0,,,,,,,,,,
2026-05-01,299,BuyerAgent,Onitsha,1,0.0,0.0,,,,,,,,,,
2026-05-01,300,BuyerAgent,Onitsha,1,0.0,0.0,,,,,,,,,,
2026-05-01,301,BuyerAgent,Onitsha,2,0.0,0.0,,,,,,,,,,
2026-05-01,302,BuyerAgent,Onitsha,2,0.0,0.0,,,,,,,,,,
2026-05-01,303,BuyerAgent,Onitsha,1,0.0,0.0,,,,,,,,,,
2026-05-01,304,BuyerAgent,Onitsha,0,0.0,0.0,,,,,,,,,,
2026-05-01,305,BuyerAgent,Onitsha,1,0.0,0.0,,,,,,,,,,
2026-05-01,306,BuyerAgent,Onitsha,2,0.0,0.0,,,,,,,,,,
2026-05-01,307,TransporterAgent,Onitsha,0,0.0,-149.31719352526855,,,,,,,,,,
2026-05-01,308,TransporterAgent,Onitsha,2,100.0,272.42959127429026,,,,,,,,,,
2026-05-01,309,TransporterAgent,Onitsha,0,0.0,445.84827380820917,,,,,,,,,,
2026-05-01,310,TransporterAgent,Onitsha,0,0.0,232.06559994873228,,,,,,,,,,
2026-05-01,311,TransporterAgent,Onitsha,0,0.0,-209.4609374165317,,,,,,,,,,
2026-05-01,312,TransporterAgent,Onitsha,3,50.0,-566.5567369226,,,,,,,,,,
2026-05-01,313,TransporterAgent,Onitsha,1,-200.0,125.34560245937223,,,,,,,,,,
2026-05-01,314,TransporterAgent,Onitsha,3,50.0,718.7666295108725,,,,,,,,,,
2026-05-01,315,TransporterAgent,Onitsha,3,50.0,619.5493093763487,,,,,,,,,,
2026-05-01,316,TransporterAgent,Onitsha,0,0.0,-660.2160202595502,,,,,,,,,,
2026-05-01,317,BankingAgent,Onitsha,0,-0.0,-65.50000000000001,,,,,,,,,,
2026-05-01,318,BankingAgent,Onitsha,2,-1.3250000000000006,-78.92500000000003,,,,,,,,,,
2026-05-01,319,BankingAgent,Onitsha,0,-0.0,-69.82500000000003,,,,,,,,,,
2026-05-01,321,TraderAgent,Port_Harcourt,1,142.43891467572044,41773.77734375,521983.25,Onitsha,True,Onitsha,Onitsha,winning,False,1631.25,9.0,True
2026-05-01,322,TraderAgent,Port_Harcourt,0,4189.0771484375,78560.0859375,561243.375,Port_Harcourt,False,Onitsha,Port_Harcourt,winning,False,1642.5,12.0,False
2026-05-01,323,TraderAgent,Port_Harcourt,4,-10.0,61347.40234375,548858.0,Port_Harcourt,False,Onitsha,Port_Harcourt,winning,False,1631.25,11.0,False
2026-05-01,324,TraderAgent,Port_Harcourt,3,20.0,23226.060546875,520649.0,Port_Harcourt,False,Onitsha,Port_Harcourt,winning,False,1549.69,6.0,False
2026-05-01,325,TraderAgent,Port_Harcourt,3,20.0,57112.3046875,546259.125,Port_Harcourt,False,Onitsha,Port_Harcourt,winning,False,1549.69,12.0,False
2026-05-01,326,TraderAgent,Port_Harcourt,1,142.43891467572044,52782.20703125,530447.1875,Onitsha,True,Onitsha,Onitsha,winning,False,1417.5,8.0,True
2026-05-01,327,TraderAgent,Port_Harcourt,2,-26.5,47989.57421875,538038.75,Port_Harcourt,False,Onitsha,Onitsha,winning,False,1417.5,9.0,False
2026-05-01,328,TraderAgent,Port_Harcourt,0,4189.0771484375,70183.5625,556194.0625,Port_Harcourt,False,Onitsha,Port_Harcourt,winning,False,1642.5,12.0,False
2026-05-01,329,TraderAgent,Port_Harcourt,1,142.43891467572044,40004.16796875,520039.5625,Onitsha,True,Onitsha,Onitsha,winning,False,1642.5,8.0,True
2026-05-01,330,TraderAgent,Port_Harcourt,1,142.43891467572044,65484.109375,543118.375,Onitsha,True,Onitsha,Onitsha,winning,False,1417.5,13.0,True
2026-05-01,331,TraderAgent,Port_Harcourt,3,20.0,58275.40625,542560.75,Port_Harcourt,False,Onitsha,Port_Harcourt,winning,False,1560.38,10.0,False
2026-05-01,332,TraderAgent,Port_Harcourt,3,20.0,49593.67578125,492831.90625,Port_Harcourt,False,Onitsha,Onitsha,winning,False,1346.62,10.0,False
2026-05-01,333,TraderAgent,Port_Harcourt,0,3064.0771484375,48826.1640625,536094.1875,Port_Harcourt,False,Onitsha,Port_Harcourt,winning,False,1417.5,7.0,False
2026-05-01,334,TraderAgent,Port_Harcourt,0,3064.0771484375,67938.7265625,553449.75,Port_Harcourt,False,Onitsha,Port_Harcourt,winning,False,1417.5,10.0,False
2026-05-01,335,TraderAgent,Port_Harcourt,2,-26.5,39714.2421875,535078.125,Port_Harcourt,False,Onitsha,Port_Harcourt,winning,False,1631.25,10.0,False
2026-05-01,336,TraderAgent,Port_Harcourt,1,142.43891467572044,60903.484375,538300.3125,Onitsha,True,Onitsha,Onitsha,winning,False,1417.5,13.0,True
2026-05-01,337,TraderAgent,Port_Harcourt,1,142.43891467572044,55720.234375,530208.0625,Onitsha,True,Onitsha,Onitsha,winning,False,1417.5,9.0,True
2026-05-01,338,TraderAgent,Port_Harcourt,3,20.0,66069.21875,504491.84375,Port_Harcourt,False,Onitsha,Onitsha,winning,False,1346.62,13.0,False
2026-05-01,339,TraderAgent,Port_Harcourt,0,4189.0771484375,47452.93359375,536610.875,Port_Harcourt,False,Onitsha,Port_Harcourt,winning,False,1642.5,10.0,False
2026-05-01,340,TraderAgent,Port_Harcourt,4,-10.0,49215.86328125,539859.1875,Port_Harcourt,False,Onitsha,Port_Harcourt,winning,False,1620.0,10.0,False
2026-05-01,341,BuyerAgent,Port_Harcourt,2,0.0,18722.517578125,,,,,,,,,,
2026-05-01,342,BuyerAgent,Port_Harcourt,0,1435.9228515625,27220.35546875,,,,,,,,,,
2026-05-01,343,BuyerAgent,Port_Harcourt,1,1435.9228515625,22708.3359375,,,,,,,,,,
2026-05-01,344,BuyerAgent,Port_Harcourt,0,310.9228515625,13052.021484375,,,,,,,,,,
2026-05-01,345,BuyerAgent,Port_Harcourt,0,310.9228515625,29134.296875,,,,,,,,,,
2026-05-01,346,BuyerAgent,Port_Harcourt,0,310.9228515625,20922.81640625,,,,,,,,,,
2026-05-01,347,BuyerAgent,Port_Harcourt,0,0.0,20882.8359375,,,,,,,,,,
2026-05-01,348,BuyerAgent,Port_Harcourt,1,0.0,13902.0556640625,,,,,,,,,,
2026-05-01,349,BuyerAgent,Port_Harcourt,1,0.0,14918.1591796875,,,,,,,,,,
2026-05-01,350,BuyerAgent,Port_Harcourt,0,0.0,9913.7216796875,,,,,,,,,,
2026-05-01,351,BuyerAgent,Port_Harcourt,2,0.0,6142.84765625,,,,,,,,,,
2026-05-01,352,BuyerAgent,Port_Harcourt,0,0.0,4208.8505859375,,,,,,,,,,
2026-05-01,353,BuyerAgent,Port_Harcourt,1,0.0,4418.4697265625,,,,,,,,,,
2026-05-01,354,BuyerAgent,Port_Harcourt,1,0.0,4319.466796875,,,,,,,,,,
2026-05-01,355,BuyerAgent,Port_Harcourt,1,0.0,1751.1529541015625,,,,,,,,,,
2026-05-01,356,BuyerAgent,Port_Harcourt,1,0.0,218.52294921875,,,,,,,,,,
2026-05-01,357,BuyerAgent,Port_Harcourt,2,0.0,1090.977783203125,,,,,,,,,,
2026-05-01,358,BuyerAgent,Port_Harcourt,1,0.0,715.977783203125,,,,,,,,,,
2026-05-01,359,BuyerAgent,Port_Harcourt,1,0.0,715.977783203125,,,,,,,,,,
2026-05-01,360,BuyerAgent,Port_Harcourt,1,0.0,715.977783203125,,,,,,,,,,
2026-05-01,361,BuyerAgent,Port_Harcourt,1,0.0,0.0,,,,,,,,,,
2026-05-01,362,BuyerAgent,Port_Harcourt,2,0.0,184.0081787109375,,,,,,,,,,
2026-05-01,363,BuyerAgent,Port_Harcourt,2,0.0,0.0,,,,,,,,,,
2026-05-01,364,BuyerAgent,Port_Harcourt,2,0.0,0.0,,,,,,,,,,
2026-05-01,365,BuyerAgent,Port_Harcourt,1,0.0,0.0,,,,,,,,,,
2026-05-01,366,BuyerAgent,Port_Harcourt,1,0.0,0.0,,,,,,,,,,
2026-05-01,367,BuyerAgent,Port_Harcourt,2,0.0,0.0,,,,,,,,,,
2026-05-01,368,BuyerAgent,Port_Harcourt,0,0.0,0.0,,,,,,,,,,
2026-05-01,369,BuyerAgent,Port_Harcourt,1,0.0,0.0,,,,,,,,,,
2026-05-01,370,BuyerAgent,Port_Harcourt,0,0.0,0.0,,,,,,,,,,
2026-05-01,371,TransporterAgent,Port_Harcourt,3,50.0,-363.1921629645309,,,,,,,,,,
2026-05-01,372,TransporterAgent,Port_Harcourt,0,0.5737436203749985,9.715712810024328,,,,,,,,,,
2026-05-01,373,TransporterAgent,Port_Harcourt,1,-200.0,663.2656949890725,,,,,,,,,,
2026-05-01,374,TransporterAgent,Port_Harcourt,0,0.5737436203749985,-462.0740331467548,,,,,,,,,,
2026-05-01,375,TransporterAgent,Port_Harcourt,3,50.0,-209.94723895677976,,,,,,,,,,
2026-05-01,376,TransporterAgent,Port_Harcourt,1,-200.0,-1457.2237752079018,,,,,,,,,,
2026-05-01,377,TransporterAgent,Port_Harcourt,1,-200.0,-744.074025229182,,,,,,,,,,
2026-05-01,378,TransporterAgent,Port_Harcourt,1,-200.0,-588.4334708629053,,,,,,,,,,
2026-05-01,379,TransporterAgent,Port_Harcourt,2,100.0,-716.5522750857475,,,,,,,,,,
2026-05-01,380,TransporterAgent,Port_Harcourt,2,100.0,-470.4347345755357,,,,,,,,,,
2026-05-01,381,BankingAgent,Port_Harcourt,1,-2.6500000000000012,-63.12500000000001,,,,,,,,,,
2026-05-01,382,BankingAgent,Port_Harcourt,1,-2.6500000000000012,-49.45000000000002,,,,,,,,,,
2026-05-01,383,BankingAgent,Port_Harcourt,0,-0.0,-61.82500000000001,,,,,,,,,,
2026-06-01,1,TraderAgent,Abuja,2,-26.5,26081.119140625,488269.15625,Abuja,False,Onitsha,Abuja,winning,False,555.0,11.0,False
2026-06-01,2,TraderAgent,Abuja,2,-26.5,25318.74609375,430679.03125,Abuja,False,Onitsha,Onitsha,winning,False,570.0,7.0,False
2026-06-01,3,TraderAgent,Abuja,0,1524.0606689453125,23257.060546875,476217.625,Abuja,False,Onitsha,Abuja,winning,False,570.0,12.0,False
2026-06-01,4,TraderAgent,Abuja,4,-10.0,36624.6953125,462539.375,Abuja,False,Onitsha,Onitsha,winning,False,570.0,15.0,False
2026-06-01,5,TraderAgent,Abuja,2,-26.5,18007.474609375,481982.46875,Abuja,False,Onitsha,Onitsha,winning,False,570.0,7.0,False
2026-06-01,6,TraderAgent,Abuja,1,142.4163518371028,20014.14453125,467629.375,Onitsha,True,Onitsha,Onitsha,winning,False,555.0,8.0,True
2026-06-01,7,TraderAgent,Abuja,0,24.0606689453125,42203.71875,400909.125,Abuja,False,Onitsha,Onitsha,winning,False,570.0,17.0,False
2026-06-01,8,TraderAgent,Abuja,0,24.0606689453125,31112.326171875,465602.25,Abuja,False,Onitsha,Onitsha,winning,False,570.0,14.0,False
2026-06-01,9,TraderAgent,Abuja,2,-26.5,16908.208984375,417946.46875,Abuja,False,Onitsha,Onitsha,winning,False,570.0,10.0,False
2026-06-01,10,TraderAgent,Abuja,1,142.4163518371028,28715.609375,443622.625,Onitsha,True,Onitsha,Onitsha,winning,False,555.0,13.0,True
2026-06-01,11,TraderAgent,Abuja,4,-10.0,25742.439453125,481281.6875,Abuja,False,Onitsha,Onitsha,winning,False,570.0,8.0,False
2026-06-01,12,TraderAgent,Abuja,4,-10.0,19004.197265625,462974.84375,Abuja,False,Onitsha,Onitsha,winning,False,570.0,9.0,False
2026-06-01,13,TraderAgent,Abuja,2,-26.5,21135.47265625,493971.28125,Abuja,False,Onitsha,Abuja,winning,False,570.0,9.0,False
2026-06-01,14,TraderAgent,Abuja,0,1449.0606689453125,11850.630859375,483351.59375,Abuja,False,Onitsha,Abuja,winning,False,555.0,9.0,False
2026-06-01,15,TraderAgent,Abuja,0,24.0606689453125,24626.23046875,477822.5625,Abuja,False,Onitsha,Onitsha,winning,False,570.0,12.0,False
2026-06-01,16,TraderAgent,Abuja,1,142.4163518371028,15407.357421875,392684.09375,Onitsha,True,Onitsha,Onitsha,winning,False,570.0,8.0,True
2026-06-01,17,TraderAgent,Abuja,0,1524.0606689453125,27483.494140625,444206.53125,Abuja,False,Onitsha,Abuja,winning,False,570.0,13.0,False
2026-06-01,18,TraderAgent,Abuja,0,24.0606689453125,27954.943359375,479786.875,Abuja,False,Onitsha,Onitsha,winning,False,570.0,15.0,False
2026-06-01,19,TraderAgent,Abuja,4,-10.0,16322.677734375,467431.8125,Abuja,False,Onitsha,Abuja,winning,False,555.0,8.0,False
2026-06-01,20,TraderAgent,Abuja,3,20.0,19613.76953125,489757.25,Abuja,False,Onitsha,Abuja,winning,False,541.5,13.0,False
2026-06-01,21,BuyerAgent,Abuja,2,0.0,8636.4951171875,,,,,,,,,,
2026-06-01,22,BuyerAgent,Abuja,2,0.0,4429.494140625,,,,,,,,,,
2026-06-01,23,BuyerAgent,Abuja,1,50.9393310546875,6040.5498046875,,,,,,,,,,
2026-06-01,24,BuyerAgent,Abuja,2,0.0,3567.1318359375,,,,,,,,,,
2026-06-01,25,BuyerAgent,Abuja,1,0.0,4671.99951171875,,,,,,,,,,
2026-06-01,26,BuyerAgent,Abuja,1,0.0,4528.17578125,,,,,,,,,,
2026-06-01,27,BuyerAgent,Abuja,1,0.0,2381.871337890625,,,,,,,,,,
2026-06-01,28,BuyerAgent,Abuja,1,0.0,5216.65625,,,,,,,,,,
2026-06-01,29,BuyerAgent,Abuja,2,0.0,3227.939453125,,,,,,,,,,
2026-06-01,30,BuyerAgent,Abuja,0,0.0,3576.734130859375,,,,,,,,,,
2026-06-01,31,BuyerAgent,Abuja,0,0.0,1958.2440185546875,,,,,,,,,,
2026-06-01,32,BuyerAgent,Abuja,2,0.0,277.50579833984375,,,,,,,,,,
2026-06-01,33,BuyerAgent,Abuja,0,0.0,1601.257080078125,,,,,,,,,,
2026-06-01,34,BuyerAgent,Abuja,2,0.0,2627.967529296875,,,,,,,,,,
2026-06-01,35,BuyerAgent,Abuja,1,0.0,1222.862548828125,,,,,,,,,,
2026-06-01,36,BuyerAgent,Abuja,1,0.0,22.862548828125,,,,,,,,,,
2026-06-01,37,BuyerAgent,Abuja,2,0.0,14.522705078125,,,,,,,,,,
2026-06-01,38,BuyerAgent,Abuja,1,0.0,0.0,,,,,,,,,,
2026-06-01,39,BuyerAgent,Abuja,1,0.0,0.0,,,,,,,,,,
2026-06-01,40,BuyerAgent,Abuja,2,0.0,0.0,,,,,,,,,,
2026-06-01,41,BuyerAgent,Abuja,2,0.0,0.0,,,,,,,,,,
2026-06-01,42,BuyerAgent,Abuja,1,0.0,0.0,,,,,,,,,,
2026-06-01,43,BuyerAgent,Abuja,0,0.0,0.0,,,,,,,,,,
2026-06-01,44,BuyerAgent,Abuja,2,0.0,0.0,,,,,,,,,,
2026-06-01,45,BuyerAgent,Abuja,0,0.0,0.0,,,,,,,,,,
2026-06-01,46,BuyerAgent,Abuja,2,0.0,0.0,,,,,,,,,,
2026-06-01,47,BuyerAgent,Abuja,0,0.0,0.0,,,,,,,,,,
2026-06-01,48,BuyerAgent,Abuja,1,0.0,0.0,,,,,,,,,,
2026-06-01,49,BuyerAgent,Abuja,0,0.0,0.0,,,,,,,,,,
2026-06-01,50,BuyerAgent,Abuja,2,0.0,0.0,,,,,,,,,,
2026-06-01,51,TransporterAgent,Abuja,0,7.0454750148565015,-379.27603814809356,,,,,,,,,,
2026-06-01,52,TransporterAgent,Abuja,2,100.0,-389.8251439203333,,,,,,,,,,
2026-06-01,53,TransporterAgent,Abuja,0,7.0454750148565015,-17.985507712128445,,,,,,,,,,
2026-06-01,54,TransporterAgent,Abuja,0,7.0454750148565015,-709.866277734805,,,,,,,,,,
2026-06-01,55,TransporterAgent,Abuja,2,100.0,262.5289666049955,,,,,,,,,,
2026-06-01,56,TransporterAgent,Abuja,3,50.0,-732.3975733471615,,,,,,,,,,
2026-06-01,57,TransporterAgent,Abuja,1,-200.0,-678.9619174190252,,,,,,,,,,
2026-06-01,58,TransporterAgent,Abuja,3,50.0,-168.93521937716304,,,,,,,,,,
2026-06-01,59,TransporterAgent,Abuja,3,50.0,-607.0548663967691,,,,,,,,,,
2026-06-01,60,TransporterAgent,Abuja,3,50.0,-415.06616260893486,,,,,,,,,,
2026-06-01,61,BankingAgent,Abuja,0,-0.0,-81.575,,,,,,,,,,
2026-06-01,62,BankingAgent,Abuja,1,-2.6500000000000012,-75.37500000000003,,,,,,,,,,
2026-06-01,63,BankingAgent,Abuja,0,-0.0,-73.52500000000002,,,,,,,,,,
2026-06-01,65,TraderAgent,Bauchi,0,593.3309936523438,7471.85205078125,491010.09375,Bauchi,False,Port_Harcourt,Bauchi,winning,False,255.0,14.0,False
2026-06-01,66,TraderAgent,Bauchi,0,0.0,6183.2734375,324212.15625,Bauchi,False,Onitsha,Onitsha,winning,False,285.0,14.0,False
2026-06-01,67,TraderAgent,Bauchi,3,20.0,571.9372172619047,486006.96875,Bauchi,False,Port_Harcourt,Port_Harcourt,winning,False,270.75,1.0,False
2026-06-01,68,TraderAgent,Bauchi,0,0.0,5969.8623046875,290825.71875,Bauchi,False,Onitsha,Onitsha,winning,False,285.0,13.0,False
2026-06-01,69,TraderAgent,Bauchi,1,143.35990446290415,5193.626953125,249637.234375,Onitsha,True,Onitsha,Onitsha,winning,False,285.0,14.0,True
2026-06-01,70,TraderAgent,Bauchi,3,20.0,5947.18212890625,449987.1875,Bauchi,False,Onitsha,Onitsha,winning,False,270.75,6.0,False
2026-06-01,71,TraderAgent,Bauchi,0,743.3309936523438,10484.4111328125,382374.8125,Bauchi,False,Onitsha,Bauchi,winning,False,285.0,13.0,False
2026-06-01,72,TraderAgent,Bauchi,1,143.35990446290415,8755.021484375,324295.0,Onitsha,True,Onitsha,Onitsha,winning,False,285.0,14.0,True
2026-06-01,73,TraderAgent,Bauchi,3,20.0,9786.4677734375,495128.25,Bauchi,False,Port_Harcourt,Bauchi,winning,False,242.25,19.0,False
2026-06-01,74,TraderAgent,Bauchi,1,143.35990446290415,6583.7353515625,268605.34375,Onitsha,True,Onitsha,Onitsha,winning,False,285.0,13.0,True
2026-06-01,75,TraderAgent,Bauchi,0,593.3309936523438,16785.20703125,516023.28125,Bauchi,False,,Bauchi,winning,False,255.0,28.0,False
2026-06-01,76,TraderAgent,Bauchi,0,593.3309936523438,13834.263671875,446518.09375,Bauchi,False,Onitsha,Bauchi,winning,False,255.0,24.0,False
2026-06-01,77,TraderAgent,Bauchi,0,0.0,4109.8486328125,407918.46875,Bauchi,False,Onitsha,Onitsha,winning,False,285.0,9.0,False
2026-06-01,78,TraderAgent,Bauchi,3,20.0,555.25,499975.25,Bauchi,False,,,winning,False,256.5,0.0,False
2026-06-01,79,TraderAgent,Bauchi,3,20.0,640.4256592592593,484280.8125,Bauchi,False,Port_Harcourt,Port_Harcourt,winning,False,270.75,1.0,False
2026-06-01,80,TraderAgent,Bauchi,0,593.3309936523438,17106.759765625,516387.09375,Bauchi,False,,Bauchi,winning,False,255.0,28.0,False
2026-06-01,81,TraderAgent,Bauchi,1,143.35990446290415,5271.83056640625,327352.71875,Onitsha,True,Onitsha,Onitsha,winning,False,285.0,13.0,True
2026-06-01,82,TraderAgent,Bauchi,3,20.0,3284.677734375,445025.6875,Bauchi,False,Onitsha,Bauchi,winning,False,220.88,6.0,False
2026-06-01,83,TraderAgent,Bauchi,0,593.3309936523438,16768.95703125,515997.03125,Bauchi,False,,Bauchi,winning,False,255.0,28.0,False
2026-06-01,84,TraderAgent,Bauchi,3,20.0,5342.7421875,402460.75,Bauchi,False,Onitsha,Onitsha,winning,False,270.75,8.0,False
2026-06-01,85,BuyerAgent,Bauchi,1,156.66900634765625,2573.088623046875,,,,,,,,,,
2026-06-01,86,BuyerAgent,Bauchi,0,156.66900634765625,2497.177001953125,,,,,,,,,,
2026-06-01,87,BuyerAgent,Bauchi,0,156.66900634765625,2497.177001953125,,,,,,,,,,
2026-06-01,88,BuyerAgent,Bauchi,0,156.66900634765625,1607.139404296875,,,,,,,,,,
2026-06-01,89,BuyerAgent,Bauchi,0,156.66900634765625,2347.915771484375,,,,,,,,,,
2026-06-01,90,BuyerAgent,Bauchi,0,6.66900634765625,626.9529418945312,,,,,,,,,,
2026-06-01,91,BuyerAgent,Bauchi,0,6.66900634765625,170.60585021972656,,,,,,,,,,
2026-06-01,92,BuyerAgent,Bauchi,0,6.66900634765625,194.6544647216797,,,,,,,,,,
2026-06-01,93,BuyerAgent,Bauchi,0,6.66900634765625,182.3210906982422,,,,,,,,,,
2026-06-01,94,BuyerAgent,Bauchi,1,0.0,158.34320068359375,,,,,,,,,,
2026-06-01,95,BuyerAgent,Bauchi,0,0.0,182.76527404785156,,,,,,,,,,
2026-06-01,96,BuyerAgent,Bauchi,1,0.0,166.78421020507812,,,,,,,,,,
2026-06-01,97,BuyerAgent,Bauchi,1,0.0,18.372802734375,,,,,,,,,,
2026-06-01,98,BuyerAgent,Bauchi,2,0.0,0.0,,,,,,,,,,
2026-06-01,99,BuyerAgent,Bauchi,0,0.0,0.0,,,,,,,,,,
2026-06-01,100,BuyerAgent,Bauchi,2,0.0,0.0,,,,,,,,,,
2026-06-01,101,BuyerAgent,Bauchi,1,0.0,0.0,,,,,,,,,,
2026-06-01,102,BuyerAgent,Bauchi,2,0.0,0.0,,,,,,,,,,
2026-06-01,103,BuyerAgent,Bauchi,1,0.0,0.0,,,,,,,,,,
2026-06-01,104,BuyerAgent,Bauchi,0,0.0,0.0,,,,,,,,,,
2026-06-01,105,BuyerAgent,Bauchi,0,0.0,0.0,,,,,,,,,,
2026-06-01,106,BuyerAgent,Bauchi,0,0.0,0.0,,,,,,,,,,
2026-06-01,107,BuyerAgent,Bauchi,0,0.0,0.0,,,,,,,,,,
2026-06-01,108,BuyerAgent,Bauchi,1,0.0,0.0,,,,,,,,,,
2026-06-01,109,BuyerAgent,Bauchi,2,0.0,0.0,,,,,,,,,,
2026-06-01,110,BuyerAgent,Bauchi,1,0.0,0.0,,,,,,,,,,
2026-06-01,111,BuyerAgent,Bauchi,2,0.0,0.0,,,,,,,,,,
2026-06-01,112,BuyerAgent,Bauchi,0,0.0,0.0,,,,,,,,,,
2026-06-01,113,BuyerAgent,Bauchi,0,0.0,0.0,,,,,,,,,,
2026-06-01,114,BuyerAgent,Bauchi,1,0.0,0.0,,,,,,,,,,
2026-06-01,115,TransporterAgent,Bauchi,0,0.0,-522.88812719501,,,,,,,,,,
2026-06-01,116,TransporterAgent,Bauchi,0,0.0,-778.2549082228369,,,,,,,,,,
2026-06-01,117,TransporterAgent,Bauchi,3,50.0,1300.0,,,,,,,,,,
2026-06-01,118,TransporterAgent,Bauchi,3,50.0,860.0357142857142,,,,,,,,,,
2026-06-01,119,TransporterAgent,Bauchi,0,0.0,-692.6414993624944,,,,,,,,,,
2026-06-01,120,TransporterAgent,Bauchi,3,50.0,1250.0,,,,,,,,,,
2026-06-01,121,TransporterAgent,Bauchi,0,0.0,-1237.3620179839058,,,,,,,,,,
2026-06-01,122,TransporterAgent,Bauchi,3,50.0,119.28035714285716,,,,,,,,,,
2026-06-01,123,TransporterAgent,Bauchi,3,50.0,1013.8485449735449,,,,,,,,,,
2026-06-01,124,TransporterAgent,Bauchi,3,50.0,678.4284920634921,,,,,,,,,,
2026-06-01,125,BankingAgent,Bauchi,0,-0.0,-19.075000000000003,,,,,,,,,,
2026-06-01,126,BankingAgent,Bauchi,2,-1.3250000000000006,-15.925000000000002,,,,,,,,,,
2026-06-01,127,BankingAgent,Bauchi,0,-0.0,-18.45,,,,,,,,,,
2026-06-01,129,TraderAgent,Kano,2,-22.98875,2153.2880859375,431827.15625,Kano,False,Onitsha,Onitsha,winning,False,380.0,9.0,False
2026-06-01,130,TraderAgent,Kano,3,20.0,2051.888671875,450626.90625,Kano,False,Onitsha,Kano,winning,False,287.38,7.0,False
2026-06-01,131,TraderAgent,Kano,3,20.0,1645.930419921875,427126.84375,Kano,False,Onitsha,Onitsha,winning,False,361.0,8.0,False
2026-06-01,132,TraderAgent,Kano,2,-22.98875,4244.33740234375,463355.46875,Kano,False,Onitsha,Kano,winning,False,370.0,12.0,False
2026-06-01,133,TraderAgent,Kano,0,953.8671875,5967.6611328125,405992.375,Kano,False,Onitsha,Kano,winning,False,370.0,13.0,False
2026-06-01,134,TraderAgent,Kano,1,131.35932822106534,3232.088134765625,394557.09375,Onitsha,True,Onitsha,Onitsha,winning,False,380.0,13.0,True
2026-06-01,135,TraderAgent,Kano,0,1003.8671875,2933.18701171875,442732.4375,Kano,False,Onitsha,Kano,winning,False,380.0,11.0,False
2026-06-01,136,TraderAgent,Kano,0,1003.8671875,3408.747314453125,463177.6875,Kano,False,Onitsha,Kano,winning,False,380.0,9.0,False
2026-06-01,137,TraderAgent,Kano,0,0.0,2400.01171875,428054.46875,Kano,False,Onitsha,Onitsha,winning,False,380.0,10.0,False
2026-06-01,138,TraderAgent,Kano,2,-22.98875,943.5582275390625,449339.375,Kano,False,Onitsha,Onitsha,winning,False,380.0,6.0,False
2026-06-01,139,TraderAgent,Kano,4,-10.0,5280.23681640625,449316.625,Kano,False,Onitsha,Kano,winning,False,370.0,10.0,False
2026-06-01,140,TraderAgent,Kano,3,20.0,1341.1563720703125,446484.90625,Kano,False,Onitsha,Kano,winning,False,308.75,5.0,False
2026-06-01,141,TraderAgent,Kano,3,20.0,5886.83154296875,464497.125,Kano,False,Onitsha,Kano,winning,False,351.5,11.0,False
2026-06-01,142,TraderAgent,Kano,3,20.0,3923.10302734375,476353.375,Kano,False,Onitsha,Kano,winning,False,351.5,11.0,False
2026-06-01,143,TraderAgent,Kano,0,728.8671875,2399.65185546875,465902.75,Kano,False,Onitsha,Kano,winning,False,325.0,8.0,False
2026-06-01,144,TraderAgent,Kano,1,131.35932822106534,2242.25341796875,426912.125,Onitsha,True,Onitsha,Onitsha,winning,False,370.0,7.0,True
2026-06-01,145,TraderAgent,Kano,2,-22.98875,1724.509033203125,405936.28125,Kano,False,Onitsha,Onitsha,winning,False,380.0,11.0,False
2026-06-01,146,TraderAgent,Kano,0,953.8671875,2759.82763671875,428899.5625,Kano,False,Onitsha,Kano,winning,False,370.0,8.0,False
2026-06-01,147,TraderAgent,Kano,0,1003.8671875,2595.7802734375,406967.8125,Kano,False,Onitsha,Kano,winning,False,380.0,11.0,False
2026-06-01,148,TraderAgent,Kano,0,728.8671875,3907.7216796875,467924.625,Kano,False,Onitsha,Kano,winning,False,325.0,10.0,False
2026-06-01,149,BuyerAgent,Kano,0,271.1328125,1756.1239013671875,,,,,,,,,,
2026-06-01,150,BuyerAgent,Kano,2,0.0,1096.7869873046875,,,,,,,,,,
2026-06-01,151,BuyerAgent,Kano,1,271.1328125,1079.097412109375,,,,,,,,,,
2026-06-01,152,BuyerAgent,Kano,2,0.0,550.8667602539062,,,,,,,,,,
2026-06-01,153,BuyerAgent,Kano,2,0.0,127.33558654785156,,,,,,,,,,
2026-06-01,154,BuyerAgent,Kano,1,46.1328125,99.55696105957031,,,,,,,,,,
2026-06-01,155,BuyerAgent,Kano,0,46.1328125,375.64996337890625,,,,,,,,,,
2026-06-01,156,BuyerAgent,Kano,0,0.0,106.507568359375,,,,,,,,,,
2026-06-01,157,BuyerAgent,Kano,2,0.0,315.4537353515625,,,,,,,,,,
2026-06-01,158,BuyerAgent,Kano,2,0.0,31.143264770507812,,,,,,,,,,
2026-06-01,159,BuyerAgent,Kano,1,0.0,315.20294189453125,,,,,,,,,,
2026-06-01,160,BuyerAgent,Kano,1,0.0,290.040283203125,,,,,,,,,,
2026-06-01,161,BuyerAgent,Kano,0,0.0,44.01397705078125,,,,,,,,,,
2026-06-01,162,BuyerAgent,Kano,2,0.0,3.052215576171875,,,,,,,,,,
2026-06-01,163,BuyerAgent,Kano,1,0.0,3.052215576171875,,,,,,,,,,
2026-06-01,164,BuyerAgent,Kano,0,0.0,3.052215576171875,,,,,,,,,,
2026-06-01,165,BuyerAgent,Kano,2,0.0,0.0,,,,,,,,,,
2026-06-01,166,BuyerAgent,Kano,2,0.0,0.0,,,,,,,,,,
2026-06-01,167,BuyerAgent,Kano,1,0.0,0.0,,,,,,,,,,
2026-06-01,168,BuyerAgent,Kano,1,0.0,0.0,,,,,,,,,,
2026-06-01,169,BuyerAgent,Kano,0,0.0,0.0,,,,,,,,,,
2026-06-01,170,BuyerAgent,Kano,0,0.0,0.0,,,,,,,,,,
2026-06-01,171,BuyerAgent,Kano,1,0.0,0.0,,,,,,,,,,
2026-06-01,172,BuyerAgent,Kano,0,0.0,0.0,,,,,,,,,,
2026-06-01,173,BuyerAgent,Kano,1,0.0,0.0,,,,,,,,,,
2026-06-01,174,BuyerAgent,Kano,2,0.0,0.0,,,,,,,,,,
2026-06-01,175,BuyerAgent,Kano,2,0.0,0.0,,,,,,,,,,
2026-06-01,176,BuyerAgent,Kano,1,0.0,0.0,,,,,,,,,,
2026-06-01,177,BuyerAgent,Kano,2,0.0,0.0,,,,,,,,,,
2026-06-01,178,BuyerAgent,Kano,1,0.0,0.0,,,,,,,,,,
2026-06-01,179,TransporterAgent,Kano,2,100.0,672.9543936640713,,,,,,,,,,
2026-06-01,180,TransporterAgent,Kano,3,50.0,367.402,,,,,,,,,,
2026-06-01,181,TransporterAgent,Kano,0,0.0,-800.7485918975609,,,,,,,,,,
2026-06-01,182,TransporterAgent,Kano,0,0.0,-541.766293752908,,,,,,,,,,
2026-06-01,183,TransporterAgent,Kano,1,-200.0,-134.26995612698414,,,,,,,,,,
2026-06-01,184,TransporterAgent,Kano,0,0.0,-1224.9322603377611,,,,,,,,,,
2026-06-01,185,TransporterAgent,Kano,0,0.0,-431.16879511690104,,,,,,,,,,
2026-06-01,186,TransporterAgent,Kano,3,50.0,-379.9877877742859,,,,,,,,,,
2026-06-01,187,TransporterAgent,Kano,3,50.0,-1683.5,,,,,,,,,,
2026-06-01,188,TransporterAgent,Kano,0,0.0,-459.11692931378354,,,,,,,,,,
2026-06-01,189,BankingAgent,Kano,2,-1.3250000000000006,-60.15000000000001,,,,,,,,,,
2026-06-01,190,BankingAgent,Kano,0,-0.0,-68.40000000000002,,,,,,,,,,
2026-06-01,191,BankingAgent,Kano,2,-1.3250000000000006,-70.825,,,,,,,,,,
2026-06-01,193,TraderAgent,Lagos,2,-26.5,32182.484375,503248.46875,Lagos,False,Onitsha,Lagos,winning,False,1207.5,10.0,False
2026-06-01,194,TraderAgent,Lagos,2,-26.5,23589.974609375,499240.53125,Lagos,False,Onitsha,Onitsha,winning,False,1230.0,10.0,False
2026-06-01,195,TraderAgent,Lagos,0,8196.171875,38090.375,500066.875,Lagos,False,Onitsha,Onitsha,winning,False,1230.0,12.0,False
2026-06-01,196,TraderAgent,Lagos,0,8196.171875,36291.88671875,487402.3125,Lagos,False,Onitsha,Onitsha,winning,False,1230.0,10.0,False
2026-06-01,197,TraderAgent,Lagos,2,-26.5,20858.833984375,443681.125,Lagos,False,Onitsha,Lagos,winning,False,1275.0,10.0,False
2026-06-01,198,TraderAgent,Lagos,2,-26.5,35430.5625,488783.03125,Lagos,False,Onitsha,Onitsha,winning,False,1207.5,11.0,False
2026-06-01,199,TraderAgent,Lagos,0,2946.171875,32587.67578125,501447.75,Lagos,False,Onitsha,Lagos,winning,False,1230.0,11.0,False
2026-06-01,200,TraderAgent,Lagos,0,2833.671875,21903.740234375,499358.8125,Lagos,False,Onitsha,Lagos,winning,False,1207.5,9.0,False
2026-06-01,201,TraderAgent,Lagos,3,20.0,30053.244140625,498331.875,Lagos,False,Onitsha,Onitsha,winning,False,1168.5,8.0,False
2026-06-01,202,TraderAgent,Lagos,0,2946.171875,39403.28515625,502628.5625,Lagos,False,Onitsha,Lagos,winning,False,1230.0,13.0,False
2026-06-01,203,TraderAgent,Lagos,0,8196.171875,25171.8046875,493327.8125,Lagos,False,Onitsha,Onitsha,winning,False,1230.0,6.0,False
2026-06-01,204,TraderAgent,Lagos,0,3171.171875,42733.046875,441409.90625,Lagos,False,Onitsha,Lagos,winning,False,1275.0,13.0,False
2026-06-01,205,TraderAgent,Lagos,1,165.90104163902683,21020.279296875,477681.53125,Onitsha,True,Onitsha,Onitsha,winning,False,1207.5,8.0,True
2026-06-01,206,TraderAgent,Lagos,3,20.0,33971.37890625,490951.25,Lagos,False,Onitsha,Onitsha,winning,False,1168.5,12.0,False
2026-06-01,207,TraderAgent,Lagos,1,165.90104163902683,32047.138671875,429095.28125,Onitsha,True,Onitsha,Onitsha,winning,False,1207.5,11.0,True
2026-06-01,208,TraderAgent,Lagos,0,2946.171875,37077.87109375,488379.90625,Lagos,False,Onitsha,Lagos,winning,False,1230.0,11.0,False
2026-06-01,209,TraderAgent,Lagos,0,8196.171875,35551.8359375,499503.875,Lagos,False,Onitsha,Onitsha,winning,False,1230.0,11.0,False
2026-06-01,210,TraderAgent,Lagos,0,8196.171875,45651.40625,497874.46875,Lagos,False,Onitsha,Onitsha,winning,False,1230.0,11.0,False
2026-06-01,211,TraderAgent,Lagos,0,2946.171875,25387.546875,501030.1875,Lagos,False,Onitsha,Lagos,winning,False,1230.0,10.0,False
2026-06-01,212,TraderAgent,Lagos,3,20.0,35572.296875,493700.53125,Lagos,False,Onitsha,Lagos,winning,False,1211.25,10.0,False
2026-06-01,213,BuyerAgent,Lagos,1,916.328125,9287.8544921875,,,,,,,,,,
2026-06-01,214,BuyerAgent,Lagos,2,0.0,5743.8125,,,,,,,,,,
2026-06-01,215,BuyerAgent,Lagos,1,803.828125,6031.791015625,,,,,,,,,,
2026-06-01,216,BuyerAgent,Lagos,2,0.0,6849.4482421875,,,,,,,,,,
2026-06-01,217,BuyerAgent,Lagos,1,803.828125,4611.09375,,,,,,,,,,
2026-06-01,218,BuyerAgent,Lagos,2,0.0,4824.1005859375,,,,,,,,,,
2026-06-01,219,BuyerAgent,Lagos,2,0.0,4514.03955078125,,,,,,,,,,
2026-06-01,220,BuyerAgent,Lagos,0,803.828125,6175.4990234375,,,,,,,,,,
2026-06-01,221,BuyerAgent,Lagos,1,803.828125,4272.4697265625,,,,,,,,,,
2026-06-01,222,BuyerAgent,Lagos,0,803.828125,4846.5771484375,,,,,,,,,,
2026-06-01,223,BuyerAgent,Lagos,2,0.0,3332.56396484375,,,,,,,,,,
2026-06-01,224,BuyerAgent,Lagos,0,803.828125,3731.65234375,,,,,,,,,,
2026-06-01,225,BuyerAgent,Lagos,0,803.828125,3179.952392578125,,,,,,,,,,
2026-06-01,226,BuyerAgent,Lagos,2,0.0,1251.9677734375,,,,,,,,,,
2026-06-01,227,BuyerAgent,Lagos,2,0.0,0.0,,,,,,,,,,
2026-06-01,228,BuyerAgent,Lagos,2,0.0,0.0,,,,,,,,,,
2026-06-01,229,BuyerAgent,Lagos,1,803.828125,803.828125,,,,,,,,,,
2026-06-01,230,BuyerAgent,Lagos,0,803.828125,803.828125,,,,,,,,,,
2026-06-01,231,BuyerAgent,Lagos,0,578.828125,578.828125,,,,,,,,,,
2026-06-01,232,BuyerAgent,Lagos,0,0.0,0.0,,,,,,,,,,
2026-06-01,233,BuyerAgent,Lagos,0,0.0,0.0,,,,,,,,,,
2026-06-01,234,BuyerAgent,Lagos,1,0.0,0.0,,,,,,,,,,
2026-06-01,235,BuyerAgent,Lagos,0,0.0,0.0,,,,,,,,,,
2026-06-01,236,BuyerAgent,Lagos,0,0.0,0.0,,,,,,,,,,
2026-06-01,237,BuyerAgent,Lagos,0,0.0,0.0,,,,,,,,,,
2026-06-01,238,BuyerAgent,Lagos,2,0.0,0.0,,,,,,,,,,
2026-06-01,239,BuyerAgent,Lagos,1,0.0,0.0,,,,,,,,,,
2026-06-01,240,BuyerAgent,Lagos,0,0.0,0.0,,,,,,,,,,
2026-06-01,241,BuyerAgent,Lagos,2,0.0,0.0,,,,,,,,,,
2026-06-01,242,BuyerAgent,Lagos,0,0.0,0.0,,,,,,,,,,
2026-06-01,243,TransporterAgent,Lagos,1,-200.0,-1102.0284327676704,,,,,,,,,,
2026-06-01,244,TransporterAgent,Lagos,3,50.0,-775.1180761180001,,,,,,,,,,
2026-06-01,245,TransporterAgent,Lagos,3,50.0,-599.7301330243115,,,,,,,,,,
2026-06-01,246,TransporterAgent,Lagos,0,4.1399625840400045,-1331.0721851664166,,,,,,,,,,
2026-06-01,247,TransporterAgent,Lagos,1,-200.0,-1711.5861173759931,,,,,,,,,,
2026-06-01,248,TransporterAgent,Lagos,0,4.1399625840400045,-743.5588081044951,,,,,,,,,,
2026-06-01,249,TransporterAgent,Lagos,3,50.0,-1339.5991952226395,,,,,,,,,,
2026-06-01,250,TransporterAgent,Lagos,0,4.1399625840400045,-276.3810804174912,,,,,,,,,,
2026-06-01,251,TransporterAgent,Lagos,3,50.0,-546.8785281894126,,,,,,,,,,
2026-06-01,252,TransporterAgent,Lagos,3,50.0,-652.1220410272554,,,,,,,,,,
2026-06-01,253,BankingAgent,Lagos,0,-0.0,-80.00000000000001,,,,,,,,,,
2026-06-01,254,BankingAgent,Lagos,0,-0.0,-61.025000000000006,,,,,,,,,,
2026-06-01,255,BankingAgent,Lagos,0,-0.0,-81.72500000000001,,,,,,,,,,
2026-06-01,257,TraderAgent,Onitsha,4,-10.0,14296.1318359375,481427.53125,Onitsha,False,Lagos,Onitsha,winning,False,740.0,11.0,False
2026-06-01,258,TraderAgent,Onitsha,3,20.0,11719.9296875,488899.28125,Onitsha,False,Lagos,Lagos,winning,False,681.62,8.0,False
2026-06-01,259,TraderAgent,Onitsha,0,0.0,19868.2578125,461807.09375,Onitsha,False,Port_Harcourt,Port_Harcourt,winning,False,760.0,16.0,False
2026-06-01,260,TraderAgent,Onitsha,3,20.0,6655.869140625,458342.09375,Onitsha,False,Abuja,Abuja,winning,False,722.0,9.0,False
2026-06-01,261,TraderAgent,Onitsha,0,1986.4117431640625,34562.4140625,503500.3125,Onitsha,False,Abuja,Onitsha,winning,False,760.0,15.0,False
2026-06-01,262,TraderAgent,Onitsha,0,1773.9117431640625,11916.4384765625,468214.59375,Onitsha,False,Lagos,Onitsha,winning,False,717.5,10.0,False
2026-06-01,263,TraderAgent,Onitsha,0,0.0,11581.7236328125,452707.4375,Onitsha,False,Port_Harcourt,Port_Harcourt,winning,False,760.0,11.0,False
2026-06-01,264,TraderAgent,Onitsha,4,-10.0,8495.5654296875,481818.0,Onitsha,False,Lagos,Onitsha,winning,False,717.5,8.0,False
2026-06-01,265,TraderAgent,Onitsha,0,1886.4117431640625,15618.2822265625,489580.28125,Onitsha,False,Lagos,Onitsha,winning,False,740.0,13.0,False
2026-06-01,266,TraderAgent,Onitsha,3,20.0,30818.59375,507207.375,Onitsha,False,Abuja,Abuja,winning,False,722.0,13.0,False
2026-06-01,267,TraderAgent,Onitsha,0,1886.4117431640625,27264.740234375,496072.15625,Onitsha,False,Lagos,Onitsha,winning,False,740.0,9.0,False
2026-06-01,268,TraderAgent,Onitsha,3,20.0,30609.689453125,481406.96875,Onitsha,False,Lagos,Onitsha,winning,False,703.0,13.0,False
2026-06-01,269,TraderAgent,Onitsha,4,-10.0,16913.890625,478147.15625,Onitsha,False,Lagos,Lagos,winning,False,717.5,13.0,False
2026-06-01,270,TraderAgent,Onitsha,1,140.27330745031918,8847.724609375,433361.375,Abuja,True,Abuja,Abuja,winning,False,760.0,11.0,True
2026-06-01,271,TraderAgent,Onitsha,3,20.0,16834.80859375,493132.8125,Onitsha,False,Abuja,Abuja,winning,False,722.0,12.0,False
2026-06-01,272,TraderAgent,Onitsha,0,0.0,13485.423828125,473078.1875,Onitsha,False,Port_Harcourt,Port_Harcourt,winning,False,760.0,11.0,False
2026-06-01,273,TraderAgent,Onitsha,0,1661.4117431640625,10160.07421875,492776.03125,Onitsha,False,Lagos,Onitsha,winning,False,695.0,7.0,False
2026-06-01,274,TraderAgent,Onitsha,4,-10.0,10641.919921875,469427.1875,Onitsha,False,Lagos,Onitsha,winning,False,740.0,10.0,False
2026-06-01,275,TraderAgent,Onitsha,0,0.0,6814.41357421875,443564.4375,Onitsha,False,Port_Harcourt,Port_Harcourt,winning,False,760.0,9.0,False
2026-06-01,276,TraderAgent,Onitsha,1,140.27330745031918,8720.916015625,429547.09375,Abuja,True,Abuja,Abuja,winning,False,760.0,10.0,True
2026-06-01,277,BuyerAgent,Onitsha,0,338.5882568359375,5529.99658203125,,,,,,,,,,
2026-06-01,278,BuyerAgent,Onitsha,2,0.0,2050.8466796875,,,,,,,,,,
2026-06-01,279,BuyerAgent,Onitsha,0,226.0882568359375,4183.1845703125,,,,,,,,,,
2026-06-01,280,BuyerAgent,Onitsha,1,113.5882568359375,3552.955078125,,,,,,,,,,
2026-06-01,281,BuyerAgent,Onitsha,0,113.5882568359375,2961.47216796875,,,,,,,,,,
2026-06-01,282,BuyerAgent,Onitsha,1,13.5882568359375,1087.918701171875,,,,,,,,,,
2026-06-01,283,BuyerAgent,Onitsha,1,13.5882568359375,770.5413818359375,,,,,,,,,,
2026-06-01,284,BuyerAgent,Onitsha,1,13.5882568359375,807.3974609375,,,,,,,,,,
2026-06-01,285,BuyerAgent,Onitsha,1,13.5882568359375,331.45751953125,,,,,,,,,,
2026-06-01,286,BuyerAgent,Onitsha,1,13.5882568359375,372.59521484375,,,,,,,,,,
2026-06-01,287,BuyerAgent,Onitsha,0,0.0,173.84185791015625,,,,,,,,,,
2026-06-01,288,BuyerAgent,Onitsha,1,0.0,140.49896240234375,,,,,,,,,,
2026-06-01,289,BuyerAgent,Onitsha,1,0.0,71.62933349609375,,,,,,,,,,
2026-06-01,290,BuyerAgent,Onitsha,1,0.0,29.35943603515625,,,,,,,,,,
2026-06-01,291,BuyerAgent,Onitsha,1,0.0,14.669189453125,,,,,,,,,,
2026-06-01,292,BuyerAgent,Onitsha,2,0.0,18.4869384765625,,,,,,,,,,
2026-06-01,293,BuyerAgent,Onitsha,2,0.0,18.4869384765625,,,,,,,,,,
2026-06-01,294,BuyerAgent,Onitsha,1,0.0,0.0,,,,,,,,,,
2026-06-01,295,BuyerAgent,Onitsha,0,0.0,0.0,,,,,,,,,,
2026-06-01,296,BuyerAgent,Onitsha,0,0.0,0.0,,,,,,,,,,
2026-06-01,297,BuyerAgent,Onitsha,0,0.0,0.0,,,,,,,,,,
2026-06-01,298,BuyerAgent,Onitsha,1,0.0,0.0,,,,,,,,,,
2026-06-01,299,BuyerAgent,Onitsha,0,0.0,0.0,,,,,,,,,,
2026-06-01,300,BuyerAgent,Onitsha,1,0.0,0.0,,,,,,,,,,
2026-06-01,301,BuyerAgent,Onitsha,0,0.0,0.0,,,,,,,,,,
2026-06-01,302,BuyerAgent,Onitsha,1,0.0,0.0,,,,,,,,,,
2026-06-01,303,BuyerAgent,Onitsha,1,0.0,0.0,,,,,,,,,,
2026-06-01,304,BuyerAgent,Onitsha,0,0.0,0.0,,,,,,,,,,
2026-06-01,305,BuyerAgent,Onitsha,1,0.0,0.0,,,,,,,,,,
2026-06-01,306,BuyerAgent,Onitsha,0,0.0,0.0,,,,,,,,,,
2026-06-01,307,TransporterAgent,Onitsha,2,100.0,-49.31719352526855,,,,,,,,,,
2026-06-01,308,TransporterAgent,Onitsha,3,50.0,322.42959127429026,,,,,,,,,,
2026-06-01,309,TransporterAgent,Onitsha,0,0.0,445.84827380820917,,,,,,,,,,
2026-06-01,310,TransporterAgent,Onitsha,2,100.0,332.06559994873226,,,,,,,,,,
2026-06-01,311,TransporterAgent,Onitsha,0,0.0,-209.4609374165317,,,,,,,,,,
2026-06-01,312,TransporterAgent,Onitsha,2,100.0,-466.55673692259995,,,,,,,,,,
2026-06-01,313,TransporterAgent,Onitsha,0,0.0,125.34560245937223,,,,,,,,,,
2026-06-01,314,TransporterAgent,Onitsha,2,100.0,818.7666295108725,,,,,,,,,,
2026-06-01,315,TransporterAgent,Onitsha,0,0.0,619.5493093763487,,,,,,,,,,
2026-06-01,316,TransporterAgent,Onitsha,2,100.0,-560.2160202595502,,,,,,,,,,
2026-06-01,317,BankingAgent,Onitsha,0,-0.0,-65.50000000000001,,,,,,,,,,
2026-06-01,318,BankingAgent,Onitsha,0,-0.0,-78.92500000000003,,,,,,,,,,
2026-06-01,319,BankingAgent,Onitsha,2,-1.3250000000000006,-72.47500000000004,,,,,,,,,,
2026-06-01,321,TraderAgent,Port_Harcourt,0,11136.75390625,52910.53125,539120.0,Port_Harcourt,False,Onitsha,Onitsha,winning,False,1475.0,10.0,False
2026-06-01,322,TraderAgent,Port_Harcourt,0,4386.75390625,82946.84375,565596.625,Port_Harcourt,False,Onitsha,Port_Harcourt,winning,False,1700.0,13.0,False
2026-06-01,323,TraderAgent,Port_Harcourt,1,142.86529308552994,61490.26953125,539575.0625,Onitsha,True,Onitsha,Onitsha,winning,False,1666.25,11.0,True
2026-06-01,324,TraderAgent,Port_Harcourt,3,20.0,23246.060546875,520649.0,Port_Harcourt,False,Onitsha,Port_Harcourt,winning,False,1582.94,6.0,False
2026-06-01,325,TraderAgent,Port_Harcourt,4,-10.0,57102.3046875,546259.125,Port_Harcourt,False,Onitsha,Port_Harcourt,winning,False,1666.25,12.0,False
2026-06-01,326,TraderAgent,Port_Harcourt,0,11136.75390625,63918.9609375,547583.9375,Port_Harcourt,False,Onitsha,Onitsha,winning,False,1475.0,9.0,False
2026-06-01,327,TraderAgent,Port_Harcourt,2,-33.5225,47956.05078125,538005.25,Port_Harcourt,False,Onitsha,Onitsha,winning,False,1452.5,9.0,False
2026-06-01,328,TraderAgent,Port_Harcourt,0,4386.75390625,74570.3125,560547.3125,Port_Harcourt,False,Onitsha,Port_Harcourt,winning,False,1700.0,13.0,False
2026-06-01,329,TraderAgent,Port_Harcourt,0,11136.75390625,51140.921875,537176.3125,Port_Harcourt,False,Onitsha,Onitsha,winning,False,1475.0,9.0,False
2026-06-01,330,TraderAgent,Port_Harcourt,0,11136.75390625,76620.859375,560255.125,Port_Harcourt,False,Onitsha,Onitsha,winning,False,1475.0,14.0,False
2026-06-01,331,TraderAgent,Port_Harcourt,4,-10.0,58265.40625,542560.75,Port_Harcourt,False,Onitsha,Port_Harcourt,winning,False,1677.5,10.0,False
2026-06-01,332,TraderAgent,Port_Harcourt,2,-33.5225,49560.15234375,492798.40625,Port_Harcourt,False,Onitsha,Onitsha,winning,False,1452.5,10.0,False
2026-06-01,333,TraderAgent,Port_Harcourt,3,20.0,48846.1640625,536094.1875,Port_Harcourt,False,Onitsha,Port_Harcourt,winning,False,1615.0,7.0,False
2026-06-01,334,TraderAgent,Port_Harcourt,3,20.0,67958.7265625,553449.75,Port_Harcourt,False,Onitsha,Port_Harcourt,winning,False,1615.0,10.0,False
2026-06-01,335,TraderAgent,Port_Harcourt,1,142.86529308552994,39857.109375,525795.1875,Onitsha,True,Onitsha,Onitsha,winning,False,1666.25,10.0,True
2026-06-01,336,TraderAgent,Port_Harcourt,0,11136.75390625,72040.234375,555437.0625,Port_Harcourt,False,Onitsha,Onitsha,winning,False,1475.0,14.0,False
2026-06-01,337,TraderAgent,Port_Harcourt,0,11136.75390625,66856.984375,547344.8125,Port_Harcourt,False,Onitsha,Onitsha,winning,False,1475.0,10.0,False
2026-06-01,338,TraderAgent,Port_Harcourt,3,20.0,66089.21875,504491.84375,Port_Harcourt,False,Onitsha,Onitsha,winning,False,1379.88,13.0,False
2026-06-01,339,TraderAgent,Port_Harcourt,0,4386.75390625,51839.6875,540964.125,Port_Harcourt,False,Onitsha,Port_Harcourt,winning,False,1700.0,11.0,False
2026-06-01,340,TraderAgent,Port_Harcourt,2,-33.5225,49182.33984375,539825.6875,Port_Harcourt,False,Onitsha,Port_Harcourt,winning,False,1655.0,10.0,False
2026-06-01,341,BuyerAgent,Port_Harcourt,1,1363.245849609375,20085.763671875,,,,,,,,,,
2026-06-01,342,BuyerAgent,Port_Harcourt,1,1363.245849609375,28583.6015625,,,,,,,,,,
2026-06-01,343,BuyerAgent,Port_Harcourt,0,1363.245849609375,24071.58203125,,,,,,,,,,
2026-06-01,344,BuyerAgent,Port_Harcourt,0,1363.245849609375,14415.267578125,,,,,,,,,,
2026-06-01,345,BuyerAgent,Port_Harcourt,2,0.0,29134.296875,,,,,,,,,,
2026-06-01,346,BuyerAgent,Port_Harcourt,1,1363.245849609375,22286.0625,,,,,,,,,,
2026-06-01,347,BuyerAgent,Port_Harcourt,0,1363.245849609375,22246.08203125,,,,,,,,,,
2026-06-01,348,BuyerAgent,Port_Harcourt,2,0.0,13902.0556640625,,,,,,,,,,
2026-06-01,349,BuyerAgent,Port_Harcourt,1,238.245849609375,15156.4052734375,,,,,,,,,,
2026-06-01,350,BuyerAgent,Port_Harcourt,1,238.245849609375,10151.9677734375,,,,,,,,,,
2026-06-01,351,BuyerAgent,Port_Harcourt,2,0.0,6142.84765625,,,,,,,,,,
2026-06-01,352,BuyerAgent,Port_Harcourt,2,0.0,4208.8505859375,,,,,,,,,,
2026-06-01,353,BuyerAgent,Port_Harcourt,0,238.245849609375,4656.7158203125,,,,,,,,,,
2026-06-01,354,BuyerAgent,Port_Harcourt,2,0.0,4319.466796875,,,,,,,,,,
2026-06-01,355,BuyerAgent,Port_Harcourt,1,0.0,1751.1529541015625,,,,,,,,,,
2026-06-01,356,BuyerAgent,Port_Harcourt,2,0.0,218.52294921875,,,,,,,,,,
2026-06-01,357,BuyerAgent,Port_Harcourt,0,0.0,1090.977783203125,,,,,,,,,,
2026-06-01,358,BuyerAgent,Port_Harcourt,0,0.0,715.977783203125,,,,,,,,,,
2026-06-01,359,BuyerAgent,Port_Harcourt,2,0.0,715.977783203125,,,,,,,,,,
2026-06-01,360,BuyerAgent,Port_Harcourt,2,0.0,715.977783203125,,,,,,,,,,
2026-06-01,361,BuyerAgent,Port_Harcourt,1,0.0,0.0,,,,,,,,,,
2026-06-01,362,BuyerAgent,Port_Harcourt,0,0.0,184.0081787109375,,,,,,,,,,
2026-06-01,363,BuyerAgent,Port_Harcourt,2,0.0,0.0,,,,,,,,,,
2026-06-01,364,BuyerAgent,Port_Harcourt,1,0.0,0.0,,,,,,,,,,
2026-06-01,365,BuyerAgent,Port_Harcourt,0,0.0,0.0,,,,,,,,,,
2026-06-01,366,BuyerAgent,Port_Harcourt,1,0.0,0.0,,,,,,,,,,
2026-06-01,367,BuyerAgent,Port_Harcourt,1,0.0,0.0,,,,,,,,,,
2026-06-01,368,BuyerAgent,Port_Harcourt,2,0.0,0.0,,,,,,,,,,
2026-06-01,369,BuyerAgent,Port_Harcourt,1,0.0,0.0,,,,,,,,,,
2026-06-01,370,BuyerAgent,Port_Harcourt,1,0.0,0.0,,,,,,,,,,
2026-06-01,371,TransporterAgent,Port_Harcourt,0,0.5737436203749985,-362.6184193441559,,,,,,,,,,
2026-06-01,372,TransporterAgent,Port_Harcourt,2,100.0,109.71571281002433,,,,,,,,,,
2026-06-01,373,TransporterAgent,Port_Harcourt,2,100.0,763.2656949890725,,,,,,,,,,
2026-06-01,374,TransporterAgent,Port_Harcourt,3,50.0,-412.0740331467548,,,,,,,,,,
2026-06-01,375,TransporterAgent,Port_Harcourt,1,-200.0,-409.94723895677976,,,,,,,,,,
2026-06-01,376,TransporterAgent,Port_Harcourt,3,50.0,-1407.2237752079018,,,,,,,,,,
2026-06-01,377,TransporterAgent,Port_Harcourt,1,-200.0,-944.074025229182,,,,,,,,,,
2026-06-01,378,TransporterAgent,Port_Harcourt,1,-200.0,-788.4334708629053,,,,,,,,,,
2026-06-01,379,TransporterAgent,Port_Harcourt,3,50.0,-666.5522750857475,,,,,,,,,,
2026-06-01,380,TransporterAgent,Port_Harcourt,0,0.5737436203749985,-469.8609909551607,,,,,,,,,,
2026-06-01,381,BankingAgent,Port_Harcourt,1,-2.6500000000000012,-68.42500000000001,,,,,,,,,,
2026-06-01,382,BankingAgent,Port_Harcourt,0,-0.0,-49.45000000000002,,,,,,,,,,
2026-06-01,383,BankingAgent,Port_Harcourt,1,-2.6500000000000012,-67.12500000000001,,,,,,,,,,
