date,sell_city,seller_id,buyer_id,ask_price,bid_price,clear_price,source_cost,source_city,home_city,seller_surplus,buyer_surplus,is_away_trade
2024-01-01,Abuja,3,21,270.0,317.81,293.9,225.0,Abuja,Abuja,689.0399780273438,60.959999084472656,False
2024-01-01,Abuja,4,22,270.0,317.81,293.9,225.0,Abuja,Abuja,689.0399780273438,60.959999084472656,False
2024-01-01,Abuja,8,23,270.0,317.81,293.9,225.0,Abuja,Abuja,689.0399780273438,60.959999084472656,False
2024-01-01,Abuja,10,24,270.0,317.81,293.9,225.0,Abuja,Abuja,689.0399780273438,60.959999084472656,False
2024-01-01,Abuja,12,25,270.0,317.81,293.9,225.0,Abuja,Abuja,689.0399780273438,60.959999084472656,False
2024-01-01,Abuja,13,26,270.0,317.81,293.9,225.0,Abuja,Abuja,689.0399780273438,60.959999084472656,False
2024-01-01,Abuja,17,28,270.0,317.81,293.9,225.0,Abuja,Abuja,689.0399780273438,60.959999084472656,False
2024-01-01,Abuja,18,31,270.0,317.81,293.9,225.0,Abuja,Abuja,689.0399780273438,60.959999084472656,False
2024-01-01,Bauchi,75,85,270.0,316.92,293.46,225.0,Bauchi,Bauchi,684.5900268554688,65.41000366210938,False
2024-01-01,Bauchi,76,86,270.0,316.92,293.46,225.0,Bauchi,Bauchi,684.5900268554688,65.41000366210938,False
2024-01-01,Bauchi,80,87,270.0,316.92,293.46,225.0,Bauchi,Bauchi,684.5900268554688,65.41000366210938,False
2024-01-01,Bauchi,83,89,270.0,316.92,293.46,225.0,Bauchi,Bauchi,684.5900268554688,65.41000366210938,False
2024-01-01,Kano,130,150,180.0,211.2,195.6,150.0,Kano,Kano,455.989990234375,44.0099983215332,False
2024-01-01,Kano,134,151,180.0,211.2,195.6,150.0,Kano,Kano,455.989990234375,44.0099983215332,False
2024-01-01,Kano,141,152,180.0,211.2,195.6,150.0,Kano,Kano,455.989990234375,44.0099983215332,False
2024-01-01,Kano,142,156,180.0,211.2,195.6,150.0,Kano,Kano,455.989990234375,44.0099983215332,False
2024-01-01,Kano,144,161,180.0,211.2,195.6,150.0,Kano,Kano,455.989990234375,44.0099983215332,False
2024-01-01,Lagos,195,213,270.0,316.38,293.19,225.0,Lagos,Lagos,681.8900146484375,68.11000061035156,False
2024-01-01,Lagos,199,214,270.0,316.38,293.19,225.0,Lagos,Lagos,681.8900146484375,68.11000061035156,False
2024-01-01,Lagos,209,218,270.0,316.38,293.19,225.0,Lagos,Lagos,681.8900146484375,68.11000061035156,False
2024-01-01,Onitsha,261,277,6300.0,7341.12,6820.56,5250.0,Onitsha,Onitsha,15705.6201171875,1794.3800048828125,False
2024-01-01,Onitsha,266,279,6300.0,7341.12,6820.56,5250.0,Onitsha,Onitsha,15705.6201171875,1794.3800048828125,False
2024-01-01,Onitsha,267,280,6300.0,7341.12,6820.56,5250.0,Onitsha,Onitsha,15705.6201171875,1794.3800048828125,False
2024-01-01,Onitsha,268,281,6300.0,7341.12,6820.56,5250.0,Onitsha,Onitsha,15705.6201171875,1794.3800048828125,False
2024-01-01,Port_Harcourt,336,344,540.0,633.15,586.58,450.0,Port_Harcourt,Port_Harcourt,1365.77001953125,134.22999572753906,False
2024-02-01,Abuja,15,22,270.0,317.22,293.61,225.0,Abuja,Abuja,686.0800170898438,63.91999816894531,False
2024-02-01,Abuja,20,25,270.0,317.22,293.61,225.0,Abuja,Abuja,686.0800170898438,63.91999816894531,False
2024-02-01,Abuja,3,27,277.5,317.22,297.36,225.0,Abuja,Abuja,723.5800170898438,26.420000076293945,False
2024-02-01,Abuja,18,30,277.5,317.22,297.36,225.0,Abuja,Abuja,723.5800170898438,26.420000076293945,False
2024-02-01,Abuja,2,31,285.0,317.22,301.11,5250.0,Onitsha,Abuja,0.0,0.0,True
2024-02-01,Abuja,7,32,285.0,317.22,301.11,5250.0,Onitsha,Abuja,0.0,0.0,True
2024-02-01,Abuja,9,33,285.0,317.22,301.11,5250.0,Onitsha,Abuja,0.0,0.0,True
2024-02-01,Abuja,16,36,285.0,317.22,301.11,5250.0,Onitsha,Abuja,0.0,0.0,True
2024-02-01,Bauchi,65,85,270.0,317.02,293.51,225.0,Bauchi,Bauchi,685.0999755859375,64.9000015258789,False
2024-02-01,Bauchi,70,88,270.0,317.02,293.51,225.0,Bauchi,Bauchi,685.0999755859375,64.9000015258789,False
2024-02-01,Bauchi,80,90,277.5,317.02,297.26,225.0,Bauchi,Bauchi,722.5999755859375,27.399999618530273,False
2024-02-01,Bauchi,68,92,285.0,317.02,301.01,5250.0,Onitsha,Bauchi,0.0,0.0,True
2024-02-01,Bauchi,69,93,285.0,317.02,301.01,5250.0,Onitsha,Bauchi,0.0,0.0,True
2024-02-01,Bauchi,74,94,285.0,317.02,301.01,5250.0,Onitsha,Bauchi,0.0,0.0,True
2024-02-01,Kano,129,149,180.0,210.35,195.17,150.0,Kano,Kano,451.75,48.25,False
2024-02-01,Kano,136,150,180.0,210.35,195.17,150.0,Kano,Kano,451.75,48.25,False
2024-02-01,Kano,143,151,180.0,210.35,195.17,150.0,Kano,Kano,451.75,48.25,False
2024-02-01,Kano,134,156,185.0,210.35,197.67,150.0,Kano,Kano,476.75,23.25,False
2024-02-01,Kano,133,157,190.0,210.35,200.17,225.0,Bauchi,Kano,0.0,0.0,True
2024-02-01,Kano,146,158,190.0,210.35,200.17,225.0,Bauchi,Kano,0.0,0.0,True
2024-02-01,Lagos,212,214,450.0,526.6,488.3,375.0,Lagos,Lagos,1133.010009765625,116.98999786376953,False
2024-02-01,Lagos,197,215,475.0,526.6,500.8,5250.0,Onitsha,Lagos,0.0,0.0,True
2024-02-01,Lagos,204,216,475.0,526.6,500.8,5250.0,Onitsha,Lagos,0.0,0.0,True
2024-02-01,Lagos,207,217,475.0,526.6,500.8,5250.0,Onitsha,Lagos,0.0,0.0,True
2024-02-01,Onitsha,258,279,360.0,417.03,388.51,300.0,Onitsha,Onitsha,885.1400146484375,114.86000061035156,False
2024-02-01,Onitsha,259,280,360.0,417.03,388.51,300.0,Onitsha,Onitsha,885.1400146484375,114.86000061035156,False
2024-02-01,Onitsha,263,282,360.0,417.03,388.51,300.0,Onitsha,Onitsha,885.1400146484375,114.86000061035156,False
2024-02-01,Onitsha,271,284,360.0,417.03,388.51,300.0,Onitsha,Onitsha,885.1400146484375,114.86000061035156,False
2024-02-01,Onitsha,260,285,380.0,417.03,398.51,450.0,Port_Harcourt,Onitsha,0.0,14.859999656677246,True
2024-02-01,Onitsha,261,286,380.0,417.03,398.51,300.0,Onitsha,Onitsha,985.1400146484375,14.859999656677246,False
2024-02-01,Onitsha,270,287,380.0,417.03,398.51,450.0,Port_Harcourt,Onitsha,0.0,14.859999656677246,True
2024-02-01,Port_Harcourt,322,341,630.0,737.93,683.96,525.0,Port_Harcourt,Port_Harcourt,1589.6400146484375,160.36000061035156,False
2024-02-01,Port_Harcourt,323,343,630.0,737.93,683.96,525.0,Port_Harcourt,Port_Harcourt,1589.6400146484375,160.36000061035156,False
2024-02-01,Port_Harcourt,324,344,630.0,737.93,683.96,525.0,Port_Harcourt,Port_Harcourt,1589.6400146484375,160.36000061035156,False
2024-02-01,Port_Harcourt,330,347,630.0,737.93,683.96,525.0,Port_Harcourt,Port_Harcourt,1589.6400146484375,160.36000061035156,False
2024-02-01,Port_Harcourt,332,348,665.0,737.93,701.46,5250.0,Onitsha,Port_Harcourt,0.0,0.0,True
2024-02-01,Port_Harcourt,338,350,665.0,737.93,701.46,5250.0,Onitsha,Port_Harcourt,0.0,0.0,True
2024-03-01,Abuja,3,21,417.5,526.79,472.15,375.0,Abuja,Abuja,971.4600219726562,278.5400085449219,False
2024-03-01,Abuja,18,25,417.5,526.79,472.15,375.0,Abuja,Abuja,971.4600219726562,278.5400085449219,False
2024-03-01,Abuja,20,26,417.5,526.79,472.15,375.0,Abuja,Abuja,971.4600219726562,278.5400085449219,False
2024-03-01,Abuja,5,27,440.0,526.79,483.4,300.0,Onitsha,Abuja,1833.9599609375,166.0399932861328,True
2024-03-01,Abuja,8,28,440.0,526.79,483.4,300.0,Onitsha,Abuja,1833.9599609375,166.0399932861328,True
2024-03-01,Abuja,12,30,440.0,526.79,483.4,300.0,Onitsha,Abuja,1833.9599609375,166.0399932861328,True
2024-03-01,Abuja,17,31,440.0,526.79,483.4,300.0,Onitsha,Abuja,1833.9599609375,166.0399932861328,True
2024-03-01,Abuja,6,32,450.0,526.79,488.4,375.0,Abuja,Abuja,1133.9599609375,116.04000091552734,False
2024-03-01,Abuja,7,36,475.0,526.79,500.9,375.0,Abuja,Abuja,1258.9599609375,0.0,False
2024-03-01,Bauchi,82,85,270.0,317.04,293.52,225.0,Bauchi,Bauchi,685.219970703125,64.77999877929688,False
2024-03-01,Bauchi,75,86,277.5,317.04,297.27,225.0,Bauchi,Bauchi,722.719970703125,27.280000686645508,False
2024-03-01,Bauchi,76,87,277.5,317.04,297.27,225.0,Bauchi,Bauchi,722.719970703125,27.280000686645508,False
2024-03-01,Bauchi,80,88,277.5,317.04,297.27,225.0,Bauchi,Bauchi,722.719970703125,27.280000686645508,False
2024-03-01,Bauchi,83,89,277.5,317.04,297.27,225.0,Bauchi,Bauchi,722.719970703125,27.280000686645508,False
2024-03-01,Bauchi,66,91,285.0,317.04,301.02,300.0,Onitsha,Bauchi,10.220000267028809,0.0,True
2024-03-01,Bauchi,72,92,285.0,317.04,301.02,300.0,Onitsha,Bauchi,10.220000267028809,0.0,True
2024-03-01,Bauchi,77,93,285.0,317.04,301.02,300.0,Onitsha,Bauchi,10.220000267028809,0.0,True
2024-03-01,Bauchi,81,94,285.0,317.04,301.02,300.0,Onitsha,Bauchi,10.220000267028809,0.0,True
2024-03-01,Kano,139,149,90.0,106.17,98.09,75.0,Kano,Kano,230.8699951171875,19.1299991607666,False
2024-03-01,Kano,148,150,90.0,106.17,98.09,75.0,Kano,Kano,230.8699951171875,19.1299991607666,False
2024-03-01,Kano,133,151,95.0,106.17,100.59,75.0,Kano,Kano,255.8699951171875,0.0,False
2024-03-01,Kano,134,153,95.0,106.17,100.59,75.0,Kano,Kano,255.8699951171875,0.0,False
2024-03-01,Kano,135,154,95.0,106.17,100.59,225.0,Bauchi,Kano,0.0,0.0,True
2024-03-01,Lagos,195,213,417.5,527.33,472.41,375.0,Lagos,Lagos,974.1400146484375,275.8599853515625,False
2024-03-01,Lagos,196,214,440.0,527.33,483.66,300.0,Onitsha,Lagos,1836.6400146484375,163.36000061035156,True
2024-03-01,Lagos,200,215,440.0,527.33,483.66,300.0,Onitsha,Lagos,1836.6400146484375,163.36000061035156,True
2024-03-01,Lagos,205,216,440.0,527.33,483.66,300.0,Onitsha,Lagos,1836.6400146484375,163.36000061035156,True
2024-03-01,Lagos,208,217,440.0,527.33,483.66,300.0,Onitsha,Lagos,1836.6400146484375,163.36000061035156,True
2024-03-01,Lagos,209,219,440.0,527.33,483.66,300.0,Onitsha,Lagos,1836.6400146484375,163.36000061035156,True
2024-03-01,Lagos,193,220,450.0,527.33,488.66,375.0,Lagos,Lagos,1136.6400146484375,113.36000061035156,False
2024-03-01,Onitsha,265,278,360.0,416.57,388.29,300.0,Onitsha,Onitsha,882.8699951171875,117.12999725341797,False
2024-03-01,Onitsha,269,279,360.0,416.57,388.29,300.0,Onitsha,Onitsha,882.8699951171875,117.12999725341797,False
2024-03-01,Onitsha,272,280,360.0,416.57,388.29,300.0,Onitsha,Onitsha,882.8699951171875,117.12999725341797,False
2024-03-01,Onitsha,276,284,360.0,416.57,388.29,300.0,Onitsha,Onitsha,882.8699951171875,117.12999725341797,False
2024-03-01,Onitsha,259,285,370.0,416.57,393.29,300.0,Onitsha,Onitsha,932.8699951171875,67.12999725341797,False
2024-03-01,Onitsha,261,286,370.0,416.57,393.29,300.0,Onitsha,Onitsha,932.8699951171875,67.12999725341797,False
2024-03-01,Onitsha,257,287,380.0,416.57,398.29,525.0,Port_Harcourt,Onitsha,0.0,17.1299991607666,True
2024-03-01,Onitsha,268,288,380.0,416.57,398.29,525.0,Port_Harcourt,Onitsha,0.0,17.1299991607666,True
2024-03-01,Port_Harcourt,321,341,550.0,843.32,696.66,300.0,Onitsha,Port_Harcourt,3966.610107421875,1033.3900146484375,True
2024-03-01,Port_Harcourt,325,342,550.0,843.32,696.66,300.0,Onitsha,Port_Harcourt,3966.610107421875,1033.3900146484375,True
2024-03-01,Port_Harcourt,329,343,550.0,843.32,696.66,300.0,Onitsha,Port_Harcourt,3966.610107421875,1033.3900146484375,True
2024-03-01,Port_Harcourt,339,347,550.0,843.32,696.66,300.0,Onitsha,Port_Harcourt,3966.610107421875,1033.3900146484375,True
2024-03-01,Port_Harcourt,328,349,720.0,843.32,781.66,600.0,Port_Harcourt,Port_Harcourt,1816.6099853515625,183.38999938964844,False
2024-03-01,Port_Harcourt,335,350,720.0,843.32,781.66,600.0,Port_Harcourt,Port_Harcourt,1816.6099853515625,183.38999938964844,False
2024-03-01,Port_Harcourt,340,351,720.0,843.32,781.66,600.0,Port_Harcourt,Port_Harcourt,1816.6099853515625,183.38999938964844,False
2024-03-01,Port_Harcourt,338,353,760.0,843.32,801.66,600.0,Port_Harcourt,Port_Harcourt,2016.6099853515625,0.0,False
2024-04-01,Abuja,4,21,440.0,526.14,483.07,300.0,Onitsha,Abuja,1830.699951171875,169.3000030517578,True
2024-04-01,Abuja,5,22,440.0,526.14,483.07,375.0,Abuja,Abuja,1080.699951171875,169.3000030517578,False
2024-04-01,Abuja,11,23,440.0,526.14,483.07,300.0,Onitsha,Abuja,1830.699951171875,169.3000030517578,True
2024-04-01,Abuja,12,24,440.0,526.14,483.07,375.0,Abuja,Abuja,1080.699951171875,169.3000030517578,False
2024-04-01,Abuja,15,25,440.0,526.14,483.07,300.0,Onitsha,Abuja,1830.699951171875,169.3000030517578,True
2024-04-01,Abuja,14,27,450.0,526.14,488.07,375.0,Abuja,Abuja,1130.699951171875,119.30000305175781,False
2024-04-01,Abuja,3,30,462.5,526.14,494.32,375.0,Abuja,Abuja,1193.199951171875,56.79999923706055,False
2024-04-01,Abuja,18,32,462.5,526.14,494.32,375.0,Abuja,Abuja,1193.199951171875,56.79999923706055,False
2024-04-01,Abuja,20,33,462.5,526.14,494.32,375.0,Abuja,Abuja,1193.199951171875,56.79999923706055,False
2024-04-01,Bauchi,73,85,270.0,311.98,290.99,225.0,Bauchi,Bauchi,659.9000244140625,90.0999984741211,False
2024-04-01,Bauchi,65,86,277.5,311.98,294.74,225.0,Bauchi,Bauchi,697.4000244140625,52.599998474121094,False
2024-04-01,Bauchi,75,87,277.5,311.98,294.74,225.0,Bauchi,Bauchi,697.4000244140625,52.599998474121094,False
2024-04-01,Bauchi,83,88,277.5,311.98,294.74,225.0,Bauchi,Bauchi,697.4000244140625,52.599998474121094,False
2024-04-01,Bauchi,69,89,285.0,311.98,298.49,300.0,Onitsha,Bauchi,0.0,15.100000381469727,True
2024-04-01,Kano,134,149,162.5,210.82,186.66,150.0,Kano,Kano,366.6099853515625,133.38999938964844,False
2024-04-01,Kano,131,150,190.0,210.82,200.41,225.0,Bauchi,Kano,0.0,0.0,True
2024-04-01,Kano,132,151,190.0,210.82,200.41,225.0,Bauchi,Kano,0.0,0.0,True
2024-04-01,Kano,136,152,190.0,210.82,200.41,225.0,Bauchi,Kano,0.0,0.0,True
2024-04-01,Kano,137,153,190.0,210.82,200.41,225.0,Bauchi,Kano,0.0,0.0,True
2024-04-01,Kano,145,156,190.0,210.82,200.41,225.0,Bauchi,Kano,0.0,0.0,True
2024-04-01,Kano,147,158,190.0,210.82,200.41,225.0,Bauchi,Kano,0.0,0.0,True
2024-04-01,Lagos,194,213,510.0,629.66,569.83,300.0,Onitsha,Lagos,2698.300048828125,301.70001220703125,True
2024-04-01,Lagos,198,214,510.0,629.66,569.83,300.0,Onitsha,Lagos,2698.300048828125,301.70001220703125,True
2024-04-01,Lagos,202,215,510.0,629.66,569.83,300.0,Onitsha,Lagos,2698.300048828125,301.70001220703125,True
2024-04-01,Lagos,204,216,510.0,629.66,569.83,300.0,Onitsha,Lagos,2698.300048828125,301.70001220703125,True
2024-04-01,Lagos,206,217,510.0,629.66,569.83,300.0,Onitsha,Lagos,2698.300048828125,301.70001220703125,True
2024-04-01,Lagos,207,218,510.0,629.66,569.83,300.0,Onitsha,Lagos,2698.300048828125,301.70001220703125,True
2024-04-01,Lagos,210,220,510.0,629.66,569.83,300.0,Onitsha,Lagos,2698.300048828125,301.70001220703125,True
2024-04-01,Lagos,211,223,510.0,629.66,569.83,300.0,Onitsha,Lagos,2698.300048828125,301.70001220703125,True
2024-04-01,Lagos,212,224,510.0,629.66,569.83,300.0,Onitsha,Lagos,2698.300048828125,301.70001220703125,True
2024-04-01,Lagos,193,226,532.5,629.66,581.08,450.0,Lagos,Lagos,1310.800048828125,189.1999969482422,False
2024-04-01,Onitsha,264,277,405.0,470.33,437.66,337.5,Onitsha,Onitsha,1001.6300048828125,123.37000274658203,False
2024-04-01,Onitsha,265,279,405.0,470.33,437.66,337.5,Onitsha,Onitsha,1001.6300048828125,123.37000274658203,False
2024-04-01,Onitsha,269,281,405.0,470.33,437.66,337.5,Onitsha,Onitsha,1001.6300048828125,123.37000274658203,False
2024-04-01,Onitsha,271,287,405.0,470.33,437.66,337.5,Onitsha,Onitsha,1001.6300048828125,123.37000274658203,False
2024-04-01,Onitsha,272,288,405.0,470.33,437.66,337.5,Onitsha,Onitsha,1001.6300048828125,123.37000274658203,False
2024-04-01,Onitsha,266,289,427.5,470.33,448.91,600.0,Port_Harcourt,Onitsha,0.0,10.869999885559082,True
2024-04-01,Onitsha,275,290,427.5,470.33,448.91,600.0,Port_Harcourt,Onitsha,0.0,10.869999885559082,True
2024-04-01,Port_Harcourt,321,342,550.0,843.2,696.6,600.0,Port_Harcourt,Port_Harcourt,965.989990234375,1034.010009765625,False
2024-04-01,Port_Harcourt,326,346,550.0,843.2,696.6,300.0,Onitsha,Port_Harcourt,3965.989990234375,1034.010009765625,True
2024-04-01,Port_Harcourt,330,347,550.0,843.2,696.6,300.0,Onitsha,Port_Harcourt,3965.989990234375,1034.010009765625,True
2024-04-01,Port_Harcourt,331,348,550.0,843.2,696.6,300.0,Onitsha,Port_Harcourt,3965.989990234375,1034.010009765625,True
2024-04-01,Port_Harcourt,336,351,550.0,843.2,696.6,300.0,Onitsha,Port_Harcourt,3965.989990234375,1034.010009765625,True
2024-04-01,Port_Harcourt,337,352,550.0,843.2,696.6,300.0,Onitsha,Port_Harcourt,3965.989990234375,1034.010009765625,True
2024-04-01,Port_Harcourt,335,353,700.0,843.2,771.6,600.0,Port_Harcourt,Port_Harcourt,1715.989990234375,284.010009765625,False
2024-04-01,Port_Harcourt,338,354,700.0,843.2,771.6,600.0,Port_Harcourt,Port_Harcourt,1715.989990234375,284.010009765625,False
2024-04-01,Port_Harcourt,327,355,720.0,843.2,781.6,600.0,Port_Harcourt,Port_Harcourt,1815.989990234375,184.00999450683594,False
2024-04-01,Port_Harcourt,334,362,720.0,843.2,781.6,600.0,Port_Harcourt,Port_Harcourt,1815.989990234375,184.00999450683594,False
2024-05-01,Abuja,4,21,790.0,1035.39,912.7,750.0,Abuja,Abuja,1626.9599609375,873.0399780273438,False
2024-05-01,Abuja,8,23,790.0,1035.39,912.7,750.0,Abuja,Abuja,1626.9599609375,873.0399780273438,False
2024-05-01,Abuja,15,24,790.0,1035.39,912.7,750.0,Abuja,Abuja,1626.9599609375,873.0399780273438,False
2024-05-01,Abuja,2,25,801.25,1035.39,918.32,337.5,Onitsha,Abuja,5808.2099609375,816.7899780273438,True
2024-05-01,Abuja,7,26,801.25,1035.39,918.32,337.5,Onitsha,Abuja,5808.2099609375,816.7899780273438,True
2024-05-01,Abuja,17,27,801.25,1035.39,918.32,337.5,Onitsha,Abuja,5808.2099609375,816.7899780273438,True
2024-05-01,Abuja,1,29,900.0,1035.39,967.7,750.0,Abuja,Abuja,2176.9599609375,323.0400085449219,False
2024-05-01,Bauchi,75,86,417.5,520.2,468.85,375.0,Bauchi,Bauchi,938.510009765625,311.489990234375,False
2024-05-01,Bauchi,80,87,417.5,520.2,468.85,375.0,Bauchi,Bauchi,938.510009765625,311.489990234375,False
2024-05-01,Bauchi,83,89,417.5,520.2,468.85,375.0,Bauchi,Bauchi,938.510009765625,311.489990234375,False
2024-05-01,Bauchi,66,90,451.25,520.2,485.73,337.5,Onitsha,Bauchi,1482.260009765625,142.74000549316406,True
2024-05-01,Bauchi,68,91,451.25,520.2,485.73,337.5,Onitsha,Bauchi,1482.260009765625,142.74000549316406,True
2024-05-01,Bauchi,70,92,451.25,520.2,485.73,337.5,Onitsha,Bauchi,1482.260009765625,142.74000549316406,True
2024-05-01,Bauchi,74,93,451.25,520.2,485.73,337.5,Onitsha,Bauchi,1482.260009765625,142.74000549316406,True
2024-05-01,Bauchi,76,94,451.25,520.2,485.73,337.5,Onitsha,Bauchi,1482.260009765625,142.74000549316406,True
2024-05-01,Bauchi,82,95,451.25,520.2,485.73,337.5,Onitsha,Bauchi,1482.260009765625,142.74000549316406,True
2024-05-01,Bauchi,84,96,451.25,520.2,485.73,337.5,Onitsha,Bauchi,1482.260009765625,142.74000549316406,True
2024-05-01,Kano,148,149,372.5,526.35,449.42,375.0,Kano,Kano,744.239990234375,505.760009765625,False
2024-05-01,Kano,130,150,395.0,526.35,460.67,375.0,Kano,Kano,856.739990234375,393.260009765625,False
2024-05-01,Kano,132,151,417.5,526.35,471.92,375.0,Kano,Kano,969.239990234375,280.760009765625,False
2024-05-01,Kano,133,152,417.5,526.35,471.92,225.0,Bauchi,Kano,2469.239990234375,280.760009765625,True
2024-05-01,Kano,136,155,417.5,526.35,471.92,375.0,Kano,Kano,969.239990234375,280.760009765625,False
2024-05-01,Kano,137,157,417.5,526.35,471.92,375.0,Kano,Kano,969.239990234375,280.760009765625,False
2024-05-01,Kano,139,159,417.5,526.35,471.92,225.0,Bauchi,Kano,2469.239990234375,280.760009765625,True
2024-05-01,Kano,141,160,417.5,526.35,471.92,225.0,Bauchi,Kano,2469.239990234375,280.760009765625,True
2024-05-01,Lagos,205,213,510.0,632.73,571.36,450.0,Lagos,Lagos,1213.6400146484375,286.3599853515625,False
2024-05-01,Lagos,195,215,521.25,632.73,576.99,337.5,Onitsha,Lagos,2394.889892578125,230.11000061035156,True
2024-05-01,Lagos,197,216,521.25,632.73,576.99,337.5,Onitsha,Lagos,2394.889892578125,230.11000061035156,True
2024-05-01,Lagos,200,218,521.25,632.73,576.99,337.5,Onitsha,Lagos,2394.889892578125,230.11000061035156,True
2024-05-01,Onitsha,258,277,440.0,518.94,479.47,375.0,Onitsha,Onitsha,1044.7099609375,205.2899932861328,False
2024-05-01,Onitsha,264,279,451.25,518.94,485.1,375.0,Onitsha,Onitsha,1100.9599609375,149.0399932861328,False
2024-05-01,Onitsha,271,280,451.25,518.94,485.1,375.0,Onitsha,Onitsha,1100.9599609375,149.0399932861328,False
2024-05-01,Onitsha,257,282,475.0,518.94,496.97,600.0,Port_Harcourt,Onitsha,0.0,30.290000915527344,True
2024-05-01,Onitsha,261,285,475.0,518.94,496.97,600.0,Port_Harcourt,Onitsha,0.0,30.290000915527344,True
2024-05-01,Port_Harcourt,331,344,600.0,948.16,774.08,675.0,Port_Harcourt,Port_Harcourt,990.7899780273438,1259.2099609375,False
2024-05-01,Port_Harcourt,329,345,618.75,948.16,783.45,337.5,Onitsha,Port_Harcourt,4459.5400390625,1165.4599609375,True
2024-05-01,Port_Harcourt,333,347,618.75,948.16,783.45,337.5,Onitsha,Port_Harcourt,4459.5400390625,1165.4599609375,True
2024-05-01,Port_Harcourt,339,348,618.75,948.16,783.45,337.5,Onitsha,Port_Harcourt,4459.5400390625,1165.4599609375,True
2024-05-01,Port_Harcourt,340,349,618.75,948.16,783.45,337.5,Onitsha,Port_Harcourt,4459.5400390625,1165.4599609375,True
2024-06-01,Abuja,19,21,812.5,1034.41,923.45,375.0,Onitsha,Abuja,5484.5400390625,765.4600219726562,True
2024-06-01,Bauchi,76,85,661.25,832.29,746.77,600.0,Bauchi,Bauchi,1467.7099609375,532.2899780273438,False
2024-06-01,Bauchi,71,86,672.5,832.29,752.4,375.0,Onitsha,Bauchi,3773.9599609375,476.0400085449219,True
2024-06-01,Bauchi,72,87,672.5,832.29,752.4,375.0,Onitsha,Bauchi,3773.9599609375,476.0400085449219,True
2024-06-01,Bauchi,80,89,672.5,832.29,752.4,600.0,Bauchi,Bauchi,1523.9599609375,476.0400085449219,False
2024-06-01,Kano,138,149,90.0,105.3,97.65,75.0,Kano,Kano,226.50999450683594,23.489999771118164,False
2024-06-01,Kano,130,150,95.0,105.3,100.15,75.0,Kano,Kano,251.50999450683594,0.0,False
2024-06-01,Kano,131,153,95.0,105.3,100.15,75.0,Kano,Kano,251.50999450683594,0.0,False
2024-06-01,Kano,132,154,95.0,105.3,100.15,75.0,Kano,Kano,251.50999450683594,0.0,False
2024-06-01,Kano,141,155,95.0,105.3,100.15,75.0,Kano,Kano,251.50999450683594,0.0,False
2024-06-01,Kano,143,156,95.0,105.3,100.15,75.0,Kano,Kano,251.50999450683594,0.0,False
2024-06-01,Kano,145,157,95.0,105.3,100.15,375.0,Bauchi,Kano,0.0,0.0,True
2024-06-01,Lagos,206,215,510.0,632.39,571.19,450.0,Lagos,Lagos,1211.93994140625,288.05999755859375,False
2024-06-01,Lagos,197,217,521.25,632.39,576.82,450.0,Lagos,Lagos,1268.18994140625,231.80999755859375,False
2024-06-01,Lagos,198,218,532.5,632.39,582.44,375.0,Onitsha,Lagos,2074.43994140625,175.55999755859375,True
2024-06-01,Lagos,207,219,532.5,632.39,582.44,375.0,Onitsha,Lagos,2074.43994140625,175.55999755859375,True
2024-06-01,Lagos,210,222,532.5,632.39,582.44,375.0,Onitsha,Lagos,2074.43994140625,175.55999755859375,True
2024-06-01,Lagos,201,223,540.0,632.39,586.19,450.0,Lagos,Lagos,1361.93994140625,138.05999755859375,False
2024-06-01,Lagos,205,224,555.0,632.39,593.69,450.0,Lagos,Lagos,1436.93994140625,63.060001373291016,False
2024-06-01,Onitsha,274,277,540.0,622.03,581.01,450.0,Onitsha,Onitsha,1310.1300048828125,189.8699951171875,False
2024-06-01,Onitsha,259,278,555.0,622.03,588.51,450.0,Lagos,Onitsha,1385.1300048828125,114.87000274658203,True
2024-06-01,Onitsha,269,281,555.0,622.03,588.51,450.0,Lagos,Onitsha,1385.1300048828125,114.87000274658203,True
2024-06-01,Onitsha,272,283,555.0,622.03,588.51,450.0,Lagos,Onitsha,1385.1300048828125,114.87000274658203,True
2024-06-01,Onitsha,276,284,555.0,622.03,588.51,450.0,Lagos,Onitsha,1385.1300048828125,114.87000274658203,True
2024-06-01,Port_Harcourt,325,341,930.0,1265.8,1097.9,900.0,Port_Harcourt,Port_Harcourt,1979.02001953125,1020.97998046875,False
2024-06-01,Port_Harcourt,340,342,941.25,1265.8,1103.53,900.0,Port_Harcourt,Port_Harcourt,2035.27001953125,964.72998046875,False
2024-06-01,Port_Harcourt,327,343,952.5,1265.8,1109.15,375.0,Onitsha,Port_Harcourt,7341.52001953125,908.47998046875,True
2024-06-01,Port_Harcourt,328,345,952.5,1265.8,1109.15,375.0,Onitsha,Port_Harcourt,7341.52001953125,908.47998046875,True
2024-06-01,Port_Harcourt,323,346,997.5,1265.8,1131.65,900.0,Port_Harcourt,Port_Harcourt,2316.52001953125,683.47998046875,False
2024-07-01,Abuja,13,21,1117.5,1573.33,1345.42,1125.0,Abuja,Abuja,2204.159912109375,1545.8399658203125,False
2024-07-01,Abuja,1,23,1185.0,1573.33,1379.17,450.0,Onitsha,Abuja,9291.66015625,1208.3399658203125,True
2024-07-01,Abuja,4,28,1185.0,1573.33,1379.17,450.0,Onitsha,Abuja,9291.66015625,1208.3399658203125,True
2024-07-01,Abuja,5,29,1185.0,1573.33,1379.17,450.0,Onitsha,Abuja,9291.66015625,1208.3399658203125,True
2024-07-01,Abuja,6,30,1185.0,1573.33,1379.17,450.0,Onitsha,Abuja,9291.66015625,1208.3399658203125,True
2024-07-01,Abuja,7,31,1185.0,1573.33,1379.17,450.0,Onitsha,Abuja,9291.66015625,1208.3399658203125,True
2024-07-01,Abuja,8,33,1185.0,1573.33,1379.17,450.0,Onitsha,Abuja,9291.66015625,1208.3399658203125,True
2024-07-01,Abuja,11,34,1185.0,1573.33,1379.17,450.0,Onitsha,Abuja,9291.66015625,1208.3399658203125,True
2024-07-01,Abuja,18,35,1185.0,1573.33,1379.17,450.0,Onitsha,Abuja,9291.66015625,1208.3399658203125,True
2024-07-01,Abuja,9,36,1425.0,1573.33,1499.17,1125.0,Abuja,Abuja,3741.659912109375,8.34000015258789,False
2024-07-01,Bauchi,71,85,462.5,527.02,494.76,375.0,Bauchi,Bauchi,1197.6099853515625,52.38999938964844,False
2024-07-01,Bauchi,75,86,462.5,527.02,494.76,375.0,Bauchi,Bauchi,1197.6099853515625,52.38999938964844,False
2024-07-01,Bauchi,83,87,462.5,527.02,494.76,375.0,Bauchi,Bauchi,1197.6099853515625,52.38999938964844,False
2024-07-01,Bauchi,67,88,475.0,527.02,501.01,900.0,Port_Harcourt,Bauchi,0.0,0.0,True
2024-07-01,Bauchi,69,89,475.0,527.02,501.01,900.0,Port_Harcourt,Bauchi,0.0,0.0,True
2024-07-01,Bauchi,73,90,475.0,527.02,501.01,900.0,Port_Harcourt,Bauchi,0.0,0.0,True
2024-07-01,Bauchi,74,91,475.0,527.02,501.01,900.0,Port_Harcourt,Bauchi,0.0,0.0,True
2024-07-01,Bauchi,81,92,475.0,527.02,501.01,900.0,Port_Harcourt,Bauchi,0.0,0.0,True
2024-07-01,Kano,132,149,92.5,105.43,98.96,75.0,Kano,Kano,239.63999938964844,10.359999656677246,False
2024-07-01,Kano,141,150,92.5,105.43,98.96,75.0,Kano,Kano,239.63999938964844,10.359999656677246,False
2024-07-01,Kano,142,151,95.0,105.43,100.21,600.0,Bauchi,Kano,0.0,0.0,True
2024-07-01,Lagos,202,214,510.0,647.6,578.8,450.0,Lagos,Lagos,1288.010009765625,211.99000549316406,False
2024-07-01,Lagos,193,215,555.0,647.6,601.3,450.0,Onitsha,Lagos,1513.010009765625,0.0,True
2024-07-01,Lagos,194,219,555.0,647.6,601.3,450.0,Onitsha,Lagos,1513.010009765625,0.0,True
2024-07-01,Lagos,195,222,555.0,647.6,601.3,450.0,Onitsha,Lagos,1513.010009765625,0.0,True
2024-07-01,Lagos,199,223,555.0,647.6,601.3,450.0,Onitsha,Lagos,1513.010009765625,0.0,True
2024-07-01,Lagos,200,224,555.0,647.6,601.3,450.0,Onitsha,Lagos,1513.010009765625,0.0,True
2024-07-01,Lagos,211,228,555.0,647.6,601.3,450.0,Onitsha,Lagos,1513.010009765625,0.0,True
2024-07-01,Onitsha,273,277,540.0,623.88,581.94,450.0,Onitsha,Onitsha,1319.4000244140625,180.60000610351562,False
2024-07-01,Onitsha,261,278,555.0,623.88,589.44,450.0,Lagos,Onitsha,1394.4000244140625,105.5999984741211,True
2024-07-01,Onitsha,268,279,555.0,623.88,589.44,450.0,Lagos,Onitsha,1394.4000244140625,105.5999984741211,True
2024-07-01,Onitsha,270,280,555.0,623.88,589.44,450.0,Lagos,Onitsha,1394.4000244140625,105.5999984741211,True
2024-07-01,Onitsha,271,281,555.0,623.88,589.44,450.0,Lagos,Onitsha,1394.4000244140625,105.5999984741211,True
2024-07-01,Onitsha,275,284,555.0,623.88,589.44,450.0,Lagos,Onitsha,1394.4000244140625,105.5999984741211,True
2024-07-01,Port_Harcourt,326,341,860.0,1162.49,1011.24,825.0,Port_Harcourt,Port_Harcourt,1862.4300537109375,887.5700073242188,False
2024-07-01,Port_Harcourt,330,342,860.0,1162.49,1011.24,825.0,Port_Harcourt,Port_Harcourt,1862.4300537109375,887.5700073242188,False
2024-07-01,Port_Harcourt,339,346,871.25,1162.49,1016.87,825.0,Port_Harcourt,Port_Harcourt,1918.6800537109375,831.3200073242188,False
2024-07-01,Port_Harcourt,336,347,905.0,1162.49,1033.74,450.0,Onitsha,Port_Harcourt,5837.43017578125,662.5700073242188,True
2024-07-01,Port_Harcourt,337,348,905.0,1162.49,1033.74,450.0,Onitsha,Port_Harcourt,5837.43017578125,662.5700073242188,True
2024-07-01,Port_Harcourt,331,349,972.5,1162.49,1067.49,825.0,Port_Harcourt,Port_Harcourt,2424.929931640625,325.07000732421875,False
2024-07-01,Port_Harcourt,325,351,1040.0,1162.49,1101.24,825.0,Port_Harcourt,Port_Harcourt,2762.429931640625,0.0,False
2024-07-01,Port_Harcourt,340,352,1040.0,1162.49,1101.24,825.0,Port_Harcourt,Port_Harcourt,2762.429931640625,0.0,False
2024-08-01,Abuja,20,22,1162.5,1580.27,1371.38,1125.0,Abuja,Abuja,2463.840087890625,1286.1600341796875,False
2024-08-01,Abuja,3,23,1185.0,1580.27,1382.63,450.0,Onitsha,Abuja,9326.33984375,1173.6600341796875,True
2024-08-01,Abuja,8,24,1185.0,1580.27,1382.63,1125.0,Abuja,Abuja,2576.340087890625,1173.6600341796875,False
2024-08-01,Abuja,10,25,1185.0,1580.27,1382.63,450.0,Onitsha,Abuja,9326.33984375,1173.6600341796875,True
2024-08-01,Abuja,15,26,1185.0,1580.27,1382.63,450.0,Onitsha,Abuja,9326.33984375,1173.6600341796875,True
2024-08-01,Abuja,16,28,1185.0,1580.27,1382.63,450.0,Onitsha,Abuja,9326.33984375,1173.6600341796875,True
2024-08-01,Abuja,17,29,1185.0,1580.27,1382.63,450.0,Onitsha,Abuja,9326.33984375,1173.6600341796875,True
2024-08-01,Abuja,9,30,1387.5,1580.27,1483.88,1125.0,Abuja,Abuja,3588.840087890625,161.16000366210938,False
2024-08-01,Abuja,13,34,1387.5,1580.27,1483.88,1125.0,Abuja,Abuja,3588.840087890625,161.16000366210938,False
2024-08-01,Bauchi,66,86,380.0,421.97,400.99,825.0,Port_Harcourt,Bauchi,0.0,0.0,True
2024-08-01,Bauchi,72,87,380.0,421.97,400.99,825.0,Port_Harcourt,Bauchi,0.0,0.0,True
2024-08-01,Bauchi,75,88,380.0,421.97,400.99,300.0,Bauchi,Bauchi,1009.8599853515625,0.0,False
2024-08-01,Bauchi,76,89,380.0,421.97,400.99,825.0,Port_Harcourt,Bauchi,0.0,0.0,True
2024-08-01,Bauchi,77,90,380.0,421.97,400.99,825.0,Port_Harcourt,Bauchi,0.0,0.0,True
2024-08-01,Bauchi,80,91,380.0,421.97,400.99,300.0,Bauchi,Bauchi,1009.8599853515625,0.0,False
2024-08-01,Bauchi,83,92,380.0,421.97,400.99,300.0,Bauchi,Bauchi,1009.8599853515625,0.0,False
2024-08-01,Kano,138,149,92.5,104.39,98.44,75.0,Kano,Kano,234.4499969482422,15.550000190734863,False
2024-08-01,Kano,143,150,92.5,104.39,98.44,75.0,Kano,Kano,234.4499969482422,15.550000190734863,False
2024-08-01,Kano,130,151,95.0,104.39,99.69,450.0,Onitsha,Kano,0.0,3.049999952316284,True
2024-08-01,Kano,134,152,95.0,104.39,99.69,450.0,Onitsha,Kano,0.0,3.049999952316284,True
2024-08-01,Kano,136,153,95.0,104.39,99.69,75.0,Kano,Kano,246.9499969482422,3.049999952316284,False
2024-08-01,Kano,139,155,95.0,104.39,99.69,75.0,Kano,Kano,246.9499969482422,3.049999952316284,False
2024-08-01,Kano,144,157,95.0,104.39,99.69,450.0,Onitsha,Kano,0.0,3.049999952316284,True
2024-08-01,Kano,145,162,95.0,104.39,99.69,450.0,Onitsha,Kano,0.0,3.049999952316284,True
2024-08-01,Kano,146,163,95.0,104.39,99.69,450.0,Onitsha,Kano,0.0,3.049999952316284,True
2024-08-01,Kano,147,164,95.0,104.39,99.69,450.0,Onitsha,Kano,0.0,3.049999952316284,True
2024-08-01,Lagos,212,213,510.0,650.56,580.28,450.0,Lagos,Lagos,1302.81005859375,197.19000244140625,False
2024-08-01,Lagos,207,214,532.5,650.56,591.53,450.0,Lagos,Lagos,1415.31005859375,84.69000244140625,False
2024-08-01,Lagos,193,215,555.0,650.56,602.78,450.0,Lagos,Lagos,1527.81005859375,0.0,False
2024-08-01,Lagos,196,219,555.0,650.56,602.78,450.0,Onitsha,Lagos,1527.81005859375,0.0,True
2024-08-01,Lagos,197,220,555.0,650.56,602.78,450.0,Lagos,Lagos,1527.81005859375,0.0,False
2024-08-01,Lagos,204,221,555.0,650.56,602.78,450.0,Onitsha,Lagos,1527.81005859375,0.0,True
2024-08-01,Lagos,210,224,555.0,650.56,602.78,450.0,Onitsha,Lagos,1527.81005859375,0.0,True
2024-08-01,Onitsha,263,277,510.0,632.13,571.07,450.0,Onitsha,Onitsha,1210.6700439453125,289.3299865722656,False
2024-08-01,Onitsha,265,279,521.25,632.13,576.69,450.0,Onitsha,Onitsha,1266.9200439453125,233.0800018310547,False
2024-08-01,Onitsha,258,280,532.5,632.13,582.32,450.0,Onitsha,Onitsha,1323.1700439453125,176.8300018310547,False
2024-08-01,Onitsha,257,282,555.0,632.13,593.57,450.0,Lagos,Onitsha,1435.6700439453125,64.33000183105469,True
2024-08-01,Onitsha,259,284,555.0,632.13,593.57,450.0,Lagos,Onitsha,1435.6700439453125,64.33000183105469,True
2024-08-01,Onitsha,266,285,570.0,632.13,601.07,450.0,Onitsha,Onitsha,1510.6700439453125,0.0,False
2024-08-01,Port_Harcourt,333,341,906.25,1217.01,1061.63,862.5,Port_Harcourt,Port_Harcourt,1991.2900390625,883.7100219726562,False
2024-08-01,Port_Harcourt,327,342,917.5,1217.01,1067.25,862.5,Port_Harcourt,Port_Harcourt,2047.5400390625,827.4600219726562,False
2024-08-01,Port_Harcourt,321,343,940.0,1217.01,1078.5,450.0,Onitsha,Port_Harcourt,6285.0400390625,714.9600219726562,True
2024-08-01,Port_Harcourt,322,345,940.0,1217.01,1078.5,450.0,Onitsha,Port_Harcourt,6285.0400390625,714.9600219726562,True
2024-08-01,Port_Harcourt,328,347,940.0,1217.01,1078.5,450.0,Onitsha,Port_Harcourt,6285.0400390625,714.9600219726562,True
2024-08-01,Port_Harcourt,336,349,940.0,1217.01,1078.5,862.5,Port_Harcourt,Port_Harcourt,2160.0400390625,714.9600219726562,False
2024-08-01,Port_Harcourt,338,350,985.0,1217.01,1101.0,862.5,Port_Harcourt,Port_Harcourt,2385.0400390625,489.9599914550781,False
2024-09-01,Abuja,2,21,1185.0,1609.6,1397.3,450.0,Onitsha,Abuja,9472.98046875,1027.02001953125,True
2024-09-01,Abuja,4,22,1185.0,1609.6,1397.3,450.0,Onitsha,Abuja,9472.98046875,1027.02001953125,True
2024-09-01,Abuja,5,25,1185.0,1609.6,1397.3,1125.0,Abuja,Abuja,2722.97998046875,1027.02001953125,False
2024-09-01,Abuja,7,26,1185.0,1609.6,1397.3,450.0,Onitsha,Abuja,9472.98046875,1027.02001953125,True
2024-09-01,Abuja,10,28,1185.0,1609.6,1397.3,1125.0,Abuja,Abuja,2722.97998046875,1027.02001953125,False
2024-09-01,Abuja,11,30,1185.0,1609.6,1397.3,450.0,Onitsha,Abuja,9472.98046875,1027.02001953125,True
2024-09-01,Abuja,18,34,1185.0,1609.6,1397.3,1125.0,Abuja,Abuja,2722.97998046875,1027.02001953125,False
2024-09-01,Abuja,8,35,1387.5,1609.6,1498.55,1125.0,Abuja,Abuja,3735.47998046875,14.520000457763672,False
2024-09-01,Abuja,13,36,1387.5,1609.6,1498.55,1125.0,Abuja,Abuja,3735.47998046875,14.520000457763672,False
2024-09-01,Abuja,20,37,1387.5,1609.6,1498.55,1125.0,Abuja,Abuja,3735.47998046875,14.520000457763672,False
2024-09-01,Bauchi,65,85,285.0,316.69,300.85,862.5,Port_Harcourt,Bauchi,0.0,0.0,True
2024-09-01,Bauchi,68,86,285.0,316.69,300.85,862.5,Port_Harcourt,Bauchi,0.0,0.0,True
2024-09-01,Bauchi,69,87,285.0,316.69,300.85,862.5,Port_Harcourt,Bauchi,0.0,0.0,True
2024-09-01,Bauchi,73,88,285.0,316.69,300.85,225.0,Bauchi,Bauchi,758.4600219726562,0.0,False
2024-09-01,Bauchi,74,89,285.0,316.69,300.85,862.5,Port_Harcourt,Bauchi,0.0,0.0,True
2024-09-01,Bauchi,75,90,285.0,316.69,300.85,225.0,Bauchi,Bauchi,758.4600219726562,0.0,False
2024-09-01,Bauchi,79,91,285.0,316.69,300.85,862.5,Port_Harcourt,Bauchi,0.0,0.0,True
2024-09-01,Bauchi,80,92,285.0,316.69,300.85,225.0,Bauchi,Bauchi,758.4600219726562,0.0,False
2024-09-01,Bauchi,81,93,285.0,316.69,300.85,862.5,Port_Harcourt,Bauchi,0.0,0.0,True
2024-09-01,Bauchi,82,94,285.0,316.69,300.85,862.5,Port_Harcourt,Bauchi,0.0,0.0,True
2024-09-01,Bauchi,83,96,285.0,316.69,300.85,225.0,Bauchi,Bauchi,758.4600219726562,0.0,False
2024-09-01,Bauchi,84,97,285.0,316.69,300.85,862.5,Port_Harcourt,Bauchi,0.0,0.0,True
2024-09-01,Kano,138,149,92.5,105.1,98.8,75.0,Kano,Kano,238.02000427246094,11.979999542236328,False
2024-09-01,Kano,139,150,92.5,105.1,98.8,75.0,Kano,Kano,238.02000427246094,11.979999542236328,False
2024-09-01,Kano,133,151,95.0,105.1,100.05,862.5,Port_Harcourt,Kano,0.0,0.0,True
2024-09-01,Kano,134,153,95.0,105.1,100.05,75.0,Kano,Kano,250.52000427246094,0.0,False
2024-09-01,Kano,142,154,95.0,105.1,100.05,75.0,Kano,Kano,250.52000427246094,0.0,False
2024-09-01,Lagos,195,213,660.0,822.04,741.02,562.5,Lagos,Lagos,1785.199951171875,89.80000305175781,False
2024-09-01,Lagos,196,214,660.0,822.04,741.02,562.5,Lagos,Lagos,1785.199951171875,89.80000305175781,False
2024-09-01,Lagos,197,215,660.0,822.04,741.02,562.5,Lagos,Lagos,1785.199951171875,89.80000305175781,False
2024-09-01,Lagos,200,216,660.0,822.04,741.02,562.5,Lagos,Lagos,1785.199951171875,89.80000305175781,False
2024-09-01,Lagos,201,218,660.0,822.04,741.02,450.0,Onitsha,Lagos,2910.199951171875,89.80000305175781,True
2024-09-01,Lagos,205,219,660.0,822.04,741.02,450.0,Onitsha,Lagos,2910.199951171875,89.80000305175781,True
2024-09-01,Lagos,206,220,660.0,822.04,741.02,450.0,Onitsha,Lagos,2910.199951171875,89.80000305175781,True
2024-09-01,Lagos,209,221,660.0,822.04,741.02,450.0,Onitsha,Lagos,2910.199951171875,89.80000305175781,True
2024-09-01,Lagos,210,222,660.0,822.04,741.02,562.5,Lagos,Lagos,1785.199951171875,89.80000305175781,False
2024-09-01,Lagos,203,223,675.0,822.04,748.52,562.5,Lagos,Lagos,1860.199951171875,14.800000190734863,False
2024-09-01,Onitsha,257,277,475.0,529.46,502.23,375.0,Onitsha,Onitsha,1272.2900390625,0.0,False
2024-09-01,Onitsha,259,278,475.0,529.46,502.23,375.0,Onitsha,Onitsha,1272.2900390625,0.0,False
2024-09-01,Onitsha,267,279,475.0,529.46,502.23,450.0,Lagos,Onitsha,522.2899780273438,0.0,True
2024-09-01,Onitsha,268,280,475.0,529.46,502.23,450.0,Lagos,Onitsha,522.2899780273438,0.0,True
2024-09-01,Onitsha,269,282,475.0,529.46,502.23,450.0,Lagos,Onitsha,522.2899780273438,0.0,True
2024-09-01,Onitsha,270,283,475.0,529.46,502.23,450.0,Lagos,Onitsha,522.2899780273438,0.0,True
2024-09-01,Onitsha,271,286,475.0,529.46,502.23,450.0,Lagos,Onitsha,522.2899780273438,0.0,True
2024-09-01,Port_Harcourt,329,341,1011.25,1381.69,1196.47,975.0,Port_Harcourt,Port_Harcourt,2214.7099609375,1035.2900390625,False
2024-09-01,Port_Harcourt,328,342,1045.0,1381.69,1213.35,975.0,Port_Harcourt,Port_Harcourt,2383.4599609375,866.5399780273438,False
2024-09-01,Port_Harcourt,331,343,1045.0,1381.69,1213.35,450.0,Onitsha,Port_Harcourt,7633.4599609375,866.5399780273438,True
2024-09-01,Port_Harcourt,337,345,1045.0,1381.69,1213.35,975.0,Port_Harcourt,Port_Harcourt,2383.4599609375,866.5399780273438,False
2024-09-01,Port_Harcourt,334,346,1090.0,1381.69,1235.85,975.0,Port_Harcourt,Port_Harcourt,2608.4599609375,641.5399780273438,False
2024-09-01,Port_Harcourt,335,347,1090.0,1381.69,1235.85,975.0,Port_Harcourt,Port_Harcourt,2608.4599609375,641.5399780273438,False
2024-09-01,Port_Harcourt,336,348,1168.75,1381.69,1275.22,975.0,Port_Harcourt,Port_Harcourt,3002.2099609375,247.7899932861328,False
2024-10-01,Abuja,12,21,812.5,1068.68,940.59,375.0,Onitsha,Abuja,5655.89990234375,594.0999755859375,True
2024-10-01,Abuja,1,23,835.0,1068.68,951.84,750.0,Abuja,Abuja,2018.4000244140625,481.6000061035156,False
2024-10-01,Abuja,8,25,950.0,1068.68,1009.34,750.0,Abuja,Abuja,2593.39990234375,0.0,False
2024-10-01,Abuja,9,27,950.0,1068.68,1009.34,750.0,Abuja,Abuja,2593.39990234375,0.0,False
2024-10-01,Abuja,18,28,950.0,1068.68,1009.34,750.0,Abuja,Abuja,2593.39990234375,0.0,False
2024-10-01,Bauchi,73,85,277.5,317.7,297.6,225.0,Bauchi,Bauchi,725.97998046875,24.020000457763672,False
2024-10-01,Bauchi,75,86,277.5,317.7,297.6,225.0,Bauchi,Bauchi,725.97998046875,24.020000457763672,False
2024-10-01,Bauchi,80,87,277.5,317.7,297.6,225.0,Bauchi,Bauchi,725.97998046875,24.020000457763672,False
2024-10-01,Bauchi,83,89,277.5,317.7,297.6,225.0,Bauchi,Bauchi,725.97998046875,24.020000457763672,False
2024-10-01,Bauchi,65,91,285.0,317.7,301.35,225.0,Bauchi,Bauchi,763.47998046875,0.0,False
2024-10-01,Bauchi,66,93,285.0,317.7,301.35,975.0,Port_Harcourt,Bauchi,0.0,0.0,True
2024-10-01,Bauchi,71,94,285.0,317.7,301.35,975.0,Port_Harcourt,Bauchi,0.0,0.0,True
2024-10-01,Bauchi,72,96,285.0,317.7,301.35,975.0,Port_Harcourt,Bauchi,0.0,0.0,True
2024-10-01,Bauchi,76,97,285.0,317.7,301.35,975.0,Port_Harcourt,Bauchi,0.0,0.0,True
2024-10-01,Kano,135,150,47.5,53.12,50.31,37.5,Kano,Kano,128.1199951171875,0.0,False
2024-10-01,Lagos,193,213,672.5,865.57,769.03,375.0,Onitsha,Lagos,3940.330078125,309.6700134277344,True
2024-10-01,Lagos,211,215,672.5,865.57,769.03,375.0,Onitsha,Lagos,3940.330078125,309.6700134277344,True
2024-10-01,Lagos,194,216,695.0,865.57,780.28,600.0,Lagos,Lagos,1802.8299560546875,197.1699981689453,False
2024-10-01,Lagos,204,218,695.0,865.57,780.28,600.0,Lagos,Lagos,1802.8299560546875,197.1699981689453,False
2024-10-01,Lagos,200,220,728.75,865.57,797.16,600.0,Lagos,Lagos,1971.5799560546875,28.420000076293945,False
2024-10-01,Onitsha,260,277,475.0,530.96,502.98,975.0,Port_Harcourt,Onitsha,0.0,0.0,True
2024-10-01,Onitsha,262,278,475.0,530.96,502.98,975.0,Port_Harcourt,Onitsha,0.0,0.0,True
2024-10-01,Onitsha,263,280,475.0,530.96,502.98,975.0,Port_Harcourt,Onitsha,0.0,0.0,True
2024-10-01,Onitsha,265,281,475.0,530.96,502.98,975.0,Port_Harcourt,Onitsha,0.0,0.0,True
2024-10-01,Onitsha,266,283,475.0,530.96,502.98,375.0,Onitsha,Onitsha,1279.7900390625,0.0,False
2024-10-01,Onitsha,267,285,475.0,530.96,502.98,375.0,Onitsha,Onitsha,1279.7900390625,0.0,False
2024-10-01,Onitsha,272,286,475.0,530.96,502.98,975.0,Port_Harcourt,Onitsha,0.0,0.0,True
2024-10-01,Onitsha,273,287,475.0,530.96,502.98,375.0,Onitsha,Onitsha,1279.7900390625,0.0,False
2024-10-01,Onitsha,274,288,475.0,530.96,502.98,975.0,Port_Harcourt,Onitsha,0.0,0.0,True
2024-10-01,Port_Harcourt,323,343,1092.5,1487.71,1290.1,375.0,Onitsha,Port_Harcourt,9151.0400390625,1098.9599609375,True
2024-10-01,Port_Harcourt,326,344,1092.5,1487.71,1290.1,375.0,Onitsha,Port_Harcourt,9151.0400390625,1098.9599609375,True
2024-10-01,Port_Harcourt,340,345,1092.5,1487.71,1290.1,375.0,Onitsha,Port_Harcourt,9151.0400390625,1098.9599609375,True
2024-10-01,Port_Harcourt,324,347,1137.5,1487.71,1312.6,1050.0,Port_Harcourt,Port_Harcourt,2626.0400390625,873.9600219726562,False
2024-10-01,Port_Harcourt,327,348,1238.75,1487.71,1363.23,1050.0,Port_Harcourt,Port_Harcourt,3132.2900390625,367.7099914550781,False
2024-10-01,Port_Harcourt,328,349,1272.5,1487.71,1380.1,1050.0,Port_Harcourt,Port_Harcourt,3301.0400390625,198.9600067138672,False
2024-10-01,Port_Harcourt,332,352,1330.0,1487.71,1408.85,1050.0,Port_Harcourt,Port_Harcourt,3588.5400390625,0.0,False
2024-11-01,Abuja,6,21,812.5,1080.34,946.42,375.0,Onitsha,Abuja,5714.18017578125,535.8200073242188,True
2024-11-01,Abuja,12,23,812.5,1080.34,946.42,750.0,Abuja,Abuja,1964.1800537109375,535.8200073242188,False
2024-11-01,Abuja,13,24,812.5,1080.34,946.42,375.0,Onitsha,Abuja,5714.18017578125,535.8200073242188,True
2024-11-01,Abuja,4,25,835.0,1080.34,957.67,750.0,Abuja,Abuja,2076.679931640625,423.32000732421875,False
2024-11-01,Abuja,7,26,835.0,1080.34,957.67,750.0,Abuja,Abuja,2076.679931640625,423.32000732421875,False
2024-11-01,Abuja,11,27,835.0,1080.34,957.67,750.0,Abuja,Abuja,2076.679931640625,423.32000732421875,False
2024-11-01,Abuja,15,28,835.0,1080.34,957.67,750.0,Abuja,Abuja,2076.679931640625,423.32000732421875,False
2024-11-01,Abuja,17,30,835.0,1080.34,957.67,750.0,Abuja,Abuja,2076.679931640625,423.32000732421875,False
2024-11-01,Bauchi,73,85,277.5,328.47,302.98,225.0,Bauchi,Bauchi,779.8300170898438,0.0,False
2024-11-01,Bauchi,75,86,277.5,328.47,302.98,225.0,Bauchi,Bauchi,779.8300170898438,0.0,False
2024-11-01,Bauchi,80,87,277.5,328.47,302.98,225.0,Bauchi,Bauchi,779.8300170898438,0.0,False
2024-11-01,Bauchi,83,88,277.5,328.47,302.98,225.0,Bauchi,Bauchi,779.8300170898438,0.0,False
2024-11-01,Bauchi,68,89,285.0,328.47,306.73,1050.0,Port_Harcourt,Bauchi,0.0,0.0,True
2024-11-01,Bauchi,69,90,285.0,328.47,306.73,1050.0,Port_Harcourt,Bauchi,0.0,0.0,True
2024-11-01,Bauchi,76,91,285.0,328.47,306.73,225.0,Bauchi,Bauchi,817.3300170898438,0.0,False
2024-11-01,Bauchi,77,92,285.0,328.47,306.73,1050.0,Port_Harcourt,Bauchi,0.0,0.0,True
2024-11-01,Bauchi,84,93,285.0,328.47,306.73,1050.0,Port_Harcourt,Bauchi,0.0,0.0,True
2024-11-01,Kano,135,149,81.25,106.98,94.12,75.0,Kano,Kano,191.16000366210938,58.84000015258789,False
2024-11-01,Kano,132,150,92.5,106.98,99.74,75.0,Kano,Kano,247.41000366210938,2.5899999141693115,False
2024-11-01,Kano,134,151,92.5,106.98,99.74,75.0,Kano,Kano,247.41000366210938,2.5899999141693115,False
2024-11-01,Kano,141,152,92.5,106.98,99.74,75.0,Kano,Kano,247.41000366210938,2.5899999141693115,False
2024-11-01,Kano,142,154,92.5,106.98,99.74,75.0,Kano,Kano,247.41000366210938,2.5899999141693115,False
2024-11-01,Kano,138,155,95.0,106.98,100.99,375.0,Onitsha,Kano,0.0,0.0,True
2024-11-01,Kano,145,156,95.0,106.98,100.99,375.0,Onitsha,Kano,0.0,0.0,True
2024-11-01,Kano,147,160,95.0,106.98,100.99,75.0,Kano,Kano,259.9100036621094,0.0,False
2024-11-01,Lagos,195,213,777.5,1008.51,893.01,375.0,Onitsha,Lagos,5180.0498046875,569.9500122070312,True
2024-11-01,Lagos,198,214,777.5,1008.51,893.01,375.0,Onitsha,Lagos,5180.0498046875,569.9500122070312,True
2024-11-01,Lagos,202,216,777.5,1008.51,893.01,375.0,Onitsha,Lagos,5180.0498046875,569.9500122070312,True
2024-11-01,Lagos,208,217,777.5,1008.51,893.01,375.0,Onitsha,Lagos,5180.0498046875,569.9500122070312,True
2024-11-01,Lagos,209,220,777.5,1008.51,893.01,375.0,Onitsha,Lagos,5180.0498046875,569.9500122070312,True
2024-11-01,Lagos,210,222,777.5,1008.51,893.01,375.0,Onitsha,Lagos,5180.0498046875,569.9500122070312,True
2024-11-01,Lagos,211,223,777.5,1008.51,893.01,712.5,Lagos,Lagos,1805.050048828125,569.9500122070312,False
2024-11-01,Lagos,206,225,800.0,1008.51,904.26,712.5,Lagos,Lagos,1917.550048828125,457.45001220703125,False
2024-11-01,Onitsha,259,278,532.5,654.19,593.34,450.0,Onitsha,Onitsha,1433.449951171875,66.55000305175781,False
2024-11-01,Onitsha,266,279,532.5,654.19,593.34,450.0,Onitsha,Onitsha,1433.449951171875,66.55000305175781,False
2024-11-01,Onitsha,261,282,555.0,654.19,604.59,450.0,Onitsha,Onitsha,1545.949951171875,0.0,False
2024-11-01,Onitsha,268,283,555.0,654.19,604.59,450.0,Onitsha,Onitsha,1545.949951171875,0.0,False
2024-11-01,Onitsha,264,284,570.0,654.19,612.09,600.0,Lagos,Onitsha,120.94999694824219,0.0,True
2024-11-01,Onitsha,265,285,570.0,654.19,612.09,450.0,Onitsha,Onitsha,1620.949951171875,0.0,False
2024-11-01,Onitsha,270,286,570.0,654.19,612.09,600.0,Lagos,Onitsha,120.94999694824219,0.0,True
2024-11-01,Onitsha,276,287,570.0,654.19,612.09,600.0,Lagos,Onitsha,120.94999694824219,0.0,True
2024-11-01,Port_Harcourt,325,341,987.5,1682.98,1335.24,375.0,Onitsha,Port_Harcourt,9602.3798828125,2647.6201171875,True
2024-11-01,Port_Harcourt,334,342,987.5,1682.98,1335.24,375.0,Onitsha,Port_Harcourt,9602.3798828125,2647.6201171875,True
2024-11-01,Port_Harcourt,337,344,987.5,1682.98,1335.24,375.0,Onitsha,Port_Harcourt,9602.3798828125,2647.6201171875,True
2024-11-01,Port_Harcourt,338,345,987.5,1682.98,1335.24,375.0,Onitsha,Port_Harcourt,9602.3798828125,2647.6201171875,True
2024-11-01,Port_Harcourt,330,346,1212.5,1682.98,1447.74,1200.0,Port_Harcourt,Port_Harcourt,2477.3798828125,1522.6199951171875,False
2024-11-01,Port_Harcourt,339,350,1212.5,1682.98,1447.74,1200.0,Port_Harcourt,Port_Harcourt,2477.3798828125,1522.6199951171875,False
2024-12-01,Abuja,13,21,812.5,1090.16,951.33,750.0,Abuja,Abuja,2013.300048828125,486.70001220703125,False
2024-12-01,Abuja,8,23,835.0,1090.16,962.58,450.0,Onitsha,Abuja,5125.7998046875,374.20001220703125,True
2024-12-01,Abuja,4,24,925.0,1090.16,1007.58,750.0,Abuja,Abuja,2575.800048828125,0.0,False
2024-12-01,Abuja,18,25,925.0,1090.16,1007.58,750.0,Abuja,Abuja,2575.800048828125,0.0,False
2024-12-01,Bauchi,75,85,277.5,321.92,299.71,225.0,Bauchi,Bauchi,747.0800170898438,2.9200000762939453,False
2024-12-01,Bauchi,76,86,277.5,321.92,299.71,225.0,Bauchi,Bauchi,747.0800170898438,2.9200000762939453,False
2024-12-01,Bauchi,80,87,277.5,321.92,299.71,225.0,Bauchi,Bauchi,747.0800170898438,2.9200000762939453,False
2024-12-01,Bauchi,83,88,277.5,321.92,299.71,225.0,Bauchi,Bauchi,747.0800170898438,2.9200000762939453,False
2024-12-01,Bauchi,66,89,285.0,321.92,303.46,1200.0,Port_Harcourt,Bauchi,0.0,0.0,True
2024-12-01,Bauchi,72,90,285.0,321.92,303.46,1200.0,Port_Harcourt,Bauchi,0.0,0.0,True
2024-12-01,Bauchi,81,91,285.0,321.92,303.46,1200.0,Port_Harcourt,Bauchi,0.0,0.0,True
2024-12-01,Bauchi,82,92,285.0,321.92,303.46,1200.0,Port_Harcourt,Bauchi,0.0,0.0,True
2024-12-01,Kano,132,149,92.5,108.11,100.3,75.0,Kano,Kano,253.0399932861328,0.0,False
2024-12-01,Kano,134,151,92.5,108.11,100.3,75.0,Kano,Kano,253.0399932861328,0.0,False
2024-12-01,Kano,135,152,92.5,108.11,100.3,75.0,Kano,Kano,253.0399932861328,0.0,False
2024-12-01,Kano,147,153,92.5,108.11,100.3,75.0,Kano,Kano,253.0399932861328,0.0,False
2024-12-01,Kano,129,154,95.0,108.11,101.55,450.0,Onitsha,Kano,0.0,0.0,True
2024-12-01,Kano,130,157,95.0,108.11,101.55,450.0,Onitsha,Kano,0.0,0.0,True
2024-12-01,Kano,131,162,95.0,108.11,101.55,450.0,Onitsha,Kano,0.0,0.0,True
2024-12-01,Kano,133,163,95.0,108.11,101.55,75.0,Kano,Kano,265.5400085449219,0.0,False
2024-12-01,Kano,139,165,95.0,108.11,101.55,450.0,Onitsha,Kano,0.0,0.0,True
2024-12-01,Lagos,193,213,777.5,1012.41,894.96,712.5,Lagos,Lagos,1824.56005859375,550.4400024414062,False
2024-12-01,Lagos,198,216,777.5,1012.41,894.96,712.5,Lagos,Lagos,1824.56005859375,550.4400024414062,False
2024-12-01,Lagos,197,217,800.0,1012.41,906.21,450.0,Onitsha,Lagos,4562.06005859375,437.94000244140625,True
2024-12-01,Lagos,204,218,800.0,1012.41,906.21,450.0,Onitsha,Lagos,4562.06005859375,437.94000244140625,True
2024-12-01,Lagos,212,219,800.0,1012.41,906.21,450.0,Onitsha,Lagos,4562.06005859375,437.94000244140625,True
2024-12-01,Onitsha,266,278,555.0,648.67,601.84,450.0,Onitsha,Onitsha,1518.3499755859375,0.0,False
2024-12-01,Onitsha,268,279,555.0,648.67,601.84,450.0,Onitsha,Onitsha,1518.3499755859375,0.0,False
2024-12-01,Onitsha,262,280,570.0,648.67,609.34,712.5,Lagos,Onitsha,0.0,0.0,True
2024-12-01,Onitsha,263,282,570.0,648.67,609.34,712.5,Lagos,Onitsha,0.0,0.0,True
2024-12-01,Onitsha,274,284,570.0,648.67,609.34,712.5,Lagos,Onitsha,0.0,0.0,True
2024-12-01,Onitsha,275,285,570.0,648.67,609.34,712.5,Lagos,Onitsha,0.0,0.0,True
2024-12-01,Port_Harcourt,338,342,987.5,1673.75,1330.62,1200.0,Port_Harcourt,Port_Harcourt,1306.22998046875,2693.77001953125,False
2024-12-01,Port_Harcourt,321,345,1025.0,1673.75,1349.37,450.0,Onitsha,Port_Harcourt,8993.73046875,2506.27001953125,True
2024-12-01,Port_Harcourt,331,346,1025.0,1673.75,1349.37,450.0,Onitsha,Port_Harcourt,8993.73046875,2506.27001953125,True
2024-12-01,Port_Harcourt,332,347,1025.0,1673.75,1349.37,450.0,Onitsha,Port_Harcourt,8993.73046875,2506.27001953125,True
2024-12-01,Port_Harcourt,335,348,1025.0,1673.75,1349.37,450.0,Onitsha,Port_Harcourt,8993.73046875,2506.27001953125,True
2024-12-01,Port_Harcourt,336,349,1287.5,1673.75,1480.62,1200.0,Port_Harcourt,Port_Harcourt,2806.22998046875,1193.77001953125,False
2024-12-01,Port_Harcourt,330,350,1400.0,1673.75,1536.87,1200.0,Port_Harcourt,Port_Harcourt,3368.72998046875,631.27001953125,False
2024-12-01,Port_Harcourt,339,352,1400.0,1673.75,1536.87,1200.0,Port_Harcourt,Port_Harcourt,3368.72998046875,631.27001953125,False
2025-01-01,Abuja,5,21,380.0,437.48,408.74,300.0,Abuja,Abuja,1087.3900146484375,0.0,False
2025-01-01,Abuja,6,22,380.0,437.48,408.74,450.0,Onitsha,Abuja,0.0,0.0,True
2025-01-01,Abuja,7,23,380.0,437.48,408.74,450.0,Onitsha,Abuja,0.0,0.0,True
2025-01-01,Abuja,14,24,380.0,437.48,408.74,300.0,Abuja,Abuja,1087.3900146484375,0.0,False
2025-01-01,Abuja,17,26,380.0,437.48,408.74,450.0,Onitsha,Abuja,0.0,0.0,True
2025-01-01,Abuja,20,28,380.0,437.48,408.74,300.0,Abuja,Abuja,1087.3900146484375,0.0,False
2025-01-01,Bauchi,65,85,190.0,212.33,201.17,150.0,Bauchi,Bauchi,511.6700134277344,0.0,False
2025-01-01,Bauchi,69,86,190.0,212.33,201.17,1200.0,Port_Harcourt,Bauchi,0.0,0.0,True
2025-01-01,Bauchi,73,87,190.0,212.33,201.17,150.0,Bauchi,Bauchi,511.6700134277344,0.0,False
2025-01-01,Bauchi,74,88,190.0,212.33,201.17,1200.0,Port_Harcourt,Bauchi,0.0,0.0,True
2025-01-01,Bauchi,75,89,190.0,212.33,201.17,150.0,Bauchi,Bauchi,511.6700134277344,0.0,False
2025-01-01,Bauchi,76,90,190.0,212.33,201.17,150.0,Bauchi,Bauchi,511.6700134277344,0.0,False
2025-01-01,Bauchi,80,91,190.0,212.33,201.17,150.0,Bauchi,Bauchi,511.6700134277344,0.0,False
2025-01-01,Bauchi,83,92,190.0,212.33,201.17,150.0,Bauchi,Bauchi,511.6700134277344,0.0,False
2025-01-01,Kano,133,151,47.5,54.28,50.89,37.5,Kano,Kano,133.8800048828125,0.0,False
2025-01-01,Kano,136,152,47.5,54.28,50.89,37.5,Kano,Kano,133.8800048828125,0.0,False
2025-01-01,Kano,143,155,47.5,54.28,50.89,37.5,Kano,Kano,133.8800048828125,0.0,False
2025-01-01,Kano,144,157,47.5,54.28,50.89,450.0,Onitsha,Kano,0.0,0.0,True
2025-01-01,Kano,145,158,47.5,54.28,50.89,450.0,Onitsha,Kano,0.0,0.0,True
2025-01-01,Kano,147,160,47.5,54.28,50.89,37.5,Kano,Kano,133.8800048828125,0.0,False
2025-01-01,Lagos,210,213,812.5,1066.73,939.61,750.0,Lagos,Lagos,1896.1300048828125,603.8699951171875,False
2025-01-01,Lagos,194,215,835.0,1066.73,950.86,450.0,Onitsha,Lagos,5008.6298828125,491.3699951171875,True
2025-01-01,Lagos,203,216,835.0,1066.73,950.86,450.0,Onitsha,Lagos,5008.6298828125,491.3699951171875,True
2025-01-01,Lagos,206,219,835.0,1066.73,950.86,450.0,Onitsha,Lagos,5008.6298828125,491.3699951171875,True
2025-01-01,Lagos,207,220,835.0,1066.73,950.86,750.0,Lagos,Lagos,2008.6300048828125,491.3699951171875,False
2025-01-01,Onitsha,261,277,625.0,753.51,689.26,525.0,Onitsha,Onitsha,1642.5699462890625,107.43000030517578,False
2025-01-01,Onitsha,265,278,625.0,753.51,689.26,525.0,Onitsha,Onitsha,1642.5699462890625,107.43000030517578,False
2025-01-01,Onitsha,266,279,625.0,753.51,689.26,525.0,Onitsha,Onitsha,1642.5699462890625,107.43000030517578,False
2025-01-01,Onitsha,268,281,625.0,753.51,689.26,525.0,Onitsha,Onitsha,1642.5699462890625,107.43000030517578,False
2025-01-01,Onitsha,269,282,625.0,753.51,689.26,525.0,Onitsha,Onitsha,1642.5699462890625,107.43000030517578,False
2025-01-01,Onitsha,271,283,625.0,753.51,689.26,525.0,Onitsha,Onitsha,1642.5699462890625,107.43000030517578,False
2025-01-01,Onitsha,259,284,665.0,753.51,709.26,712.5,Lagos,Onitsha,0.0,0.0,True
2025-01-01,Onitsha,274,286,665.0,753.51,709.26,525.0,Onitsha,Onitsha,1842.5699462890625,0.0,False
2025-01-01,Onitsha,276,287,665.0,753.51,709.26,712.5,Lagos,Onitsha,0.0,0.0,True
2025-01-01,Port_Harcourt,337,342,987.5,1656.8,1322.15,1200.0,Port_Harcourt,Port_Harcourt,1221.52001953125,2778.47998046875,False
2025-01-01,Port_Harcourt,321,345,1025.0,1656.8,1340.9,1200.0,Port_Harcourt,Port_Harcourt,1409.02001953125,2590.97998046875,False
2025-01-01,Port_Harcourt,322,346,1025.0,1656.8,1340.9,1200.0,Port_Harcourt,Port_Harcourt,1409.02001953125,2590.97998046875,False
2025-01-01,Port_Harcourt,331,347,1025.0,1656.8,1340.9,1200.0,Port_Harcourt,Port_Harcourt,1409.02001953125,2590.97998046875,False
2025-01-01,Port_Harcourt,332,349,1025.0,1656.8,1340.9,1200.0,Port_Harcourt,Port_Harcourt,1409.02001953125,2590.97998046875,False
2025-01-01,Port_Harcourt,335,354,1025.0,1656.8,1340.9,1200.0,Port_Harcourt,Port_Harcourt,1409.02001953125,2590.97998046875,False
2025-01-01,Port_Harcourt,324,357,1325.0,1656.8,1490.9,1200.0,Port_Harcourt,Port_Harcourt,2909.02001953125,1090.97998046875,False
2025-01-01,Port_Harcourt,330,358,1400.0,1656.8,1528.4,1200.0,Port_Harcourt,Port_Harcourt,3284.02001953125,715.97998046875,False
2025-01-01,Port_Harcourt,336,359,1400.0,1656.8,1528.4,1200.0,Port_Harcourt,Port_Harcourt,3284.02001953125,715.97998046875,False
2025-01-01,Port_Harcourt,338,360,1400.0,1656.8,1528.4,1200.0,Port_Harcourt,Port_Harcourt,3284.02001953125,715.97998046875,False
2025-02-01,Abuja,3,21,285.0,325.61,305.3,225.0,Abuja,Abuja,803.0399780273438,0.0,False
2025-02-01,Abuja,4,22,285.0,325.61,305.3,525.0,Onitsha,Abuja,0.0,0.0,True
2025-02-01,Abuja,6,24,285.0,325.61,305.3,225.0,Abuja,Abuja,803.0399780273438,0.0,False
2025-02-01,Abuja,7,25,285.0,325.61,305.3,225.0,Abuja,Abuja,803.0399780273438,0.0,False
2025-02-01,Abuja,8,26,285.0,325.61,305.3,525.0,Onitsha,Abuja,0.0,0.0,True
2025-02-01,Abuja,9,27,285.0,325.61,305.3,525.0,Onitsha,Abuja,0.0,0.0,True
2025-02-01,Abuja,11,28,285.0,325.61,305.3,525.0,Onitsha,Abuja,0.0,0.0,True
2025-02-01,Abuja,14,31,285.0,325.61,305.3,225.0,Abuja,Abuja,803.0399780273438,0.0,False
2025-02-01,Abuja,16,32,285.0,325.61,305.3,525.0,Onitsha,Abuja,0.0,0.0,True
2025-02-01,Abuja,19,33,285.0,325.61,305.3,525.0,Onitsha,Abuja,0.0,0.0,True
2025-02-01,Bauchi,66,85,95.0,106.16,100.58,525.0,Onitsha,Bauchi,0.0,0.0,True
2025-02-01,Bauchi,68,86,95.0,106.16,100.58,525.0,Onitsha,Bauchi,0.0,0.0,True
2025-02-01,Bauchi,71,87,95.0,106.16,100.58,525.0,Onitsha,Bauchi,0.0,0.0,True
2025-02-01,Bauchi,72,88,95.0,106.16,100.58,525.0,Onitsha,Bauchi,0.0,0.0,True
2025-02-01,Bauchi,73,89,95.0,106.16,100.58,75.0,Bauchi,Bauchi,255.80999755859375,0.0,False
2025-02-01,Bauchi,75,90,95.0,106.16,100.58,75.0,Bauchi,Bauchi,255.80999755859375,0.0,False
2025-02-01,Bauchi,77,91,95.0,106.16,100.58,525.0,Onitsha,Bauchi,0.0,0.0,True
2025-02-01,Bauchi,80,92,95.0,106.16,100.58,75.0,Bauchi,Bauchi,255.80999755859375,0.0,False
2025-02-01,Bauchi,81,93,95.0,106.16,100.58,525.0,Onitsha,Bauchi,0.0,0.0,True
2025-02-01,Bauchi,83,94,95.0,106.16,100.58,75.0,Bauchi,Bauchi,255.80999755859375,0.0,False
2025-02-01,Bauchi,84,95,95.0,106.16,100.58,525.0,Onitsha,Bauchi,0.0,0.0,True
2025-02-01,Kano,133,150,46.25,54.13,50.19,37.5,Kano,Kano,126.9000015258789,0.0,False
2025-02-01,Kano,130,151,47.5,54.13,50.81,525.0,Onitsha,Kano,0.0,0.0,True
2025-02-01,Kano,132,152,47.5,54.13,50.81,37.5,Kano,Kano,133.14999389648438,0.0,False
2025-02-01,Kano,138,157,47.5,54.13,50.81,525.0,Onitsha,Kano,0.0,0.0,True
2025-02-01,Kano,145,158,47.5,54.13,50.81,37.5,Kano,Kano,133.14999389648438,0.0,False
2025-02-01,Kano,148,159,47.5,54.13,50.81,37.5,Kano,Kano,133.14999389648438,0.0,False
2025-02-01,Lagos,196,213,927.5,1166.66,1047.08,525.0,Onitsha,Lagos,5220.7998046875,529.2000122070312,True
2025-02-01,Lagos,198,214,927.5,1166.66,1047.08,525.0,Onitsha,Lagos,5220.7998046875,529.2000122070312,True
2025-02-01,Lagos,199,216,927.5,1166.66,1047.08,525.0,Onitsha,Lagos,5220.7998046875,529.2000122070312,True
2025-02-01,Lagos,202,218,927.5,1166.66,1047.08,525.0,Onitsha,Lagos,5220.7998046875,529.2000122070312,True
2025-02-01,Lagos,208,220,927.5,1166.66,1047.08,525.0,Onitsha,Lagos,5220.7998046875,529.2000122070312,True
2025-02-01,Lagos,207,222,995.0,1166.66,1080.83,825.0,Lagos,Lagos,2558.300048828125,191.6999969482422,False
2025-02-01,Onitsha,257,277,602.5,759.1,680.8,525.0,Onitsha,Onitsha,1558.02001953125,191.97999572753906,False
2025-02-01,Onitsha,261,278,647.5,759.1,703.3,525.0,Onitsha,Onitsha,1783.02001953125,0.0,False
2025-02-01,Onitsha,265,279,647.5,759.1,703.3,525.0,Onitsha,Onitsha,1783.02001953125,0.0,False
2025-02-01,Onitsha,274,280,647.5,759.1,703.3,525.0,Onitsha,Onitsha,1783.02001953125,0.0,False
2025-02-01,Onitsha,258,282,665.0,759.1,712.05,1200.0,Port_Harcourt,Onitsha,0.0,0.0,True
2025-02-01,Onitsha,275,283,665.0,759.1,712.05,525.0,Onitsha,Onitsha,1870.52001953125,0.0,False
2025-02-01,Port_Harcourt,323,342,987.5,1651.33,1319.42,1200.0,Port_Harcourt,Port_Harcourt,1194.1600341796875,2805.840087890625,False
2025-02-01,Port_Harcourt,334,343,1062.5,1651.33,1356.92,525.0,Onitsha,Port_Harcourt,8319.16015625,2430.840087890625,True
2025-02-01,Port_Harcourt,340,345,1062.5,1651.33,1356.92,525.0,Onitsha,Port_Harcourt,8319.16015625,2430.840087890625,True
2025-02-01,Port_Harcourt,329,346,1287.5,1651.33,1469.42,1200.0,Port_Harcourt,Port_Harcourt,2694.159912109375,1305.8399658203125,False
2025-02-01,Port_Harcourt,321,348,1400.0,1651.33,1525.67,1200.0,Port_Harcourt,Port_Harcourt,3256.659912109375,743.3400268554688,False
2025-02-01,Port_Harcourt,322,349,1400.0,1651.33,1525.67,1200.0,Port_Harcourt,Port_Harcourt,3256.659912109375,743.3400268554688,False
2025-02-01,Port_Harcourt,330,350,1400.0,1651.33,1525.67,1200.0,Port_Harcourt,Port_Harcourt,3256.659912109375,743.3400268554688,False
2025-02-01,Port_Harcourt,336,351,1400.0,1651.33,1525.67,1200.0,Port_Harcourt,Port_Harcourt,3256.659912109375,743.3400268554688,False
2025-03-01,Abuja,1,21,285.0,324.51,304.76,525.0,Onitsha,Abuja,0.0,0.0,True
2025-03-01,Abuja,9,22,285.0,324.51,304.76,225.0,Abuja,Abuja,797.5599975585938,0.0,False
2025-03-01,Abuja,10,23,285.0,324.51,304.76,525.0,Onitsha,Abuja,0.0,0.0,True
2025-03-01,Abuja,11,25,285.0,324.51,304.76,225.0,Abuja,Abuja,797.5599975585938,0.0,False
2025-03-01,Abuja,17,26,285.0,324.51,304.76,525.0,Onitsha,Abuja,0.0,0.0,True
2025-03-01,Abuja,18,27,285.0,324.51,304.76,225.0,Abuja,Abuja,797.5599975585938,0.0,False
2025-03-01,Abuja,20,28,285.0,324.51,304.76,525.0,Onitsha,Abuja,0.0,0.0,True
2025-03-01,Bauchi,73,85,92.5,106.54,99.52,75.0,Bauchi,Bauchi,245.22000122070312,4.78000020980835,False
2025-03-01,Bauchi,75,86,92.5,106.54,99.52,75.0,Bauchi,Bauchi,245.22000122070312,4.78000020980835,False
2025-03-01,Bauchi,80,87,92.5,106.54,99.52,75.0,Bauchi,Bauchi,245.22000122070312,4.78000020980835,False
2025-03-01,Bauchi,83,88,92.5,106.54,99.52,75.0,Bauchi,Bauchi,245.22000122070312,4.78000020980835,False
2025-03-01,Bauchi,65,89,95.0,106.54,100.77,75.0,Bauchi,Bauchi,257.7200012207031,0.0,False
2025-03-01,Bauchi,69,90,95.0,106.54,100.77,525.0,Onitsha,Bauchi,0.0,0.0,True
2025-03-01,Bauchi,74,91,95.0,106.54,100.77,525.0,Onitsha,Bauchi,0.0,0.0,True
2025-03-01,Bauchi,76,92,95.0,106.54,100.77,525.0,Onitsha,Bauchi,0.0,0.0,True
2025-03-01,Kano,132,151,151.25,214.97,183.11,150.0,Kano,Kano,331.1099853515625,168.88999938964844,False
2025-03-01,Kano,145,152,151.25,214.97,183.11,150.0,Kano,Kano,331.1099853515625,168.88999938964844,False
2025-03-01,Kano,142,153,162.5,214.97,188.74,150.0,Kano,Kano,387.3599853515625,112.63999938964844,False
2025-03-01,Kano,140,154,180.0,214.97,197.49,150.0,Kano,Kano,474.8599853515625,25.139999389648438,False
2025-03-01,Kano,129,155,190.0,214.97,202.49,525.0,Onitsha,Kano,0.0,0.0,True
2025-03-01,Kano,134,156,190.0,214.97,202.49,525.0,Onitsha,Kano,0.0,0.0,True
2025-03-01,Kano,137,159,190.0,214.97,202.49,525.0,Onitsha,Kano,0.0,0.0,True
2025-03-01,Lagos,206,213,905.0,1163.66,1034.33,825.0,Lagos,Lagos,2093.31005859375,656.6900024414062,False
2025-03-01,Lagos,193,219,927.5,1163.66,1045.58,525.0,Onitsha,Lagos,5205.81005859375,544.1900024414062,True
2025-03-01,Lagos,196,221,927.5,1163.66,1045.58,825.0,Lagos,Lagos,2205.81005859375,544.1900024414062,False
2025-03-01,Lagos,204,223,927.5,1163.66,1045.58,525.0,Onitsha,Lagos,5205.81005859375,544.1900024414062,True
2025-03-01,Lagos,209,224,927.5,1163.66,1045.58,525.0,Onitsha,Lagos,5205.81005859375,544.1900024414062,True
2025-03-01,Lagos,210,226,927.5,1163.66,1045.58,525.0,Onitsha,Lagos,5205.81005859375,544.1900024414062,True
2025-03-01,Onitsha,261,277,717.5,875.5,796.5,600.0,Onitsha,Onitsha,1965.010009765625,34.9900016784668,False
2025-03-01,Onitsha,271,278,717.5,875.5,796.5,600.0,Onitsha,Onitsha,1965.010009765625,34.9900016784668,False
2025-03-01,Onitsha,264,280,740.0,875.5,807.75,600.0,Onitsha,Onitsha,2077.510009765625,0.0,False
2025-03-01,Onitsha,260,281,760.0,875.5,817.75,825.0,Lagos,Onitsha,0.0,0.0,True
2025-03-01,Onitsha,262,282,760.0,875.5,817.75,600.0,Onitsha,Onitsha,2177.510009765625,0.0,False
2025-03-01,Onitsha,263,283,760.0,875.5,817.75,600.0,Onitsha,Onitsha,2177.510009765625,0.0,False
2025-03-01,Onitsha,268,286,760.0,875.5,817.75,825.0,Lagos,Onitsha,0.0,0.0,True
2025-03-01,Onitsha,269,289,760.0,875.5,817.75,825.0,Lagos,Onitsha,0.0,0.0,True
2025-03-01,Port_Harcourt,325,341,987.5,1655.59,1321.55,1200.0,Port_Harcourt,Port_Harcourt,1215.449951171875,2784.550048828125,False
2025-03-01,Port_Harcourt,327,342,1062.5,1655.59,1359.05,525.0,Onitsha,Port_Harcourt,8340.4501953125,2409.550048828125,True
2025-03-01,Port_Harcourt,328,343,1062.5,1655.59,1359.05,525.0,Onitsha,Port_Harcourt,8340.4501953125,2409.550048828125,True
2025-03-01,Port_Harcourt,335,344,1062.5,1655.59,1359.05,525.0,Onitsha,Port_Harcourt,8340.4501953125,2409.550048828125,True
2025-03-01,Port_Harcourt,337,345,1062.5,1655.59,1359.05,525.0,Onitsha,Port_Harcourt,8340.4501953125,2409.550048828125,True
2025-03-01,Port_Harcourt,338,347,1062.5,1655.59,1359.05,525.0,Onitsha,Port_Harcourt,8340.4501953125,2409.550048828125,True
2025-03-01,Port_Harcourt,324,348,1400.0,1655.59,1527.8,1200.0,Port_Harcourt,Port_Harcourt,3277.949951171875,722.0499877929688,False
2025-03-01,Port_Harcourt,330,349,1400.0,1655.59,1527.8,1200.0,Port_Harcourt,Port_Harcourt,3277.949951171875,722.0499877929688,False
2025-04-01,Abuja,6,21,417.5,534.41,475.95,375.0,Abuja,Abuja,1009.5399780273438,240.4600067138672,False
2025-04-01,Abuja,7,22,417.5,534.41,475.95,375.0,Abuja,Abuja,1009.5399780273438,240.4600067138672,False
2025-04-01,Abuja,18,23,417.5,534.41,475.95,375.0,Abuja,Abuja,1009.5399780273438,240.4600067138672,False
2025-04-01,Abuja,4,24,475.0,534.41,504.7,600.0,Onitsha,Abuja,0.0,0.0,True
2025-04-01,Abuja,8,26,475.0,534.41,504.7,600.0,Onitsha,Abuja,0.0,0.0,True
2025-04-01,Abuja,10,27,475.0,534.41,504.7,375.0,Abuja,Abuja,1297.0400390625,0.0,False
2025-04-01,Abuja,13,28,475.0,534.41,504.7,600.0,Onitsha,Abuja,0.0,0.0,True
2025-04-01,Abuja,16,29,475.0,534.41,504.7,600.0,Onitsha,Abuja,0.0,0.0,True
2025-04-01,Abuja,19,30,475.0,534.41,504.7,600.0,Onitsha,Abuja,0.0,0.0,True
2025-04-01,Bauchi,75,85,92.5,107.38,99.94,75.0,Bauchi,Bauchi,249.41000366210938,0.5899999737739563,False
2025-04-01,Bauchi,80,86,92.5,107.38,99.94,75.0,Bauchi,Bauchi,249.41000366210938,0.5899999737739563,False
2025-04-01,Bauchi,83,87,92.5,107.38,99.94,75.0,Bauchi,Bauchi,249.41000366210938,0.5899999737739563,False
2025-04-01,Bauchi,66,88,95.0,107.38,101.19,600.0,Onitsha,Bauchi,0.0,0.0,True
2025-04-01,Bauchi,68,89,95.0,107.38,101.19,600.0,Onitsha,Bauchi,0.0,0.0,True
2025-04-01,Bauchi,70,90,95.0,107.38,101.19,600.0,Onitsha,Bauchi,0.0,0.0,True
2025-04-01,Bauchi,71,92,95.0,107.38,101.19,600.0,Onitsha,Bauchi,0.0,0.0,True
2025-04-01,Bauchi,72,94,95.0,107.38,101.19,600.0,Onitsha,Bauchi,0.0,0.0,True
2025-04-01,Bauchi,76,95,95.0,107.38,101.19,75.0,Bauchi,Bauchi,261.9100036621094,0.0,False
2025-04-01,Bauchi,77,96,95.0,107.38,101.19,75.0,Bauchi,Bauchi,261.9100036621094,0.0,False
2025-04-01,Bauchi,81,99,95.0,107.38,101.19,600.0,Onitsha,Bauchi,0.0,0.0,True
2025-04-01,Kano,141,150,92.5,105.47,98.98,75.0,Kano,Kano,239.8300018310547,10.170000076293945,False
2025-04-01,Kano,129,153,95.0,105.47,100.23,75.0,Kano,Kano,252.3300018310547,0.0,False
2025-04-01,Kano,131,154,95.0,105.47,100.23,600.0,Onitsha,Kano,0.0,0.0,True
2025-04-01,Kano,137,155,95.0,105.47,100.23,75.0,Kano,Kano,252.3300018310547,0.0,False
2025-04-01,Kano,143,156,95.0,105.47,100.23,600.0,Onitsha,Kano,0.0,0.0,True
2025-04-01,Kano,147,157,95.0,105.47,100.23,600.0,Onitsha,Kano,0.0,0.0,True
2025-04-01,Kano,148,159,95.0,105.47,100.23,600.0,Onitsha,Kano,0.0,0.0,True
2025-04-01,Lagos,194,213,905.0,1144.71,1024.85,825.0,Lagos,Lagos,1998.5400390625,751.4600219726562,False
2025-04-01,Lagos,209,216,927.5,1144.71,1036.1,825.0,Lagos,Lagos,2111.0400390625,638.9600219726562,False
2025-04-01,Lagos,198,217,950.0,1144.71,1047.35,600.0,Onitsha,Lagos,4473.5400390625,526.4600219726562,True
2025-04-01,Lagos,205,218,950.0,1144.71,1047.35,600.0,Onitsha,Lagos,4473.5400390625,526.4600219726562,True
2025-04-01,Lagos,208,223,950.0,1144.71,1047.35,600.0,Onitsha,Lagos,4473.5400390625,526.4600219726562,True
2025-04-01,Lagos,212,224,950.0,1144.71,1047.35,600.0,Onitsha,Lagos,4473.5400390625,526.4600219726562,True
2025-04-01,Lagos,211,225,983.75,1144.71,1064.23,825.0,Lagos,Lagos,2392.2900390625,357.7099914550781,False
2025-04-01,Onitsha,267,277,672.5,852.93,762.71,600.0,Onitsha,Onitsha,1627.1400146484375,372.8599853515625,False
2025-04-01,Onitsha,271,278,740.0,852.93,796.46,600.0,Onitsha,Onitsha,1964.6400146484375,35.36000061035156,False
2025-04-01,Onitsha,259,279,760.0,852.93,806.46,600.0,Onitsha,Onitsha,2064.639892578125,0.0,False
2025-04-01,Onitsha,270,280,760.0,852.93,806.46,825.0,Lagos,Onitsha,0.0,0.0,True
2025-04-01,Onitsha,272,281,760.0,852.93,806.46,600.0,Onitsha,Onitsha,2064.639892578125,0.0,False
2025-04-01,Onitsha,275,282,760.0,852.93,806.46,825.0,Lagos,Onitsha,0.0,0.0,True
2025-04-01,Onitsha,276,283,760.0,852.93,806.46,825.0,Lagos,Onitsha,0.0,0.0,True
2025-04-01,Port_Harcourt,322,341,1300.0,1658.98,1479.49,600.0,Onitsha,Port_Harcourt,8794.91015625,1205.0899658203125,True
2025-04-01,Port_Harcourt,323,345,1300.0,1658.98,1479.49,600.0,Onitsha,Port_Harcourt,8794.91015625,1205.0899658203125,True
2025-04-01,Port_Harcourt,321,348,1480.0,1658.98,1569.49,1200.0,Port_Harcourt,Port_Harcourt,3694.909912109375,305.0899963378906,False
2025-05-01,Abuja,10,21,462.5,528.45,495.48,375.0,Abuja,Abuja,1204.77001953125,45.22999954223633,False
2025-05-01,Abuja,1,23,475.0,528.45,501.73,600.0,Onitsha,Abuja,0.0,0.0,True
2025-05-01,Abuja,3,24,475.0,528.45,501.73,600.0,Onitsha,Abuja,0.0,0.0,True
2025-05-01,Abuja,4,25,475.0,528.45,501.73,375.0,Abuja,Abuja,1267.27001953125,0.0,False
2025-05-01,Abuja,15,26,475.0,528.45,501.73,375.0,Abuja,Abuja,1267.27001953125,0.0,False
2025-05-01,Bauchi,73,85,127.5,158.7,143.1,112.5,Bauchi,Bauchi,305.989990234375,69.01000213623047,False
2025-05-01,Bauchi,75,86,127.5,158.7,143.1,112.5,Bauchi,Bauchi,305.989990234375,69.01000213623047,False
2025-05-01,Bauchi,76,87,127.5,158.7,143.1,112.5,Bauchi,Bauchi,305.989990234375,69.01000213623047,False
2025-05-01,Bauchi,80,88,127.5,158.7,143.1,112.5,Bauchi,Bauchi,305.989990234375,69.01000213623047,False
2025-05-01,Bauchi,83,89,127.5,158.7,143.1,112.5,Bauchi,Bauchi,305.989990234375,69.01000213623047,False
2025-05-01,Bauchi,69,90,142.5,158.7,150.6,600.0,Onitsha,Bauchi,0.0,0.0,True
2025-05-01,Bauchi,71,91,142.5,158.7,150.6,112.5,Bauchi,Bauchi,380.989990234375,0.0,False
2025-05-01,Bauchi,74,92,142.5,158.7,150.6,600.0,Onitsha,Bauchi,0.0,0.0,True
2025-05-01,Bauchi,81,93,142.5,158.7,150.6,112.5,Bauchi,Bauchi,380.989990234375,0.0,False
2025-05-01,Bauchi,82,94,142.5,158.7,150.6,600.0,Onitsha,Bauchi,0.0,0.0,True
2025-05-01,Kano,129,150,162.5,211.27,186.88,150.0,Kano,Kano,368.8399963378906,131.16000366210938,False
2025-05-01,Kano,135,151,162.5,211.27,186.88,150.0,Kano,Kano,368.8399963378906,131.16000366210938,False
2025-05-01,Kano,131,152,190.0,211.27,200.63,150.0,Kano,Kano,506.3399963378906,0.0,False
2025-05-01,Kano,133,153,190.0,211.27,200.63,600.0,Onitsha,Kano,0.0,0.0,True
2025-05-01,Kano,134,154,190.0,211.27,200.63,600.0,Onitsha,Kano,0.0,0.0,True
2025-05-01,Kano,140,155,190.0,211.27,200.63,600.0,Onitsha,Kano,0.0,0.0,True
2025-05-01,Kano,145,156,190.0,211.27,200.63,600.0,Onitsha,Kano,0.0,0.0,True
2025-05-01,Kano,146,159,190.0,211.27,200.63,600.0,Onitsha,Kano,0.0,0.0,True
2025-05-01,Lagos,202,213,1067.5,1367.49,1217.49,975.0,Lagos,Lagos,2424.929931640625,825.0700073242188,False
2025-05-01,Lagos,210,214,1067.5,1367.49,1217.49,975.0,Lagos,Lagos,2424.929931640625,825.0700073242188,False
2025-05-01,Lagos,195,215,1090.0,1367.49,1228.74,600.0,Onitsha,Lagos,6287.43017578125,712.5700073242188,True
2025-05-01,Lagos,196,216,1090.0,1367.49,1228.74,600.0,Onitsha,Lagos,6287.43017578125,712.5700073242188,True
2025-05-01,Lagos,199,219,1090.0,1367.49,1228.74,600.0,Onitsha,Lagos,6287.43017578125,712.5700073242188,True
2025-05-01,Lagos,201,220,1090.0,1367.49,1228.74,600.0,Onitsha,Lagos,6287.43017578125,712.5700073242188,True
2025-05-01,Lagos,204,221,1090.0,1367.49,1228.74,600.0,Onitsha,Lagos,6287.43017578125,712.5700073242188,True
2025-05-01,Lagos,205,222,1090.0,1367.49,1228.74,975.0,Lagos,Lagos,2537.429931640625,712.5700073242188,False
2025-05-01,Lagos,208,224,1090.0,1367.49,1228.74,975.0,Lagos,Lagos,2537.429931640625,712.5700073242188,False
2025-05-01,Onitsha,257,277,717.5,845.96,781.73,600.0,Onitsha,Onitsha,1817.31005859375,182.69000244140625,False
2025-05-01,Onitsha,259,279,740.0,845.96,792.98,600.0,Onitsha,Onitsha,1929.81005859375,70.19000244140625,False
2025-05-01,Onitsha,261,280,740.0,845.96,792.98,600.0,Onitsha,Onitsha,1929.81005859375,70.19000244140625,False
2025-05-01,Onitsha,262,281,740.0,845.96,792.98,600.0,Onitsha,Onitsha,1929.81005859375,70.19000244140625,False
2025-05-01,Onitsha,265,282,760.0,845.96,802.98,825.0,Lagos,Onitsha,0.0,0.0,True
2025-05-01,Onitsha,269,283,760.0,845.96,802.98,600.0,Onitsha,Onitsha,2029.81005859375,0.0,False
2025-05-01,Onitsha,274,284,760.0,845.96,802.98,825.0,Lagos,Onitsha,0.0,0.0,True
2025-05-01,Port_Harcourt,327,341,1312.5,1730.43,1521.46,1237.5,Port_Harcourt,Port_Harcourt,2839.639892578125,1285.3599853515625,False
2025-05-01,Port_Harcourt,334,343,1312.5,1730.43,1521.46,1237.5,Port_Harcourt,Port_Harcourt,2839.639892578125,1285.3599853515625,False
2025-05-01,Port_Harcourt,335,344,1312.5,1730.43,1521.46,1237.5,Port_Harcourt,Port_Harcourt,2839.639892578125,1285.3599853515625,False
2025-05-01,Port_Harcourt,338,345,1312.5,1730.43,1521.46,1237.5,Port_Harcourt,Port_Harcourt,2839.639892578125,1285.3599853515625,False
2025-05-01,Port_Harcourt,330,347,1335.0,1730.43,1532.71,600.0,Onitsha,Port_Harcourt,9327.1396484375,1172.8599853515625,True
2025-05-01,Port_Harcourt,333,351,1335.0,1730.43,1532.71,600.0,Onitsha,Port_Harcourt,9327.1396484375,1172.8599853515625,True
2025-05-01,Port_Harcourt,340,352,1335.0,1730.43,1532.71,600.0,Onitsha,Port_Harcourt,9327.1396484375,1172.8599853515625,True
2025-05-01,Port_Harcourt,325,353,1515.0,1730.43,1622.71,1237.5,Port_Harcourt,Port_Harcourt,3852.139892578125,272.8599853515625,False
2025-06-01,Abuja,1,21,475.0,528.65,501.83,375.0,Abuja,Abuja,1268.27001953125,0.0,False
2025-06-01,Abuja,2,22,475.0,528.65,501.83,375.0,Abuja,Abuja,1268.27001953125,0.0,False
2025-06-01,Abuja,3,23,475.0,528.65,501.83,375.0,Abuja,Abuja,1268.27001953125,0.0,False
2025-06-01,Abuja,7,24,475.0,528.65,501.83,600.0,Onitsha,Abuja,0.0,0.0,True
2025-06-01,Abuja,8,27,475.0,528.65,501.83,600.0,Onitsha,Abuja,0.0,0.0,True
2025-06-01,Abuja,9,28,475.0,528.65,501.83,600.0,Onitsha,Abuja,0.0,0.0,True
2025-06-01,Abuja,12,29,475.0,528.65,501.83,600.0,Onitsha,Abuja,0.0,0.0,True
2025-06-01,Abuja,14,30,475.0,528.65,501.83,600.0,Onitsha,Abuja,0.0,0.0,True
2025-06-01,Abuja,16,32,475.0,528.65,501.83,600.0,Onitsha,Abuja,0.0,0.0,True
2025-06-01,Bauchi,73,85,383.75,533.34,458.55,375.0,Bauchi,Bauchi,835.469970703125,414.5299987792969,False
2025-06-01,Bauchi,75,86,383.75,533.34,458.55,375.0,Bauchi,Bauchi,835.469970703125,414.5299987792969,False
2025-06-01,Bauchi,76,87,383.75,533.34,458.55,375.0,Bauchi,Bauchi,835.469970703125,414.5299987792969,False
2025-06-01,Bauchi,80,88,383.75,533.34,458.55,375.0,Bauchi,Bauchi,835.469970703125,414.5299987792969,False
2025-06-01,Bauchi,83,89,383.75,533.34,458.55,375.0,Bauchi,Bauchi,835.469970703125,414.5299987792969,False
2025-06-01,Bauchi,66,90,475.0,533.34,504.17,600.0,Onitsha,Bauchi,0.0,0.0,True
2025-06-01,Bauchi,68,91,475.0,533.34,504.17,600.0,Onitsha,Bauchi,0.0,0.0,True
2025-06-01,Bauchi,72,92,475.0,533.34,504.17,600.0,Onitsha,Bauchi,0.0,0.0,True
2025-06-01,Bauchi,77,93,475.0,533.34,504.17,600.0,Onitsha,Bauchi,0.0,0.0,True
2025-06-01,Kano,132,150,220.0,262.38,241.19,187.5,Kano,Kano,536.8800048828125,88.12000274658203,False
2025-06-01,Kano,142,151,220.0,262.38,241.19,187.5,Kano,Kano,536.8800048828125,88.12000274658203,False
2025-06-01,Kano,148,154,237.5,262.38,249.94,187.5,Kano,Kano,624.3800048828125,0.6200000047683716,False
2025-06-01,Lagos,193,216,1090.0,1374.69,1232.34,600.0,Onitsha,Lagos,6323.43994140625,676.5599975585938,True
2025-06-01,Lagos,198,217,1090.0,1374.69,1232.34,600.0,Onitsha,Lagos,6323.43994140625,676.5599975585938,True
2025-06-01,Lagos,204,218,1090.0,1374.69,1232.34,975.0,Lagos,Lagos,2573.43994140625,676.5599975585938,False
2025-06-01,Lagos,206,221,1090.0,1374.69,1232.34,600.0,Onitsha,Lagos,6323.43994140625,676.5599975585938,True
2025-06-01,Lagos,209,222,1157.5,1374.69,1266.09,975.0,Lagos,Lagos,2910.93994140625,339.05999755859375,False
2025-06-01,Lagos,211,224,1157.5,1374.69,1266.09,975.0,Lagos,Lagos,2910.93994140625,339.05999755859375,False
2025-06-01,Onitsha,273,278,672.5,842.24,757.37,600.0,Onitsha,Onitsha,1573.699951171875,426.29998779296875,False
2025-06-01,Onitsha,259,280,740.0,842.24,791.12,600.0,Onitsha,Onitsha,1911.199951171875,88.80000305175781,False
2025-06-01,Onitsha,269,282,740.0,842.24,791.12,600.0,Onitsha,Onitsha,1911.199951171875,88.80000305175781,False
2025-06-01,Onitsha,260,283,760.0,842.24,801.12,975.0,Lagos,Onitsha,0.0,0.0,True
2025-06-01,Onitsha,263,285,760.0,842.24,801.12,975.0,Lagos,Onitsha,0.0,0.0,True
2025-06-01,Onitsha,264,286,760.0,842.24,801.12,975.0,Lagos,Onitsha,0.0,0.0,True
2025-06-01,Onitsha,268,287,760.0,842.24,801.12,975.0,Lagos,Onitsha,0.0,0.0,True
2025-06-01,Onitsha,270,289,760.0,842.24,801.12,975.0,Lagos,Onitsha,0.0,0.0,True
2025-06-01,Onitsha,276,291,760.0,842.24,801.12,975.0,Lagos,Onitsha,0.0,0.0,True
2025-06-01,Port_Harcourt,322,341,1370.0,1814.22,1592.11,600.0,Onitsha,Port_Harcourt,9921.08984375,1078.9100341796875,True
2025-06-01,Port_Harcourt,323,343,1370.0,1814.22,1592.11,1275.0,Port_Harcourt,Port_Harcourt,3171.090087890625,1078.9100341796875,False
2025-06-01,Port_Harcourt,326,344,1370.0,1814.22,1592.11,600.0,Onitsha,Port_Harcourt,9921.08984375,1078.9100341796875,True
2025-06-01,Port_Harcourt,329,345,1370.0,1814.22,1592.11,600.0,Onitsha,Port_Harcourt,9921.08984375,1078.9100341796875,True
2025-06-01,Port_Harcourt,331,348,1370.0,1814.22,1592.11,600.0,Onitsha,Port_Harcourt,9921.08984375,1078.9100341796875,True
2025-06-01,Port_Harcourt,340,349,1370.0,1814.22,1592.11,1275.0,Port_Harcourt,Port_Harcourt,3171.090087890625,1078.9100341796875,False
2025-06-01,Port_Harcourt,332,350,1550.0,1814.22,1682.11,1275.0,Port_Harcourt,Port_Harcourt,4071.090087890625,178.91000366210938,False
2025-06-01,Port_Harcourt,325,351,1561.25,1814.22,1687.73,1275.0,Port_Harcourt,Port_Harcourt,4127.33984375,122.66000366210938,False
2025-06-01,Port_Harcourt,335,353,1561.25,1814.22,1687.73,1275.0,Port_Harcourt,Port_Harcourt,4127.33984375,122.66000366210938,False
2025-06-01,Port_Harcourt,338,355,1561.25,1814.22,1687.73,1275.0,Port_Harcourt,Port_Harcourt,4127.33984375,122.66000366210938,False
2025-07-01,Abuja,11,21,417.5,528.24,472.87,375.0,Abuja,Abuja,978.7100219726562,271.2900085449219,False
2025-07-01,Abuja,4,23,462.5,528.24,495.37,375.0,Abuja,Abuja,1203.7099609375,46.290000915527344,False
2025-07-01,Abuja,5,24,475.0,528.24,501.62,600.0,Onitsha,Abuja,0.0,0.0,True
2025-07-01,Abuja,9,25,475.0,528.24,501.62,375.0,Abuja,Abuja,1266.2099609375,0.0,False
2025-07-01,Abuja,10,26,475.0,528.24,501.62,600.0,Onitsha,Abuja,0.0,0.0,True
2025-07-01,Abuja,15,28,475.0,528.24,501.62,600.0,Onitsha,Abuja,0.0,0.0,True
2025-07-01,Abuja,16,29,475.0,528.24,501.62,375.0,Abuja,Abuja,1266.2099609375,0.0,False
2025-07-01,Abuja,18,30,475.0,528.24,501.62,600.0,Onitsha,Abuja,0.0,0.0,True
2025-07-01,Abuja,20,32,475.0,528.24,501.62,375.0,Abuja,Abuja,1266.2099609375,0.0,False
2025-07-01,Bauchi,65,85,372.5,534.48,453.49,375.0,Bauchi,Bauchi,784.9000244140625,465.1000061035156,False
2025-07-01,Bauchi,69,86,406.25,534.48,470.37,187.5,Kano,Bauchi,2828.64990234375,296.3500061035156,True
2025-07-01,Bauchi,70,87,406.25,534.48,470.37,187.5,Kano,Bauchi,2828.64990234375,296.3500061035156,True
2025-07-01,Bauchi,71,88,406.25,534.48,470.37,187.5,Kano,Bauchi,2828.64990234375,296.3500061035156,True
2025-07-01,Bauchi,74,89,406.25,534.48,470.37,187.5,Kano,Bauchi,2828.64990234375,296.3500061035156,True
2025-07-01,Bauchi,81,90,406.25,534.48,470.37,187.5,Kano,Bauchi,2828.64990234375,296.3500061035156,True
2025-07-01,Bauchi,73,92,462.5,534.48,498.49,375.0,Bauchi,Bauchi,1234.9000244140625,15.100000381469727,False
2025-07-01,Bauchi,75,93,462.5,534.48,498.49,375.0,Bauchi,Bauchi,1234.9000244140625,15.100000381469727,False
2025-07-01,Bauchi,76,95,462.5,534.48,498.49,375.0,Bauchi,Bauchi,1234.9000244140625,15.100000381469727,False
2025-07-01,Bauchi,80,96,462.5,534.48,498.49,375.0,Bauchi,Bauchi,1234.9000244140625,15.100000381469727,False
2025-07-01,Bauchi,83,97,462.5,534.48,498.49,375.0,Bauchi,Bauchi,1234.9000244140625,15.100000381469727,False
2025-07-01,Kano,129,149,95.0,104.37,99.69,600.0,Onitsha,Kano,0.0,3.130000114440918,True
2025-07-01,Kano,133,150,95.0,104.37,99.69,600.0,Onitsha,Kano,0.0,3.130000114440918,True
2025-07-01,Kano,144,151,95.0,104.37,99.69,600.0,Onitsha,Kano,0.0,3.130000114440918,True
2025-07-01,Kano,145,152,95.0,104.37,99.69,75.0,Kano,Kano,246.86000061035156,3.130000114440918,False
2025-07-01,Lagos,195,213,1090.0,1389.68,1239.84,975.0,Lagos,Lagos,2648.39990234375,601.5999755859375,False
2025-07-01,Lagos,196,214,1090.0,1389.68,1239.84,600.0,Onitsha,Lagos,6398.39990234375,601.5999755859375,True
2025-07-01,Lagos,198,215,1090.0,1389.68,1239.84,975.0,Lagos,Lagos,2648.39990234375,601.5999755859375,False
2025-07-01,Lagos,199,219,1090.0,1389.68,1239.84,975.0,Lagos,Lagos,2648.39990234375,601.5999755859375,False
2025-07-01,Lagos,200,220,1090.0,1389.68,1239.84,600.0,Onitsha,Lagos,6398.39990234375,601.5999755859375,True
2025-07-01,Lagos,202,221,1090.0,1389.68,1239.84,600.0,Onitsha,Lagos,6398.39990234375,601.5999755859375,True
2025-07-01,Lagos,207,222,1090.0,1389.68,1239.84,600.0,Onitsha,Lagos,6398.39990234375,601.5999755859375,True
2025-07-01,Lagos,210,223,1090.0,1389.68,1239.84,600.0,Onitsha,Lagos,6398.39990234375,601.5999755859375,True
2025-07-01,Lagos,212,225,1090.0,1389.68,1239.84,600.0,Onitsha,Lagos,6398.39990234375,601.5999755859375,True
2025-07-01,Onitsha,261,277,740.0,830.78,785.39,600.0,Onitsha,Onitsha,1853.9100341796875,146.08999633789062,False
2025-07-01,Onitsha,271,282,740.0,830.78,785.39,600.0,Onitsha,Onitsha,1853.9100341796875,146.08999633789062,False
2025-07-01,Onitsha,272,283,740.0,830.78,785.39,600.0,Onitsha,Onitsha,1853.9100341796875,146.08999633789062,False
2025-07-01,Onitsha,257,284,760.0,830.78,795.39,975.0,Lagos,Onitsha,0.0,46.09000015258789,True
2025-07-01,Onitsha,264,285,760.0,830.78,795.39,600.0,Onitsha,Onitsha,1953.9100341796875,46.09000015258789,False
2025-07-01,Onitsha,266,286,760.0,830.78,795.39,975.0,Lagos,Onitsha,0.0,46.09000015258789,True
2025-07-01,Onitsha,275,289,760.0,830.78,795.39,975.0,Lagos,Onitsha,0.0,46.09000015258789,True
2025-07-01,Port_Harcourt,326,341,1335.0,1764.69,1549.85,1237.5,Port_Harcourt,Port_Harcourt,3123.4599609375,1001.5399780273438,False
2025-07-01,Port_Harcourt,328,342,1335.0,1764.69,1549.85,600.0,Onitsha,Port_Harcourt,9498.4599609375,1001.5399780273438,True
2025-07-01,Port_Harcourt,329,343,1335.0,1764.69,1549.85,1237.5,Port_Harcourt,Port_Harcourt,3123.4599609375,1001.5399780273438,False
2025-07-01,Port_Harcourt,334,345,1335.0,1764.69,1549.85,600.0,Onitsha,Port_Harcourt,9498.4599609375,1001.5399780273438,True
2025-07-01,Port_Harcourt,336,346,1335.0,1764.69,1549.85,600.0,Onitsha,Port_Harcourt,9498.4599609375,1001.5399780273438,True
2025-08-01,Abuja,2,21,462.5,526.78,494.64,375.0,Abuja,Abuja,1196.4000244140625,53.599998474121094,False
2025-08-01,Abuja,3,22,475.0,526.78,500.89,600.0,Onitsha,Abuja,0.0,0.0,True
2025-08-01,Abuja,6,23,475.0,526.78,500.89,600.0,Onitsha,Abuja,0.0,0.0,True
2025-08-01,Abuja,7,29,475.0,526.78,500.89,600.0,Onitsha,Abuja,0.0,0.0,True
2025-08-01,Abuja,8,32,475.0,526.78,500.89,375.0,Abuja,Abuja,1258.9000244140625,0.0,False
2025-08-01,Abuja,17,33,475.0,526.78,500.89,600.0,Onitsha,Abuja,0.0,0.0,True
2025-08-01,Abuja,19,34,475.0,526.78,500.89,375.0,Abuja,Abuja,1258.9000244140625,0.0,False
2025-08-01,Bauchi,66,85,267.5,375.07,321.29,75.0,Kano,Bauchi,2462.85009765625,287.1499938964844,True
2025-08-01,Bauchi,68,86,267.5,375.07,321.29,75.0,Kano,Bauchi,2462.85009765625,287.1499938964844,True
2025-08-01,Bauchi,72,87,267.5,375.07,321.29,75.0,Kano,Bauchi,2462.85009765625,287.1499938964844,True
2025-08-01,Bauchi,77,88,267.5,375.07,321.29,75.0,Kano,Bauchi,2462.85009765625,287.1499938964844,True
2025-08-01,Bauchi,84,89,267.5,375.07,321.29,75.0,Kano,Bauchi,2462.85009765625,287.1499938964844,True
2025-08-01,Bauchi,65,90,332.5,375.07,353.79,262.5,Bauchi,Bauchi,912.8499755859375,0.0,False
2025-08-01,Bauchi,73,91,332.5,375.07,353.79,262.5,Bauchi,Bauchi,912.8499755859375,0.0,False
2025-08-01,Bauchi,75,92,332.5,375.07,353.79,262.5,Bauchi,Bauchi,912.8499755859375,0.0,False
2025-08-01,Bauchi,76,93,332.5,375.07,353.79,262.5,Bauchi,Bauchi,912.8499755859375,0.0,False
2025-08-01,Bauchi,80,94,332.5,375.07,353.79,262.5,Bauchi,Bauchi,912.8499755859375,0.0,False
2025-08-01,Bauchi,83,95,332.5,375.07,353.79,262.5,Bauchi,Bauchi,912.8499755859375,0.0,False
2025-08-01,Kano,134,149,95.0,104.65,99.82,75.0,Kano,Kano,248.22999572753906,1.7699999809265137,False
2025-08-01,Kano,135,152,95.0,104.65,99.82,600.0,Onitsha,Kano,0.0,1.7699999809265137,True
2025-08-01,Kano,137,154,95.0,104.65,99.82,600.0,Onitsha,Kano,0.0,1.7699999809265137,True
2025-08-01,Kano,141,155,95.0,104.65,99.82,600.0,Onitsha,Kano,0.0,1.7699999809265137,True
2025-08-01,Kano,147,157,95.0,104.65,99.82,600.0,Onitsha,Kano,0.0,1.7699999809265137,True
2025-08-01,Kano,148,158,95.0,104.65,99.82,75.0,Kano,Kano,248.22999572753906,1.7699999809265137,False
2025-08-01,Lagos,201,214,1090.0,1418.26,1254.13,600.0,Onitsha,Lagos,6541.2998046875,458.70001220703125,True
2025-08-01,Lagos,202,215,1090.0,1418.26,1254.13,975.0,Lagos,Lagos,2791.300048828125,458.70001220703125,False
2025-08-01,Lagos,204,217,1090.0,1418.26,1254.13,600.0,Onitsha,Lagos,6541.2998046875,458.70001220703125,True
2025-08-01,Lagos,208,220,1090.0,1418.26,1254.13,600.0,Onitsha,Lagos,6541.2998046875,458.70001220703125,True
2025-08-01,Lagos,199,221,1202.5,1418.26,1310.38,975.0,Lagos,Lagos,3353.800048828125,0.0,False
2025-08-01,Lagos,209,224,1202.5,1418.26,1310.38,975.0,Lagos,Lagos,3353.800048828125,0.0,False
2025-08-01,Onitsha,257,278,665.0,731.3,698.15,525.0,Onitsha,Onitsha,1731.510009765625,18.489999771118164,False
2025-08-01,Onitsha,258,280,665.0,731.3,698.15,525.0,Onitsha,Onitsha,1731.510009765625,18.489999771118164,False
2025-08-01,Onitsha,259,282,665.0,731.3,698.15,975.0,Lagos,Onitsha,0.0,18.489999771118164,True
2025-08-01,Onitsha,262,283,665.0,731.3,698.15,975.0,Lagos,Onitsha,0.0,18.489999771118164,True
2025-08-01,Onitsha,266,284,665.0,731.3,698.15,525.0,Onitsha,Onitsha,1731.510009765625,18.489999771118164,False
2025-08-01,Onitsha,267,286,665.0,731.3,698.15,975.0,Lagos,Onitsha,0.0,18.489999771118164,True
2025-08-01,Onitsha,270,287,665.0,731.3,698.15,525.0,Onitsha,Onitsha,1731.510009765625,18.489999771118164,False
2025-08-01,Onitsha,273,290,665.0,731.3,698.15,975.0,Lagos,Onitsha,0.0,18.489999771118164,True
2025-08-01,Onitsha,274,292,665.0,731.3,698.15,525.0,Onitsha,Onitsha,1731.510009765625,18.489999771118164,False
2025-08-01,Onitsha,276,293,665.0,731.3,698.15,975.0,Lagos,Onitsha,0.0,18.489999771118164,True
2025-08-01,Port_Harcourt,322,342,1335.0,1804.51,1569.75,600.0,Onitsha,Port_Harcourt,9697.5400390625,802.4600219726562,True
2025-08-01,Port_Harcourt,324,343,1335.0,1804.51,1569.75,600.0,Onitsha,Port_Harcourt,9697.5400390625,802.4600219726562,True
2025-08-01,Port_Harcourt,325,345,1335.0,1804.51,1569.75,600.0,Onitsha,Port_Harcourt,9697.5400390625,802.4600219726562,True
2025-08-01,Port_Harcourt,331,346,1335.0,1804.51,1569.75,600.0,Onitsha,Port_Harcourt,9697.5400390625,802.4600219726562,True
2025-08-01,Port_Harcourt,326,348,1526.25,1804.51,1665.38,1237.5,Port_Harcourt,Port_Harcourt,4278.7900390625,0.0,False
2025-08-01,Port_Harcourt,332,349,1537.5,1804.51,1671.0,1237.5,Port_Harcourt,Port_Harcourt,4335.0400390625,0.0,False
2025-09-01,Abuja,1,21,532.5,632.1,582.3,450.0,Abuja,Abuja,1323.02001953125,176.97999572753906,False
2025-09-01,Abuja,4,22,570.0,632.1,601.05,525.0,Onitsha,Abuja,760.52001953125,0.0,True
2025-09-01,Abuja,7,23,570.0,632.1,601.05,450.0,Abuja,Abuja,1510.52001953125,0.0,False
2025-09-01,Abuja,10,24,570.0,632.1,601.05,525.0,Onitsha,Abuja,760.52001953125,0.0,True
2025-09-01,Abuja,14,25,570.0,632.1,601.05,525.0,Onitsha,Abuja,760.52001953125,0.0,True
2025-09-01,Abuja,15,27,570.0,632.1,601.05,450.0,Abuja,Abuja,1510.52001953125,0.0,False
2025-09-01,Abuja,18,28,570.0,632.1,601.05,450.0,Abuja,Abuja,1510.52001953125,0.0,False
2025-09-01,Abuja,20,29,570.0,632.1,601.05,525.0,Onitsha,Abuja,760.52001953125,0.0,True
2025-09-01,Bauchi,65,85,190.0,214.89,202.45,150.0,Bauchi,Bauchi,524.469970703125,0.0,False
2025-09-01,Bauchi,69,86,190.0,214.89,202.45,525.0,Onitsha,Bauchi,0.0,0.0,True
2025-09-01,Bauchi,71,87,190.0,214.89,202.45,525.0,Onitsha,Bauchi,0.0,0.0,True
2025-09-01,Bauchi,73,88,190.0,214.89,202.45,150.0,Bauchi,Bauchi,524.469970703125,0.0,False
2025-09-01,Bauchi,74,89,190.0,214.89,202.45,525.0,Onitsha,Bauchi,0.0,0.0,True
2025-09-01,Bauchi,75,90,190.0,214.89,202.45,150.0,Bauchi,Bauchi,524.469970703125,0.0,False
2025-09-01,Bauchi,76,91,190.0,214.89,202.45,150.0,Bauchi,Bauchi,524.469970703125,0.0,False
2025-09-01,Bauchi,80,92,190.0,214.89,202.45,150.0,Bauchi,Bauchi,524.469970703125,0.0,False
2025-09-01,Bauchi,81,93,190.0,214.89,202.45,525.0,Onitsha,Bauchi,0.0,0.0,True
2025-09-01,Bauchi,83,94,190.0,214.89,202.45,150.0,Bauchi,Bauchi,524.469970703125,0.0,False
2025-09-01,Kano,145,149,92.5,104.15,98.33,75.0,Kano,Kano,233.27000427246094,16.729999542236328,False
2025-09-01,Kano,129,150,95.0,104.15,99.58,75.0,Kano,Kano,245.77000427246094,4.230000019073486,False
2025-09-01,Kano,131,151,95.0,104.15,99.58,525.0,Onitsha,Kano,0.0,4.230000019073486,True
2025-09-01,Kano,132,152,95.0,104.15,99.58,525.0,Onitsha,Kano,0.0,4.230000019073486,True
2025-09-01,Kano,135,154,95.0,104.15,99.58,75.0,Kano,Kano,245.77000427246094,4.230000019073486,False
2025-09-01,Kano,137,155,95.0,104.15,99.58,75.0,Kano,Kano,245.77000427246094,4.230000019073486,False
2025-09-01,Kano,139,156,95.0,104.15,99.58,75.0,Kano,Kano,245.77000427246094,4.230000019073486,False
2025-09-01,Kano,142,157,95.0,104.15,99.58,75.0,Kano,Kano,245.77000427246094,4.230000019073486,False
2025-09-01,Kano,143,158,95.0,104.15,99.58,525.0,Onitsha,Kano,0.0,4.230000019073486,True
2025-09-01,Kano,146,159,95.0,104.15,99.58,75.0,Kano,Kano,245.77000427246094,4.230000019073486,False
2025-09-01,Lagos,193,213,1067.5,1405.93,1236.71,525.0,Onitsha,Lagos,7117.1298828125,632.8699951171875,True
2025-09-01,Lagos,203,214,1067.5,1405.93,1236.71,525.0,Onitsha,Lagos,7117.1298828125,632.8699951171875,True
2025-09-01,Lagos,207,218,1067.5,1405.93,1236.71,525.0,Onitsha,Lagos,7117.1298828125,632.8699951171875,True
2025-09-01,Lagos,210,219,1067.5,1405.93,1236.71,525.0,Onitsha,Lagos,7117.1298828125,632.8699951171875,True
2025-09-01,Lagos,212,220,1067.5,1405.93,1236.71,525.0,Onitsha,Lagos,7117.1298828125,632.8699951171875,True
2025-09-01,Lagos,201,221,1090.0,1405.93,1247.96,975.0,Lagos,Lagos,2729.6298828125,520.3699951171875,False
2025-09-01,Lagos,206,222,1090.0,1405.93,1247.96,975.0,Lagos,Lagos,2729.6298828125,520.3699951171875,False
2025-09-01,Lagos,199,224,1202.5,1405.93,1304.21,975.0,Lagos,Lagos,3292.1298828125,0.0,False
2025-09-01,Onitsha,258,278,647.5,732.07,689.78,525.0,Onitsha,Onitsha,1647.8299560546875,102.16999816894531,False
2025-09-01,Onitsha,266,279,647.5,732.07,689.78,525.0,Onitsha,Onitsha,1647.8299560546875,102.16999816894531,False
2025-09-01,Onitsha,260,280,665.0,732.07,698.53,975.0,Lagos,Onitsha,0.0,14.670000076293945,True
2025-09-01,Onitsha,263,281,665.0,732.07,698.53,975.0,Lagos,Onitsha,0.0,14.670000076293945,True
2025-09-01,Onitsha,264,282,665.0,732.07,698.53,975.0,Lagos,Onitsha,0.0,14.670000076293945,True
2025-09-01,Onitsha,265,283,665.0,732.07,698.53,975.0,Lagos,Onitsha,0.0,14.670000076293945,True
2025-09-01,Onitsha,269,284,665.0,732.07,698.53,975.0,Lagos,Onitsha,0.0,14.670000076293945,True
2025-09-01,Onitsha,272,286,665.0,732.07,698.53,525.0,Onitsha,Onitsha,1735.3299560546875,14.670000076293945,False
2025-09-01,Onitsha,273,289,665.0,732.07,698.53,525.0,Onitsha,Onitsha,1735.3299560546875,14.670000076293945,False
2025-09-01,Onitsha,275,291,665.0,732.07,698.53,975.0,Lagos,Onitsha,0.0,14.670000076293945,True
2025-09-01,Port_Harcourt,323,343,1277.5,1725.2,1501.35,525.0,Onitsha,Port_Harcourt,9763.5302734375,986.469970703125,True
2025-09-01,Port_Harcourt,328,345,1277.5,1725.2,1501.35,525.0,Onitsha,Port_Harcourt,9763.5302734375,986.469970703125,True
2025-09-01,Port_Harcourt,330,347,1277.5,1725.2,1501.35,525.0,Onitsha,Port_Harcourt,9763.5302734375,986.469970703125,True
2025-09-01,Port_Harcourt,333,349,1277.5,1725.2,1501.35,525.0,Onitsha,Port_Harcourt,9763.5302734375,986.469970703125,True
2025-09-01,Port_Harcourt,334,350,1277.5,1725.2,1501.35,525.0,Onitsha,Port_Harcourt,9763.5302734375,986.469970703125,True
2025-09-01,Port_Harcourt,337,351,1277.5,1725.2,1501.35,1200.0,Port_Harcourt,Port_Harcourt,3013.530029296875,986.469970703125,False
2025-09-01,Port_Harcourt,336,353,1300.0,1725.2,1512.6,1200.0,Port_Harcourt,Port_Harcourt,3126.030029296875,873.969970703125,False
2025-09-01,Port_Harcourt,339,355,1480.0,1725.2,1602.6,1200.0,Port_Harcourt,Port_Harcourt,4026.030029296875,0.0,False
2025-10-01,Abuja,19,22,532.5,628.24,580.37,450.0,Abuja,Abuja,1303.68994140625,196.30999755859375,False
2025-10-01,Abuja,7,23,555.0,628.24,591.62,450.0,Abuja,Abuja,1416.18994140625,83.80999755859375,False
2025-10-01,Abuja,6,25,570.0,628.24,599.12,450.0,Abuja,Abuja,1491.18994140625,8.8100004196167,False
2025-10-01,Abuja,13,26,570.0,628.24,599.12,525.0,Onitsha,Abuja,741.1900024414062,8.8100004196167,True
2025-10-01,Abuja,17,27,570.0,628.24,599.12,525.0,Onitsha,Abuja,741.1900024414062,8.8100004196167,True
2025-10-01,Bauchi,73,85,185.0,214.78,199.89,150.0,Bauchi,Bauchi,498.9200134277344,1.0800000429153442,False
2025-10-01,Bauchi,75,86,185.0,214.78,199.89,150.0,Bauchi,Bauchi,498.9200134277344,1.0800000429153442,False
2025-10-01,Bauchi,80,87,185.0,214.78,199.89,150.0,Bauchi,Bauchi,498.9200134277344,1.0800000429153442,False
2025-10-01,Bauchi,83,88,185.0,214.78,199.89,150.0,Bauchi,Bauchi,498.9200134277344,1.0800000429153442,False
2025-10-01,Bauchi,66,89,190.0,214.78,202.39,525.0,Onitsha,Bauchi,0.0,0.0,True
2025-10-01,Bauchi,68,90,190.0,214.78,202.39,525.0,Onitsha,Bauchi,0.0,0.0,True
2025-10-01,Bauchi,72,91,190.0,214.78,202.39,525.0,Onitsha,Bauchi,0.0,0.0,True
2025-10-01,Kano,137,149,92.5,104.04,98.27,75.0,Kano,Kano,232.72000122070312,17.280000686645508,False
2025-10-01,Kano,134,150,95.0,104.04,99.52,525.0,Onitsha,Kano,0.0,4.78000020980835,True
2025-10-01,Kano,140,151,95.0,104.04,99.52,525.0,Onitsha,Kano,0.0,4.78000020980835,True
2025-10-01,Kano,141,152,95.0,104.04,99.52,75.0,Kano,Kano,245.22000122070312,4.78000020980835,False
2025-10-01,Kano,144,155,95.0,104.04,99.52,75.0,Kano,Kano,245.22000122070312,4.78000020980835,False
2025-10-01,Kano,147,156,95.0,104.04,99.52,75.0,Kano,Kano,245.22000122070312,4.78000020980835,False
2025-10-01,Lagos,196,213,475.0,534.88,504.94,525.0,Onitsha,Lagos,0.0,0.0,True
2025-10-01,Lagos,200,214,475.0,534.88,504.94,375.0,Lagos,Lagos,1299.4000244140625,0.0,False
2025-10-01,Lagos,208,215,475.0,534.88,504.94,525.0,Onitsha,Lagos,0.0,0.0,True
2025-10-01,Lagos,211,216,475.0,534.88,504.94,375.0,Lagos,Lagos,1299.4000244140625,0.0,False
2025-10-01,Onitsha,257,278,647.5,739.57,693.54,525.0,Onitsha,Onitsha,1685.3599853515625,64.63999938964844,False
2025-10-01,Onitsha,259,279,665.0,739.57,702.29,975.0,Lagos,Onitsha,0.0,0.0,True
2025-10-01,Onitsha,261,280,665.0,739.57,702.29,975.0,Lagos,Onitsha,0.0,0.0,True
2025-10-01,Onitsha,262,281,665.0,739.57,702.29,975.0,Lagos,Onitsha,0.0,0.0,True
2025-10-01,Onitsha,270,282,665.0,739.57,702.29,975.0,Lagos,Onitsha,0.0,0.0,True
2025-10-01,Onitsha,274,283,665.0,739.57,702.29,975.0,Lagos,Onitsha,0.0,0.0,True
2025-10-01,Port_Harcourt,322,342,1277.5,1703.25,1490.38,525.0,Onitsha,Port_Harcourt,9653.76953125,1096.22998046875,True
2025-10-01,Port_Harcourt,323,346,1277.5,1703.25,1490.38,1200.0,Port_Harcourt,Port_Harcourt,2903.77001953125,1096.22998046875,False
2025-10-01,Port_Harcourt,327,347,1277.5,1703.25,1490.38,525.0,Onitsha,Port_Harcourt,9653.76953125,1096.22998046875,True
2025-10-01,Port_Harcourt,325,349,1300.0,1703.25,1501.63,1200.0,Port_Harcourt,Port_Harcourt,3016.27001953125,983.72998046875,False
2025-11-01,Abuja,10,21,717.5,835.6,776.55,525.0,Onitsha,Abuja,2515.5,234.5,True
2025-11-01,Abuja,12,22,717.5,835.6,776.55,525.0,Onitsha,Abuja,2515.5,234.5,True
2025-11-01,Abuja,20,23,717.5,835.6,776.55,600.0,Abuja,Abuja,1765.5,234.5,False
2025-11-01,Bauchi,75,85,185.0,209.63,197.32,150.0,Bauchi,Bauchi,473.1600036621094,26.84000015258789,False
2025-11-01,Bauchi,80,86,185.0,209.63,197.32,150.0,Bauchi,Bauchi,473.1600036621094,26.84000015258789,False
2025-11-01,Bauchi,83,87,185.0,209.63,197.32,150.0,Bauchi,Bauchi,473.1600036621094,26.84000015258789,False
2025-11-01,Bauchi,69,88,190.0,209.63,199.82,525.0,Onitsha,Bauchi,0.0,1.840000033378601,True
2025-11-01,Bauchi,71,89,190.0,209.63,199.82,525.0,Onitsha,Bauchi,0.0,1.840000033378601,True
2025-11-01,Bauchi,74,90,190.0,209.63,199.82,525.0,Onitsha,Bauchi,0.0,1.840000033378601,True
2025-11-01,Bauchi,76,91,190.0,209.63,199.82,525.0,Onitsha,Bauchi,0.0,1.840000033378601,True
2025-11-01,Bauchi,81,92,190.0,209.63,199.82,525.0,Onitsha,Bauchi,0.0,1.840000033378601,True
2025-11-01,Bauchi,84,93,190.0,209.63,199.82,525.0,Onitsha,Bauchi,0.0,1.840000033378601,True
2025-11-01,Kano,129,149,162.5,209.16,185.83,150.0,Kano,Kano,358.2900085449219,141.7100067138672,False
2025-11-01,Kano,141,150,162.5,209.16,185.83,150.0,Kano,Kano,358.2900085449219,141.7100067138672,False
2025-11-01,Kano,135,153,190.0,209.16,199.58,525.0,Onitsha,Kano,0.0,4.210000038146973,True
2025-11-01,Kano,136,154,190.0,209.16,199.58,525.0,Onitsha,Kano,0.0,4.210000038146973,True
2025-11-01,Kano,138,155,190.0,209.16,199.58,525.0,Onitsha,Kano,0.0,4.210000038146973,True
2025-11-01,Kano,139,156,190.0,209.16,199.58,525.0,Onitsha,Kano,0.0,4.210000038146973,True
2025-11-01,Kano,143,157,190.0,209.16,199.58,150.0,Kano,Kano,495.7900085449219,4.210000038146973,False
2025-11-01,Kano,148,158,190.0,209.16,199.58,525.0,Onitsha,Kano,0.0,4.210000038146973,True
2025-11-01,Lagos,194,213,570.0,636.06,603.03,450.0,Lagos,Lagos,1530.2900390625,0.0,False
2025-11-01,Lagos,197,214,570.0,636.06,603.03,525.0,Onitsha,Lagos,780.2899780273438,0.0,True
2025-11-01,Lagos,198,215,570.0,636.06,603.03,525.0,Onitsha,Lagos,780.2899780273438,0.0,True
2025-11-01,Lagos,201,216,570.0,636.06,603.03,450.0,Lagos,Lagos,1530.2900390625,0.0,False
2025-11-01,Lagos,202,219,570.0,636.06,603.03,525.0,Onitsha,Lagos,780.2899780273438,0.0,True
2025-11-01,Lagos,203,221,570.0,636.06,603.03,525.0,Onitsha,Lagos,780.2899780273438,0.0,True
2025-11-01,Lagos,204,225,570.0,636.06,603.03,525.0,Onitsha,Lagos,780.2899780273438,0.0,True
2025-11-01,Lagos,206,226,570.0,636.06,603.03,525.0,Onitsha,Lagos,780.2899780273438,0.0,True
2025-11-01,Lagos,207,227,570.0,636.06,603.03,525.0,Onitsha,Lagos,780.2899780273438,0.0,True
2025-11-01,Lagos,209,228,570.0,636.06,603.03,525.0,Onitsha,Lagos,780.2899780273438,0.0,True
2025-11-01,Onitsha,258,277,602.5,760.72,681.61,375.0,Lagos,Onitsha,3066.090087890625,183.91000366210938,True
2025-11-01,Onitsha,263,278,602.5,760.72,681.61,375.0,Lagos,Onitsha,3066.090087890625,183.91000366210938,True
2025-11-01,Onitsha,276,279,602.5,760.72,681.61,375.0,Lagos,Onitsha,3066.090087890625,183.91000366210938,True
2025-11-01,Onitsha,260,280,665.0,760.72,712.86,525.0,Onitsha,Onitsha,1878.5899658203125,0.0,False
2025-11-01,Onitsha,269,281,665.0,760.72,712.86,525.0,Onitsha,Onitsha,1878.5899658203125,0.0,False
2025-11-01,Onitsha,271,283,665.0,760.72,712.86,525.0,Onitsha,Onitsha,1878.5899658203125,0.0,False
2025-11-01,Port_Harcourt,321,341,1277.5,1694.47,1485.99,525.0,Onitsha,Port_Harcourt,9609.849609375,1140.1500244140625,True
2025-11-01,Port_Harcourt,326,343,1277.5,1694.47,1485.99,525.0,Onitsha,Port_Harcourt,9609.849609375,1140.1500244140625,True
2025-11-01,Port_Harcourt,327,345,1277.5,1694.47,1485.99,1200.0,Port_Harcourt,Port_Harcourt,2859.85009765625,1140.1500244140625,False
2025-11-01,Port_Harcourt,328,347,1277.5,1694.47,1485.99,525.0,Onitsha,Port_Harcourt,9609.849609375,1140.1500244140625,True
2025-11-01,Port_Harcourt,332,348,1277.5,1694.47,1485.99,525.0,Onitsha,Port_Harcourt,9609.849609375,1140.1500244140625,True
2025-11-01,Port_Harcourt,333,350,1277.5,1694.47,1485.99,525.0,Onitsha,Port_Harcourt,9609.849609375,1140.1500244140625,True
2025-11-01,Port_Harcourt,334,353,1277.5,1694.47,1485.99,525.0,Onitsha,Port_Harcourt,9609.849609375,1140.1500244140625,True
2025-11-01,Port_Harcourt,336,354,1277.5,1694.47,1485.99,525.0,Onitsha,Port_Harcourt,9609.849609375,1140.1500244140625,True
2025-11-01,Port_Harcourt,338,355,1277.5,1694.47,1485.99,525.0,Onitsha,Port_Harcourt,9609.849609375,1140.1500244140625,True
2025-12-01,Abuja,1,21,695.0,836.21,765.61,600.0,Abuja,Abuja,1656.050048828125,343.95001220703125,False
2025-12-01,Abuja,2,24,717.5,836.21,776.86,525.0,Onitsha,Abuja,2518.550048828125,231.4499969482422,True
2025-12-01,Abuja,4,25,717.5,836.21,776.86,525.0,Onitsha,Abuja,2518.550048828125,231.4499969482422,True
2025-12-01,Abuja,14,26,717.5,836.21,776.86,525.0,Onitsha,Abuja,2518.550048828125,231.4499969482422,True
2025-12-01,Abuja,15,28,717.5,836.21,776.86,525.0,Onitsha,Abuja,2518.550048828125,231.4499969482422,True
2025-12-01,Abuja,17,33,717.5,836.21,776.86,525.0,Onitsha,Abuja,2518.550048828125,231.4499969482422,True
2025-12-01,Abuja,18,34,717.5,836.21,776.86,525.0,Onitsha,Abuja,2518.550048828125,231.4499969482422,True
2025-12-01,Bauchi,65,85,185.0,208.21,196.6,150.0,Bauchi,Bauchi,466.04998779296875,33.95000076293945,False
2025-12-01,Bauchi,75,86,185.0,208.21,196.6,150.0,Bauchi,Bauchi,466.04998779296875,33.95000076293945,False
2025-12-01,Bauchi,80,87,185.0,208.21,196.6,150.0,Bauchi,Bauchi,466.04998779296875,33.95000076293945,False
2025-12-01,Bauchi,83,88,185.0,208.21,196.6,150.0,Bauchi,Bauchi,466.04998779296875,33.95000076293945,False
2025-12-01,Bauchi,66,89,190.0,208.21,199.1,525.0,Onitsha,Bauchi,0.0,8.949999809265137,True
2025-12-01,Bauchi,68,90,190.0,208.21,199.1,525.0,Onitsha,Bauchi,0.0,8.949999809265137,True
2025-12-01,Bauchi,70,92,190.0,208.21,199.1,525.0,Onitsha,Bauchi,0.0,8.949999809265137,True
2025-12-01,Bauchi,72,94,190.0,208.21,199.1,525.0,Onitsha,Bauchi,0.0,8.949999809265137,True
2025-12-01,Bauchi,76,95,190.0,208.21,199.1,150.0,Bauchi,Bauchi,491.04998779296875,8.949999809265137,False
2025-12-01,Bauchi,77,96,190.0,208.21,199.1,525.0,Onitsha,Bauchi,0.0,8.949999809265137,True
2025-12-01,Kano,142,149,162.5,208.98,185.74,150.0,Kano,Kano,357.4200134277344,142.5800018310547,False
2025-12-01,Kano,144,150,162.5,208.98,185.74,150.0,Kano,Kano,357.4200134277344,142.5800018310547,False
2025-12-01,Kano,133,151,190.0,208.98,199.49,525.0,Onitsha,Kano,0.0,5.079999923706055,True
2025-12-01,Kano,137,152,190.0,208.98,199.49,525.0,Onitsha,Kano,0.0,5.079999923706055,True
2025-12-01,Kano,139,153,190.0,208.98,199.49,150.0,Kano,Kano,494.9200134277344,5.079999923706055,False
2025-12-01,Kano,146,154,190.0,208.98,199.49,525.0,Onitsha,Kano,0.0,5.079999923706055,True
2025-12-01,Kano,148,156,190.0,208.98,199.49,150.0,Kano,Kano,494.9200134277344,5.079999923706055,False
2025-12-01,Lagos,194,213,555.0,636.89,595.94,450.0,Lagos,Lagos,1459.43994140625,40.560001373291016,False
2025-12-01,Lagos,197,214,570.0,636.89,603.44,450.0,Lagos,Lagos,1534.43994140625,0.0,False
2025-12-01,Lagos,198,215,570.0,636.89,603.44,450.0,Lagos,Lagos,1534.43994140625,0.0,False
2025-12-01,Lagos,199,216,570.0,636.89,603.44,525.0,Onitsha,Lagos,784.4400024414062,0.0,True
2025-12-01,Lagos,202,219,570.0,636.89,603.44,450.0,Lagos,Lagos,1534.43994140625,0.0,False
2025-12-01,Lagos,207,220,570.0,636.89,603.44,450.0,Lagos,Lagos,1534.43994140625,0.0,False
2025-12-01,Lagos,212,221,570.0,636.89,603.44,525.0,Onitsha,Lagos,784.4400024414062,0.0,True
2025-12-01,Onitsha,259,278,625.0,744.85,684.92,450.0,Lagos,Onitsha,2349.22998046875,150.77000427246094,True
2025-12-01,Onitsha,262,279,625.0,744.85,684.92,450.0,Lagos,Onitsha,2349.22998046875,150.77000427246094,True
2025-12-01,Onitsha,267,280,625.0,744.85,684.92,450.0,Lagos,Onitsha,2349.22998046875,150.77000427246094,True
2025-12-01,Onitsha,268,281,625.0,744.85,684.92,450.0,Lagos,Onitsha,2349.22998046875,150.77000427246094,True
2025-12-01,Onitsha,273,282,625.0,744.85,684.92,450.0,Lagos,Onitsha,2349.22998046875,150.77000427246094,True
2025-12-01,Onitsha,269,283,647.5,744.85,696.17,525.0,Onitsha,Onitsha,1711.72998046875,38.27000045776367,False
2025-12-01,Onitsha,271,284,647.5,744.85,696.17,525.0,Onitsha,Onitsha,1711.72998046875,38.27000045776367,False
2025-12-01,Onitsha,272,286,647.5,744.85,696.17,525.0,Onitsha,Onitsha,1711.72998046875,38.27000045776367,False
2025-12-01,Port_Harcourt,323,341,1277.5,1674.27,1475.88,525.0,Onitsha,Port_Harcourt,9508.830078125,1241.1700439453125,True
2025-12-01,Port_Harcourt,330,342,1277.5,1674.27,1475.88,525.0,Onitsha,Port_Harcourt,9508.830078125,1241.1700439453125,True
2025-12-01,Port_Harcourt,336,346,1277.5,1674.27,1475.88,1200.0,Port_Harcourt,Port_Harcourt,2758.830078125,1241.1700439453125,False
2025-12-01,Port_Harcourt,339,348,1277.5,1674.27,1475.88,525.0,Onitsha,Port_Harcourt,9508.830078125,1241.1700439453125,True
2026-01-01,Abuja,8,22,602.5,731.57,667.03,525.0,Abuja,Abuja,1420.3299560546875,329.6700134277344,False
2026-01-01,Abuja,3,23,647.5,731.57,689.53,525.0,Onitsha,Abuja,1645.3299560546875,104.66999816894531,True
2026-01-01,Abuja,5,24,647.5,731.57,689.53,525.0,Onitsha,Abuja,1645.3299560546875,104.66999816894531,True
2026-01-01,Abuja,7,26,647.5,731.57,689.53,525.0,Onitsha,Abuja,1645.3299560546875,104.66999816894531,True
2026-01-01,Abuja,10,28,647.5,731.57,689.53,525.0,Onitsha,Abuja,1645.3299560546875,104.66999816894531,True
2026-01-01,Abuja,15,29,647.5,731.57,689.53,525.0,Abuja,Abuja,1645.3299560546875,104.66999816894531,False
2026-01-01,Abuja,16,30,647.5,731.57,689.53,525.0,Onitsha,Abuja,1645.3299560546875,104.66999816894531,True
2026-01-01,Abuja,17,31,647.5,731.57,689.53,525.0,Abuja,Abuja,1645.3299560546875,104.66999816894531,False
2026-01-01,Abuja,19,32,647.5,731.57,689.53,525.0,Onitsha,Abuja,1645.3299560546875,104.66999816894531,True
2026-01-01,Abuja,20,33,647.5,731.57,689.53,525.0,Onitsha,Abuja,1645.3299560546875,104.66999816894531,True
2026-01-01,Bauchi,65,85,95.0,104.35,99.67,75.0,Bauchi,Bauchi,246.72999572753906,3.2699999809265137,False
2026-01-01,Bauchi,69,86,95.0,104.35,99.67,525.0,Onitsha,Bauchi,0.0,3.2699999809265137,True
2026-01-01,Bauchi,71,87,95.0,104.35,99.67,525.0,Onitsha,Bauchi,0.0,3.2699999809265137,True
2026-01-01,Bauchi,72,88,95.0,104.35,99.67,75.0,Bauchi,Bauchi,246.72999572753906,3.2699999809265137,False
2026-01-01,Bauchi,73,89,95.0,104.35,99.67,75.0,Bauchi,Bauchi,246.72999572753906,3.2699999809265137,False
2026-01-01,Bauchi,74,90,95.0,104.35,99.67,525.0,Onitsha,Bauchi,0.0,3.2699999809265137,True
2026-01-01,Bauchi,75,91,95.0,104.35,99.67,75.0,Bauchi,Bauchi,246.72999572753906,3.2699999809265137,False
2026-01-01,Bauchi,76,92,95.0,104.35,99.67,75.0,Bauchi,Bauchi,246.72999572753906,3.2699999809265137,False
2026-01-01,Bauchi,80,93,95.0,104.35,99.67,75.0,Bauchi,Bauchi,246.72999572753906,3.2699999809265137,False
2026-01-01,Bauchi,81,94,95.0,104.35,99.67,525.0,Onitsha,Bauchi,0.0,3.2699999809265137,True
2026-01-01,Bauchi,83,95,95.0,104.35,99.67,75.0,Bauchi,Bauchi,246.72999572753906,3.2699999809265137,False
2026-01-01,Bauchi,84,97,95.0,104.35,99.67,525.0,Onitsha,Bauchi,0.0,3.2699999809265137,True
2026-01-01,Kano,130,149,95.0,104.9,99.95,75.0,Kano,Kano,249.5,0.5,False
2026-01-01,Kano,132,150,95.0,104.9,99.95,525.0,Onitsha,Kano,0.0,0.5,True
2026-01-01,Kano,135,151,95.0,104.9,99.95,75.0,Kano,Kano,249.5,0.5,False
2026-01-01,Kano,136,152,95.0,104.9,99.95,75.0,Kano,Kano,249.5,0.5,False
2026-01-01,Kano,141,153,95.0,104.9,99.95,525.0,Onitsha,Kano,0.0,0.5,True
2026-01-01,Kano,142,154,95.0,104.9,99.95,75.0,Kano,Kano,249.5,0.5,False
2026-01-01,Kano,145,155,95.0,104.9,99.95,525.0,Onitsha,Kano,0.0,0.5,True
2026-01-01,Kano,147,157,95.0,104.9,99.95,525.0,Onitsha,Kano,0.0,0.5,True
2026-01-01,Lagos,200,213,602.5,729.2,665.85,525.0,Lagos,Lagos,1408.52001953125,341.4800109863281,False
2026-01-01,Lagos,202,214,625.0,729.2,677.1,525.0,Lagos,Lagos,1521.02001953125,228.97999572753906,False
2026-01-01,Lagos,205,215,647.5,729.2,688.35,525.0,Onitsha,Lagos,1633.52001953125,116.4800033569336,True
2026-01-01,Lagos,206,216,647.5,729.2,688.35,525.0,Onitsha,Lagos,1633.52001953125,116.4800033569336,True
2026-01-01,Lagos,209,218,647.5,729.2,688.35,525.0,Lagos,Lagos,1633.52001953125,116.4800033569336,False
2026-01-01,Lagos,195,219,665.0,729.2,697.1,525.0,Lagos,Lagos,1721.02001953125,28.979999542236328,False
2026-01-01,Onitsha,263,277,602.5,743.81,673.16,525.0,Onitsha,Onitsha,1481.56005859375,268.44000244140625,False
2026-01-01,Onitsha,276,278,602.5,743.81,673.16,525.0,Onitsha,Onitsha,1481.56005859375,268.44000244140625,False
2026-01-01,Onitsha,257,279,625.0,743.81,684.41,450.0,Lagos,Onitsha,2344.06005859375,155.94000244140625,True
2026-01-01,Onitsha,259,280,625.0,743.81,684.41,525.0,Onitsha,Onitsha,1594.06005859375,155.94000244140625,False
2026-01-01,Onitsha,268,282,625.0,743.81,684.41,525.0,Onitsha,Onitsha,1594.06005859375,155.94000244140625,False
2026-01-01,Onitsha,275,283,625.0,743.81,684.41,450.0,Lagos,Onitsha,2344.06005859375,155.94000244140625,True
2026-01-01,Onitsha,260,284,647.5,743.81,695.66,525.0,Onitsha,Onitsha,1706.56005859375,43.439998626708984,False
2026-01-01,Onitsha,266,285,647.5,743.81,695.66,525.0,Onitsha,Onitsha,1706.56005859375,43.439998626708984,False
2026-01-01,Onitsha,269,286,647.5,743.81,695.66,525.0,Onitsha,Onitsha,1706.56005859375,43.439998626708984,False
2026-01-01,Onitsha,261,287,665.0,743.81,704.41,525.0,Onitsha,Onitsha,1794.06005859375,0.0,False
2026-01-01,Onitsha,265,289,665.0,743.81,704.41,525.0,Onitsha,Onitsha,1794.06005859375,0.0,False
2026-01-01,Port_Harcourt,321,342,1312.5,1713.36,1512.93,1237.5,Port_Harcourt,Port_Harcourt,2754.2900390625,1370.7099609375,False
2026-01-01,Port_Harcourt,322,343,1312.5,1713.36,1512.93,525.0,Onitsha,Port_Harcourt,9879.2998046875,1370.7099609375,True
2026-01-01,Port_Harcourt,325,346,1312.5,1713.36,1512.93,525.0,Onitsha,Port_Harcourt,9879.2998046875,1370.7099609375,True
2026-01-01,Port_Harcourt,328,347,1312.5,1713.36,1512.93,1237.5,Port_Harcourt,Port_Harcourt,2754.2900390625,1370.7099609375,False
2026-01-01,Port_Harcourt,330,348,1312.5,1713.36,1512.93,1237.5,Port_Harcourt,Port_Harcourt,2754.2900390625,1370.7099609375,False
2026-01-01,Port_Harcourt,332,349,1312.5,1713.36,1512.93,1237.5,Port_Harcourt,Port_Harcourt,2754.2900390625,1370.7099609375,False
2026-01-01,Port_Harcourt,333,350,1312.5,1713.36,1512.93,525.0,Onitsha,Port_Harcourt,9879.2998046875,1370.7099609375,True
2026-01-01,Port_Harcourt,334,351,1312.5,1713.36,1512.93,525.0,Onitsha,Port_Harcourt,9879.2998046875,1370.7099609375,True
2026-01-01,Port_Harcourt,337,352,1312.5,1713.36,1512.93,525.0,Onitsha,Port_Harcourt,9879.2998046875,1370.7099609375,True
2026-01-01,Port_Harcourt,340,353,1537.5,1713.36,1625.43,1237.5,Port_Harcourt,Port_Harcourt,3879.2900390625,245.7100067138672,False
2026-02-01,Abuja,10,21,570.0,631.94,600.97,450.0,Abuja,Abuja,1509.6800537109375,0.0,False
2026-02-01,Abuja,11,22,570.0,631.94,600.97,525.0,Onitsha,Abuja,759.6799926757812,0.0,True
2026-02-01,Abuja,15,25,570.0,631.94,600.97,450.0,Abuja,Abuja,1509.6800537109375,0.0,False
2026-02-01,Abuja,18,28,570.0,631.94,600.97,525.0,Onitsha,Abuja,759.6799926757812,0.0,True
2026-02-01,Abuja,20,29,570.0,631.94,600.97,450.0,Abuja,Abuja,1509.6800537109375,0.0,False
2026-02-01,Bauchi,65,85,92.5,104.32,98.41,75.0,Bauchi,Bauchi,234.1199951171875,15.880000114440918,False
2026-02-01,Bauchi,73,86,92.5,104.32,98.41,75.0,Bauchi,Bauchi,234.1199951171875,15.880000114440918,False
2026-02-01,Bauchi,75,87,92.5,104.32,98.41,75.0,Bauchi,Bauchi,234.1199951171875,15.880000114440918,False
2026-02-01,Bauchi,76,88,92.5,104.32,98.41,75.0,Bauchi,Bauchi,234.1199951171875,15.880000114440918,False
2026-02-01,Bauchi,80,89,92.5,104.32,98.41,75.0,Bauchi,Bauchi,234.1199951171875,15.880000114440918,False
2026-02-01,Bauchi,83,90,92.5,104.32,98.41,75.0,Bauchi,Bauchi,234.1199951171875,15.880000114440918,False
2026-02-01,Bauchi,66,91,95.0,104.32,99.66,525.0,Onitsha,Bauchi,0.0,3.380000114440918,True
2026-02-01,Bauchi,68,92,95.0,104.32,99.66,525.0,Onitsha,Bauchi,0.0,3.380000114440918,True
2026-02-01,Bauchi,82,94,95.0,104.32,99.66,75.0,Bauchi,Bauchi,246.6199951171875,3.380000114440918,False
2026-02-01,Kano,131,149,95.0,104.63,99.81,75.0,Kano,Kano,248.14999389648438,1.850000023841858,False
2026-02-01,Kano,139,150,95.0,104.63,99.81,525.0,Onitsha,Kano,0.0,1.850000023841858,True
2026-02-01,Kano,140,152,95.0,104.63,99.81,525.0,Onitsha,Kano,0.0,1.850000023841858,True
2026-02-01,Kano,146,153,95.0,104.63,99.81,525.0,Onitsha,Kano,0.0,1.850000023841858,True
2026-02-01,Lagos,194,213,625.0,729.05,677.03,525.0,Lagos,Lagos,1520.27001953125,229.72999572753906,False
2026-02-01,Lagos,193,214,647.5,729.05,688.28,525.0,Lagos,Lagos,1632.77001953125,117.2300033569336,False
2026-02-01,Lagos,195,216,647.5,729.05,688.28,525.0,Lagos,Lagos,1632.77001953125,117.2300033569336,False
2026-02-01,Lagos,196,217,647.5,729.05,688.28,525.0,Onitsha,Lagos,1632.77001953125,117.2300033569336,True
2026-02-01,Lagos,198,219,647.5,729.05,688.28,525.0,Onitsha,Lagos,1632.77001953125,117.2300033569336,True
2026-02-01,Lagos,199,223,647.5,729.05,688.28,525.0,Lagos,Lagos,1632.77001953125,117.2300033569336,False
2026-02-01,Lagos,203,224,647.5,729.05,688.28,525.0,Onitsha,Lagos,1632.77001953125,117.2300033569336,True
2026-02-01,Lagos,208,225,647.5,729.05,688.28,525.0,Onitsha,Lagos,1632.77001953125,117.2300033569336,True
2026-02-01,Onitsha,262,277,625.0,729.17,677.08,525.0,Onitsha,Onitsha,1520.8299560546875,229.1699981689453,False
2026-02-01,Onitsha,259,278,647.5,729.17,688.33,525.0,Onitsha,Onitsha,1633.3299560546875,116.66999816894531,False
2026-02-01,Onitsha,266,279,647.5,729.17,688.33,525.0,Onitsha,Onitsha,1633.3299560546875,116.66999816894531,False
2026-02-01,Onitsha,272,280,647.5,729.17,688.33,525.0,Lagos,Onitsha,1633.3299560546875,116.66999816894531,True
2026-02-01,Onitsha,274,281,647.5,729.17,688.33,525.0,Lagos,Onitsha,1633.3299560546875,116.66999816894531,True
2026-02-01,Onitsha,264,282,665.0,729.17,697.08,525.0,Onitsha,Onitsha,1720.8299560546875,29.170000076293945,False
2026-02-01,Onitsha,270,283,665.0,729.17,697.08,525.0,Onitsha,Onitsha,1720.8299560546875,29.170000076293945,False
2026-02-01,Port_Harcourt,323,343,1277.5,1653.8,1465.65,525.0,Onitsha,Port_Harcourt,9406.48046875,1343.52001953125,True
2026-02-01,Port_Harcourt,325,344,1277.5,1653.8,1465.65,1200.0,Port_Harcourt,Port_Harcourt,2656.47998046875,1343.52001953125,False
2026-02-01,Port_Harcourt,327,345,1277.5,1653.8,1465.65,525.0,Onitsha,Port_Harcourt,9406.48046875,1343.52001953125,True
2026-02-01,Port_Harcourt,331,346,1277.5,1653.8,1465.65,525.0,Onitsha,Port_Harcourt,9406.48046875,1343.52001953125,True
2026-02-01,Port_Harcourt,336,349,1277.5,1653.8,1465.65,525.0,Onitsha,Port_Harcourt,9406.48046875,1343.52001953125,True
2026-02-01,Port_Harcourt,338,350,1277.5,1653.8,1465.65,525.0,Onitsha,Port_Harcourt,9406.48046875,1343.52001953125,True
2026-02-01,Port_Harcourt,332,351,1491.25,1653.8,1572.52,1200.0,Port_Harcourt,Port_Harcourt,3725.22998046875,274.7699890136719,False
2026-02-01,Port_Harcourt,340,353,1491.25,1653.8,1572.52,1200.0,Port_Harcourt,Port_Harcourt,3725.22998046875,274.7699890136719,False
2026-02-01,Port_Harcourt,335,356,1502.5,1653.8,1578.15,1200.0,Port_Harcourt,Port_Harcourt,3781.47998046875,218.52000427246094,False
2026-03-01,Abuja,20,21,835.0,1058.85,946.93,750.0,Abuja,Abuja,1969.27001953125,530.72998046875,False
2026-03-01,Abuja,1,22,857.5,1058.85,958.18,525.0,Onitsha,Abuja,4331.77001953125,418.2300109863281,True
2026-03-01,Abuja,3,24,857.5,1058.85,958.18,525.0,Onitsha,Abuja,4331.77001953125,418.2300109863281,True
2026-03-01,Abuja,4,25,857.5,1058.85,958.18,750.0,Abuja,Abuja,2081.77001953125,418.2300109863281,False
2026-03-01,Abuja,7,27,857.5,1058.85,958.18,525.0,Onitsha,Abuja,4331.77001953125,418.2300109863281,True
2026-03-01,Abuja,9,28,857.5,1058.85,958.18,525.0,Onitsha,Abuja,4331.77001953125,418.2300109863281,True
2026-03-01,Abuja,12,29,857.5,1058.85,958.18,525.0,Onitsha,Abuja,4331.77001953125,418.2300109863281,True
2026-03-01,Abuja,14,31,857.5,1058.85,958.18,750.0,Abuja,Abuja,2081.77001953125,418.2300109863281,False
2026-03-01,Bauchi,73,85,106.5,123.46,114.98,90.0,Bauchi,Bauchi,249.7899932861328,50.209999084472656,False
2026-03-01,Bauchi,75,86,106.5,123.46,114.98,90.0,Bauchi,Bauchi,249.7899932861328,50.209999084472656,False
2026-03-01,Bauchi,76,87,106.5,123.46,114.98,90.0,Bauchi,Bauchi,249.7899932861328,50.209999084472656,False
2026-03-01,Bauchi,80,88,106.5,123.46,114.98,90.0,Bauchi,Bauchi,249.7899932861328,50.209999084472656,False
2026-03-01,Bauchi,83,89,106.5,123.46,114.98,90.0,Bauchi,Bauchi,249.7899932861328,50.209999084472656,False
2026-03-01,Bauchi,69,90,114.0,123.46,118.73,525.0,Onitsha,Bauchi,0.0,12.710000038146973,True
2026-03-01,Bauchi,71,91,114.0,123.46,118.73,525.0,Onitsha,Bauchi,0.0,12.710000038146973,True
2026-03-01,Bauchi,72,92,114.0,123.46,118.73,525.0,Onitsha,Bauchi,0.0,12.710000038146973,True
2026-03-01,Bauchi,74,93,114.0,123.46,118.73,525.0,Onitsha,Bauchi,0.0,12.710000038146973,True
2026-03-01,Bauchi,81,95,114.0,123.46,118.73,525.0,Onitsha,Bauchi,0.0,12.710000038146973,True
2026-03-01,Kano,133,149,95.0,104.51,99.75,525.0,Onitsha,Kano,0.0,2.4600000381469727,True
2026-03-01,Kano,134,150,95.0,104.51,99.75,525.0,Onitsha,Kano,0.0,2.4600000381469727,True
2026-03-01,Kano,137,151,95.0,104.51,99.75,75.0,Kano,Kano,247.5399932861328,2.4600000381469727,False
2026-03-01,Lagos,211,214,812.5,1038.78,925.64,750.0,Lagos,Lagos,1756.4200439453125,743.5800170898438,False
2026-03-01,Lagos,194,215,857.5,1038.78,948.14,750.0,Lagos,Lagos,1981.4200439453125,518.5800170898438,False
2026-03-01,Lagos,197,216,857.5,1038.78,948.14,525.0,Onitsha,Lagos,4231.419921875,518.5800170898438,True
2026-03-01,Lagos,201,218,857.5,1038.78,948.14,525.0,Onitsha,Lagos,4231.419921875,518.5800170898438,True
2026-03-01,Lagos,202,219,857.5,1038.78,948.14,750.0,Lagos,Lagos,1981.4200439453125,518.5800170898438,False
2026-03-01,Lagos,205,220,857.5,1038.78,948.14,525.0,Onitsha,Lagos,4231.419921875,518.5800170898438,True
2026-03-01,Lagos,206,222,857.5,1038.78,948.14,750.0,Lagos,Lagos,1981.4200439453125,518.5800170898438,False
2026-03-01,Lagos,207,223,857.5,1038.78,948.14,525.0,Onitsha,Lagos,4231.419921875,518.5800170898438,True
2026-03-01,Lagos,208,225,857.5,1038.78,948.14,750.0,Lagos,Lagos,1981.4200439453125,518.5800170898438,False
2026-03-01,Lagos,212,226,857.5,1038.78,948.14,525.0,Onitsha,Lagos,4231.419921875,518.5800170898438,True
2026-03-01,Onitsha,258,277,647.5,729.28,688.39,525.0,Lagos,Onitsha,1633.9200439453125,116.08000183105469,True
2026-03-01,Onitsha,260,278,647.5,729.28,688.39,525.0,Onitsha,Onitsha,1633.9200439453125,116.08000183105469,False
2026-03-01,Onitsha,262,279,647.5,729.28,688.39,525.0,Onitsha,Onitsha,1633.9200439453125,116.08000183105469,False
2026-03-01,Onitsha,263,280,647.5,729.28,688.39,525.0,Lagos,Onitsha,1633.9200439453125,116.08000183105469,True
2026-03-01,Onitsha,265,282,647.5,729.28,688.39,525.0,Onitsha,Onitsha,1633.9200439453125,116.08000183105469,False
2026-03-01,Onitsha,267,283,647.5,729.28,688.39,525.0,Lagos,Onitsha,1633.9200439453125,116.08000183105469,True
2026-03-01,Onitsha,268,284,647.5,729.28,688.39,525.0,Lagos,Onitsha,1633.9200439453125,116.08000183105469,True
2026-03-01,Onitsha,269,285,647.5,729.28,688.39,525.0,Lagos,Onitsha,1633.9200439453125,116.08000183105469,True
2026-03-01,Onitsha,270,286,647.5,729.28,688.39,525.0,Onitsha,Onitsha,1633.9200439453125,116.08000183105469,False
2026-03-01,Port_Harcourt,322,341,1312.5,1724.13,1518.32,525.0,Onitsha,Port_Harcourt,9933.16015625,1316.8299560546875,True
2026-03-01,Port_Harcourt,323,343,1312.5,1724.13,1518.32,1237.5,Port_Harcourt,Port_Harcourt,2808.169921875,1316.8299560546875,False
2026-03-01,Port_Harcourt,326,345,1312.5,1724.13,1518.32,525.0,Onitsha,Port_Harcourt,9933.16015625,1316.8299560546875,True
2026-03-01,Port_Harcourt,329,346,1312.5,1724.13,1518.32,525.0,Onitsha,Port_Harcourt,9933.16015625,1316.8299560546875,True
2026-03-01,Port_Harcourt,330,348,1312.5,1724.13,1518.32,525.0,Onitsha,Port_Harcourt,9933.16015625,1316.8299560546875,True
2026-03-01,Port_Harcourt,339,349,1312.5,1724.13,1518.32,525.0,Onitsha,Port_Harcourt,9933.16015625,1316.8299560546875,True
2026-03-01,Port_Harcourt,324,353,1335.0,1724.13,1529.57,1237.5,Port_Harcourt,Port_Harcourt,2920.669921875,1204.3299560546875,False
2026-03-01,Port_Harcourt,325,354,1515.0,1724.13,1619.57,1237.5,Port_Harcourt,Port_Harcourt,3820.669921875,304.3299865722656,False
2026-03-01,Port_Harcourt,335,355,1515.0,1724.13,1619.57,1237.5,Port_Harcourt,Port_Harcourt,3820.669921875,304.3299865722656,False
2026-04-01,Abuja,1,21,857.5,1061.91,959.7,750.0,Abuja,Abuja,2097.0400390625,402.9599914550781,False
2026-04-01,Abuja,2,22,857.5,1061.91,959.7,525.0,Onitsha,Abuja,4347.0400390625,402.9599914550781,True
2026-04-01,Abuja,7,23,857.5,1061.91,959.7,750.0,Abuja,Abuja,2097.0400390625,402.9599914550781,False
2026-04-01,Abuja,10,26,857.5,1061.91,959.7,525.0,Onitsha,Abuja,4347.0400390625,402.9599914550781,True
2026-04-01,Abuja,13,27,857.5,1061.91,959.7,750.0,Abuja,Abuja,2097.0400390625,402.9599914550781,False
2026-04-01,Abuja,16,28,857.5,1061.91,959.7,750.0,Abuja,Abuja,2097.0400390625,402.9599914550781,False
2026-04-01,Abuja,19,30,857.5,1061.91,959.7,525.0,Onitsha,Abuja,4347.0400390625,402.9599914550781,True
2026-04-01,Bauchi,73,85,111.0,126.28,118.64,90.0,Bauchi,Bauchi,286.4200134277344,13.579999923706055,False
2026-04-01,Bauchi,75,86,111.0,126.28,118.64,90.0,Bauchi,Bauchi,286.4200134277344,13.579999923706055,False
2026-04-01,Bauchi,76,87,111.0,126.28,118.64,90.0,Bauchi,Bauchi,286.4200134277344,13.579999923706055,False
2026-04-01,Bauchi,80,88,111.0,126.28,118.64,90.0,Bauchi,Bauchi,286.4200134277344,13.579999923706055,False
2026-04-01,Bauchi,83,89,111.0,126.28,118.64,90.0,Bauchi,Bauchi,286.4200134277344,13.579999923706055,False
2026-04-01,Bauchi,66,90,114.0,126.28,120.14,525.0,Onitsha,Bauchi,0.0,0.0,True
2026-04-01,Bauchi,68,92,114.0,126.28,120.14,525.0,Onitsha,Bauchi,0.0,0.0,True
2026-04-01,Bauchi,70,93,114.0,126.28,120.14,525.0,Onitsha,Bauchi,0.0,0.0,True
2026-04-01,Bauchi,84,94,114.0,126.28,120.14,525.0,Onitsha,Bauchi,0.0,0.0,True
2026-04-01,Kano,148,149,185.0,208.14,196.57,150.0,Kano,Kano,465.7200012207031,34.279998779296875,False
2026-04-01,Kano,135,152,190.0,208.14,199.07,525.0,Onitsha,Kano,0.0,9.279999732971191,True
2026-04-01,Kano,136,154,190.0,208.14,199.07,525.0,Onitsha,Kano,0.0,9.279999732971191,True
2026-04-01,Kano,140,155,190.0,208.14,199.07,150.0,Kano,Kano,490.7200012207031,9.279999732971191,False
2026-04-01,Kano,142,159,190.0,208.14,199.07,525.0,Onitsha,Kano,0.0,9.279999732971191,True
2026-04-01,Kano,147,160,190.0,208.14,199.07,525.0,Onitsha,Kano,0.0,9.279999732971191,True
2026-04-01,Lagos,195,213,857.5,1040.52,949.01,525.0,Onitsha,Lagos,4240.080078125,509.9200134277344,True
2026-04-01,Lagos,204,215,857.5,1040.52,949.01,525.0,Onitsha,Lagos,4240.080078125,509.9200134277344,True
2026-04-01,Lagos,212,216,857.5,1040.52,949.01,750.0,Lagos,Lagos,1990.0799560546875,509.9200134277344,False
2026-04-01,Onitsha,257,277,695.0,836.81,765.9,600.0,Onitsha,Onitsha,1659.0400390625,340.9599914550781,False
2026-04-01,Onitsha,265,279,717.5,836.81,777.15,600.0,Onitsha,Onitsha,1771.5400390625,228.4600067138672,False
2026-04-01,Onitsha,267,280,717.5,836.81,777.15,600.0,Onitsha,Onitsha,1771.5400390625,228.4600067138672,False
2026-04-01,Onitsha,274,281,717.5,836.81,777.15,600.0,Onitsha,Onitsha,1771.5400390625,228.4600067138672,False
2026-04-01,Onitsha,272,282,760.0,836.81,798.4,750.0,Abuja,Onitsha,484.0400085449219,15.960000038146973,True
2026-04-01,Onitsha,276,283,760.0,836.81,798.4,750.0,Abuja,Onitsha,484.0400085449219,15.960000038146973,True
2026-04-01,Port_Harcourt,322,342,1347.5,1787.83,1567.66,1275.0,Port_Harcourt,Port_Harcourt,2926.6298828125,1323.3699951171875,False
2026-04-01,Port_Harcourt,329,343,1347.5,1787.83,1567.66,1275.0,Port_Harcourt,Port_Harcourt,2926.6298828125,1323.3699951171875,False
2026-04-01,Port_Harcourt,331,344,1347.5,1787.83,1567.66,1275.0,Port_Harcourt,Port_Harcourt,2926.6298828125,1323.3699951171875,False
2026-04-01,Port_Harcourt,332,345,1347.5,1787.83,1567.66,525.0,Onitsha,Port_Harcourt,10426.6298828125,1323.3699951171875,True
2026-04-01,Port_Harcourt,337,346,1347.5,1787.83,1567.66,525.0,Onitsha,Port_Harcourt,10426.6298828125,1323.3699951171875,True
2026-04-01,Port_Harcourt,338,347,1347.5,1787.83,1567.66,525.0,Onitsha,Port_Harcourt,10426.6298828125,1323.3699951171875,True
2026-04-01,Port_Harcourt,339,350,1347.5,1787.83,1567.66,1275.0,Port_Harcourt,Port_Harcourt,2926.6298828125,1323.3699951171875,False
2026-04-01,Port_Harcourt,328,351,1561.25,1787.83,1674.54,1275.0,Port_Harcourt,Port_Harcourt,3995.3798828125,254.6199951171875,False
2026-05-01,Abuja,1,22,570.0,637.14,603.57,450.0,Abuja,Abuja,1535.7099609375,0.0,False
2026-05-01,Abuja,4,23,570.0,637.14,603.57,600.0,Onitsha,Abuja,35.709999084472656,0.0,True
2026-05-01,Abuja,9,24,570.0,637.14,603.57,600.0,Onitsha,Abuja,35.709999084472656,0.0,True
2026-05-01,Abuja,10,25,570.0,637.14,603.57,450.0,Abuja,Abuja,1535.7099609375,0.0,False
2026-05-01,Abuja,12,26,570.0,637.14,603.57,600.0,Onitsha,Abuja,35.709999084472656,0.0,True
2026-05-01,Abuja,14,27,570.0,637.14,603.57,450.0,Abuja,Abuja,1535.7099609375,0.0,False
2026-05-01,Abuja,17,28,570.0,637.14,603.57,600.0,Onitsha,Abuja,35.709999084472656,0.0,True
2026-05-01,Abuja,19,29,570.0,637.14,603.57,450.0,Abuja,Abuja,1535.7099609375,0.0,False
2026-05-01,Bauchi,65,85,162.5,210.77,186.63,150.0,Bauchi,Bauchi,366.3500061035156,133.64999389648438,False
2026-05-01,Bauchi,73,86,167.0,210.77,188.88,150.0,Bauchi,Bauchi,388.8500061035156,111.1500015258789,False
2026-05-01,Bauchi,75,87,167.0,210.77,188.88,150.0,Bauchi,Bauchi,388.8500061035156,111.1500015258789,False
2026-05-01,Bauchi,76,88,167.0,210.77,188.88,150.0,Bauchi,Bauchi,388.8500061035156,111.1500015258789,False
2026-05-01,Bauchi,80,89,167.0,210.77,188.88,150.0,Bauchi,Bauchi,388.8500061035156,111.1500015258789,False
2026-05-01,Bauchi,83,90,167.0,210.77,188.88,150.0,Bauchi,Bauchi,388.8500061035156,111.1500015258789,False
2026-05-01,Bauchi,69,91,190.0,210.77,200.38,600.0,Onitsha,Bauchi,0.0,0.0,True
2026-05-01,Bauchi,71,92,190.0,210.77,200.38,600.0,Onitsha,Bauchi,0.0,0.0,True
2026-05-01,Bauchi,72,94,190.0,210.77,200.38,600.0,Onitsha,Bauchi,0.0,0.0,True
2026-05-01,Bauchi,74,95,190.0,210.77,200.38,600.0,Onitsha,Bauchi,0.0,0.0,True
2026-05-01,Bauchi,81,96,190.0,210.77,200.38,600.0,Onitsha,Bauchi,0.0,0.0,True
2026-05-01,Kano,144,149,325.0,415.81,370.41,300.0,Kano,Kano,704.0599975585938,295.94000244140625,False
2026-05-01,Kano,129,150,380.0,415.81,397.91,600.0,Onitsha,Kano,0.0,20.940000534057617,True
2026-05-01,Kano,131,151,380.0,415.81,397.91,600.0,Onitsha,Kano,0.0,20.940000534057617,True
2026-05-01,Kano,132,152,380.0,415.81,397.91,300.0,Kano,Kano,979.0599975585938,20.940000534057617,False
2026-05-01,Kano,133,155,380.0,415.81,397.91,300.0,Kano,Kano,979.0599975585938,20.940000534057617,False
2026-05-01,Kano,139,156,380.0,415.81,397.91,300.0,Kano,Kano,979.0599975585938,20.940000534057617,False
2026-05-01,Kano,141,157,380.0,415.81,397.91,300.0,Kano,Kano,979.0599975585938,20.940000534057617,False
2026-05-01,Kano,142,158,380.0,415.81,397.91,300.0,Kano,Kano,979.0599975585938,20.940000534057617,False
2026-05-01,Kano,146,159,380.0,415.81,397.91,300.0,Kano,Kano,979.0599975585938,20.940000534057617,False
2026-05-01,Lagos,197,215,857.5,1055.29,956.39,750.0,Lagos,Lagos,2063.93994140625,436.05999755859375,False
2026-05-01,Lagos,204,216,857.5,1055.29,956.39,750.0,Lagos,Lagos,2063.93994140625,436.05999755859375,False
2026-05-01,Lagos,194,217,880.0,1055.29,967.64,600.0,Onitsha,Lagos,3676.43994140625,323.55999755859375,True
2026-05-01,Lagos,199,218,880.0,1055.29,967.64,600.0,Onitsha,Lagos,3676.43994140625,323.55999755859375,True
2026-05-01,Lagos,201,220,880.0,1055.29,967.64,600.0,Onitsha,Lagos,3676.43994140625,323.55999755859375,True
2026-05-01,Lagos,202,221,880.0,1055.29,967.64,600.0,Onitsha,Lagos,3676.43994140625,323.55999755859375,True
2026-05-01,Lagos,206,222,880.0,1055.29,967.64,600.0,Onitsha,Lagos,3676.43994140625,323.55999755859375,True
2026-05-01,Lagos,208,224,880.0,1055.29,967.64,600.0,Onitsha,Lagos,3676.43994140625,323.55999755859375,True
2026-05-01,Lagos,211,225,880.0,1055.29,967.64,600.0,Onitsha,Lagos,3676.43994140625,323.55999755859375,True
2026-05-01,Onitsha,268,277,717.5,835.71,776.6,600.0,Onitsha,Onitsha,1766.0400390625,233.9600067138672,False
2026-05-01,Onitsha,260,278,760.0,835.71,797.85,750.0,Abuja,Onitsha,478.5400085449219,21.459999084472656,True
2026-05-01,Onitsha,261,279,760.0,835.71,797.85,750.0,Abuja,Onitsha,478.5400085449219,21.459999084472656,True
2026-05-01,Onitsha,266,280,760.0,835.71,797.85,750.0,Abuja,Onitsha,478.5400085449219,21.459999084472656,True
2026-05-01,Onitsha,270,281,760.0,835.71,797.85,750.0,Abuja,Onitsha,478.5400085449219,21.459999084472656,True
2026-05-01,Onitsha,271,282,760.0,835.71,797.85,750.0,Abuja,Onitsha,478.5400085449219,21.459999084472656,True
2026-05-01,Port_Harcourt,333,342,1417.5,1895.32,1656.41,1350.0,Port_Harcourt,Port_Harcourt,3064.080078125,1435.9200439453125,False
2026-05-01,Port_Harcourt,334,343,1417.5,1895.32,1656.41,1350.0,Port_Harcourt,Port_Harcourt,3064.080078125,1435.9200439453125,False
2026-05-01,Port_Harcourt,322,344,1642.5,1895.32,1768.91,1350.0,Port_Harcourt,Port_Harcourt,4189.080078125,310.9200134277344,False
2026-05-01,Port_Harcourt,328,345,1642.5,1895.32,1768.91,1350.0,Port_Harcourt,Port_Harcourt,4189.080078125,310.9200134277344,False
2026-05-01,Port_Harcourt,339,346,1642.5,1895.32,1768.91,1350.0,Port_Harcourt,Port_Harcourt,4189.080078125,310.9200134277344,False
2026-06-01,Abuja,14,23,555.0,634.81,594.91,450.0,Abuja,Abuja,1449.06005859375,50.939998626708984,False
2026-06-01,Abuja,3,25,570.0,634.81,602.41,450.0,Abuja,Abuja,1524.06005859375,0.0,False
2026-06-01,Abuja,7,26,570.0,634.81,602.41,600.0,Onitsha,Abuja,24.059999465942383,0.0,True
2026-06-01,Abuja,8,27,570.0,634.81,602.41,600.0,Onitsha,Abuja,24.059999465942383,0.0,True
2026-06-01,Abuja,15,28,570.0,634.81,602.41,600.0,Onitsha,Abuja,24.059999465942383,0.0,True
2026-06-01,Abuja,17,30,570.0,634.81,602.41,450.0,Abuja,Abuja,1524.06005859375,0.0,False
2026-06-01,Abuja,18,31,570.0,634.81,602.41,600.0,Onitsha,Abuja,24.059999465942383,0.0,True
2026-06-01,Bauchi,65,85,255.0,313.67,284.33,225.0,Bauchi,Bauchi,593.3300170898438,156.6699981689453,False
2026-06-01,Bauchi,75,86,255.0,313.67,284.33,225.0,Bauchi,Bauchi,593.3300170898438,156.6699981689453,False
2026-06-01,Bauchi,76,87,255.0,313.67,284.33,225.0,Bauchi,Bauchi,593.3300170898438,156.6699981689453,False
2026-06-01,Bauchi,80,88,255.0,313.67,284.33,225.0,Bauchi,Bauchi,593.3300170898438,156.6699981689453,False
2026-06-01,Bauchi,83,89,255.0,313.67,284.33,225.0,Bauchi,Bauchi,593.3300170898438,156.6699981689453,False
2026-06-01,Bauchi,66,90,285.0,313.67,299.33,600.0,Onitsha,Bauchi,0.0,6.670000076293945,True
2026-06-01,Bauchi,68,91,285.0,313.67,299.33,600.0,Onitsha,Bauchi,0.0,6.670000076293945,True
2026-06-01,Bauchi,71,92,285.0,313.67,299.33,225.0,Bauchi,Bauchi,743.3300170898438,6.670000076293945,False
2026-06-01,Bauchi,77,93,285.0,313.67,299.33,600.0,Onitsha,Bauchi,0.0,6.670000076293945,True
2026-06-01,Kano,143,149,325.0,420.77,372.89,300.0,Kano,Kano,728.8699951171875,271.1300048828125,False
2026-06-01,Kano,148,151,325.0,420.77,372.89,300.0,Kano,Kano,728.8699951171875,271.1300048828125,False
2026-06-01,Kano,133,154,370.0,420.77,395.39,300.0,Kano,Kano,953.8699951171875,46.130001068115234,False
2026-06-01,Kano,146,155,370.0,420.77,395.39,300.0,Kano,Kano,953.8699951171875,46.130001068115234,False
2026-06-01,Kano,135,156,380.0,420.77,400.39,300.0,Kano,Kano,1003.8699951171875,0.0,False
2026-06-01,Kano,136,159,380.0,420.77,400.39,300.0,Kano,Kano,1003.8699951171875,0.0,False
2026-06-01,Kano,137,160,380.0,420.77,400.39,600.0,Onitsha,Kano,0.0,0.0,True
2026-06-01,Kano,147,161,380.0,420.77,400.39,300.0,Kano,Kano,1003.8699951171875,0.0,False
2026-06-01,Lagos,200,213,1207.5,1609.23,1408.37,1125.0,Lagos,Lagos,2833.669921875,916.3300170898438,False
2026-06-01,Lagos,195,215,1230.0,1609.23,1419.62,600.0,Onitsha,Lagos,8196.169921875,803.8300170898438,True
2026-06-01,Lagos,196,217,1230.0,1609.23,1419.62,600.0,Onitsha,Lagos,8196.169921875,803.8300170898438,True
2026-06-01,Lagos,199,220,1230.0,1609.23,1419.62,1125.0,Lagos,Lagos,2946.169921875,803.8300170898438,False
2026-06-01,Lagos,202,221,1230.0,1609.23,1419.62,1125.0,Lagos,Lagos,2946.169921875,803.8300170898438,False
2026-06-01,Lagos,203,222,1230.0,1609.23,1419.62,600.0,Onitsha,Lagos,8196.169921875,803.8300170898438,True
2026-06-01,Lagos,208,224,1230.0,1609.23,1419.62,1125.0,Lagos,Lagos,2946.169921875,803.8300170898438,False
2026-06-01,Lagos,209,225,1230.0,1609.23,1419.62,600.0,Onitsha,Lagos,8196.169921875,803.8300170898438,True
2026-06-01,Lagos,210,229,1230.0,1609.23,1419.62,600.0,Onitsha,Lagos,8196.169921875,803.8300170898438,True
2026-06-01,Lagos,211,230,1230.0,1609.23,1419.62,1125.0,Lagos,Lagos,2946.169921875,803.8300170898438,False
2026-06-01,Lagos,204,231,1275.0,1609.23,1442.12,1125.0,Lagos,Lagos,3171.169921875,578.8300170898438,False
2026-06-01,Onitsha,273,277,695.0,837.28,766.14,600.0,Onitsha,Onitsha,1661.4100341796875,338.5899963378906,False
2026-06-01,Onitsha,262,279,717.5,837.28,777.39,600.0,Onitsha,Onitsha,1773.9100341796875,226.08999633789062,False
2026-06-01,Onitsha,265,280,740.0,837.28,788.64,600.0,Onitsha,Onitsha,1886.4100341796875,113.58999633789062,False
2026-06-01,Onitsha,267,281,740.0,837.28,788.64,600.0,Onitsha,Onitsha,1886.4100341796875,113.58999633789062,False
2026-06-01,Onitsha,259,282,760.0,837.28,798.64,1350.0,Port_Harcourt,Onitsha,0.0,13.59000015258789,True
2026-06-01,Onitsha,261,283,760.0,837.28,798.64,600.0,Onitsha,Onitsha,1986.4100341796875,13.59000015258789,False
2026-06-01,Onitsha,263,284,760.0,837.28,798.64,1350.0,Port_Harcourt,Onitsha,0.0,13.59000015258789,True
2026-06-01,Onitsha,272,285,760.0,837.28,798.64,1350.0,Port_Harcourt,Onitsha,0.0,13.59000015258789,True
2026-06-01,Onitsha,275,286,760.0,837.28,798.64,1350.0,Port_Harcourt,Onitsha,0.0,13.59000015258789,True
2026-06-01,Port_Harcourt,321,341,1475.0,1952.35,1713.68,600.0,Onitsha,Port_Harcourt,11136.75,1363.25,True
2026-06-01,Port_Harcourt,326,342,1475.0,1952.35,1713.68,600.0,Onitsha,Port_Harcourt,11136.75,1363.25,True
2026-06-01,Port_Harcourt,329,343,1475.0,1952.35,1713.68,600.0,Onitsha,Port_Harcourt,11136.75,1363.25,True
2026-06-01,Port_Harcourt,330,344,1475.0,1952.35,1713.68,600.0,Onitsha,Port_Harcourt,11136.75,1363.25,True
2026-06-01,Port_Harcourt,336,346,1475.0,1952.35,1713.68,600.0,Onitsha,Port_Harcourt,11136.75,1363.25,True
2026-06-01,Port_Harcourt,337,347,1475.0,1952.35,1713.68,600.0,Onitsha,Port_Harcourt,11136.75,1363.25,True
2026-06-01,Port_Harcourt,322,349,1700.0,1952.35,1826.18,1387.5,Port_Harcourt,Port_Harcourt,4386.75,238.25,False
2026-06-01,Port_Harcourt,328,350,1700.0,1952.35,1826.18,1387.5,Port_Harcourt,Port_Harcourt,4386.75,238.25,False
2026-06-01,Port_Harcourt,339,353,1700.0,1952.35,1826.18,1387.5,Port_Harcourt,Port_Harcourt,4386.75,238.25,False
