date,agent_id,breed,home_city,action,reward,cum_reward,capital,current_city,is_away,away_city,source_city,wolf_status,is_bankrupt,ask_price,trade_count,has_stock
2026-07-01,1,TraderAgent,Abuja,1,133.87318787104343,133.87318787104343,473386.4375,Onitsha,True,Onitsha,Onitsha,winning,False,307.53,0.0,True
2026-07-01,2,TraderAgent,Abuja,1,133.87318787104343,133.87318787104343,415796.3125,Onitsha,True,Onitsha,Onitsha,winning,False,307.53,0.0,True
2026-07-01,3,TraderAgent,Abuja,3,20.0,20.0,476217.625,Abuja,False,,,winning,False,292.15,0.0,False
2026-07-01,4,TraderAgent,Abuja,1,133.87318787104343,133.87318787104343,447656.625,Onitsha,True,Onitsha,Onitsha,winning,False,307.53,0.0,True
2026-07-01,5,TraderAgent,Abuja,1,133.87318787104343,133.87318787104343,467099.8125,Onitsha,True,Onitsha,Onitsha,winning,False,307.53,0.0,True
2026-07-01,6,TraderAgent,Abuja,1,133.87318787104343,133.87318787104343,452746.625,Onitsha,True,Onitsha,Onitsha,winning,False,307.53,0.0,True
2026-07-01,7,TraderAgent,Abuja,4,-10.0,-10.0,400909.125,Abuja,False,,,losing,False,307.53,0.0,False
2026-07-01,8,TraderAgent,Abuja,3,20.0,20.0,465602.25,Abuja,False,,,winning,False,292.15,0.0,False
2026-07-01,9,TraderAgent,Abuja,4,-10.0,-10.0,417946.46875,Abuja,False,,,losing,False,307.53,0.0,False
2026-07-01,10,TraderAgent,Abuja,4,-10.0,-10.0,443622.625,Abuja,False,,,losing,False,307.53,0.0,False
2026-07-01,11,TraderAgent,Abuja,0,768.8250732421875,768.8250732421875,482016.96875,Abuja,False,,Abuja,losing,False,307.53,1.0,False
2026-07-01,12,TraderAgent,Abuja,3,20.0,20.0,462974.84375,Abuja,False,,,winning,False,292.15,0.0,False
2026-07-01,13,TraderAgent,Abuja,0,768.8250732421875,768.8250732421875,494706.5625,Abuja,False,,Abuja,losing,False,307.53,1.0,False
2026-07-01,14,TraderAgent,Abuja,0,768.8250732421875,768.8250732421875,484086.875,Abuja,False,,Abuja,losing,False,307.53,1.0,False
2026-07-01,15,TraderAgent,Abuja,2,-33.5225,-33.5225,477789.03125,Abuja,False,,,losing,False,307.53,0.0,False
2026-07-01,16,TraderAgent,Abuja,2,-33.5225,-33.5225,392650.5625,Abuja,False,,,losing,False,307.53,0.0,False
2026-07-01,17,TraderAgent,Abuja,3,20.0,20.0,444206.53125,Abuja,False,,,winning,False,292.15,0.0,False
2026-07-01,18,TraderAgent,Abuja,2,-33.5225,-33.5225,479753.375,Abuja,False,,,losing,False,307.53,0.0,False
2026-07-01,19,TraderAgent,Abuja,2,-33.5225,-33.5225,467398.25,Abuja,False,,,losing,False,307.53,0.0,False
2026-07-01,20,TraderAgent,Abuja,0,768.8250732421875,768.8250732421875,490492.53125,Abuja,False,,Abuja,losing,False,307.53,1.0,False
2026-07-01,21,BuyerAgent,Abuja,1,85.42510986328125,85.42510986328125,,,,,,,,,,
2026-07-01,22,BuyerAgent,Abuja,2,0.0,0.0,,,,,,,,,,
2026-07-01,23,BuyerAgent,Abuja,0,85.42510986328125,85.42510986328125,,,,,,,,,,
2026-07-01,24,BuyerAgent,Abuja,1,85.42510986328125,85.42510986328125,,,,,,,,,,
2026-07-01,25,BuyerAgent,Abuja,2,0.0,0.0,,,,,,,,,,
2026-07-01,26,BuyerAgent,Abuja,0,85.42510986328125,85.42510986328125,,,,,,,,,,
2026-07-01,27,BuyerAgent,Abuja,0,0.0,0.0,,,,,,,,,,
2026-07-01,28,BuyerAgent,Abuja,2,0.0,0.0,,,,,,,,,,
2026-07-01,29,BuyerAgent,Abuja,0,0.0,0.0,,,,,,,,,,
2026-07-01,30,BuyerAgent,Abuja,0,0.0,0.0,,,,,,,,,,
2026-07-01,31,BuyerAgent,Abuja,0,0.0,0.0,,,,,,,,,,
2026-07-01,32,BuyerAgent,Abuja,0,0.0,0.0,,,,,,,,,,
2026-07-01,33,BuyerAgent,Abuja,0,0.0,0.0,,,,,,,,,,
2026-07-01,34,BuyerAgent,Abuja,2,0.0,0.0,,,,,,,,,,
2026-07-01,35,BuyerAgent,Abuja,1,0.0,0.0,,,,,,,,,,
2026-07-01,36,BuyerAgent,Abuja,0,0.0,0.0,,,,,,,,,,
2026-07-01,37,BuyerAgent,Abuja,1,0.0,0.0,,,,,,,,,,
2026-07-01,38,BuyerAgent,Abuja,0,0.0,0.0,,,,,,,,,,
2026-07-01,39,BuyerAgent,Abuja,0,0.0,0.0,,,,,,,,,,
2026-07-01,40,BuyerAgent,Abuja,2,0.0,0.0,,,,,,,,,,
2026-07-01,41,BuyerAgent,Abuja,1,0.0,0.0,,,,,,,,,,
2026-07-01,42,BuyerAgent,Abuja,1,0.0,0.0,,,,,,,,,,
2026-07-01,43,BuyerAgent,Abuja,2,0.0,0.0,,,,,,,,,,
2026-07-01,44,BuyerAgent,Abuja,2,0.0,0.0,,,,,,,,,,
2026-07-01,45,BuyerAgent,Abuja,0,0.0,0.0,,,,,,,,,,
2026-07-01,46,BuyerAgent,Abuja,1,0.0,0.0,,,,,,,,,,
2026-07-01,47,BuyerAgent,Abuja,2,0.0,0.0,,,,,,,,,,
2026-07-01,48,BuyerAgent,Abuja,0,0.0,0.0,,,,,,,,,,
2026-07-01,49,BuyerAgent,Abuja,2,0.0,0.0,,,,,,,,,,
2026-07-01,50,BuyerAgent,Abuja,1,0.0,0.0,,,,,,,,,,
2026-07-01,51,TransporterAgent,Abuja,1,-200.0,-200.0,,,,,,,,,,
2026-07-01,52,TransporterAgent,Abuja,3,50.0,50.0,,,,,,,,,,
2026-07-01,53,TransporterAgent,Abuja,1,-200.0,-200.0,,,,,,,,,,
2026-07-01,54,TransporterAgent,Abuja,3,50.0,50.0,,,,,,,,,,
2026-07-01,55,TransporterAgent,Abuja,0,5.397556399109317,5.397556399109317,,,,,,,,,,
2026-07-01,56,TransporterAgent,Abuja,0,5.397556399109317,5.397556399109317,,,,,,,,,,
2026-07-01,57,TransporterAgent,Abuja,2,100.0,100.0,,,,,,,,,,
2026-07-01,58,TransporterAgent,Abuja,0,5.397556399109317,5.397556399109317,,,,,,,,,,
2026-07-01,59,TransporterAgent,Abuja,3,50.0,50.0,,,,,,,,,,
2026-07-01,60,TransporterAgent,Abuja,2,100.0,100.0,,,,,,,,,,
2026-07-01,61,BankingAgent,Abuja,0,-0.0,0.0,,,,,,,,,,
2026-07-01,62,BankingAgent,Abuja,0,-0.0,0.0,,,,,,,,,,
2026-07-01,63,BankingAgent,Abuja,1,-2.6500000000000012,-5.3000000000000025,,,,,,,,,,
2026-07-01,65,TraderAgent,Bauchi,0,556.267578125,556.267578125,491532.8125,Bauchi,False,,Bauchi,losing,False,222.51,1.0,False
2026-07-01,66,TraderAgent,Bauchi,2,-33.5225,-33.5225,324178.625,Bauchi,False,,,losing,False,222.51,0.0,False
2026-07-01,67,TraderAgent,Bauchi,2,-33.5225,-33.5225,485973.4375,Bauchi,False,,,losing,False,222.51,0.0,False
2026-07-01,68,TraderAgent,Bauchi,1,135.04770234571922,135.04770234571922,275785.8125,Onitsha,True,Onitsha,Onitsha,winning,False,222.51,0.0,True
2026-07-01,69,TraderAgent,Bauchi,4,-10.0,-10.0,249637.234375,Bauchi,False,,,losing,False,222.51,0.0,False
2026-07-01,70,TraderAgent,Bauchi,4,-10.0,-10.0,449987.1875,Bauchi,False,,,losing,False,222.51,0.0,False
2026-07-01,71,TraderAgent,Bauchi,1,135.04770234571922,135.04770234571922,367334.90625,Onitsha,True,Onitsha,Onitsha,winning,False,222.51,0.0,True
2026-07-01,72,TraderAgent,Bauchi,1,135.04770234571922,135.04770234571922,309255.09375,Onitsha,True,Onitsha,Onitsha,winning,False,222.51,0.0,True
2026-07-01,73,TraderAgent,Bauchi,0,556.267578125,556.267578125,495651.0,Bauchi,False,,Bauchi,losing,False,222.51,1.0,False
2026-07-01,74,TraderAgent,Bauchi,4,-10.0,-10.0,268605.34375,Bauchi,False,,,losing,False,222.51,0.0,False
2026-07-01,75,TraderAgent,Bauchi,3,20.0,20.0,516023.28125,Bauchi,False,,,winning,False,211.38,0.0,False
2026-07-01,76,TraderAgent,Bauchi,1,135.04770234571922,135.04770234571922,431478.1875,Onitsha,True,Onitsha,Onitsha,winning,False,222.51,0.0,True
2026-07-01,77,TraderAgent,Bauchi,4,-10.0,-10.0,407918.46875,Bauchi,False,,,losing,False,222.51,0.0,False
2026-07-01,78,TraderAgent,Bauchi,0,556.267578125,556.267578125,500498.0,Bauchi,False,,Bauchi,losing,False,222.51,1.0,False
2026-07-01,79,TraderAgent,Bauchi,2,-33.5225,-33.5225,484247.25,Bauchi,False,,,losing,False,222.51,0.0,False
2026-07-01,80,TraderAgent,Bauchi,4,-10.0,-10.0,516387.09375,Bauchi,False,,,losing,False,222.51,0.0,False
2026-07-01,81,TraderAgent,Bauchi,1,135.04770234571922,135.04770234571922,312312.8125,Onitsha,True,Onitsha,Onitsha,winning,False,222.51,0.0,True
2026-07-01,82,TraderAgent,Bauchi,0,556.267578125,556.267578125,445548.4375,Bauchi,False,,Bauchi,losing,False,222.51,1.0,False
2026-07-01,83,TraderAgent,Bauchi,1,135.04770234571922,135.04770234571922,500957.125,Onitsha,True,Onitsha,Onitsha,winning,False,222.51,0.0,True
2026-07-01,84,TraderAgent,Bauchi,1,135.04770234571922,135.04770234571922,387420.84375,Onitsha,True,Onitsha,Onitsha,winning,False,222.51,0.0,True
2026-07-01,85,BuyerAgent,Bauchi,0,61.807403564453125,61.807403564453125,,,,,,,,,,
2026-07-01,86,BuyerAgent,Bauchi,0,61.807403564453125,61.807403564453125,,,,,,,,,,
2026-07-01,87,BuyerAgent,Bauchi,2,0.0,0.0,,,,,,,,,,
2026-07-01,88,BuyerAgent,Bauchi,0,61.807403564453125,61.807403564453125,,,,,,,,,,
2026-07-01,89,BuyerAgent,Bauchi,1,61.807403564453125,61.807403564453125,,,,,,,,,,
2026-07-01,90,BuyerAgent,Bauchi,1,0.0,0.0,,,,,,,,,,
2026-07-01,91,BuyerAgent,Bauchi,2,0.0,0.0,,,,,,,,,,
2026-07-01,92,BuyerAgent,Bauchi,1,0.0,0.0,,,,,,,,,,
2026-07-01,93,BuyerAgent,Bauchi,0,0.0,0.0,,,,,,,,,,
2026-07-01,94,BuyerAgent,Bauchi,1,0.0,0.0,,,,,,,,,,
2026-07-01,95,BuyerAgent,Bauchi,2,0.0,0.0,,,,,,,,,,
2026-07-01,96,BuyerAgent,Bauchi,0,0.0,0.0,,,,,,,,,,
2026-07-01,97,BuyerAgent,Bauchi,0,0.0,0.0,,,,,,,,,,
2026-07-01,98,BuyerAgent,Bauchi,2,0.0,0.0,,,,,,,,,,
2026-07-01,99,BuyerAgent,Bauchi,0,0.0,0.0,,,,,,,,,,
2026-07-01,100,BuyerAgent,Bauchi,0,0.0,0.0,,,,,,,,,,
2026-07-01,101,BuyerAgent,Bauchi,1,0.0,0.0,,,,,,,,,,
2026-07-01,102,BuyerAgent,Bauchi,1,0.0,0.0,,,,,,,,,,
2026-07-01,103,BuyerAgent,Bauchi,0,0.0,0.0,,,,,,,,,,
2026-07-01,104,BuyerAgent,Bauchi,2,0.0,0.0,,,,,,,,,,
2026-07-01,105,BuyerAgent,Bauchi,1,0.0,0.0,,,,,,,,,,
2026-07-01,106,BuyerAgent,Bauchi,0,0.0,0.0,,,,,,,,,,
2026-07-01,107,BuyerAgent,Bauchi,1,0.0,0.0,,,,,,,,,,
2026-07-01,108,BuyerAgent,Bauchi,0,0.0,0.0,,,,,,,,,,
2026-07-01,109,BuyerAgent,Bauchi,1,0.0,0.0,,,,,,,,,,
2026-07-01,110,BuyerAgent,Bauchi,2,0.0,0.0,,,,,,,,,,
2026-07-01,111,BuyerAgent,Bauchi,0,0.0,0.0,,,,,,,,,,
2026-07-01,112,BuyerAgent,Bauchi,1,0.0,0.0,,,,,,,,,,
2026-07-01,113,BuyerAgent,Bauchi,1,0.0,0.0,,,,,,,,,,
2026-07-01,114,BuyerAgent,Bauchi,1,0.0,0.0,,,,,,,,,,
2026-07-01,115,TransporterAgent,Bauchi,3,50.0,50.0,,,,,,,,,,
2026-07-01,116,TransporterAgent,Bauchi,0,0.0,0.0,,,,,,,,,,
2026-07-01,117,TransporterAgent,Bauchi,3,50.0,50.0,,,,,,,,,,
2026-07-01,118,TransporterAgent,Bauchi,2,100.0,100.0,,,,,,,,,,
2026-07-01,119,TransporterAgent,Bauchi,1,-200.0,-200.0,,,,,,,,,,
2026-07-01,120,TransporterAgent,Bauchi,1,-200.0,-200.0,,,,,,,,,,
2026-07-01,121,TransporterAgent,Bauchi,2,100.0,100.0,,,,,,,,,,
2026-07-01,122,TransporterAgent,Bauchi,2,100.0,100.0,,,,,,,,,,
2026-07-01,123,TransporterAgent,Bauchi,2,100.0,100.0,,,,,,,,,,
2026-07-01,124,TransporterAgent,Bauchi,2,100.0,100.0,,,,,,,,,,
2026-07-01,125,BankingAgent,Bauchi,1,-2.6500000000000012,-5.3000000000000025,,,,,,,,,,
2026-07-01,126,BankingAgent,Bauchi,0,-0.0,0.0,,,,,,,,,,
2026-07-01,127,BankingAgent,Bauchi,1,-2.6500000000000012,-5.3000000000000025,,,,,,,,,,
2026-07-01,129,TraderAgent,Kano,0,723.5999755859375,723.5999755859375,432524.25,Kano,False,,Kano,losing,False,289.44,1.0,False
2026-07-01,130,TraderAgent,Kano,1,125.67021004012263,125.67021004012263,432607.03125,Onitsha,True,Onitsha,Onitsha,winning,False,289.44,0.0,True
2026-07-01,131,TraderAgent,Kano,0,723.5999755859375,723.5999755859375,427823.90625,Kano,False,,Kano,losing,False,289.44,1.0,False
2026-07-01,132,TraderAgent,Kano,1,125.67021004012263,125.67021004012263,445335.5625,Onitsha,True,Onitsha,Onitsha,winning,False,289.44,0.0,True
2026-07-01,133,TraderAgent,Kano,3,20.0,20.0,405992.375,Kano,False,,,winning,False,274.97,0.0,False
2026-07-01,134,TraderAgent,Kano,4,-10.0,-10.0,394557.09375,Kano,False,,,losing,False,289.44,0.0,False
2026-07-01,135,TraderAgent,Kano,4,-10.0,-10.0,442732.4375,Kano,False,,,losing,False,289.44,0.0,False
2026-07-01,136,TraderAgent,Kano,1,125.67021004012263,125.67021004012263,445157.8125,Onitsha,True,Onitsha,Onitsha,winning,False,289.44,0.0,True
2026-07-01,137,TraderAgent,Kano,2,-26.5,-26.5,428027.96875,Kano,False,,,losing,False,289.44,0.0,False
2026-07-01,138,TraderAgent,Kano,3,20.0,20.0,449339.375,Kano,False,,,winning,False,274.97,0.0,False
2026-07-01,139,TraderAgent,Kano,2,-26.5,-26.5,449290.125,Kano,False,,,losing,False,289.44,0.0,False
2026-07-01,140,TraderAgent,Kano,0,723.5999755859375,723.5999755859375,447182.03125,Kano,False,,Kano,losing,False,289.44,1.0,False
2026-07-01,141,TraderAgent,Kano,4,-10.0,-10.0,464497.125,Kano,False,,,losing,False,289.44,0.0,False
2026-07-01,142,TraderAgent,Kano,2,-26.5,-26.5,476326.875,Kano,False,,,losing,False,289.44,0.0,False
2026-07-01,143,TraderAgent,Kano,1,125.67021004012263,125.67021004012263,447882.84375,Onitsha,True,Onitsha,Onitsha,winning,False,289.44,0.0,True
2026-07-01,144,TraderAgent,Kano,0,723.5999755859375,723.5999755859375,427609.1875,Kano,False,,Kano,losing,False,289.44,1.0,False
2026-07-01,145,TraderAgent,Kano,3,20.0,20.0,405936.28125,Kano,False,,,winning,False,274.97,0.0,False
2026-07-01,146,TraderAgent,Kano,3,20.0,20.0,428899.5625,Kano,False,,,winning,False,274.97,0.0,False
2026-07-01,147,TraderAgent,Kano,4,-10.0,-10.0,406967.8125,Kano,False,,,losing,False,289.44,0.0,False
2026-07-01,148,TraderAgent,Kano,0,723.5999755859375,723.5999755859375,468621.71875,Kano,False,,Kano,losing,False,289.44,1.0,False
2026-07-01,149,BuyerAgent,Kano,1,80.40008544921875,80.40008544921875,,,,,,,,,,
2026-07-01,150,BuyerAgent,Kano,1,80.40008544921875,80.40008544921875,,,,,,,,,,
2026-07-01,151,BuyerAgent,Kano,0,80.40008544921875,80.40008544921875,,,,,,,,,,
2026-07-01,152,BuyerAgent,Kano,2,0.0,0.0,,,,,,,,,,
2026-07-01,153,BuyerAgent,Kano,0,80.40008544921875,80.40008544921875,,,,,,,,,,
2026-07-01,154,BuyerAgent,Kano,2,0.0,0.0,,,,,,,,,,
2026-07-01,155,BuyerAgent,Kano,1,80.40008544921875,80.40008544921875,,,,,,,,,,
2026-07-01,156,BuyerAgent,Kano,2,0.0,0.0,,,,,,,,,,
2026-07-01,157,BuyerAgent,Kano,0,0.0,0.0,,,,,,,,,,
2026-07-01,158,BuyerAgent,Kano,2,0.0,0.0,,,,,,,,,,
2026-07-01,159,BuyerAgent,Kano,2,0.0,0.0,,,,,,,,,,
2026-07-01,160,BuyerAgent,Kano,2,0.0,0.0,,,,,,,,,,
2026-07-01,161,BuyerAgent,Kano,1,0.0,0.0,,,,,,,,,,
2026-07-01,162,BuyerAgent,Kano,1,0.0,0.0,,,,,,,,,,
2026-07-01,163,BuyerAgent,Kano,0,0.0,0.0,,,,,,,,,,
2026-07-01,164,BuyerAgent,Kano,2,0.0,0.0,,,,,,,,,,
2026-07-01,165,BuyerAgent,Kano,0,0.0,0.0,,,,,,,,,,
2026-07-01,166,BuyerAgent,Kano,1,0.0,0.0,,,,,,,,,,
2026-07-01,167,BuyerAgent,Kano,0,0.0,0.0,,,,,,,,,,
2026-07-01,168,BuyerAgent,Kano,0,0.0,0.0,,,,,,,,,,
2026-07-01,169,BuyerAgent,Kano,2,0.0,0.0,,,,,,,,,,
2026-07-01,170,BuyerAgent,Kano,1,0.0,0.0,,,,,,,,,,
2026-07-01,171,BuyerAgent,Kano,1,0.0,0.0,,,,,,,,,,
2026-07-01,172,BuyerAgent,Kano,0,0.0,0.0,,,,,,,,,,
2026-07-01,173,BuyerAgent,Kano,1,0.0,0.0,,,,,,,,,,
2026-07-01,174,BuyerAgent,Kano,0,0.0,0.0,,,,,,,,,,
2026-07-01,175,BuyerAgent,Kano,2,0.0,0.0,,,,,,,,,,
2026-07-01,176,BuyerAgent,Kano,0,0.0,0.0,,,,,,,,,,
2026-07-01,177,BuyerAgent,Kano,2,0.0,0.0,,,,,,,,,,
2026-07-01,178,BuyerAgent,Kano,0,0.0,0.0,,,,,,,,,,
2026-07-01,179,TransporterAgent,Kano,3,50.0,50.0,,,,,,,,,,
2026-07-01,180,TransporterAgent,Kano,3,50.0,50.0,,,,,,,,,,
2026-07-01,181,TransporterAgent,Kano,0,0.0,0.0,,,,,,,,,,
2026-07-01,182,TransporterAgent,Kano,1,-200.0,-200.0,,,,,,,,,,
2026-07-01,183,TransporterAgent,Kano,2,100.0,100.0,,,,,,,,,,
2026-07-01,184,TransporterAgent,Kano,3,50.0,50.0,,,,,,,,,,
2026-07-01,185,TransporterAgent,Kano,0,0.0,0.0,,,,,,,,,,
2026-07-01,186,TransporterAgent,Kano,2,100.0,100.0,,,,,,,,,,
2026-07-01,187,TransporterAgent,Kano,1,-200.0,-200.0,,,,,,,,,,
2026-07-01,188,TransporterAgent,Kano,1,-200.0,-200.0,,,,,,,,,,
2026-07-01,189,BankingAgent,Kano,2,-1.3250000000000006,-2.6500000000000012,,,,,,,,,,
2026-07-01,190,BankingAgent,Kano,0,-0.0,0.0,,,,,,,,,,
2026-07-01,191,BankingAgent,Kano,0,-0.0,0.0,,,,,,,,,,
2026-07-01,193,TraderAgent,Lagos,2,-26.5,-26.5,503221.96875,Lagos,False,,,losing,False,1040.17,0.0,False
2026-07-01,194,TraderAgent,Lagos,0,2600.43701171875,2600.43701171875,501814.46875,Lagos,False,,Lagos,losing,False,1040.17,1.0,False
2026-07-01,195,TraderAgent,Lagos,4,-10.0,-10.0,500066.875,Lagos,False,,,losing,False,1040.17,0.0,False
2026-07-01,196,TraderAgent,Lagos,0,2600.43701171875,2600.43701171875,489976.25,Lagos,False,,Lagos,losing,False,1040.17,1.0,False
2026-07-01,197,TraderAgent,Lagos,1,157.85184378593317,157.85184378593317,430696.96875,Onitsha,True,Onitsha,Onitsha,winning,False,1040.17,0.0,True
2026-07-01,198,TraderAgent,Lagos,3,20.0,20.0,488783.03125,Lagos,False,,,winning,False,988.17,0.0,False
2026-07-01,199,TraderAgent,Lagos,0,2600.43701171875,2600.43701171875,504021.6875,Lagos,False,,Lagos,losing,False,1040.17,1.0,False
2026-07-01,200,TraderAgent,Lagos,1,157.85184378593317,157.85184378593317,486374.625,Onitsha,True,Onitsha,Onitsha,winning,False,1040.17,0.0,True
2026-07-01,201,TraderAgent,Lagos,1,157.85184378593317,157.85184378593317,485347.71875,Onitsha,True,Onitsha,Onitsha,winning,False,1040.17,0.0,True
2026-07-01,202,TraderAgent,Lagos,2,-26.5,-26.5,502602.09375,Lagos,False,,,losing,False,1040.17,0.0,False
2026-07-01,203,TraderAgent,Lagos,0,2600.43701171875,2600.43701171875,495901.75,Lagos,False,,Lagos,losing,False,1040.17,1.0,False
2026-07-01,204,TraderAgent,Lagos,1,157.85184378593317,157.85184378593317,428425.8125,Onitsha,True,Onitsha,Onitsha,winning,False,1040.17,0.0,True
2026-07-01,205,TraderAgent,Lagos,0,2600.43701171875,2600.43701171875,480255.4375,Lagos,False,,Lagos,losing,False,1040.17,1.0,False
2026-07-01,206,TraderAgent,Lagos,4,-10.0,-10.0,490951.25,Lagos,False,,,losing,False,1040.17,0.0,False
2026-07-01,207,TraderAgent,Lagos,4,-10.0,-10.0,429095.28125,Lagos,False,,,losing,False,1040.17,0.0,False
2026-07-01,208,TraderAgent,Lagos,3,20.0,20.0,488379.90625,Lagos,False,,,winning,False,988.17,0.0,False
2026-07-01,209,TraderAgent,Lagos,0,2600.43701171875,2600.43701171875,502077.8125,Lagos,False,,Lagos,losing,False,1040.17,1.0,False
2026-07-01,210,TraderAgent,Lagos,2,-26.5,-26.5,497848.0,Lagos,False,,,losing,False,1040.17,0.0,False
2026-07-01,211,TraderAgent,Lagos,4,-10.0,-10.0,501030.1875,Lagos,False,,,losing,False,1040.17,0.0,False
2026-07-01,212,TraderAgent,Lagos,4,-10.0,-10.0,493700.53125,Lagos,False,,,losing,False,1040.17,0.0,False
2026-07-01,213,BuyerAgent,Lagos,2,0.0,0.0,,,,,,,,,,
2026-07-01,214,BuyerAgent,Lagos,0,288.93798828125,288.93798828125,,,,,,,,,,
2026-07-01,215,BuyerAgent,Lagos,0,288.93798828125,288.93798828125,,,,,,,,,,
2026-07-01,216,BuyerAgent,Lagos,0,288.93798828125,288.93798828125,,,,,,,,,,
2026-07-01,217,BuyerAgent,Lagos,2,0.0,0.0,,,,,,,,,,
2026-07-01,218,BuyerAgent,Lagos,0,288.93798828125,288.93798828125,,,,,,,,,,
2026-07-01,219,BuyerAgent,Lagos,2,0.0,0.0,,,,,,,,,,
2026-07-01,220,BuyerAgent,Lagos,1,288.93798828125,288.93798828125,,,,,,,,,,
2026-07-01,221,BuyerAgent,Lagos,1,288.93798828125,288.93798828125,,,,,,,,,,
2026-07-01,222,BuyerAgent,Lagos,0,0.0,0.0,,,,,,,,,,
2026-07-01,223,BuyerAgent,Lagos,0,0.0,0.0,,,,,,,,,,
2026-07-01,224,BuyerAgent,Lagos,2,0.0,0.0,,,,,,,,,,
2026-07-01,225,BuyerAgent,Lagos,2,0.0,0.0,,,,,,,,,,
2026-07-01,226,BuyerAgent,Lagos,1,0.0,0.0,,,,,,,,,,
2026-07-01,227,BuyerAgent,Lagos,2,0.0,0.0,,,,,,,,,,
2026-07-01,228,BuyerAgent,Lagos,0,0.0,0.0,,,,,,,,,,
2026-07-01,229,BuyerAgent,Lagos,2,0.0,0.0,,,,,,,,,,
2026-07-01,230,BuyerAgent,Lagos,0,0.0,0.0,,,,,,,,,,
2026-07-01,231,BuyerAgent,Lagos,2,0.0,0.0,,,,,,,,,,
2026-07-01,232,BuyerAgent,Lagos,2,0.0,0.0,,,,,,,,,,
2026-07-01,233,BuyerAgent,Lagos,0,0.0,0.0,,,,,,,,,,
2026-07-01,234,BuyerAgent,Lagos,2,0.0,0.0,,,,,,,,,,
2026-07-01,235,BuyerAgent,Lagos,1,0.0,0.0,,,,,,,,,,
2026-07-01,236,BuyerAgent,Lagos,1,0.0,0.0,,,,,,,,,,
2026-07-01,237,BuyerAgent,Lagos,1,0.0,0.0,,,,,,,,,,
2026-07-01,238,BuyerAgent,Lagos,1,0.0,0.0,,,,,,,,,,
2026-07-01,239,BuyerAgent,Lagos,0,0.0,0.0,,,,,,,,,,
2026-07-01,240,BuyerAgent,Lagos,0,0.0,0.0,,,,,,,,,,
2026-07-01,241,BuyerAgent,Lagos,1,0.0,0.0,,,,,,,,,,
2026-07-01,242,BuyerAgent,Lagos,2,0.0,0.0,,,,,,,,,,
2026-07-01,243,TransporterAgent,Lagos,3,50.0,50.0,,,,,,,,,,
2026-07-01,244,TransporterAgent,Lagos,2,100.0,100.0,,,,,,,,,,
2026-07-01,245,TransporterAgent,Lagos,1,-200.0,-200.0,,,,,,,,,,
2026-07-01,246,TransporterAgent,Lagos,0,7.649518524422497,7.649518524422497,,,,,,,,,,
2026-07-01,247,TransporterAgent,Lagos,3,50.0,50.0,,,,,,,,,,
2026-07-01,248,TransporterAgent,Lagos,1,-200.0,-200.0,,,,,,,,,,
2026-07-01,249,TransporterAgent,Lagos,1,-200.0,-200.0,,,,,,,,,,
2026-07-01,250,TransporterAgent,Lagos,2,100.0,100.0,,,,,,,,,,
2026-07-01,251,TransporterAgent,Lagos,2,100.0,100.0,,,,,,,,,,
2026-07-01,252,TransporterAgent,Lagos,1,-200.0,-200.0,,,,,,,,,,
2026-07-01,253,BankingAgent,Lagos,1,-2.6500000000000012,-5.3000000000000025,,,,,,,,,,
2026-07-01,254,BankingAgent,Lagos,1,-2.6500000000000012,-5.3000000000000025,,,,,,,,,,
2026-07-01,255,BankingAgent,Lagos,0,-0.0,0.0,,,,,,,,,,
2026-07-01,257,TraderAgent,Onitsha,2,-33.5225,-33.5225,481393.96875,Onitsha,False,,,losing,False,775.75,0.0,False
2026-07-01,258,TraderAgent,Onitsha,3,20.0,20.0,488899.28125,Onitsha,False,,,winning,False,736.96,0.0,False
2026-07-01,259,TraderAgent,Onitsha,3,20.0,20.0,461807.09375,Onitsha,False,,,winning,False,736.96,0.0,False
2026-07-01,260,TraderAgent,Onitsha,4,-10.0,-10.0,458342.09375,Onitsha,False,,,losing,False,775.75,0.0,False
2026-07-01,261,TraderAgent,Onitsha,3,20.0,20.0,503500.3125,Onitsha,False,,,winning,False,736.96,0.0,False
2026-07-01,262,TraderAgent,Onitsha,2,-33.5225,-33.5225,468181.09375,Onitsha,False,,,losing,False,775.75,0.0,False
2026-07-01,263,TraderAgent,Onitsha,4,-10.0,-10.0,452707.4375,Onitsha,False,,,losing,False,775.75,0.0,False
2026-07-01,264,TraderAgent,Onitsha,0,1939.3634033203125,1939.3634033203125,483723.84375,Onitsha,False,,Onitsha,losing,False,775.75,1.0,False
2026-07-01,265,TraderAgent,Onitsha,1,137.1917752571621,137.1917752571621,477380.90625,Port_Harcourt,True,Port_Harcourt,Port_Harcourt,winning,False,775.75,0.0,True
2026-07-01,266,TraderAgent,Onitsha,0,1939.3634033203125,1939.3634033203125,509113.1875,Onitsha,False,,Onitsha,losing,False,775.75,1.0,False
2026-07-01,267,TraderAgent,Onitsha,3,20.0,20.0,496072.15625,Onitsha,False,,,winning,False,736.96,0.0,False
2026-07-01,268,TraderAgent,Onitsha,4,-10.0,-10.0,481406.96875,Onitsha,False,,,losing,False,775.75,0.0,False
2026-07-01,269,TraderAgent,Onitsha,1,137.1917752571621,137.1917752571621,465947.8125,Port_Harcourt,True,Port_Harcourt,Port_Harcourt,winning,False,775.75,0.0,True
2026-07-01,270,TraderAgent,Onitsha,1,137.1917752571621,137.1917752571621,421162.03125,Port_Harcourt,True,Port_Harcourt,Port_Harcourt,winning,False,775.75,0.0,True
2026-07-01,271,TraderAgent,Onitsha,4,-10.0,-10.0,493132.8125,Onitsha,False,,,losing,False,775.75,0.0,False
2026-07-01,272,TraderAgent,Onitsha,1,137.1917752571621,137.1917752571621,460878.84375,Port_Harcourt,True,Port_Harcourt,Port_Harcourt,winning,False,775.75,0.0,True
2026-07-01,273,TraderAgent,Onitsha,3,20.0,20.0,492776.03125,Onitsha,False,,,winning,False,736.96,0.0,False
2026-07-01,274,TraderAgent,Onitsha,0,1939.3634033203125,1939.3634033203125,471333.03125,Onitsha,False,,Onitsha,losing,False,775.75,1.0,False
2026-07-01,275,TraderAgent,Onitsha,3,20.0,20.0,443564.4375,Onitsha,False,,,winning,False,736.96,0.0,False
2026-07-01,276,TraderAgent,Onitsha,4,-10.0,-10.0,429547.09375,Onitsha,False,,,losing,False,775.75,0.0,False
2026-07-01,277,BuyerAgent,Onitsha,2,0.0,0.0,,,,,,,,,,
2026-07-01,278,BuyerAgent,Onitsha,0,215.484619140625,215.484619140625,,,,,,,,,,
2026-07-01,279,BuyerAgent,Onitsha,1,215.484619140625,215.484619140625,,,,,,,,,,
2026-07-01,280,BuyerAgent,Onitsha,0,215.484619140625,215.484619140625,,,,,,,,,,
2026-07-01,281,BuyerAgent,Onitsha,1,0.0,0.0,,,,,,,,,,
2026-07-01,282,BuyerAgent,Onitsha,0,0.0,0.0,,,,,,,,,,
2026-07-01,283,BuyerAgent,Onitsha,2,0.0,0.0,,,,,,,,,,
2026-07-01,284,BuyerAgent,Onitsha,0,0.0,0.0,,,,,,,,,,
2026-07-01,285,BuyerAgent,Onitsha,2,0.0,0.0,,,,,,,,,,
2026-07-01,286,BuyerAgent,Onitsha,1,0.0,0.0,,,,,,,,,,
2026-07-01,287,BuyerAgent,Onitsha,2,0.0,0.0,,,,,,,,,,
2026-07-01,288,BuyerAgent,Onitsha,0,0.0,0.0,,,,,,,,,,
2026-07-01,289,BuyerAgent,Onitsha,2,0.0,0.0,,,,,,,,,,
2026-07-01,290,BuyerAgent,Onitsha,2,0.0,0.0,,,,,,,,,,
2026-07-01,291,BuyerAgent,Onitsha,2,0.0,0.0,,,,,,,,,,
2026-07-01,292,BuyerAgent,Onitsha,1,0.0,0.0,,,,,,,,,,
2026-07-01,293,BuyerAgent,Onitsha,1,0.0,0.0,,,,,,,,,,
2026-07-01,294,BuyerAgent,Onitsha,0,0.0,0.0,,,,,,,,,,
2026-07-01,295,BuyerAgent,Onitsha,1,0.0,0.0,,,,,,,,,,
2026-07-01,296,BuyerAgent,Onitsha,1,0.0,0.0,,,,,,,,,,
2026-07-01,297,BuyerAgent,Onitsha,0,0.0,0.0,,,,,,,,,,
2026-07-01,298,BuyerAgent,Onitsha,0,0.0,0.0,,,,,,,,,,
2026-07-01,299,BuyerAgent,Onitsha,1,0.0,0.0,,,,,,,,,,
2026-07-01,300,BuyerAgent,Onitsha,1,0.0,0.0,,,,,,,,,,
2026-07-01,301,BuyerAgent,Onitsha,2,0.0,0.0,,,,,,,,,,
2026-07-01,302,BuyerAgent,Onitsha,2,0.0,0.0,,,,,,,,,,
2026-07-01,303,BuyerAgent,Onitsha,0,0.0,0.0,,,,,,,,,,
2026-07-01,304,BuyerAgent,Onitsha,2,0.0,0.0,,,,,,,,,,
2026-07-01,305,BuyerAgent,Onitsha,2,0.0,0.0,,,,,,,,,,
2026-07-01,306,BuyerAgent,Onitsha,1,0.0,0.0,,,,,,,,,,
2026-07-01,307,TransporterAgent,Onitsha,3,50.0,50.0,,,,,,,,,,
2026-07-01,308,TransporterAgent,Onitsha,0,0.0,0.0,,,,,,,,,,
2026-07-01,309,TransporterAgent,Onitsha,3,50.0,50.0,,,,,,,,,,
2026-07-01,310,TransporterAgent,Onitsha,3,50.0,50.0,,,,,,,,,,
2026-07-01,311,TransporterAgent,Onitsha,2,100.0,100.0,,,,,,,,,,
2026-07-01,312,TransporterAgent,Onitsha,0,0.0,0.0,,,,,,,,,,
2026-07-01,313,TransporterAgent,Onitsha,1,-200.0,-200.0,,,,,,,,,,
2026-07-01,314,TransporterAgent,Onitsha,2,100.0,100.0,,,,,,,,,,
2026-07-01,315,TransporterAgent,Onitsha,1,-200.0,-200.0,,,,,,,,,,
2026-07-01,316,TransporterAgent,Onitsha,0,0.0,0.0,,,,,,,,,,
2026-07-01,317,BankingAgent,Onitsha,1,-2.6500000000000012,-5.3000000000000025,,,,,,,,,,
2026-07-01,318,BankingAgent,Onitsha,2,-1.3250000000000006,-2.6500000000000012,,,,,,,,,,
2026-07-01,319,BankingAgent,Onitsha,1,-2.6500000000000012,-5.3000000000000025,,,,,,,,,,
2026-07-01,321,TraderAgent,Port_Harcourt,0,2996.156005859375,2996.156005859375,542082.625,Port_Harcourt,False,,Port_Harcourt,losing,False,1198.46,1.0,False
2026-07-01,322,TraderAgent,Port_Harcourt,0,2996.156005859375,2996.156005859375,568559.25,Port_Harcourt,False,,Port_Harcourt,losing,False,1198.46,1.0,False
2026-07-01,323,TraderAgent,Port_Harcourt,0,2996.156005859375,2996.156005859375,542537.75,Port_Harcourt,False,,Port_Harcourt,losing,False,1198.46,1.0,False
2026-07-01,324,TraderAgent,Port_Harcourt,3,20.0,20.0,520649.0,Port_Harcourt,False,,,winning,False,1138.54,0.0,False
2026-07-01,325,TraderAgent,Port_Harcourt,1,135.736667395549,135.736667395549,537456.9375,Onitsha,True,Onitsha,Onitsha,winning,False,1198.46,0.0,True
2026-07-01,326,TraderAgent,Port_Harcourt,2,-33.5225,-33.5225,547550.4375,Port_Harcourt,False,,,losing,False,1198.46,0.0,False
2026-07-01,327,TraderAgent,Port_Harcourt,3,20.0,20.0,538005.25,Port_Harcourt,False,,,winning,False,1138.54,0.0,False
2026-07-01,328,TraderAgent,Port_Harcourt,0,2996.156005859375,2996.156005859375,563510.0,Port_Harcourt,False,,Port_Harcourt,losing,False,1198.46,1.0,False
2026-07-01,329,TraderAgent,Port_Harcourt,1,135.736667395549,135.736667395549,528374.125,Onitsha,True,Onitsha,Onitsha,winning,False,1198.46,0.0,True
2026-07-01,330,TraderAgent,Port_Harcourt,1,135.736667395549,135.736667395549,551452.9375,Onitsha,True,Onitsha,Onitsha,winning,False,1198.46,0.0,True
2026-07-01,331,TraderAgent,Port_Harcourt,0,2996.156005859375,2996.156005859375,545523.375,Port_Harcourt,False,,Port_Harcourt,losing,False,1198.46,1.0,False
2026-07-01,332,TraderAgent,Port_Harcourt,2,-33.5225,-33.5225,492764.875,Port_Harcourt,False,,,losing,False,1198.46,0.0,False
2026-07-01,333,TraderAgent,Port_Harcourt,1,135.736667395549,135.736667395549,527292.0,Onitsha,True,Onitsha,Onitsha,winning,False,1198.46,0.0,True
2026-07-01,334,TraderAgent,Port_Harcourt,0,2996.156005859375,2996.156005859375,556412.375,Port_Harcourt,False,,Port_Harcourt,losing,False,1198.46,1.0,False
2026-07-01,335,TraderAgent,Port_Harcourt,3,20.0,20.0,525795.1875,Port_Harcourt,False,,,winning,False,1138.54,0.0,False
2026-07-01,336,TraderAgent,Port_Harcourt,3,20.0,20.0,555437.0625,Port_Harcourt,False,,,winning,False,1138.54,0.0,False
2026-07-01,337,TraderAgent,Port_Harcourt,4,-10.0,-10.0,547344.8125,Port_Harcourt,False,,,losing,False,1198.46,0.0,False
2026-07-01,338,TraderAgent,Port_Harcourt,3,20.0,20.0,504491.84375,Port_Harcourt,False,,,winning,False,1138.54,0.0,False
2026-07-01,339,TraderAgent,Port_Harcourt,4,-10.0,-10.0,540964.125,Port_Harcourt,False,,,losing,False,1198.46,0.0,False
2026-07-01,340,TraderAgent,Port_Harcourt,1,135.736667395549,135.736667395549,531023.5,Onitsha,True,Onitsha,Onitsha,winning,False,1198.46,0.0,True
2026-07-01,341,BuyerAgent,Port_Harcourt,1,332.906494140625,332.906494140625,,,,,,,,,,
2026-07-01,342,BuyerAgent,Port_Harcourt,1,332.906494140625,332.906494140625,,,,,,,,,,
2026-07-01,343,BuyerAgent,Port_Harcourt,0,332.906494140625,332.906494140625,,,,,,,,,,
2026-07-01,344,BuyerAgent,Port_Harcourt,1,332.906494140625,332.906494140625,,,,,,,,,,
2026-07-01,345,BuyerAgent,Port_Harcourt,0,332.906494140625,332.906494140625,,,,,,,,,,
2026-07-01,346,BuyerAgent,Port_Harcourt,0,332.906494140625,332.906494140625,,,,,,,,,,
2026-07-01,347,BuyerAgent,Port_Harcourt,2,0.0,0.0,,,,,,,,,,
2026-07-01,348,BuyerAgent,Port_Harcourt,1,0.0,0.0,,,,,,,,,,
2026-07-01,349,BuyerAgent,Port_Harcourt,1,0.0,0.0,,,,,,,,,,
2026-07-01,350,BuyerAgent,Port_Harcourt,1,0.0,0.0,,,,,,,,,,
2026-07-01,351,BuyerAgent,Port_Harcourt,0,0.0,0.0,,,,,,,,,,
2026-07-01,352,BuyerAgent,Port_Harcourt,1,0.0,0.0,,,,,,,,,,
2026-07-01,353,BuyerAgent,Port_Harcourt,2,0.0,0.0,,,,,,,,,,
2026-07-01,354,BuyerAgent,Port_Harcourt,1,0.0,0.0,,,,,,,,,,
2026-07-01,355,BuyerAgent,Port_Harcourt,1,0.0,0.0,,,,,,,,,,
2026-07-01,356,BuyerAgent,Port_Harcourt,0,0.0,0.0,,,,,,,,,,
2026-07-01,357,BuyerAgent,Port_Harcourt,1,0.0,0.0,,,,,,,,,,
2026-07-01,358,BuyerAgent,Port_Harcourt,2,0.0,0.0,,,,,,,,,,
2026-07-01,359,BuyerAgent,Port_Harcourt,1,0.0,0.0,,,,,,,,,,
2026-07-01,360,BuyerAgent,Port_Harcourt,0,0.0,0.0,,,,,,,,,,
2026-07-01,361,BuyerAgent,Port_Harcourt,1,0.0,0.0,,,,,,,,,,
2026-07-01,362,BuyerAgent,Port_Harcourt,0,0.0,0.0,,,,,,,,,,
2026-07-01,363,BuyerAgent,Port_Harcourt,2,0.0,0.0,,,,,,,,,,
2026-07-01,364,BuyerAgent,Port_Harcourt,1,0.0,0.0,,,,,,,,,,
2026-07-01,365,BuyerAgent,Port_Harcourt,1,0.0,0.0,,,,,,,,,,
2026-07-01,366,BuyerAgent,Port_Harcourt,1,0.0,0.0,,,,,,,,,,
2026-07-01,367,BuyerAgent,Port_Harcourt,1,0.0,0.0,,,,,,,,,,
2026-07-01,368,BuyerAgent,Port_Harcourt,0,0.0,0.0,,,,,,,,,,
2026-07-01,369,BuyerAgent,Port_Harcourt,0,0.0,0.0,,,,,,,,,,
2026-07-01,370,BuyerAgent,Port_Harcourt,0,0.0,0.0,,,,,,,,,,
2026-07-01,371,TransporterAgent,Port_Harcourt,3,50.0,50.0,,,,,,,,,,
2026-07-01,372,TransporterAgent,Port_Harcourt,3,50.0,50.0,,,,,,,,,,
2026-07-01,373,TransporterAgent,Port_Harcourt,0,0.0,0.0,,,,,,,,,,
2026-07-01,374,TransporterAgent,Port_Harcourt,3,50.0,50.0,,,,,,,,,,
2026-07-01,375,TransporterAgent,Port_Harcourt,0,0.0,0.0,,,,,,,,,,
2026-07-01,376,TransporterAgent,Port_Harcourt,0,0.0,0.0,,,,,,,,,,
2026-07-01,377,TransporterAgent,Port_Harcourt,2,100.0,100.0,,,,,,,,,,
2026-07-01,378,TransporterAgent,Port_Harcourt,3,50.0,50.0,,,,,,,,,,
2026-07-01,379,TransporterAgent,Port_Harcourt,2,100.0,100.0,,,,,,,,,,
2026-07-01,380,TransporterAgent,Port_Harcourt,1,-200.0,-200.0,,,,,,,,,,
2026-07-01,381,BankingAgent,Port_Harcourt,2,-1.3250000000000006,-2.6500000000000012,,,,,,,,,,
2026-07-01,382,BankingAgent,Port_Harcourt,1,-2.6500000000000012,-5.3000000000000025,,,,,,,,,,
2026-07-01,383,BankingAgent,Port_Harcourt,1,-2.6500000000000012,-5.3000000000000025,,,,,,,,,,
2026-08-01,1,TraderAgent,Abuja,0,0.0,133.87318787104343,476386.4375,Abuja,False,Onitsha,Onitsha,winning,False,285.0,1.0,False
2026-08-01,2,TraderAgent,Abuja,0,0.0,133.87318787104343,418796.3125,Abuja,False,Onitsha,Onitsha,winning,False,285.0,1.0,False
2026-08-01,3,TraderAgent,Abuja,0,675.0,695.0,476859.09375,Abuja,False,,Abuja,losing,False,270.0,1.0,False
2026-08-01,4,TraderAgent,Abuja,0,0.0,133.87318787104343,450656.625,Abuja,False,Onitsha,Onitsha,winning,False,285.0,1.0,False
2026-08-01,5,TraderAgent,Abuja,0,0.0,133.87318787104343,470099.8125,Abuja,False,Onitsha,Onitsha,winning,False,285.0,1.0,False
2026-08-01,6,TraderAgent,Abuja,0,0.0,133.87318787104343,455746.625,Abuja,False,Onitsha,Onitsha,winning,False,285.0,1.0,False
2026-08-01,7,TraderAgent,Abuja,0,675.0,665.0,401550.59375,Abuja,False,,Abuja,losing,False,270.0,1.0,False
2026-08-01,8,TraderAgent,Abuja,3,20.0,40.0,465602.25,Abuja,False,,,losing,False,256.5,0.0,False
2026-08-01,9,TraderAgent,Abuja,1,131.29757687368095,121.29757687368095,402844.75,Onitsha,True,Onitsha,Onitsha,winning,False,270.0,0.0,True
2026-08-01,10,TraderAgent,Abuja,0,675.0,665.0,444264.09375,Abuja,False,,Abuja,losing,False,270.0,1.0,False
2026-08-01,11,TraderAgent,Abuja,2,-33.5225,735.3025512695312,481983.4375,Abuja,False,,Abuja,winning,False,278.14,1.0,False
2026-08-01,12,TraderAgent,Abuja,0,675.0,695.0,463616.3125,Abuja,False,,Abuja,losing,False,270.0,1.0,False
2026-08-01,13,TraderAgent,Abuja,4,-10.0,758.8250732421875,494706.5625,Abuja,False,,Abuja,winning,False,278.14,1.0,False
2026-08-01,14,TraderAgent,Abuja,2,-33.5225,735.3025512695312,484053.375,Abuja,False,,Abuja,winning,False,278.14,1.0,False
2026-08-01,15,TraderAgent,Abuja,0,675.0,641.4774780273438,478430.46875,Abuja,False,,Abuja,losing,False,270.0,1.0,False
2026-08-01,16,TraderAgent,Abuja,0,675.0,641.4774780273438,393292.03125,Abuja,False,,Abuja,losing,False,270.0,1.0,False
2026-08-01,17,TraderAgent,Abuja,3,20.0,40.0,444206.53125,Abuja,False,,,losing,False,256.5,0.0,False
2026-08-01,18,TraderAgent,Abuja,1,131.29757687368095,97.77507687368094,464651.625,Onitsha,True,Onitsha,Onitsha,losing,False,270.0,0.0,True
2026-08-01,19,TraderAgent,Abuja,0,675.0,641.4774780273438,468039.71875,Abuja,False,,Abuja,losing,False,270.0,1.0,False
2026-08-01,20,TraderAgent,Abuja,1,131.29757687368095,900.1226806640625,475390.8125,Onitsha,True,Onitsha,Onitsha,winning,False,278.14,1.0,True
2026-08-01,21,BuyerAgent,Abuja,0,75.0,160.42510986328125,,,,,,,,,,
2026-08-01,22,BuyerAgent,Abuja,2,0.0,0.0,,,,,,,,,,
2026-08-01,23,BuyerAgent,Abuja,0,75.0,160.42510986328125,,,,,,,,,,
2026-08-01,24,BuyerAgent,Abuja,0,75.0,160.42510986328125,,,,,,,,,,
2026-08-01,25,BuyerAgent,Abuja,0,75.0,75.0,,,,,,,,,,
2026-08-01,26,BuyerAgent,Abuja,0,75.0,160.42510986328125,,,,,,,,,,
2026-08-01,27,BuyerAgent,Abuja,2,0.0,0.0,,,,,,,,,,
2026-08-01,28,BuyerAgent,Abuja,1,75.0,75.0,,,,,,,,,,
2026-08-01,29,BuyerAgent,Abuja,2,0.0,0.0,,,,,,,,,,
2026-08-01,30,BuyerAgent,Abuja,1,75.0,75.0,,,,,,,,,,
2026-08-01,31,BuyerAgent,Abuja,0,0.0,0.0,,,,,,,,,,
2026-08-01,32,BuyerAgent,Abuja,1,0.0,0.0,,,,,,,,,,
2026-08-01,33,BuyerAgent,Abuja,1,0.0,0.0,,,,,,,,,,
2026-08-01,34,BuyerAgent,Abuja,1,0.0,0.0,,,,,,,,,,
2026-08-01,35,BuyerAgent,Abuja,1,0.0,0.0,,,,,,,,,,
2026-08-01,36,BuyerAgent,Abuja,2,0.0,0.0,,,,,,,,,,
2026-08-01,37,BuyerAgent,Abuja,1,0.0,0.0,,,,,,,,,,
2026-08-01,38,BuyerAgent,Abuja,0,0.0,0.0,,,,,,,,,,
2026-08-01,39,BuyerAgent,Abuja,1,0.0,0.0,,,,,,,,,,
2026-08-01,40,BuyerAgent,Abuja,2,0.0,0.0,,,,,,,,,,
2026-08-01,41,BuyerAgent,Abuja,0,0.0,0.0,,,,,,,,,,
2026-08-01,42,BuyerAgent,Abuja,2,0.0,0.0,,,,,,,,,,
2026-08-01,43,BuyerAgent,Abuja,2,0.0,0.0,,,,,,,,,,
2026-08-01,44,BuyerAgent,Abuja,0,0.0,0.0,,,,,,,,,,
2026-08-01,45,BuyerAgent,Abuja,1,0.0,0.0,,,,,,,,,,
2026-08-01,46,BuyerAgent,Abuja,0,0.0,0.0,,,,,,,,,,
2026-08-01,47,BuyerAgent,Abuja,2,0.0,0.0,,,,,,,,,,
2026-08-01,48,BuyerAgent,Abuja,1,0.0,0.0,,,,,,,,,,
2026-08-01,49,BuyerAgent,Abuja,1,0.0,0.0,,,,,,,,,,
2026-08-01,50,BuyerAgent,Abuja,0,0.0,0.0,,,,,,,,,,
2026-08-01,51,TransporterAgent,Abuja,2,100.0,-100.0,,,,,,,,,,
2026-08-01,52,TransporterAgent,Abuja,1,-200.0,-150.0,,,,,,,,,,
2026-08-01,53,TransporterAgent,Abuja,1,-200.0,-400.0,,,,,,,,,,
2026-08-01,54,TransporterAgent,Abuja,0,5.231743600279547,55.23174360027954,,,,,,,,,,
2026-08-01,55,TransporterAgent,Abuja,0,5.231743600279547,10.629299999388863,,,,,,,,,,
2026-08-01,56,TransporterAgent,Abuja,3,50.0,55.39755639910932,,,,,,,,,,
2026-08-01,57,TransporterAgent,Abuja,0,5.231743600279547,105.23174360027954,,,,,,,,,,
2026-08-01,58,TransporterAgent,Abuja,2,100.0,105.39755639910932,,,,,,,,,,
2026-08-01,59,TransporterAgent,Abuja,2,100.0,150.0,,,,,,,,,,
2026-08-01,60,TransporterAgent,Abuja,2,100.0,200.0,,,,,,,,,,
2026-08-01,61,BankingAgent,Abuja,1,-2.6500000000000012,-5.3000000000000025,,,,,,,,,,
2026-08-01,62,BankingAgent,Abuja,2,-1.3250000000000006,-2.6500000000000012,,,,,,,,,,
2026-08-01,63,BankingAgent,Abuja,1,-2.6500000000000012,-10.600000000000005,,,,,,,,,,
2026-08-01,65,TraderAgent,Bauchi,1,134.59416486323542,690.8617553710938,476265.90625,Onitsha,True,Onitsha,Onitsha,winning,False,234.42,1.0,True
2026-08-01,66,TraderAgent,Bauchi,4,-10.0,-43.5225,324178.625,Bauchi,False,,,losing,False,255.07,0.0,False
2026-08-01,67,TraderAgent,Bauchi,3,20.0,-13.5225,485973.4375,Bauchi,False,,,losing,False,242.32,0.0,False
2026-08-01,68,TraderAgent,Bauchi,0,0.0,135.04770234571922,278619.90625,Bauchi,False,Onitsha,Onitsha,winning,False,269.24,1.0,False
2026-08-01,69,TraderAgent,Bauchi,3,20.0,10.0,249637.234375,Bauchi,False,,,losing,False,242.32,0.0,False
2026-08-01,70,TraderAgent,Bauchi,3,20.0,10.0,449987.1875,Bauchi,False,,,losing,False,242.32,0.0,False
2026-08-01,71,TraderAgent,Bauchi,0,0.0,135.04770234571922,370169.0,Bauchi,False,Onitsha,Onitsha,winning,False,269.24,1.0,False
2026-08-01,72,TraderAgent,Bauchi,0,0.0,135.04770234571922,312089.1875,Bauchi,False,Onitsha,Onitsha,winning,False,269.24,1.0,False
2026-08-01,73,TraderAgent,Bauchi,3,20.0,576.267578125,495651.0,Bauchi,False,,Bauchi,winning,False,222.7,1.0,False
2026-08-01,74,TraderAgent,Bauchi,0,637.6727294921875,627.6727294921875,269220.03125,Bauchi,False,,Bauchi,losing,False,255.07,1.0,False
2026-08-01,75,TraderAgent,Bauchi,4,-10.0,10.0,516023.28125,Bauchi,False,,,losing,False,255.07,0.0,False
2026-08-01,76,TraderAgent,Bauchi,0,0.0,135.04770234571922,434312.28125,Bauchi,False,Onitsha,Onitsha,winning,False,269.24,1.0,False
2026-08-01,77,TraderAgent,Bauchi,0,637.6727294921875,627.6727294921875,408533.15625,Bauchi,False,,Bauchi,losing,False,255.07,1.0,False
2026-08-01,78,TraderAgent,Bauchi,1,134.59416486323542,690.8617553710938,485231.09375,Onitsha,True,Onitsha,Onitsha,winning,False,234.42,1.0,True
2026-08-01,79,TraderAgent,Bauchi,3,20.0,-13.5225,484247.25,Bauchi,False,,,losing,False,242.32,0.0,False
2026-08-01,80,TraderAgent,Bauchi,3,20.0,10.0,516387.09375,Bauchi,False,,,losing,False,242.32,0.0,False
2026-08-01,81,TraderAgent,Bauchi,0,0.0,135.04770234571922,315146.90625,Bauchi,False,Onitsha,Onitsha,winning,False,269.24,1.0,False
2026-08-01,82,TraderAgent,Bauchi,3,20.0,576.267578125,445548.4375,Bauchi,False,,Bauchi,winning,False,222.7,1.0,False
2026-08-01,83,TraderAgent,Bauchi,0,0.0,135.04770234571922,503791.1875,Bauchi,False,Onitsha,Onitsha,winning,False,269.24,1.0,False
2026-08-01,84,TraderAgent,Bauchi,0,0.0,135.04770234571922,390254.90625,Bauchi,False,Onitsha,Onitsha,winning,False,269.24,1.0,False
2026-08-01,85,BuyerAgent,Bauchi,2,0.0,61.807403564453125,,,,,,,,,,
2026-08-01,86,BuyerAgent,Bauchi,0,70.85235595703125,132.65975952148438,,,,,,,,,,
2026-08-01,87,BuyerAgent,Bauchi,1,70.85235595703125,70.85235595703125,,,,,,,,,,
2026-08-01,88,BuyerAgent,Bauchi,1,0.0,61.807403564453125,,,,,,,,,,
2026-08-01,89,BuyerAgent,Bauchi,0,0.0,61.807403564453125,,,,,,,,,,
2026-08-01,90,BuyerAgent,Bauchi,2,0.0,0.0,,,,,,,,,,
2026-08-01,91,BuyerAgent,Bauchi,1,0.0,0.0,,,,,,,,,,
2026-08-01,92,BuyerAgent,Bauchi,2,0.0,0.0,,,,,,,,,,
2026-08-01,93,BuyerAgent,Bauchi,2,0.0,0.0,,,,,,,,,,
2026-08-01,94,BuyerAgent,Bauchi,1,0.0,0.0,,,,,,,,,,
2026-08-01,95,BuyerAgent,Bauchi,0,0.0,0.0,,,,,,,,,,
2026-08-01,96,BuyerAgent,Bauchi,0,0.0,0.0,,,,,,,,,,
2026-08-01,97,BuyerAgent,Bauchi,1,0.0,0.0,,,,,,,,,,
2026-08-01,98,BuyerAgent,Bauchi,2,0.0,0.0,,,,,,,,,,
2026-08-01,99,BuyerAgent,Bauchi,2,0.0,0.0,,,,,,,,,,
2026-08-01,100,BuyerAgent,Bauchi,1,0.0,0.0,,,,,,,,,,
2026-08-01,101,BuyerAgent,Bauchi,0,0.0,0.0,,,,,,,,,,
2026-08-01,102,BuyerAgent,Bauchi,1,0.0,0.0,,,,,,,,,,
2026-08-01,103,BuyerAgent,Bauchi,0,0.0,0.0,,,,,,,,,,
2026-08-01,104,BuyerAgent,Bauchi,1,0.0,0.0,,,,,,,,,,
2026-08-01,105,BuyerAgent,Bauchi,1,0.0,0.0,,,,,,,,,,
2026-08-01,106,BuyerAgent,Bauchi,0,0.0,0.0,,,,,,,,,,
2026-08-01,107,BuyerAgent,Bauchi,0,0.0,0.0,,,,,,,,,,
2026-08-01,108,BuyerAgent,Bauchi,0,0.0,0.0,,,,,,,,,,
2026-08-01,109,BuyerAgent,Bauchi,2,0.0,0.0,,,,,,,,,,
2026-08-01,110,BuyerAgent,Bauchi,0,0.0,0.0,,,,,,,,,,
2026-08-01,111,BuyerAgent,Bauchi,2,0.0,0.0,,,,,,,,,,
2026-08-01,112,BuyerAgent,Bauchi,1,0.0,0.0,,,,,,,,,,
2026-08-01,113,BuyerAgent,Bauchi,1,0.0,0.0,,,,,,,,,,
2026-08-01,114,BuyerAgent,Bauchi,1,0.0,0.0,,,,,,,,,,
2026-08-01,115,TransporterAgent,Bauchi,0,0.0,50.0,,,,,,,,,,
2026-08-01,116,TransporterAgent,Bauchi,0,0.0,0.0,,,,,,,,,,
2026-08-01,117,TransporterAgent,Bauchi,3,50.0,100.0,,,,,,,,,,
2026-08-01,118,TransporterAgent,Bauchi,3,50.0,150.0,,,,,,,,,,
2026-08-01,119,TransporterAgent,Bauchi,3,50.0,-150.0,,,,,,,,,,
2026-08-01,120,TransporterAgent,Bauchi,1,-200.0,-400.0,,,,,,,,,,
2026-08-01,121,TransporterAgent,Bauchi,3,50.0,150.0,,,,,,,,,,
2026-08-01,122,TransporterAgent,Bauchi,2,100.0,200.0,,,,,,,,,,
2026-08-01,123,TransporterAgent,Bauchi,3,50.0,150.0,,,,,,,,,,
2026-08-01,124,TransporterAgent,Bauchi,2,100.0,200.0,,,,,,,,,,
2026-08-01,125,BankingAgent,Bauchi,1,-2.6500000000000012,-10.600000000000005,,,,,,,,,,
2026-08-01,126,BankingAgent,Bauchi,0,-0.0,0.0,,,,,,,,,,
2026-08-01,127,BankingAgent,Bauchi,2,-1.3250000000000006,-7.950000000000005,,,,,,,,,,
2026-08-01,129,TraderAgent,Kano,0,693.4500122070312,1417.050048828125,433191.1875,Kano,False,,Kano,winning,False,301.5,2.0,False
2026-08-01,130,TraderAgent,Kano,0,0.0,125.67021004012263,436225.03125,Kano,False,Onitsha,Onitsha,winning,False,343.71,1.0,False
2026-08-01,131,TraderAgent,Kano,3,20.0,743.5999755859375,427823.90625,Kano,False,,Kano,winning,False,286.43,1.0,False
2026-08-01,132,TraderAgent,Kano,0,0.0,125.67021004012263,448953.5625,Kano,False,Onitsha,Onitsha,winning,False,343.71,1.0,False
2026-08-01,133,TraderAgent,Kano,3,20.0,40.0,405992.375,Kano,False,,,losing,False,309.34,0.0,False
2026-08-01,134,TraderAgent,Kano,0,814.0499877929688,804.0499877929688,395344.625,Kano,False,,Kano,losing,False,325.62,1.0,False
2026-08-01,135,TraderAgent,Kano,4,-10.0,-20.0,442732.4375,Kano,False,,,losing,False,325.62,0.0,False
2026-08-01,136,TraderAgent,Kano,0,0.0,125.67021004012263,448775.8125,Kano,False,Onitsha,Onitsha,winning,False,343.71,1.0,False
2026-08-01,137,TraderAgent,Kano,2,-26.5,-53.0,428001.46875,Kano,False,,,losing,False,325.62,0.0,False
2026-08-01,138,TraderAgent,Kano,0,814.0499877929688,834.0499877929688,450126.90625,Kano,False,,Kano,losing,False,325.62,1.0,False
2026-08-01,139,TraderAgent,Kano,4,-10.0,-36.5,449290.125,Kano,False,,,losing,False,325.62,0.0,False
2026-08-01,140,TraderAgent,Kano,3,20.0,743.5999755859375,447182.03125,Kano,False,,Kano,winning,False,286.43,1.0,False
2026-08-01,141,TraderAgent,Kano,2,-26.5,-36.5,464470.625,Kano,False,,,losing,False,325.62,0.0,False
2026-08-01,142,TraderAgent,Kano,3,20.0,-6.5,476326.875,Kano,False,,,losing,False,309.34,0.0,False
2026-08-01,143,TraderAgent,Kano,0,0.0,125.67021004012263,451500.84375,Kano,False,Onitsha,Onitsha,winning,False,343.71,1.0,False
2026-08-01,144,TraderAgent,Kano,0,693.4500122070312,1417.050048828125,428276.15625,Kano,False,,Kano,winning,False,301.5,2.0,False
2026-08-01,145,TraderAgent,Kano,3,20.0,40.0,405936.28125,Kano,False,,,losing,False,309.34,0.0,False
2026-08-01,146,TraderAgent,Kano,2,-26.5,-6.5,428873.09375,Kano,False,,,losing,False,325.62,0.0,False
2026-08-01,147,TraderAgent,Kano,3,20.0,10.0,406967.8125,Kano,False,,,losing,False,309.34,0.0,False
2026-08-01,148,TraderAgent,Kano,4,-10.0,713.5999755859375,468621.71875,Kano,False,,Kano,winning,False,301.5,1.0,False
2026-08-01,149,BuyerAgent,Kano,0,211.0498046875,291.44989013671875,,,,,,,,,,
2026-08-01,150,BuyerAgent,Kano,2,0.0,80.40008544921875,,,,,,,,,,
2026-08-01,151,BuyerAgent,Kano,1,211.0498046875,291.44989013671875,,,,,,,,,,
2026-08-01,152,BuyerAgent,Kano,0,90.4498291015625,90.4498291015625,,,,,,,,,,
2026-08-01,153,BuyerAgent,Kano,0,90.4498291015625,170.84991455078125,,,,,,,,,,
2026-08-01,154,BuyerAgent,Kano,0,0.0,0.0,,,,,,,,,,
2026-08-01,155,BuyerAgent,Kano,1,0.0,80.40008544921875,,,,,,,,,,
2026-08-01,156,BuyerAgent,Kano,1,0.0,0.0,,,,,,,,,,
2026-08-01,157,BuyerAgent,Kano,1,0.0,0.0,,,,,,,,,,
2026-08-01,158,BuyerAgent,Kano,2,0.0,0.0,,,,,,,,,,
2026-08-01,159,BuyerAgent,Kano,1,0.0,0.0,,,,,,,,,,
2026-08-01,160,BuyerAgent,Kano,1,0.0,0.0,,,,,,,,,,
2026-08-01,161,BuyerAgent,Kano,0,0.0,0.0,,,,,,,,,,
2026-08-01,162,BuyerAgent,Kano,2,0.0,0.0,,,,,,,,,,
2026-08-01,163,BuyerAgent,Kano,2,0.0,0.0,,,,,,,,,,
2026-08-01,164,BuyerAgent,Kano,1,0.0,0.0,,,,,,,,,,
2026-08-01,165,BuyerAgent,Kano,2,0.0,0.0,,,,,,,,,,
2026-08-01,166,BuyerAgent,Kano,0,0.0,0.0,,,,,,,,,,
2026-08-01,167,BuyerAgent,Kano,0,0.0,0.0,,,,,,,,,,
2026-08-01,168,BuyerAgent,Kano,2,0.0,0.0,,,,,,,,,,
2026-08-01,169,BuyerAgent,Kano,0,0.0,0.0,,,,,,,,,,
2026-08-01,170,BuyerAgent,Kano,0,0.0,0.0,,,,,,,,,,
2026-08-01,171,BuyerAgent,Kano,0,0.0,0.0,,,,,,,,,,
2026-08-01,172,BuyerAgent,Kano,2,0.0,0.0,,,,,,,,,,
2026-08-01,173,BuyerAgent,Kano,1,0.0,0.0,,,,,,,,,,
2026-08-01,174,BuyerAgent,Kano,0,0.0,0.0,,,,,,,,,,
2026-08-01,175,BuyerAgent,Kano,1,0.0,0.0,,,,,,,,,,
2026-08-01,176,BuyerAgent,Kano,0,0.0,0.0,,,,,,,,,,
2026-08-01,177,BuyerAgent,Kano,0,0.0,0.0,,,,,,,,,,
2026-08-01,178,BuyerAgent,Kano,0,0.0,0.0,,,,,,,,,,
2026-08-01,179,TransporterAgent,Kano,2,100.0,150.0,,,,,,,,,,
2026-08-01,180,TransporterAgent,Kano,2,100.0,150.0,,,,,,,,,,
2026-08-01,181,TransporterAgent,Kano,3,50.0,50.0,,,,,,,,,,
2026-08-01,182,TransporterAgent,Kano,3,50.0,-150.0,,,,,,,,,,
2026-08-01,183,TransporterAgent,Kano,3,50.0,150.0,,,,,,,,,,
2026-08-01,184,TransporterAgent,Kano,2,100.0,150.0,,,,,,,,,,
2026-08-01,185,TransporterAgent,Kano,0,0.0,0.0,,,,,,,,,,
2026-08-01,186,TransporterAgent,Kano,2,100.0,200.0,,,,,,,,,,
2026-08-01,187,TransporterAgent,Kano,0,0.0,-200.0,,,,,,,,,,
2026-08-01,188,TransporterAgent,Kano,1,-200.0,-400.0,,,,,,,,,,
2026-08-01,189,BankingAgent,Kano,0,-0.0,-2.6500000000000012,,,,,,,,,,
2026-08-01,190,BankingAgent,Kano,0,-0.0,0.0,,,,,,,,,,
2026-08-01,191,BankingAgent,Kano,0,-0.0,0.0,,,,,,,,,,
2026-08-01,193,TraderAgent,Lagos,3,20.0,-6.5,503221.96875,Lagos,False,,,losing,False,1074.09,0.0,False
2026-08-01,194,TraderAgent,Lagos,1,160.95757025200749,2761.39453125,488587.15625,Onitsha,True,Onitsha,Onitsha,winning,False,1061.53,1.0,True
2026-08-01,195,TraderAgent,Lagos,3,20.0,10.0,500066.875,Lagos,False,,,losing,False,1074.09,0.0,False
2026-08-01,196,TraderAgent,Lagos,3,20.0,2620.43701171875,489976.25,Lagos,False,,Lagos,winning,False,1008.45,1.0,False
2026-08-01,197,TraderAgent,Lagos,0,4887.52978515625,5045.3818359375,442049.03125,Lagos,False,Onitsha,Onitsha,losing,False,951.35,1.0,False
2026-08-01,198,TraderAgent,Lagos,2,-22.98875,-2.9887499999999996,488760.03125,Lagos,False,,,losing,False,1130.62,0.0,False
2026-08-01,199,TraderAgent,Lagos,4,-10.0,2590.43701171875,504021.6875,Lagos,False,,Lagos,winning,False,1061.53,1.0,False
2026-08-01,200,TraderAgent,Lagos,0,4887.52978515625,5045.3818359375,497726.71875,Lagos,False,Onitsha,Onitsha,losing,False,951.35,1.0,False
2026-08-01,201,TraderAgent,Lagos,0,4887.52978515625,5045.3818359375,496699.8125,Lagos,False,Onitsha,Onitsha,losing,False,951.35,1.0,False
2026-08-01,202,TraderAgent,Lagos,0,2826.5625,2800.0625,505405.625,Lagos,False,,Lagos,losing,False,1130.62,1.0,False
2026-08-01,203,TraderAgent,Lagos,1,160.95757025200749,2761.39453125,482674.4375,Onitsha,True,Onitsha,Onitsha,winning,False,1061.53,1.0,True
2026-08-01,204,TraderAgent,Lagos,0,4887.52978515625,5045.3818359375,439777.84375,Lagos,False,Onitsha,Onitsha,losing,False,951.35,1.0,False
2026-08-01,205,TraderAgent,Lagos,2,-22.98875,2577.4482421875,480232.4375,Lagos,False,,Lagos,winning,False,1061.53,1.0,False
2026-08-01,206,TraderAgent,Lagos,2,-22.98875,-32.988749999999996,490928.25,Lagos,False,,,losing,False,1130.62,0.0,False
2026-08-01,207,TraderAgent,Lagos,2,-22.98875,-32.988749999999996,429072.28125,Lagos,False,,,losing,False,1130.62,0.0,False
2026-08-01,208,TraderAgent,Lagos,2,-22.98875,-2.9887499999999996,488356.90625,Lagos,False,,,losing,False,1130.62,0.0,False
2026-08-01,209,TraderAgent,Lagos,1,160.95757025200749,2761.39453125,488850.46875,Onitsha,True,Onitsha,Onitsha,winning,False,1061.53,1.0,True
2026-08-01,210,TraderAgent,Lagos,2,-22.98875,-49.488749999999996,497825.0,Lagos,False,,,losing,False,1130.62,0.0,False
2026-08-01,211,TraderAgent,Lagos,2,-22.98875,-32.988749999999996,501007.1875,Lagos,False,,,losing,False,1130.62,0.0,False
2026-08-01,212,TraderAgent,Lagos,0,2826.5625,2816.5625,496504.09375,Lagos,False,,Lagos,losing,False,1130.62,1.0,False
2026-08-01,213,BuyerAgent,Lagos,1,1210.426025390625,1210.426025390625,,,,,,,,,,
2026-08-01,214,BuyerAgent,Lagos,0,1210.426025390625,1499.364013671875,,,,,,,,,,
2026-08-01,215,BuyerAgent,Lagos,1,1210.426025390625,1499.364013671875,,,,,,,,,,
2026-08-01,216,BuyerAgent,Lagos,0,1210.426025390625,1499.364013671875,,,,,,,,,,
2026-08-01,217,BuyerAgent,Lagos,1,314.0625,314.0625,,,,,,,,,,
2026-08-01,218,BuyerAgent,Lagos,2,0.0,288.93798828125,,,,,,,,,,
2026-08-01,219,BuyerAgent,Lagos,1,314.0625,314.0625,,,,,,,,,,
2026-08-01,220,BuyerAgent,Lagos,2,0.0,288.93798828125,,,,,,,,,,
2026-08-01,221,BuyerAgent,Lagos,2,0.0,288.93798828125,,,,,,,,,,
2026-08-01,222,BuyerAgent,Lagos,2,0.0,0.0,,,,,,,,,,
2026-08-01,223,BuyerAgent,Lagos,1,0.0,0.0,,,,,,,,,,
2026-08-01,224,BuyerAgent,Lagos,2,0.0,0.0,,,,,,,,,,
2026-08-01,225,BuyerAgent,Lagos,1,0.0,0.0,,,,,,,,,,
2026-08-01,226,BuyerAgent,Lagos,1,0.0,0.0,,,,,,,,,,
2026-08-01,227,BuyerAgent,Lagos,0,0.0,0.0,,,,,,,,,,
2026-08-01,228,BuyerAgent,Lagos,0,0.0,0.0,,,,,,,,,,
2026-08-01,229,BuyerAgent,Lagos,1,0.0,0.0,,,,,,,,,,
2026-08-01,230,BuyerAgent,Lagos,0,0.0,0.0,,,,,,,,,,
2026-08-01,231,BuyerAgent,Lagos,0,0.0,0.0,,,,,,,,,,
2026-08-01,232,BuyerAgent,Lagos,2,0.0,0.0,,,,,,,,,,
2026-08-01,233,BuyerAgent,Lagos,1,0.0,0.0,,,,,,,,,,
2026-08-01,234,BuyerAgent,Lagos,1,0.0,0.0,,,,,,,,,,
2026-08-01,235,BuyerAgent,Lagos,2,0.0,0.0,,,,,,,,,,
2026-08-01,236,BuyerAgent,Lagos,0,0.0,0.0,,,,,,,,,,
2026-08-01,237,BuyerAgent,Lagos,0,0.0,0.0,,,,,,,,,,
2026-08-01,238,BuyerAgent,Lagos,1,0.0,0.0,,,,,,,,,,
2026-08-01,239,BuyerAgent,Lagos,1,0.0,0.0,,,,,,,,,,
2026-08-01,240,BuyerAgent,Lagos,2,0.0,0.0,,,,,,,,,,
2026-08-01,241,BuyerAgent,Lagos,1,0.0,0.0,,,,,,,,,,
2026-08-01,242,BuyerAgent,Lagos,1,0.0,0.0,,,,,,,,,,
2026-08-01,243,TransporterAgent,Lagos,2,100.0,150.0,,,,,,,,,,
2026-08-01,244,TransporterAgent,Lagos,1,-200.0,-100.0,,,,,,,,,,
2026-08-01,245,TransporterAgent,Lagos,3,50.0,-150.0,,,,,,,,,,
2026-08-01,246,TransporterAgent,Lagos,2,100.0,107.64951852442249,,,,,,,,,,
2026-08-01,247,TransporterAgent,Lagos,0,7.53253851329383,57.53253851329383,,,,,,,,,,
2026-08-01,248,TransporterAgent,Lagos,0,7.53253851329383,-192.46746148670616,,,,,,,,,,
2026-08-01,249,TransporterAgent,Lagos,1,-200.0,-400.0,,,,,,,,,,
2026-08-01,250,TransporterAgent,Lagos,3,50.0,150.0,,,,,,,,,,
2026-08-01,251,TransporterAgent,Lagos,3,50.0,150.0,,,,,,,,,,
2026-08-01,252,TransporterAgent,Lagos,2,100.0,-100.0,,,,,,,,,,
2026-08-01,253,BankingAgent,Lagos,1,-2.6500000000000012,-10.600000000000005,,,,,,,,,,
2026-08-01,254,BankingAgent,Lagos,0,-0.0,-5.3000000000000025,,,,,,,,,,
2026-08-01,255,BankingAgent,Lagos,2,-1.3250000000000006,-2.6500000000000012,,,,,,,,,,
2026-08-01,257,TraderAgent,Onitsha,1,139.0430086468556,105.5205086468556,468961.90625,Port_Harcourt,True,Port_Harcourt,Port_Harcourt,losing,False,798.96,0.0,True
2026-08-01,258,TraderAgent,Onitsha,3,20.0,40.0,488899.28125,Onitsha,False,,,losing,False,759.01,0.0,False
2026-08-01,259,TraderAgent,Onitsha,1,139.0430086468556,159.0430086468556,449375.09375,Port_Harcourt,True,Port_Harcourt,Port_Harcourt,losing,False,798.96,0.0,True
2026-08-01,260,TraderAgent,Onitsha,1,139.0430086468556,129.0430086468556,445910.09375,Port_Harcourt,True,Port_Harcourt,Port_Harcourt,losing,False,798.96,0.0,True
2026-08-01,261,TraderAgent,Onitsha,4,-10.0,10.0,503500.3125,Onitsha,False,,,losing,False,798.96,0.0,False
2026-08-01,262,TraderAgent,Onitsha,4,-10.0,-43.5225,468181.09375,Onitsha,False,,,losing,False,798.96,0.0,False
2026-08-01,263,TraderAgent,Onitsha,0,1997.3956298828125,1987.3956298828125,454681.84375,Onitsha,False,,Onitsha,losing,False,798.96,1.0,False
2026-08-01,264,TraderAgent,Onitsha,0,1838.06884765625,3777.43212890625,485538.90625,Onitsha,False,,Onitsha,winning,False,767.09,2.0,False
2026-08-01,265,TraderAgent,Onitsha,0,0.0,137.1917752571621,486258.25,Onitsha,False,Port_Harcourt,Port_Harcourt,losing,False,843.34,1.0,False
2026-08-01,266,TraderAgent,Onitsha,3,20.0,1959.3634033203125,509113.1875,Onitsha,False,,Onitsha,winning,False,728.74,1.0,False
2026-08-01,267,TraderAgent,Onitsha,2,-22.98875,-2.9887499999999996,496049.15625,Onitsha,False,,,losing,False,798.96,0.0,False
2026-08-01,268,TraderAgent,Onitsha,1,139.0430086468556,129.0430086468556,468974.90625,Port_Harcourt,True,Port_Harcourt,Port_Harcourt,losing,False,798.96,0.0,True
2026-08-01,269,TraderAgent,Onitsha,0,0.0,137.1917752571621,474825.125,Onitsha,False,Port_Harcourt,Port_Harcourt,losing,False,843.34,1.0,False
2026-08-01,270,TraderAgent,Onitsha,0,0.0,137.1917752571621,430039.375,Onitsha,False,Port_Harcourt,Port_Harcourt,losing,False,843.34,1.0,False
2026-08-01,271,TraderAgent,Onitsha,3,20.0,10.0,493132.8125,Onitsha,False,,,losing,False,759.01,0.0,False
2026-08-01,272,TraderAgent,Onitsha,0,0.0,137.1917752571621,469756.15625,Onitsha,False,Port_Harcourt,Port_Harcourt,losing,False,843.34,1.0,False
2026-08-01,273,TraderAgent,Onitsha,0,1997.3956298828125,2017.3956298828125,494750.4375,Onitsha,False,,Onitsha,losing,False,798.96,1.0,False
2026-08-01,274,TraderAgent,Onitsha,3,20.0,1959.3634033203125,471333.03125,Onitsha,False,,Onitsha,winning,False,728.74,1.0,False
2026-08-01,275,TraderAgent,Onitsha,1,139.0430086468556,159.0430086468556,431132.40625,Port_Harcourt,True,Port_Harcourt,Port_Harcourt,losing,False,798.96,0.0,True
2026-08-01,276,TraderAgent,Onitsha,4,-10.0,-20.0,429547.09375,Onitsha,False,,,losing,False,798.96,0.0,False
2026-08-01,277,BuyerAgent,Onitsha,0,381.259765625,381.259765625,,,,,,,,,,
2026-08-01,278,BuyerAgent,Onitsha,2,0.0,215.484619140625,,,,,,,,,,
2026-08-01,279,BuyerAgent,Onitsha,2,0.0,215.484619140625,,,,,,,,,,
2026-08-01,280,BuyerAgent,Onitsha,2,0.0,215.484619140625,,,,,,,,,,
2026-08-01,281,BuyerAgent,Onitsha,2,0.0,0.0,,,,,,,,,,
2026-08-01,282,BuyerAgent,Onitsha,2,0.0,0.0,,,,,,,,,,
2026-08-01,283,BuyerAgent,Onitsha,0,221.9329833984375,221.9329833984375,,,,,,,,,,
2026-08-01,284,BuyerAgent,Onitsha,2,0.0,0.0,,,,,,,,,,
2026-08-01,285,BuyerAgent,Onitsha,0,221.9329833984375,221.9329833984375,,,,,,,,,,
2026-08-01,286,BuyerAgent,Onitsha,0,0.0,0.0,,,,,,,,,,
2026-08-01,287,BuyerAgent,Onitsha,0,0.0,0.0,,,,,,,,,,
2026-08-01,288,BuyerAgent,Onitsha,1,0.0,0.0,,,,,,,,,,
2026-08-01,289,BuyerAgent,Onitsha,1,0.0,0.0,,,,,,,,,,
2026-08-01,290,BuyerAgent,Onitsha,2,0.0,0.0,,,,,,,,,,
2026-08-01,291,BuyerAgent,Onitsha,0,0.0,0.0,,,,,,,,,,
2026-08-01,292,BuyerAgent,Onitsha,0,0.0,0.0,,,,,,,,,,
2026-08-01,293,BuyerAgent,Onitsha,0,0.0,0.0,,,,,,,,,,
2026-08-01,294,BuyerAgent,Onitsha,1,0.0,0.0,,,,,,,,,,
2026-08-01,295,BuyerAgent,Onitsha,1,0.0,0.0,,,,,,,,,,
2026-08-01,296,BuyerAgent,Onitsha,2,0.0,0.0,,,,,,,,,,
2026-08-01,297,BuyerAgent,Onitsha,0,0.0,0.0,,,,,,,,,,
2026-08-01,298,BuyerAgent,Onitsha,2,0.0,0.0,,,,,,,,,,
2026-08-01,299,BuyerAgent,Onitsha,0,0.0,0.0,,,,,,,,,,
2026-08-01,300,BuyerAgent,Onitsha,2,0.0,0.0,,,,,,,,,,
2026-08-01,301,BuyerAgent,Onitsha,1,0.0,0.0,,,,,,,,,,
2026-08-01,302,BuyerAgent,Onitsha,2,0.0,0.0,,,,,,,,,,
2026-08-01,303,BuyerAgent,Onitsha,0,0.0,0.0,,,,,,,,,,
2026-08-01,304,BuyerAgent,Onitsha,1,0.0,0.0,,,,,,,,,,
2026-08-01,305,BuyerAgent,Onitsha,1,0.0,0.0,,,,,,,,,,
2026-08-01,306,BuyerAgent,Onitsha,0,0.0,0.0,,,,,,,,,,
2026-08-01,307,TransporterAgent,Onitsha,3,50.0,100.0,,,,,,,,,,
2026-08-01,308,TransporterAgent,Onitsha,1,-200.0,-200.0,,,,,,,,,,
2026-08-01,309,TransporterAgent,Onitsha,2,100.0,150.0,,,,,,,,,,
2026-08-01,310,TransporterAgent,Onitsha,3,50.0,100.0,,,,,,,,,,
2026-08-01,311,TransporterAgent,Onitsha,2,100.0,200.0,,,,,,,,,,
2026-08-01,312,TransporterAgent,Onitsha,3,50.0,50.0,,,,,,,,,,
2026-08-01,313,TransporterAgent,Onitsha,3,50.0,-150.0,,,,,,,,,,
2026-08-01,314,TransporterAgent,Onitsha,1,-200.0,-100.0,,,,,,,,,,
2026-08-01,315,TransporterAgent,Onitsha,2,100.0,-100.0,,,,,,,,,,
2026-08-01,316,TransporterAgent,Onitsha,0,0.0,0.0,,,,,,,,,,
2026-08-01,317,BankingAgent,Onitsha,2,-1.3250000000000006,-7.950000000000005,,,,,,,,,,
2026-08-01,318,BankingAgent,Onitsha,2,-1.3250000000000006,-5.3000000000000025,,,,,,,,,,
2026-08-01,319,BankingAgent,Onitsha,2,-1.3250000000000006,-7.950000000000005,,,,,,,,,,
2026-08-01,321,TraderAgent,Port_Harcourt,3,20.0,3016.156005859375,542082.625,Port_Harcourt,False,,Port_Harcourt,winning,False,1121.23,1.0,False
2026-08-01,322,TraderAgent,Port_Harcourt,1,135.38189220431042,3131.537841796875,559556.125,Onitsha,True,Onitsha,Onitsha,winning,False,1180.25,1.0,True
2026-08-01,323,TraderAgent,Port_Harcourt,3,20.0,3016.156005859375,542537.75,Port_Harcourt,False,,Port_Harcourt,winning,False,1121.23,1.0,False
2026-08-01,324,TraderAgent,Port_Harcourt,4,-10.0,10.0,520649.0,Port_Harcourt,False,,,losing,False,1225.6,0.0,False
2026-08-01,325,TraderAgent,Port_Harcourt,0,5705.3486328125,5841.08544921875,549626.8125,Port_Harcourt,False,Onitsha,Onitsha,losing,False,1004.11,1.0,False
2026-08-01,326,TraderAgent,Port_Harcourt,3,20.0,-13.5225,547550.4375,Port_Harcourt,False,,,losing,False,1164.32,0.0,False
2026-08-01,327,TraderAgent,Port_Harcourt,3,20.0,40.0,538005.25,Port_Harcourt,False,,,losing,False,1164.32,0.0,False
2026-08-01,328,TraderAgent,Port_Harcourt,3,20.0,3016.156005859375,563510.0,Port_Harcourt,False,,Port_Harcourt,winning,False,1121.23,1.0,False
2026-08-01,329,TraderAgent,Port_Harcourt,0,5705.3486328125,5841.08544921875,540544.0,Port_Harcourt,False,Onitsha,Onitsha,losing,False,1004.11,1.0,False
2026-08-01,330,TraderAgent,Port_Harcourt,0,5705.3486328125,5841.08544921875,563622.8125,Port_Harcourt,False,Onitsha,Onitsha,losing,False,1004.11,1.0,False
2026-08-01,331,TraderAgent,Port_Harcourt,2,-33.5225,2962.633544921875,545489.875,Port_Harcourt,False,,Port_Harcourt,winning,False,1180.25,1.0,False
2026-08-01,332,TraderAgent,Port_Harcourt,0,3063.99462890625,3030.47216796875,495795.375,Port_Harcourt,False,,Port_Harcourt,losing,False,1225.6,1.0,False
2026-08-01,333,TraderAgent,Port_Harcourt,0,5705.3486328125,5841.08544921875,539461.875,Port_Harcourt,False,Onitsha,Onitsha,losing,False,1004.11,1.0,False
2026-08-01,334,TraderAgent,Port_Harcourt,1,135.38189220431042,3131.537841796875,547409.25,Onitsha,True,Onitsha,Onitsha,winning,False,1180.25,1.0,True
2026-08-01,335,TraderAgent,Port_Harcourt,3,20.0,40.0,525795.1875,Port_Harcourt,False,,,losing,False,1164.32,0.0,False
2026-08-01,336,TraderAgent,Port_Harcourt,1,135.38189220431042,155.38189220431042,546433.9375,Onitsha,True,Onitsha,Onitsha,losing,False,1225.6,0.0,True
2026-08-01,337,TraderAgent,Port_Harcourt,3,20.0,10.0,547344.8125,Port_Harcourt,False,,,losing,False,1164.32,0.0,False
2026-08-01,338,TraderAgent,Port_Harcourt,3,20.0,40.0,504491.84375,Port_Harcourt,False,,,losing,False,1164.32,0.0,False
2026-08-01,339,TraderAgent,Port_Harcourt,0,3063.99462890625,3053.99462890625,543994.625,Port_Harcourt,False,,Port_Harcourt,losing,False,1225.6,1.0,False
2026-08-01,340,TraderAgent,Port_Harcourt,0,5705.3486328125,5841.08544921875,543193.375,Port_Harcourt,False,Onitsha,Onitsha,losing,False,1004.11,1.0,False
2026-08-01,341,BuyerAgent,Port_Harcourt,2,0.0,332.906494140625,,,,,,,,,,
2026-08-01,342,BuyerAgent,Port_Harcourt,2,0.0,332.906494140625,,,,,,,,,,
2026-08-01,343,BuyerAgent,Port_Harcourt,0,1447.857666015625,1780.76416015625,,,,,,,,,,
2026-08-01,344,BuyerAgent,Port_Harcourt,2,0.0,332.906494140625,,,,,,,,,,
2026-08-01,345,BuyerAgent,Port_Harcourt,0,1447.857666015625,1780.76416015625,,,,,,,,,,
2026-08-01,346,BuyerAgent,Port_Harcourt,1,1447.857666015625,1780.76416015625,,,,,,,,,,
2026-08-01,347,BuyerAgent,Port_Harcourt,1,1447.857666015625,1447.857666015625,,,,,,,,,,
2026-08-01,348,BuyerAgent,Port_Harcourt,1,1447.857666015625,1447.857666015625,,,,,,,,,,
2026-08-01,349,BuyerAgent,Port_Harcourt,1,340.443115234375,340.443115234375,,,,,,,,,,
2026-08-01,350,BuyerAgent,Port_Harcourt,1,340.443115234375,340.443115234375,,,,,,,,,,
2026-08-01,351,BuyerAgent,Port_Harcourt,0,0.0,0.0,,,,,,,,,,
2026-08-01,352,BuyerAgent,Port_Harcourt,0,0.0,0.0,,,,,,,,,,
2026-08-01,353,BuyerAgent,Port_Harcourt,2,0.0,0.0,,,,,,,,,,
2026-08-01,354,BuyerAgent,Port_Harcourt,1,0.0,0.0,,,,,,,,,,
2026-08-01,355,BuyerAgent,Port_Harcourt,0,0.0,0.0,,,,,,,,,,
2026-08-01,356,BuyerAgent,Port_Harcourt,0,0.0,0.0,,,,,,,,,,
2026-08-01,357,BuyerAgent,Port_Harcourt,2,0.0,0.0,,,,,,,,,,
2026-08-01,358,BuyerAgent,Port_Harcourt,1,0.0,0.0,,,,,,,,,,
2026-08-01,359,BuyerAgent,Port_Harcourt,2,0.0,0.0,,,,,,,,,,
2026-08-01,360,BuyerAgent,Port_Harcourt,0,0.0,0.0,,,,,,,,,,
2026-08-01,361,BuyerAgent,Port_Harcourt,1,0.0,0.0,,,,,,,,,,
2026-08-01,362,BuyerAgent,Port_Harcourt,1,0.0,0.0,,,,,,,,,,
2026-08-01,363,BuyerAgent,Port_Harcourt,1,0.0,0.0,,,,,,,,,,
2026-08-01,364,BuyerAgent,Port_Harcourt,1,0.0,0.0,,,,,,,,,,
2026-08-01,365,BuyerAgent,Port_Harcourt,1,0.0,0.0,,,,,,,,,,
2026-08-01,366,BuyerAgent,Port_Harcourt,0,0.0,0.0,,,,,,,,,,
2026-08-01,367,BuyerAgent,Port_Harcourt,0,0.0,0.0,,,,,,,,,,
2026-08-01,368,BuyerAgent,Port_Harcourt,0,0.0,0.0,,,,,,,,,,
2026-08-01,369,BuyerAgent,Port_Harcourt,0,0.0,0.0,,,,,,,,,,
2026-08-01,370,BuyerAgent,Port_Harcourt,0,0.0,0.0,,,,,,,,,,
2026-08-01,371,TransporterAgent,Port_Harcourt,1,-200.0,-150.0,,,,,,,,,,
2026-08-01,372,TransporterAgent,Port_Harcourt,2,100.0,150.0,,,,,,,,,,
2026-08-01,373,TransporterAgent,Port_Harcourt,2,100.0,100.0,,,,,,,,,,
2026-08-01,374,TransporterAgent,Port_Harcourt,0,0.0,50.0,,,,,,,,,,
2026-08-01,375,TransporterAgent,Port_Harcourt,1,-200.0,-200.0,,,,,,,,,,
2026-08-01,376,TransporterAgent,Port_Harcourt,1,-200.0,-200.0,,,,,,,,,,
2026-08-01,377,TransporterAgent,Port_Harcourt,1,-200.0,-100.0,,,,,,,,,,
2026-08-01,378,TransporterAgent,Port_Harcourt,0,0.0,50.0,,,,,,,,,,
2026-08-01,379,TransporterAgent,Port_Harcourt,2,100.0,200.0,,,,,,,,,,
2026-08-01,380,TransporterAgent,Port_Harcourt,3,50.0,-150.0,,,,,,,,,,
2026-08-01,381,BankingAgent,Port_Harcourt,2,-1.3250000000000006,-5.3000000000000025,,,,,,,,,,
2026-08-01,382,BankingAgent,Port_Harcourt,0,-0.0,-5.3000000000000025,,,,,,,,,,
2026-08-01,383,BankingAgent,Port_Harcourt,1,-2.6500000000000012,-10.600000000000005,,,,,,,,,,
2026-09-01,1,TraderAgent,Abuja,1,128.6231201216537,262.4963079926971,461170.09375,Onitsha,True,Onitsha,Onitsha,winning,False,285.0,1.0,True
2026-09-01,2,TraderAgent,Abuja,1,128.6231201216537,262.4963079926971,403579.96875,Onitsha,True,Onitsha,Onitsha,winning,False,285.0,1.0,True
2026-09-01,3,TraderAgent,Abuja,1,128.6231201216537,823.6231079101562,461642.75,Onitsha,True,Onitsha,Onitsha,winning,False,262.5,1.0,True
2026-09-01,4,TraderAgent,Abuja,3,20.0,153.87318787104343,450656.625,Abuja,False,Onitsha,Onitsha,winning,False,270.75,1.0,False
2026-09-01,5,TraderAgent,Abuja,1,128.6231201216537,262.4963079926971,454883.4375,Onitsha,True,Onitsha,Onitsha,winning,False,285.0,1.0,True
2026-09-01,6,TraderAgent,Abuja,1,128.6231201216537,262.4963079926971,440530.3125,Onitsha,True,Onitsha,Onitsha,winning,False,285.0,1.0,True
2026-09-01,7,TraderAgent,Abuja,2,-33.5225,631.4774780273438,401517.09375,Abuja,False,,Abuja,winning,False,262.5,1.0,False
2026-09-01,8,TraderAgent,Abuja,3,20.0,60.0,465602.25,Abuja,False,,,losing,False,256.5,0.0,False
2026-09-01,9,TraderAgent,Abuja,0,0.0,121.29757687368095,405844.75,Abuja,False,Onitsha,Onitsha,losing,False,285.0,1.0,False
2026-09-01,10,TraderAgent,Abuja,1,128.6231201216537,793.6231079101562,429047.75,Onitsha,True,Onitsha,Onitsha,winning,False,262.5,1.0,True
2026-09-01,11,TraderAgent,Abuja,0,715.6875610351562,1450.9901123046875,482665.59375,Abuja,False,,Abuja,winning,False,278.14,2.0,False
2026-09-01,12,TraderAgent,Abuja,2,-33.5225,661.4774780273438,463582.8125,Abuja,False,,Abuja,winning,False,262.5,1.0,False
2026-09-01,13,TraderAgent,Abuja,0,715.6875610351562,1474.5126953125,495388.71875,Abuja,False,,Abuja,winning,False,278.14,2.0,False
2026-09-01,14,TraderAgent,Abuja,1,128.6231201216537,863.9256591796875,468837.0,Onitsha,True,Onitsha,Onitsha,winning,False,278.14,1.0,True
2026-09-01,15,TraderAgent,Abuja,0,637.5,1278.9775390625,479034.46875,Abuja,False,,Abuja,winning,False,262.5,2.0,False
2026-09-01,16,TraderAgent,Abuja,3,20.0,661.4774780273438,393292.03125,Abuja,False,,Abuja,winning,False,249.38,1.0,False
2026-09-01,17,TraderAgent,Abuja,3,20.0,60.0,444206.53125,Abuja,False,,,losing,False,256.5,0.0,False
2026-09-01,18,TraderAgent,Abuja,0,0.0,97.77507687368094,467651.625,Abuja,False,Onitsha,Onitsha,losing,False,285.0,1.0,False
2026-09-01,19,TraderAgent,Abuja,3,20.0,661.4774780273438,468039.71875,Abuja,False,,Abuja,winning,False,249.38,1.0,False
2026-09-01,20,TraderAgent,Abuja,0,0.0,900.1226806640625,478390.8125,Abuja,False,Onitsha,Onitsha,winning,False,285.0,2.0,False
2026-09-01,21,BuyerAgent,Abuja,2,0.0,160.42510986328125,,,,,,,,,,
2026-09-01,22,BuyerAgent,Abuja,1,112.5,112.5,,,,,,,,,,
2026-09-01,23,BuyerAgent,Abuja,1,34.31243896484375,194.737548828125,,,,,,,,,,
2026-09-01,24,BuyerAgent,Abuja,0,34.31243896484375,194.737548828125,,,,,,,,,,
2026-09-01,25,BuyerAgent,Abuja,0,0.0,75.0,,,,,,,,,,
2026-09-01,26,BuyerAgent,Abuja,1,0.0,160.42510986328125,,,,,,,,,,
2026-09-01,27,BuyerAgent,Abuja,1,0.0,0.0,,,,,,,,,,
2026-09-01,28,BuyerAgent,Abuja,1,0.0,75.0,,,,,,,,,,
2026-09-01,29,BuyerAgent,Abuja,2,0.0,0.0,,,,,,,,,,
2026-09-01,30,BuyerAgent,Abuja,0,0.0,75.0,,,,,,,,,,
2026-09-01,31,BuyerAgent,Abuja,2,0.0,0.0,,,,,,,,,,
2026-09-01,32,BuyerAgent,Abuja,1,0.0,0.0,,,,,,,,,,
2026-09-01,33,BuyerAgent,Abuja,2,0.0,0.0,,,,,,,,,,
2026-09-01,34,BuyerAgent,Abuja,1,0.0,0.0,,,,,,,,,,
2026-09-01,35,BuyerAgent,Abuja,2,0.0,0.0,,,,,,,,,,
2026-09-01,36,BuyerAgent,Abuja,0,0.0,0.0,,,,,,,,,,
2026-09-01,37,BuyerAgent,Abuja,2,0.0,0.0,,,,,,,,,,
2026-09-01,38,BuyerAgent,Abuja,0,0.0,0.0,,,,,,,,,,
2026-09-01,39,BuyerAgent,Abuja,0,0.0,0.0,,,,,,,,,,
2026-09-01,40,BuyerAgent,Abuja,1,0.0,0.0,,,,,,,,,,
2026-09-01,41,BuyerAgent,Abuja,0,0.0,0.0,,,,,,,,,,
2026-09-01,42,BuyerAgent,Abuja,2,0.0,0.0,,,,,,,,,,
2026-09-01,43,BuyerAgent,Abuja,1,0.0,0.0,,,,,,,,,,
2026-09-01,44,BuyerAgent,Abuja,1,0.0,0.0,,,,,,,,,,
2026-09-01,45,BuyerAgent,Abuja,1,0.0,0.0,,,,,,,,,,
2026-09-01,46,BuyerAgent,Abuja,0,0.0,0.0,,,,,,,,,,
2026-09-01,47,BuyerAgent,Abuja,2,0.0,0.0,,,,,,,,,,
2026-09-01,48,BuyerAgent,Abuja,2,0.0,0.0,,,,,,,,,,
2026-09-01,49,BuyerAgent,Abuja,1,0.0,0.0,,,,,,,,,,
2026-09-01,50,BuyerAgent,Abuja,2,0.0,0.0,,,,,,,,,,
2026-09-01,51,TransporterAgent,Abuja,0,5.25270836264191,-94.74729163735809,,,,,,,,,,
2026-09-01,52,TransporterAgent,Abuja,0,5.25270836264191,-144.7472916373581,,,,,,,,,,
2026-09-01,53,TransporterAgent,Abuja,1,-200.0,-600.0,,,,,,,,,,
2026-09-01,54,TransporterAgent,Abuja,1,-200.0,-144.76825639972046,,,,,,,,,,
2026-09-01,55,TransporterAgent,Abuja,1,-200.0,-189.37070000061112,,,,,,,,,,
2026-09-01,56,TransporterAgent,Abuja,3,50.0,105.39755639910932,,,,,,,,,,
2026-09-01,57,TransporterAgent,Abuja,0,5.25270836264191,110.48445196292145,,,,,,,,,,
2026-09-01,58,TransporterAgent,Abuja,2,100.0,205.3975563991093,,,,,,,,,,
2026-09-01,59,TransporterAgent,Abuja,2,100.0,250.0,,,,,,,,,,
2026-09-01,60,TransporterAgent,Abuja,2,100.0,300.0,,,,,,,,,,
2026-09-01,61,BankingAgent,Abuja,1,-2.6500000000000012,-10.600000000000005,,,,,,,,,,
2026-09-01,62,BankingAgent,Abuja,0,-0.0,-2.6500000000000012,,,,,,,,,,
2026-09-01,63,BankingAgent,Abuja,1,-2.6500000000000012,-15.90000000000001,,,,,,,,,,
2026-09-01,65,TraderAgent,Bauchi,0,0.0,690.8617553710938,479461.8125,Bauchi,False,Onitsha,Onitsha,winning,False,303.61,2.0,False
2026-09-01,66,TraderAgent,Bauchi,1,134.25742070264135,90.73492070264135,308826.09375,Onitsha,True,Onitsha,Onitsha,winning,False,287.63,0.0,True
2026-09-01,67,TraderAgent,Bauchi,3,20.0,6.477499999999999,485973.4375,Bauchi,False,,,losing,False,273.25,0.0,False
2026-09-01,68,TraderAgent,Bauchi,2,-26.5,108.54770234571922,278593.40625,Bauchi,False,Onitsha,Onitsha,winning,False,303.61,1.0,False
2026-09-01,69,TraderAgent,Bauchi,2,-26.5,-16.5,249610.765625,Bauchi,False,,,losing,False,287.63,0.0,False
2026-09-01,70,TraderAgent,Bauchi,0,719.0774536132812,729.0774536132812,450679.8125,Bauchi,False,,Bauchi,losing,False,287.63,1.0,False
2026-09-01,71,TraderAgent,Bauchi,1,134.25742070264135,269.30512304836054,354816.46875,Onitsha,True,Onitsha,Onitsha,winning,False,303.61,1.0,True
2026-09-01,72,TraderAgent,Bauchi,2,-26.5,108.54770234571922,312062.6875,Bauchi,False,Onitsha,Onitsha,winning,False,303.61,1.0,False
2026-09-01,73,TraderAgent,Bauchi,3,20.0,596.267578125,495651.0,Bauchi,False,,Bauchi,winning,False,239.88,1.0,False
2026-09-01,74,TraderAgent,Bauchi,3,20.0,647.6727294921875,269220.03125,Bauchi,False,,Bauchi,winning,False,252.77,1.0,False
2026-09-01,75,TraderAgent,Bauchi,0,719.0774536132812,729.0774536132812,516715.84375,Bauchi,False,,Bauchi,losing,False,287.63,1.0,False
2026-09-01,76,TraderAgent,Bauchi,4,-10.0,125.04770234571922,434312.28125,Bauchi,False,Onitsha,Onitsha,winning,False,303.61,1.0,False
2026-09-01,77,TraderAgent,Bauchi,3,20.0,647.6727294921875,408533.15625,Bauchi,False,,Bauchi,winning,False,252.77,1.0,False
2026-09-01,78,TraderAgent,Bauchi,0,0.0,690.8617553710938,488427.0,Bauchi,False,Onitsha,Onitsha,winning,False,303.61,2.0,False
2026-09-01,79,TraderAgent,Bauchi,1,134.25742070264135,120.73492070264135,468894.71875,Onitsha,True,Onitsha,Onitsha,winning,False,287.63,0.0,True
2026-09-01,80,TraderAgent,Bauchi,3,20.0,30.0,516387.09375,Bauchi,False,,,losing,False,273.25,0.0,False
2026-09-01,81,TraderAgent,Bauchi,1,134.25742070264135,269.30512304836054,299794.375,Onitsha,True,Onitsha,Onitsha,winning,False,303.61,1.0,True
2026-09-01,82,TraderAgent,Bauchi,4,-10.0,566.267578125,445548.4375,Bauchi,False,,Bauchi,winning,False,252.51,1.0,False
2026-09-01,83,TraderAgent,Bauchi,2,-26.5,108.54770234571922,503764.71875,Bauchi,False,Onitsha,Onitsha,winning,False,303.61,1.0,False
2026-09-01,84,TraderAgent,Bauchi,1,134.25742070264135,269.30512304836054,374902.40625,Onitsha,True,Onitsha,Onitsha,winning,False,303.61,1.0,True
2026-09-01,85,BuyerAgent,Bauchi,1,79.8974609375,141.70486450195312,,,,,,,,,,
2026-09-01,86,BuyerAgent,Bauchi,0,79.8974609375,212.55722045898438,,,,,,,,,,
2026-09-01,87,BuyerAgent,Bauchi,2,0.0,70.85235595703125,,,,,,,,,,
2026-09-01,88,BuyerAgent,Bauchi,1,0.0,61.807403564453125,,,,,,,,,,
2026-09-01,89,BuyerAgent,Bauchi,0,0.0,61.807403564453125,,,,,,,,,,
2026-09-01,90,BuyerAgent,Bauchi,1,0.0,0.0,,,,,,,,,,
2026-09-01,91,BuyerAgent,Bauchi,1,0.0,0.0,,,,,,,,,,
2026-09-01,92,BuyerAgent,Bauchi,0,0.0,0.0,,,,,,,,,,
2026-09-01,93,BuyerAgent,Bauchi,0,0.0,0.0,,,,,,,,,,
2026-09-01,94,BuyerAgent,Bauchi,1,0.0,0.0,,,,,,,,,,
2026-09-01,95,BuyerAgent,Bauchi,0,0.0,0.0,,,,,,,,,,
2026-09-01,96,BuyerAgent,Bauchi,2,0.0,0.0,,,,,,,,,,
2026-09-01,97,BuyerAgent,Bauchi,0,0.0,0.0,,,,,,,,,,
2026-09-01,98,BuyerAgent,Bauchi,2,0.0,0.0,,,,,,,,,,
2026-09-01,99,BuyerAgent,Bauchi,0,0.0,0.0,,,,,,,,,,
2026-09-01,100,BuyerAgent,Bauchi,1,0.0,0.0,,,,,,,,,,
2026-09-01,101,BuyerAgent,Bauchi,2,0.0,0.0,,,,,,,,,,
2026-09-01,102,BuyerAgent,Bauchi,1,0.0,0.0,,,,,,,,,,
2026-09-01,103,BuyerAgent,Bauchi,1,0.0,0.0,,,,,,,,,,
2026-09-01,104,BuyerAgent,Bauchi,0,0.0,0.0,,,,,,,,,,
2026-09-01,105,BuyerAgent,Bauchi,0,0.0,0.0,,,,,,,,,,
2026-09-01,106,BuyerAgent,Bauchi,2,0.0,0.0,,,,,,,,,,
2026-09-01,107,BuyerAgent,Bauchi,2,0.0,0.0,,,,,,,,,,
2026-09-01,108,BuyerAgent,Bauchi,1,0.0,0.0,,,,,,,,,,
2026-09-01,109,BuyerAgent,Bauchi,2,0.0,0.0,,,,,,,,,,
2026-09-01,110,BuyerAgent,Bauchi,2,0.0,0.0,,,,,,,,,,
2026-09-01,111,BuyerAgent,Bauchi,2,0.0,0.0,,,,,,,,,,
2026-09-01,112,BuyerAgent,Bauchi,0,0.0,0.0,,,,,,,,,,
2026-09-01,113,BuyerAgent,Bauchi,2,0.0,0.0,,,,,,,,,,
2026-09-01,114,BuyerAgent,Bauchi,2,0.0,0.0,,,,,,,,,,
2026-09-01,115,TransporterAgent,Bauchi,1,-200.0,-150.0,,,,,,,,,,
2026-09-01,116,TransporterAgent,Bauchi,1,-200.0,-200.0,,,,,,,,,,
2026-09-01,117,TransporterAgent,Bauchi,1,-200.0,-100.0,,,,,,,,,,
2026-09-01,118,TransporterAgent,Bauchi,3,50.0,200.0,,,,,,,,,,
2026-09-01,119,TransporterAgent,Bauchi,3,50.0,-100.0,,,,,,,,,,
2026-09-01,120,TransporterAgent,Bauchi,0,0.0,-400.0,,,,,,,,,,
2026-09-01,121,TransporterAgent,Bauchi,1,-200.0,-50.0,,,,,,,,,,
2026-09-01,122,TransporterAgent,Bauchi,1,-200.0,0.0,,,,,,,,,,
2026-09-01,123,TransporterAgent,Bauchi,3,50.0,200.0,,,,,,,,,,
2026-09-01,124,TransporterAgent,Bauchi,2,100.0,300.0,,,,,,,,,,
2026-09-01,125,BankingAgent,Bauchi,0,-0.0,-10.600000000000005,,,,,,,,,,
2026-09-01,126,BankingAgent,Bauchi,0,-0.0,0.0,,,,,,,,,,
2026-09-01,127,BankingAgent,Bauchi,0,-0.0,-7.950000000000005,,,,,,,,,,
2026-09-01,129,TraderAgent,Kano,3,20.0,1437.050048828125,433191.1875,Kano,False,,Kano,winning,False,319.84,2.0,False
2026-09-01,130,TraderAgent,Kano,3,20.0,145.67021004012264,436225.03125,Kano,False,Onitsha,Onitsha,winning,False,362.8,1.0,False
2026-09-01,131,TraderAgent,Kano,1,123.93437081007066,867.5343627929688,409482.09375,Onitsha,True,Onitsha,Onitsha,winning,False,321.6,1.0,True
2026-09-01,132,TraderAgent,Kano,4,-10.0,115.67021004012263,448953.5625,Kano,False,Onitsha,Onitsha,winning,False,381.9,1.0,False
2026-09-01,133,TraderAgent,Kano,4,-10.0,30.0,405992.375,Kano,False,,,losing,False,361.8,0.0,False
2026-09-01,134,TraderAgent,Kano,1,123.93437081007066,927.984375,377002.8125,Onitsha,True,Onitsha,Onitsha,winning,False,336.67,1.0,True
2026-09-01,135,TraderAgent,Kano,4,-10.0,-30.0,442732.4375,Kano,False,,,losing,False,361.8,0.0,False
2026-09-01,136,TraderAgent,Kano,0,1005.0,1130.670166015625,449754.28125,Kano,False,Onitsha,Kano,winning,False,381.9,2.0,False
2026-09-01,137,TraderAgent,Kano,0,904.4998168945312,851.4998168945312,428879.46875,Kano,False,,Kano,losing,False,361.8,1.0,False
2026-09-01,138,TraderAgent,Kano,2,-26.5,807.5499877929688,450100.40625,Kano,False,,Kano,winning,False,336.67,1.0,False
2026-09-01,139,TraderAgent,Kano,2,-26.5,-63.0,449263.625,Kano,False,,,losing,False,361.8,0.0,False
2026-09-01,140,TraderAgent,Kano,3,20.0,763.5999755859375,447182.03125,Kano,False,,Kano,winning,False,305.52,1.0,False
2026-09-01,141,TraderAgent,Kano,2,-26.5,-63.0,464444.125,Kano,False,,,losing,False,361.8,0.0,False
2026-09-01,142,TraderAgent,Kano,1,123.93437081007066,117.43437081007066,457985.03125,Onitsha,True,Onitsha,Onitsha,winning,False,361.8,0.0,True
2026-09-01,143,TraderAgent,Kano,3,20.0,145.67021004012264,451500.84375,Kano,False,Onitsha,Onitsha,winning,False,362.8,1.0,False
2026-09-01,144,TraderAgent,Kano,0,778.8748168945312,2195.9248046875,429028.53125,Kano,False,,Kano,winning,False,336.67,3.0,False
2026-09-01,145,TraderAgent,Kano,4,-10.0,30.0,405936.28125,Kano,False,,,losing,False,361.8,0.0,False
2026-09-01,146,TraderAgent,Kano,0,904.4998168945312,897.9998168945312,429751.09375,Kano,False,,Kano,losing,False,361.8,1.0,False
2026-09-01,147,TraderAgent,Kano,3,20.0,30.0,406967.8125,Kano,False,,,losing,False,343.71,0.0,False
2026-09-01,148,TraderAgent,Kano,0,703.499755859375,1417.0997314453125,469298.71875,Kano,False,,Kano,winning,False,321.6,2.0,False
2026-09-01,149,BuyerAgent,Kano,1,301.500244140625,592.9501342773438,,,,,,,,,,
2026-09-01,150,BuyerAgent,Kano,0,226.12518310546875,306.5252685546875,,,,,,,,,,
2026-09-01,151,BuyerAgent,Kano,2,0.0,291.44989013671875,,,,,,,,,,
2026-09-01,152,BuyerAgent,Kano,1,100.50018310546875,190.95001220703125,,,,,,,,,,
2026-09-01,153,BuyerAgent,Kano,0,100.50018310546875,271.35009765625,,,,,,,,,,
2026-09-01,154,BuyerAgent,Kano,0,0.0,0.0,,,,,,,,,,
2026-09-01,155,BuyerAgent,Kano,0,0.0,80.40008544921875,,,,,,,,,,
2026-09-01,156,BuyerAgent,Kano,2,0.0,0.0,,,,,,,,,,
2026-09-01,157,BuyerAgent,Kano,0,0.0,0.0,,,,,,,,,,
2026-09-01,158,BuyerAgent,Kano,0,0.0,0.0,,,,,,,,,,
2026-09-01,159,BuyerAgent,Kano,0,0.0,0.0,,,,,,,,,,
2026-09-01,160,BuyerAgent,Kano,1,0.0,0.0,,,,,,,,,,
2026-09-01,161,BuyerAgent,Kano,0,0.0,0.0,,,,,,,,,,
2026-09-01,162,BuyerAgent,Kano,2,0.0,0.0,,,,,,,,,,
2026-09-01,163,BuyerAgent,Kano,2,0.0,0.0,,,,,,,,,,
2026-09-01,164,BuyerAgent,Kano,2,0.0,0.0,,,,,,,,,,
2026-09-01,165,BuyerAgent,Kano,1,0.0,0.0,,,,,,,,,,
2026-09-01,166,BuyerAgent,Kano,2,0.0,0.0,,,,,,,,,,
2026-09-01,167,BuyerAgent,Kano,2,0.0,0.0,,,,,,,,,,
2026-09-01,168,BuyerAgent,Kano,1,0.0,0.0,,,,,,,,,,
2026-09-01,169,BuyerAgent,Kano,0,0.0,0.0,,,,,,,,,,
2026-09-01,170,BuyerAgent,Kano,2,0.0,0.0,,,,,,,,,,
2026-09-01,171,BuyerAgent,Kano,2,0.0,0.0,,,,,,,,,,
2026-09-01,172,BuyerAgent,Kano,0,0.0,0.0,,,,,,,,,,
2026-09-01,173,BuyerAgent,Kano,2,0.0,0.0,,,,,,,,,,
2026-09-01,174,BuyerAgent,Kano,0,0.0,0.0,,,,,,,,,,
2026-09-01,175,BuyerAgent,Kano,2,0.0,0.0,,,,,,,,,,
2026-09-01,176,BuyerAgent,Kano,0,0.0,0.0,,,,,,,,,,
2026-09-01,177,BuyerAgent,Kano,0,0.0,0.0,,,,,,,,,,
2026-09-01,178,BuyerAgent,Kano,2,0.0,0.0,,,,,,,,,,
2026-09-01,179,TransporterAgent,Kano,2,100.0,250.0,,,,,,,,,,
2026-09-01,180,TransporterAgent,Kano,3,50.0,200.0,,,,,,,,,,
2026-09-01,181,TransporterAgent,Kano,3,50.0,100.0,,,,,,,,,,
2026-09-01,182,TransporterAgent,Kano,3,50.0,-100.0,,,,,,,,,,
2026-09-01,183,TransporterAgent,Kano,2,100.0,250.0,,,,,,,,,,
2026-09-01,184,TransporterAgent,Kano,3,50.0,200.0,,,,,,,,,,
2026-09-01,185,TransporterAgent,Kano,1,-200.0,-200.0,,,,,,,,,,
2026-09-01,186,TransporterAgent,Kano,2,100.0,300.0,,,,,,,,,,
2026-09-01,187,TransporterAgent,Kano,1,-200.0,-400.0,,,,,,,,,,
2026-09-01,188,TransporterAgent,Kano,1,-200.0,-600.0,,,,,,,,,,
2026-09-01,189,BankingAgent,Kano,2,-1.3250000000000006,-5.3000000000000025,,,,,,,,,,
2026-09-01,190,BankingAgent,Kano,0,-0.0,0.0,,,,,,,,,,
2026-09-01,191,BankingAgent,Kano,0,-0.0,0.0,,,,,,,,,,
2026-09-01,193,TraderAgent,Lagos,4,-10.0,-16.5,503221.96875,Lagos,False,,,losing,False,1221.07,0.0,False
2026-09-01,194,TraderAgent,Lagos,0,5521.3232421875,8282.7177734375,500766.46875,Lagos,False,Onitsha,Onitsha,winning,False,1011.27,2.0,False
2026-09-01,195,TraderAgent,Lagos,0,3052.686767578125,3062.686767578125,503086.03125,Lagos,False,,Lagos,losing,False,1221.07,1.0,False
2026-09-01,196,TraderAgent,Lagos,2,-33.5225,2586.91455078125,489942.71875,Lagos,False,,Lagos,winning,False,1111.78,1.0,False
2026-09-01,197,TraderAgent,Lagos,2,-33.5225,5011.859375,442015.53125,Lagos,False,Onitsha,Onitsha,winning,False,1001.6,1.0,False
2026-09-01,198,TraderAgent,Lagos,2,-33.5225,-36.511250000000004,488726.46875,Lagos,False,,,losing,False,1221.07,0.0,False
2026-09-01,199,TraderAgent,Lagos,1,163.45626669272852,2753.893310546875,490702.8125,Onitsha,True,Onitsha,Onitsha,winning,False,1111.78,1.0,True
2026-09-01,200,TraderAgent,Lagos,1,163.45626669272852,5208.837890625,484407.84375,Onitsha,True,Onitsha,Onitsha,winning,False,1001.6,1.0,True
2026-09-01,201,TraderAgent,Lagos,3,20.0,5065.3818359375,496699.8125,Lagos,False,Onitsha,Onitsha,winning,False,951.52,1.0,False
2026-09-01,202,TraderAgent,Lagos,2,-33.5225,2766.5400390625,505372.09375,Lagos,False,,Lagos,winning,False,1149.47,1.0,False
2026-09-01,203,TraderAgent,Lagos,0,5521.3232421875,8282.7177734375,494853.75,Lagos,False,Onitsha,Onitsha,winning,False,1011.27,2.0,False
2026-09-01,204,TraderAgent,Lagos,4,-10.0,5035.3818359375,439777.84375,Lagos,False,Onitsha,Onitsha,winning,False,1001.6,1.0,False
2026-09-01,205,TraderAgent,Lagos,1,163.45626669272852,2740.904541015625,466913.5625,Onitsha,True,Onitsha,Onitsha,winning,False,1111.78,1.0,True
2026-09-01,206,TraderAgent,Lagos,1,163.45626669272852,130.4675166927285,477609.375,Onitsha,True,Onitsha,Onitsha,losing,False,1221.07,0.0,True
2026-09-01,207,TraderAgent,Lagos,3,20.0,-12.988749999999996,429072.28125,Lagos,False,,,losing,False,1160.02,0.0,False
2026-09-01,208,TraderAgent,Lagos,1,163.45626669272852,160.4675166927285,475038.09375,Onitsha,True,Onitsha,Onitsha,losing,False,1221.07,0.0,True
2026-09-01,209,TraderAgent,Lagos,0,5521.3232421875,8282.7177734375,501029.8125,Lagos,False,Onitsha,Onitsha,winning,False,1011.27,2.0,False
2026-09-01,210,TraderAgent,Lagos,3,20.0,-29.488749999999996,497825.0,Lagos,False,,,losing,False,1160.02,0.0,False
2026-09-01,211,TraderAgent,Lagos,2,-33.5225,-66.51124999999999,500973.625,Lagos,False,,,losing,False,1221.07,0.0,False
2026-09-01,212,TraderAgent,Lagos,1,163.45626669272852,2980.018798828125,483185.1875,Onitsha,True,Onitsha,Onitsha,winning,False,1149.47,1.0,True
2026-09-01,213,BuyerAgent,Lagos,2,0.0,1210.426025390625,,,,,,,,,,
2026-09-01,214,BuyerAgent,Lagos,1,1388.19091796875,2887.554931640625,,,,,,,,,,
2026-09-01,215,BuyerAgent,Lagos,2,0.0,1499.364013671875,,,,,,,,,,
2026-09-01,216,BuyerAgent,Lagos,1,1388.19091796875,2887.554931640625,,,,,,,,,,
2026-09-01,217,BuyerAgent,Lagos,1,1388.19091796875,1702.25341796875,,,,,,,,,,
2026-09-01,218,BuyerAgent,Lagos,2,0.0,288.93798828125,,,,,,,,,,
2026-09-01,219,BuyerAgent,Lagos,0,339.188232421875,653.250732421875,,,,,,,,,,
2026-09-01,220,BuyerAgent,Lagos,2,0.0,288.93798828125,,,,,,,,,,
2026-09-01,221,BuyerAgent,Lagos,2,0.0,288.93798828125,,,,,,,,,,
2026-09-01,222,BuyerAgent,Lagos,2,0.0,0.0,,,,,,,,,,
2026-09-01,223,BuyerAgent,Lagos,0,0.0,0.0,,,,,,,,,,
2026-09-01,224,BuyerAgent,Lagos,2,0.0,0.0,,,,,,,,,,
2026-09-01,225,BuyerAgent,Lagos,1,0.0,0.0,,,,,,,,,,
2026-09-01,226,BuyerAgent,Lagos,1,0.0,0.0,,,,,,,,,,
2026-09-01,227,BuyerAgent,Lagos,0,0.0,0.0,,,,,,,,,,
2026-09-01,228,BuyerAgent,Lagos,1,0.0,0.0,,,,,,,,,,
2026-09-01,229,BuyerAgent,Lagos,0,0.0,0.0,,,,,,,,,,
2026-09-01,230,BuyerAgent,Lagos,2,0.0,0.0,,,,,,,,,,
2026-09-01,231,BuyerAgent,Lagos,1,0.0,0.0,,,,,,,,,,
2026-09-01,232,BuyerAgent,Lagos,0,0.0,0.0,,,,,,,,,,
2026-09-01,233,BuyerAgent,Lagos,0,0.0,0.0,,,,,,,,,,
2026-09-01,234,BuyerAgent,Lagos,1,0.0,0.0,,,,,,,,,,
2026-09-01,235,BuyerAgent,Lagos,2,0.0,0.0,,,,,,,,,,
2026-09-01,236,BuyerAgent,Lagos,0,0.0,0.0,,,,,,,,,,
2026-09-01,237,BuyerAgent,Lagos,2,0.0,0.0,,,,,,,,,,
2026-09-01,238,BuyerAgent,Lagos,0,0.0,0.0,,,,,,,,,,
2026-09-01,239,BuyerAgent,Lagos,0,0.0,0.0,,,,,,,,,,
2026-09-01,240,BuyerAgent,Lagos,1,0.0,0.0,,,,,,,,,,
2026-09-01,241,BuyerAgent,Lagos,0,0.0,0.0,,,,,,,,,,
2026-09-01,242,BuyerAgent,Lagos,2,0.0,0.0,,,,,,,,,,
2026-09-01,243,TransporterAgent,Lagos,3,50.0,200.0,,,,,,,,,,
2026-09-01,244,TransporterAgent,Lagos,1,-200.0,-300.0,,,,,,,,,,
2026-09-01,245,TransporterAgent,Lagos,2,100.0,-50.0,,,,,,,,,,
2026-09-01,246,TransporterAgent,Lagos,2,100.0,207.6495185244225,,,,,,,,,,
2026-09-01,247,TransporterAgent,Lagos,0,7.346821342177436,64.87935985547126,,,,,,,,,,
2026-09-01,248,TransporterAgent,Lagos,0,7.346821342177436,-185.12064014452872,,,,,,,,,,
2026-09-01,249,TransporterAgent,Lagos,0,7.346821342177436,-392.65317865782254,,,,,,,,,,
2026-09-01,250,TransporterAgent,Lagos,1,-200.0,-50.0,,,,,,,,,,
2026-09-01,251,TransporterAgent,Lagos,2,100.0,250.0,,,,,,,,,,
2026-09-01,252,TransporterAgent,Lagos,0,7.346821342177436,-92.65317865782256,,,,,,,,,,
2026-09-01,253,BankingAgent,Lagos,0,-0.0,-10.600000000000005,,,,,,,,,,
2026-09-01,254,BankingAgent,Lagos,1,-2.6500000000000012,-10.600000000000005,,,,,,,,,,
2026-09-01,255,BankingAgent,Lagos,1,-2.6500000000000012,-7.950000000000004,,,,,,,,,,
2026-09-01,257,TraderAgent,Onitsha,0,0.0,105.5205086468556,477908.75,Onitsha,False,Port_Harcourt,Port_Harcourt,losing,False,849.95,1.0,False
2026-09-01,258,TraderAgent,Onitsha,2,-26.5,13.5,488872.8125,Onitsha,False,,,losing,False,805.21,0.0,False
2026-09-01,259,TraderAgent,Onitsha,0,0.0,159.0430086468556,458321.875,Onitsha,False,Port_Harcourt,Port_Harcourt,losing,False,849.95,1.0,False
2026-09-01,260,TraderAgent,Onitsha,0,0.0,129.0430086468556,454856.875,Onitsha,False,Port_Harcourt,Port_Harcourt,losing,False,849.95,1.0,False
2026-09-01,261,TraderAgent,Onitsha,0,2013.0316162109375,2023.0316162109375,505486.84375,Onitsha,False,,Onitsha,losing,False,805.21,1.0,False
2026-09-01,262,TraderAgent,Onitsha,2,-26.5,-70.02250000000001,468154.5625,Onitsha,False,,,losing,False,805.21,0.0,False
2026-09-01,263,TraderAgent,Onitsha,2,-26.5,1960.8956298828125,454655.375,Onitsha,False,,Onitsha,winning,False,780.24,1.0,False
2026-09-01,264,TraderAgent,Onitsha,0,1888.1671142578125,5665.59912109375,487400.625,Onitsha,False,,Onitsha,winning,False,780.24,3.0,False
2026-09-01,265,TraderAgent,Onitsha,0,2236.701171875,2373.89306640625,488468.46875,Onitsha,False,Port_Harcourt,Onitsha,losing,False,849.95,2.0,False
2026-09-01,266,TraderAgent,Onitsha,3,20.0,1979.3634033203125,509113.1875,Onitsha,False,,Onitsha,winning,False,732.04,1.0,False
2026-09-01,267,TraderAgent,Onitsha,4,-10.0,-12.98875,496049.15625,Onitsha,False,,,losing,False,805.21,0.0,False
2026-09-01,268,TraderAgent,Onitsha,0,0.0,129.0430086468556,477921.75,Onitsha,False,Port_Harcourt,Port_Harcourt,losing,False,849.95,1.0,False
2026-09-01,269,TraderAgent,Onitsha,3,20.0,157.1917752571621,474825.125,Onitsha,False,Port_Harcourt,Port_Harcourt,losing,False,807.45,1.0,False
2026-09-01,270,TraderAgent,Onitsha,1,139.60797908224592,276.799754339408,417374.625,Port_Harcourt,True,Port_Harcourt,Port_Harcourt,winning,False,849.95,1.0,True
2026-09-01,271,TraderAgent,Onitsha,0,2013.0316162109375,2023.0316162109375,495119.3125,Onitsha,False,,Onitsha,losing,False,805.21,1.0,False
2026-09-01,272,TraderAgent,Onitsha,4,-10.0,127.1917752571621,469756.15625,Onitsha,False,Port_Harcourt,Port_Harcourt,losing,False,849.95,1.0,False
2026-09-01,273,TraderAgent,Onitsha,2,-26.5,1990.8956298828125,494723.90625,Onitsha,False,,Onitsha,winning,False,780.24,1.0,False
2026-09-01,274,TraderAgent,Onitsha,2,-26.5,1932.8634033203125,471306.53125,Onitsha,False,,Onitsha,winning,False,770.57,1.0,False
2026-09-01,275,TraderAgent,Onitsha,0,0.0,159.0430086468556,440079.1875,Onitsha,False,Port_Harcourt,Port_Harcourt,losing,False,849.95,1.0,False
2026-09-01,276,TraderAgent,Onitsha,3,20.0,0.0,429547.09375,Onitsha,False,,,losing,False,764.95,0.0,False
2026-09-01,277,BuyerAgent,Onitsha,0,348.5345458984375,729.7943115234375,,,,,,,,,,
2026-09-01,278,BuyerAgent,Onitsha,1,223.6700439453125,439.1546630859375,,,,,,,,,,
2026-09-01,279,BuyerAgent,Onitsha,1,223.6700439453125,439.1546630859375,,,,,,,,,,
2026-09-01,280,BuyerAgent,Onitsha,2,0.0,215.484619140625,,,,,,,,,,
2026-09-01,281,BuyerAgent,Onitsha,2,0.0,0.0,,,,,,,,,,
2026-09-01,282,BuyerAgent,Onitsha,2,0.0,0.0,,,,,,,,,,
2026-09-01,283,BuyerAgent,Onitsha,2,0.0,221.9329833984375,,,,,,,,,,
2026-09-01,284,BuyerAgent,Onitsha,2,0.0,0.0,,,,,,,,,,
2026-09-01,285,BuyerAgent,Onitsha,2,0.0,221.9329833984375,,,,,,,,,,
2026-09-01,286,BuyerAgent,Onitsha,1,0.0006103515625,0.0006103515625,,,,,,,,,,
2026-09-01,287,BuyerAgent,Onitsha,1,0.0006103515625,0.0006103515625,,,,,,,,,,
2026-09-01,288,BuyerAgent,Onitsha,0,0.0006103515625,0.0006103515625,,,,,,,,,,
2026-09-01,289,BuyerAgent,Onitsha,0,0.0006103515625,0.0006103515625,,,,,,,,,,
2026-09-01,290,BuyerAgent,Onitsha,2,0.0,0.0,,,,,,,,,,
2026-09-01,291,BuyerAgent,Onitsha,0,0.0006103515625,0.0006103515625,,,,,,,,,,
2026-09-01,292,BuyerAgent,Onitsha,2,0.0,0.0,,,,,,,,,,
2026-09-01,293,BuyerAgent,Onitsha,0,0.0006103515625,0.0006103515625,,,,,,,,,,
2026-09-01,294,BuyerAgent,Onitsha,1,0.0,0.0,,,,,,,,,,
2026-09-01,295,BuyerAgent,Onitsha,0,0.0,0.0,,,,,,,,,,
2026-09-01,296,BuyerAgent,Onitsha,1,0.0,0.0,,,,,,,,,,
2026-09-01,297,BuyerAgent,Onitsha,0,0.0,0.0,,,,,,,,,,
2026-09-01,298,BuyerAgent,Onitsha,1,0.0,0.0,,,,,,,,,,
2026-09-01,299,BuyerAgent,Onitsha,0,0.0,0.0,,,,,,,,,,
2026-09-01,300,BuyerAgent,Onitsha,0,0.0,0.0,,,,,,,,,,
2026-09-01,301,BuyerAgent,Onitsha,2,0.0,0.0,,,,,,,,,,
2026-09-01,302,BuyerAgent,Onitsha,1,0.0,0.0,,,,,,,,,,
2026-09-01,303,BuyerAgent,Onitsha,2,0.0,0.0,,,,,,,,,,
2026-09-01,304,BuyerAgent,Onitsha,2,0.0,0.0,,,,,,,,,,
2026-09-01,305,BuyerAgent,Onitsha,1,0.0,0.0,,,,,,,,,,
2026-09-01,306,BuyerAgent,Onitsha,1,0.0,0.0,,,,,,,,,,
2026-09-01,307,TransporterAgent,Onitsha,3,50.0,150.0,,,,,,,,,,
2026-09-01,308,TransporterAgent,Onitsha,2,100.0,-100.0,,,,,,,,,,
2026-09-01,309,TransporterAgent,Onitsha,1,-200.0,-50.0,,,,,,,,,,
2026-09-01,310,TransporterAgent,Onitsha,0,0.0,100.0,,,,,,,,,,
2026-09-01,311,TransporterAgent,Onitsha,0,0.0,200.0,,,,,,,,,,
2026-09-01,312,TransporterAgent,Onitsha,0,0.0,50.0,,,,,,,,,,
2026-09-01,313,TransporterAgent,Onitsha,0,0.0,-150.0,,,,,,,,,,
2026-09-01,314,TransporterAgent,Onitsha,2,100.0,0.0,,,,,,,,,,
2026-09-01,315,TransporterAgent,Onitsha,1,-200.0,-300.0,,,,,,,,,,
2026-09-01,316,TransporterAgent,Onitsha,3,50.0,50.0,,,,,,,,,,
2026-09-01,317,BankingAgent,Onitsha,2,-1.3250000000000006,-10.600000000000007,,,,,,,,,,
2026-09-01,318,BankingAgent,Onitsha,1,-2.6500000000000012,-10.600000000000005,,,,,,,,,,
2026-09-01,319,BankingAgent,Onitsha,0,-0.0,-7.950000000000005,,,,,,,,,,
2026-09-01,321,TraderAgent,Port_Harcourt,1,135.7007160991443,3151.856689453125,533019.8125,Onitsha,True,Onitsha,Onitsha,winning,False,1195.32,1.0,True
2026-09-01,322,TraderAgent,Port_Harcourt,0,5793.9296875,8925.4677734375,572008.0625,Port_Harcourt,False,Onitsha,Onitsha,winning,False,1028.86,2.0,False
2026-09-01,323,TraderAgent,Port_Harcourt,2,-26.5,2989.656005859375,542511.25,Port_Harcourt,False,,Port_Harcourt,winning,False,1195.32,1.0,False
2026-09-01,324,TraderAgent,Port_Harcourt,3,20.0,30.0,520649.0,Port_Harcourt,False,,,losing,False,1190.1,0.0,False
2026-09-01,325,TraderAgent,Port_Harcourt,3,20.0,5861.08544921875,549626.8125,Port_Harcourt,False,Onitsha,Onitsha,winning,False,968.23,1.0,False
2026-09-01,326,TraderAgent,Port_Harcourt,2,-26.5,-40.0225,547523.9375,Port_Harcourt,False,,,losing,False,1252.73,0.0,False
2026-09-01,327,TraderAgent,Port_Harcourt,0,3131.832275390625,3171.832275390625,541110.5625,Port_Harcourt,False,,Port_Harcourt,losing,False,1252.73,1.0,False
2026-09-01,328,TraderAgent,Port_Harcourt,2,-26.5,2989.656005859375,563483.5,Port_Harcourt,False,,Port_Harcourt,winning,False,1195.32,1.0,False
2026-09-01,329,TraderAgent,Port_Harcourt,1,135.7007160991443,5976.7861328125,531481.1875,Onitsha,True,Onitsha,Onitsha,winning,False,1019.19,1.0,True
2026-09-01,330,TraderAgent,Port_Harcourt,0,1964.117431640625,7805.203125,565560.4375,Port_Harcourt,False,Onitsha,Port_Harcourt,winning,False,1019.19,2.0,False
2026-09-01,331,TraderAgent,Port_Harcourt,0,2844.779052734375,5807.41259765625,548308.125,Port_Harcourt,False,,Port_Harcourt,winning,False,1195.32,2.0,False
2026-09-01,332,TraderAgent,Port_Harcourt,2,-26.5,3003.97216796875,495768.84375,Port_Harcourt,False,,Port_Harcourt,winning,False,1206.63,1.0,False
2026-09-01,333,TraderAgent,Port_Harcourt,0,1964.117431640625,7805.203125,541399.5,Port_Harcourt,False,Onitsha,Port_Harcourt,winning,False,1019.19,2.0,False
2026-09-01,334,TraderAgent,Port_Harcourt,0,5793.9296875,8925.4677734375,559861.1875,Port_Harcourt,False,Onitsha,Onitsha,winning,False,1028.86,2.0,False
2026-09-01,335,TraderAgent,Port_Harcourt,2,-26.5,13.5,525768.6875,Port_Harcourt,False,,,losing,False,1252.73,0.0,False
2026-09-01,336,TraderAgent,Port_Harcourt,0,5793.9296875,5949.3115234375,558885.875,Port_Harcourt,False,Onitsha,Onitsha,losing,False,1028.86,1.0,False
2026-09-01,337,TraderAgent,Port_Harcourt,0,3131.832275390625,3141.832275390625,550450.125,Port_Harcourt,False,,Port_Harcourt,losing,False,1252.73,1.0,False
2026-09-01,338,TraderAgent,Port_Harcourt,2,-26.5,13.5,504465.375,Port_Harcourt,False,,,losing,False,1252.73,0.0,False
2026-09-01,339,TraderAgent,Port_Harcourt,1,135.7007160991443,3189.6953125,534931.8125,Onitsha,True,Onitsha,Onitsha,winning,False,1206.63,1.0,True
2026-09-01,340,TraderAgent,Port_Harcourt,0,1964.117431640625,7805.203125,545131.0,Port_Harcourt,False,Onitsha,Port_Harcourt,winning,False,1019.19,2.0,False
2026-09-01,341,BuyerAgent,Port_Harcourt,2,0.0,332.906494140625,,,,,,,,,,
2026-09-01,342,BuyerAgent,Port_Harcourt,2,0.0,332.906494140625,,,,,,,,,,
2026-09-01,343,BuyerAgent,Port_Harcourt,0,1515.69580078125,3296.4599609375,,,,,,,,,,
2026-09-01,344,BuyerAgent,Port_Harcourt,2,0.0,332.906494140625,,,,,,,,,,
2026-09-01,345,BuyerAgent,Port_Harcourt,1,1515.69580078125,3296.4599609375,,,,,,,,,,
2026-09-01,346,BuyerAgent,Port_Harcourt,1,1515.69580078125,3296.4599609375,,,,,,,,,,
2026-09-01,347,BuyerAgent,Port_Harcourt,0,1467.335205078125,2915.19287109375,,,,,,,,,,
2026-09-01,348,BuyerAgent,Port_Harcourt,1,1467.335205078125,2915.19287109375,,,,,,,,,,
2026-09-01,349,BuyerAgent,Port_Harcourt,1,1467.335205078125,1807.7783203125,,,,,,,,,,
2026-09-01,350,BuyerAgent,Port_Harcourt,1,635.0341796875,975.477294921875,,,,,,,,,,
2026-09-01,351,BuyerAgent,Port_Harcourt,0,347.98095703125,347.98095703125,,,,,,,,,,
2026-09-01,352,BuyerAgent,Port_Harcourt,2,0.0,0.0,,,,,,,,,,
2026-09-01,353,BuyerAgent,Port_Harcourt,2,0.0,0.0,,,,,,,,,,
2026-09-01,354,BuyerAgent,Port_Harcourt,0,347.98095703125,347.98095703125,,,,,,,,,,
2026-09-01,355,BuyerAgent,Port_Harcourt,2,0.0,0.0,,,,,,,,,,
2026-09-01,356,BuyerAgent,Port_Harcourt,2,0.0,0.0,,,,,,,,,,
2026-09-01,357,BuyerAgent,Port_Harcourt,0,0.0,0.0,,,,,,,,,,
2026-09-01,358,BuyerAgent,Port_Harcourt,2,0.0,0.0,,,,,,,,,,
2026-09-01,359,BuyerAgent,Port_Harcourt,2,0.0,0.0,,,,,,,,,,
2026-09-01,360,BuyerAgent,Port_Harcourt,1,0.0,0.0,,,,,,,,,,
2026-09-01,361,BuyerAgent,Port_Harcourt,2,0.0,0.0,,,,,,,,,,
2026-09-01,362,BuyerAgent,Port_Harcourt,0,0.0,0.0,,,,,,,,,,
2026-09-01,363,BuyerAgent,Port_Harcourt,1,0.0,0.0,,,,,,,,,,
2026-09-01,364,BuyerAgent,Port_Harcourt,0,0.0,0.0,,,,,,,,,,
2026-09-01,365,BuyerAgent,Port_Harcourt,1,0.0,0.0,,,,,,,,,,
2026-09-01,366,BuyerAgent,Port_Harcourt,2,0.0,0.0,,,,,,,,,,
2026-09-01,367,BuyerAgent,Port_Harcourt,1,0.0,0.0,,,,,,,,,,
2026-09-01,368,BuyerAgent,Port_Harcourt,2,0.0,0.0,,,,,,,,,,
2026-09-01,369,BuyerAgent,Port_Harcourt,2,0.0,0.0,,,,,,,,,,
2026-09-01,370,BuyerAgent,Port_Harcourt,2,0.0,0.0,,,,,,,,,,
2026-09-01,371,TransporterAgent,Port_Harcourt,3,50.0,-100.0,,,,,,,,,,
2026-09-01,372,TransporterAgent,Port_Harcourt,1,-200.0,-50.0,,,,,,,,,,
2026-09-01,373,TransporterAgent,Port_Harcourt,1,-200.0,-100.0,,,,,,,,,,
2026-09-01,374,TransporterAgent,Port_Harcourt,3,50.0,100.0,,,,,,,,,,
2026-09-01,375,TransporterAgent,Port_Harcourt,0,0.0,-200.0,,,,,,,,,,
2026-09-01,376,TransporterAgent,Port_Harcourt,0,0.0,-200.0,,,,,,,,,,
2026-09-01,377,TransporterAgent,Port_Harcourt,3,50.0,-50.0,,,,,,,,,,
2026-09-01,378,TransporterAgent,Port_Harcourt,0,0.0,50.0,,,,,,,,,,
2026-09-01,379,TransporterAgent,Port_Harcourt,2,100.0,300.0,,,,,,,,,,
2026-09-01,380,TransporterAgent,Port_Harcourt,3,50.0,-100.0,,,,,,,,,,
2026-09-01,381,BankingAgent,Port_Harcourt,0,-0.0,-5.3000000000000025,,,,,,,,,,
2026-09-01,382,BankingAgent,Port_Harcourt,2,-1.3250000000000006,-7.950000000000005,,,,,,,,,,
2026-09-01,383,BankingAgent,Port_Harcourt,0,-0.0,-10.600000000000005,,,,,,,,,,
2026-10-01,1,TraderAgent,Abuja,0,0.0,262.4963079926971,464170.09375,Abuja,False,Onitsha,Onitsha,winning,False,285.0,2.0,False
2026-10-01,2,TraderAgent,Abuja,0,0.0,262.4963079926971,406579.96875,Abuja,False,Onitsha,Onitsha,winning,False,285.0,2.0,False
2026-10-01,3,TraderAgent,Abuja,0,0.0,823.6231079101562,464642.75,Abuja,False,Onitsha,Onitsha,winning,False,285.0,2.0,False
2026-10-01,4,TraderAgent,Abuja,3,20.0,173.87318787104343,450656.625,Abuja,False,Onitsha,Onitsha,winning,False,270.75,1.0,False
2026-10-01,5,TraderAgent,Abuja,0,0.0,262.4963079926971,457883.4375,Abuja,False,Onitsha,Onitsha,winning,False,285.0,2.0,False
2026-10-01,6,TraderAgent,Abuja,0,0.0,262.4963079926971,443530.3125,Abuja,False,Onitsha,Onitsha,winning,False,285.0,2.0,False
2026-10-01,7,TraderAgent,Abuja,4,-10.0,621.4774780273438,401517.09375,Abuja,False,,Abuja,winning,False,262.5,1.0,False
2026-10-01,8,TraderAgent,Abuja,1,126.00991856443085,186.00991856443085,450343.09375,Onitsha,True,Onitsha,Onitsha,winning,False,270.0,0.0,True
2026-10-01,9,TraderAgent,Abuja,0,750.0,871.297607421875,406568.25,Abuja,False,Onitsha,Abuja,winning,False,285.0,2.0,False
2026-10-01,10,TraderAgent,Abuja,0,0.0,793.6231079101562,432047.75,Abuja,False,Onitsha,Onitsha,winning,False,285.0,2.0,False
2026-10-01,11,TraderAgent,Abuja,3,20.0,1470.9901123046875,482665.59375,Abuja,False,,Abuja,winning,False,249.38,2.0,False
2026-10-01,12,TraderAgent,Abuja,0,637.5,1298.9775390625,464193.8125,Abuja,False,,Abuja,winning,False,262.5,2.0,False
2026-10-01,13,TraderAgent,Abuja,4,-10.0,1464.5126953125,495388.71875,Abuja,False,,Abuja,winning,False,262.5,2.0,False
2026-10-01,14,TraderAgent,Abuja,0,0.0,863.9256591796875,471837.0,Abuja,False,Onitsha,Onitsha,winning,False,285.0,2.0,False
2026-10-01,15,TraderAgent,Abuja,0,637.5,1916.4775390625,479645.46875,Abuja,False,,Abuja,winning,False,262.5,3.0,False
2026-10-01,16,TraderAgent,Abuja,3,20.0,681.4774780273438,393292.03125,Abuja,False,,Abuja,winning,False,249.38,1.0,False
2026-10-01,17,TraderAgent,Abuja,0,675.0,735.0,444855.03125,Abuja,False,,Abuja,losing,False,270.0,1.0,False
2026-10-01,18,TraderAgent,Abuja,3,20.0,117.77507687368094,467651.625,Abuja,False,Onitsha,Onitsha,winning,False,270.75,1.0,False
2026-10-01,19,TraderAgent,Abuja,2,-26.5,634.9774780273438,468013.1875,Abuja,False,,Abuja,winning,False,262.5,1.0,False
2026-10-01,20,TraderAgent,Abuja,2,-26.5,873.6226806640625,478364.3125,Abuja,False,Onitsha,Onitsha,winning,False,285.0,2.0,False
2026-10-01,21,BuyerAgent,Abuja,0,112.5,272.92510986328125,,,,,,,,,,
2026-10-01,22,BuyerAgent,Abuja,0,112.5,225.0,,,,,,,,,,
2026-10-01,23,BuyerAgent,Abuja,1,75.0,269.737548828125,,,,,,,,,,
2026-10-01,24,BuyerAgent,Abuja,1,0.0,194.737548828125,,,,,,,,,,
2026-10-01,25,BuyerAgent,Abuja,2,0.0,75.0,,,,,,,,,,
2026-10-01,26,BuyerAgent,Abuja,1,0.0,160.42510986328125,,,,,,,,,,
2026-10-01,27,BuyerAgent,Abuja,1,0.0,0.0,,,,,,,,,,
2026-10-01,28,BuyerAgent,Abuja,1,0.0,75.0,,,,,,,,,,
2026-10-01,29,BuyerAgent,Abuja,1,0.0,0.0,,,,,,,,,,
2026-10-01,30,BuyerAgent,Abuja,1,0.0,75.0,,,,,,,,,,
2026-10-01,31,BuyerAgent,Abuja,1,0.0,0.0,,,,,,,,,,
2026-10-01,32,BuyerAgent,Abuja,1,0.0,0.0,,,,,,,,,,
2026-10-01,33,BuyerAgent,Abuja,1,0.0,0.0,,,,,,,,,,
2026-10-01,34,BuyerAgent,Abuja,0,0.0,0.0,,,,,,,,,,
2026-10-01,35,BuyerAgent,Abuja,0,0.0,0.0,,,,,,,,,,
2026-10-01,36,BuyerAgent,Abuja,2,0.0,0.0,,,,,,,,,,
2026-10-01,37,BuyerAgent,Abuja,1,0.0,0.0,,,,,,,,,,
2026-10-01,38,BuyerAgent,Abuja,0,0.0,0.0,,,,,,,,,,
2026-10-01,39,BuyerAgent,Abuja,1,0.0,0.0,,,,,,,,,,
2026-10-01,40,BuyerAgent,Abuja,1,0.0,0.0,,,,,,,,,,
2026-10-01,41,BuyerAgent,Abuja,1,0.0,0.0,,,,,,,,,,
2026-10-01,42,BuyerAgent,Abuja,2,0.0,0.0,,,,,,,,,,
2026-10-01,43,BuyerAgent,Abuja,2,0.0,0.0,,,,,,,,,,
2026-10-01,44,BuyerAgent,Abuja,1,0.0,0.0,,,,,,,,,,
2026-10-01,45,BuyerAgent,Abuja,2,0.0,0.0,,,,,,,,,,
2026-10-01,46,BuyerAgent,Abuja,0,0.0,0.0,,,,,,,,,,
2026-10-01,47,BuyerAgent,Abuja,1,0.0,0.0,,,,,,,,,,
2026-10-01,48,BuyerAgent,Abuja,2,0.0,0.0,,,,,,,,,,
2026-10-01,49,BuyerAgent,Abuja,2,0.0,0.0,,,,,,,,,,
2026-10-01,50,BuyerAgent,Abuja,0,0.0,0.0,,,,,,,,,,
2026-10-01,51,TransporterAgent,Abuja,2,100.0,5.252708362641911,,,,,,,,,,
2026-10-01,52,TransporterAgent,Abuja,3,50.0,-94.7472916373581,,,,,,,,,,
2026-10-01,53,TransporterAgent,Abuja,3,50.0,-550.0,,,,,,,,,,
2026-10-01,54,TransporterAgent,Abuja,1,-200.0,-344.7682563997205,,,,,,,,,,
2026-10-01,55,TransporterAgent,Abuja,2,100.0,-89.37070000061112,,,,,,,,,,
2026-10-01,56,TransporterAgent,Abuja,1,-200.0,-94.60244360089068,,,,,,,,,,
2026-10-01,57,TransporterAgent,Abuja,2,100.0,210.48445196292147,,,,,,,,,,
2026-10-01,58,TransporterAgent,Abuja,2,100.0,305.3975563991093,,,,,,,,,,
2026-10-01,59,TransporterAgent,Abuja,3,50.0,300.0,,,,,,,,,,
2026-10-01,60,TransporterAgent,Abuja,1,-200.0,100.0,,,,,,,,,,
2026-10-01,61,BankingAgent,Abuja,0,-0.0,-10.600000000000005,,,,,,,,,,
2026-10-01,62,BankingAgent,Abuja,1,-2.6500000000000012,-7.950000000000004,,,,,,,,,,
2026-10-01,63,BankingAgent,Abuja,0,-0.0,-15.90000000000001,,,,,,,,,,
2026-10-01,65,TraderAgent,Bauchi,2,-33.5225,657.3392333984375,479428.28125,Bauchi,False,Onitsha,Onitsha,winning,False,337.98,2.0,False
2026-10-01,66,TraderAgent,Bauchi,0,0.0,90.73492070264135,312383.78125,Bauchi,False,Onitsha,Onitsha,winning,False,337.98,1.0,False
2026-10-01,67,TraderAgent,Bauchi,0,800.482177734375,806.9596557617188,486740.375,Bauchi,False,,Bauchi,losing,False,320.19,1.0,False
2026-10-01,68,TraderAgent,Bauchi,3,20.0,128.54770234571922,278593.40625,Bauchi,False,Onitsha,Onitsha,winning,False,321.08,1.0,False
2026-10-01,69,TraderAgent,Bauchi,4,-10.0,-26.5,249610.765625,Bauchi,False,,,losing,False,320.19,0.0,False
2026-10-01,70,TraderAgent,Bauchi,1,133.8662648178808,862.9437255859375,435296.625,Onitsha,True,Onitsha,Onitsha,winning,False,297.73,1.0,True
2026-10-01,71,TraderAgent,Bauchi,0,0.0,269.30512304836054,358374.15625,Bauchi,False,Onitsha,Onitsha,winning,False,337.98,2.0,False
2026-10-01,72,TraderAgent,Bauchi,1,133.8662648178808,242.4139671636,296679.53125,Onitsha,True,Onitsha,Onitsha,winning,False,337.98,1.0,True
2026-10-01,73,TraderAgent,Bauchi,0,552.4984741210938,1148.76611328125,496169.96875,Bauchi,False,,Bauchi,winning,False,270.6,2.0,False
2026-10-01,74,TraderAgent,Bauchi,0,620.3359985351562,1268.0087890625,269806.84375,Bauchi,False,,Bauchi,winning,False,284.16,2.0,False
2026-10-01,75,TraderAgent,Bauchi,4,-10.0,719.0774536132812,516715.84375,Bauchi,False,,Bauchi,winning,False,297.73,1.0,False
2026-10-01,76,TraderAgent,Bauchi,4,-10.0,115.04770234571922,434312.28125,Bauchi,False,Onitsha,Onitsha,winning,False,337.98,1.0,False
2026-10-01,77,TraderAgent,Bauchi,0,620.3359985351562,1268.0087890625,409119.96875,Bauchi,False,,Bauchi,winning,False,284.16,2.0,False
2026-10-01,78,TraderAgent,Bauchi,0,889.4247436523438,1580.2864990234375,489282.875,Bauchi,False,Onitsha,Bauchi,winning,False,337.98,3.0,False
2026-10-01,79,TraderAgent,Bauchi,0,0.0,120.73492070264135,472452.40625,Bauchi,False,Onitsha,Onitsha,winning,False,337.98,1.0,False
2026-10-01,80,TraderAgent,Bauchi,1,133.8662648178808,163.8662648178808,501003.90625,Onitsha,True,Onitsha,Onitsha,winning,False,320.19,0.0,True
2026-10-01,81,TraderAgent,Bauchi,0,0.0,269.30512304836054,303352.0625,Bauchi,False,Onitsha,Onitsha,winning,False,337.98,2.0,False
2026-10-01,82,TraderAgent,Bauchi,4,-10.0,556.267578125,445548.4375,Bauchi,False,,Bauchi,winning,False,270.6,1.0,False
2026-10-01,83,TraderAgent,Bauchi,1,133.8662648178808,242.4139671636,488381.5625,Onitsha,True,Onitsha,Onitsha,winning,False,337.98,1.0,True
2026-10-01,84,TraderAgent,Bauchi,0,0.0,269.30512304836054,378460.09375,Bauchi,False,Onitsha,Onitsha,winning,False,337.98,2.0,False
2026-10-01,85,BuyerAgent,Bauchi,0,336.92626953125,478.6311340332031,,,,,,,,,,
2026-10-01,86,BuyerAgent,Bauchi,0,269.0887451171875,481.6459655761719,,,,,,,,,,
2026-10-01,87,BuyerAgent,Bauchi,2,0.0,70.85235595703125,,,,,,,,,,
2026-10-01,88,BuyerAgent,Bauchi,0,269.0887451171875,330.8961486816406,,,,,,,,,,
2026-10-01,89,BuyerAgent,Bauchi,1,88.94256591796875,150.74996948242188,,,,,,,,,,
2026-10-01,90,BuyerAgent,Bauchi,1,0.0,0.0,,,,,,,,,,
2026-10-01,91,BuyerAgent,Bauchi,0,0.0,0.0,,,,,,,,,,
2026-10-01,92,BuyerAgent,Bauchi,2,0.0,0.0,,,,,,,,,,
2026-10-01,93,BuyerAgent,Bauchi,0,0.0,0.0,,,,,,,,,,
2026-10-01,94,BuyerAgent,Bauchi,1,0.0,0.0,,,,,,,,,,
2026-10-01,95,BuyerAgent,Bauchi,1,0.0,0.0,,,,,,,,,,
2026-10-01,96,BuyerAgent,Bauchi,1,0.0,0.0,,,,,,,,,,
2026-10-01,97,BuyerAgent,Bauchi,0,0.0,0.0,,,,,,,,,,
2026-10-01,98,BuyerAgent,Bauchi,2,0.0,0.0,,,,,,,,,,
2026-10-01,99,BuyerAgent,Bauchi,0,0.0,0.0,,,,,,,,,,
2026-10-01,100,BuyerAgent,Bauchi,1,0.0,0.0,,,,,,,,,,
2026-10-01,101,BuyerAgent,Bauchi,0,0.0,0.0,,,,,,,,,,
2026-10-01,102,BuyerAgent,Bauchi,2,0.0,0.0,,,,,,,,,,
2026-10-01,103,BuyerAgent,Bauchi,1,0.0,0.0,,,,,,,,,,
2026-10-01,104,BuyerAgent,Bauchi,1,0.0,0.0,,,,,,,,,,
2026-10-01,105,BuyerAgent,Bauchi,0,0.0,0.0,,,,,,,,,,
2026-10-01,106,BuyerAgent,Bauchi,1,0.0,0.0,,,,,,,,,,
2026-10-01,107,BuyerAgent,Bauchi,1,0.0,0.0,,,,,,,,,,
2026-10-01,108,BuyerAgent,Bauchi,1,0.0,0.0,,,,,,,,,,
2026-10-01,109,BuyerAgent,Bauchi,0,0.0,0.0,,,,,,,,,,
2026-10-01,110,BuyerAgent,Bauchi,2,0.0,0.0,,,,,,,,,,
2026-10-01,111,BuyerAgent,Bauchi,2,0.0,0.0,,,,,,,,,,
2026-10-01,112,BuyerAgent,Bauchi,0,0.0,0.0,,,,,,,,,,
2026-10-01,113,BuyerAgent,Bauchi,2,0.0,0.0,,,,,,,,,,
2026-10-01,114,BuyerAgent,Bauchi,2,0.0,0.0,,,,,,,,,,
2026-10-01,115,TransporterAgent,Bauchi,3,50.0,-100.0,,,,,,,,,,
2026-10-01,116,TransporterAgent,Bauchi,1,-200.0,-400.0,,,,,,,,,,
2026-10-01,117,TransporterAgent,Bauchi,2,100.0,0.0,,,,,,,,,,
2026-10-01,118,TransporterAgent,Bauchi,2,100.0,300.0,,,,,,,,,,
2026-10-01,119,TransporterAgent,Bauchi,0,0.0,-100.0,,,,,,,,,,
2026-10-01,120,TransporterAgent,Bauchi,3,50.0,-350.0,,,,,,,,,,
2026-10-01,121,TransporterAgent,Bauchi,3,50.0,0.0,,,,,,,,,,
2026-10-01,122,TransporterAgent,Bauchi,1,-200.0,-200.0,,,,,,,,,,
2026-10-01,123,TransporterAgent,Bauchi,1,-200.0,0.0,,,,,,,,,,
2026-10-01,124,TransporterAgent,Bauchi,3,50.0,350.0,,,,,,,,,,
2026-10-01,125,BankingAgent,Bauchi,1,-2.6500000000000012,-15.90000000000001,,,,,,,,,,
2026-10-01,126,BankingAgent,Bauchi,0,-0.0,0.0,,,,,,,,,,
2026-10-01,127,BankingAgent,Bauchi,1,-2.6500000000000012,-13.250000000000007,,,,,,,,,,
2026-10-01,129,TraderAgent,Kano,4,-10.0,1427.050048828125,433191.1875,Kano,False,,Kano,winning,False,356.77,2.0,False
2026-10-01,130,TraderAgent,Kano,0,1105.500244140625,1251.17041015625,437297.0,Kano,False,Onitsha,Kano,winning,False,420.09,2.0,False
2026-10-01,131,TraderAgent,Kano,0,0.0,867.5343627929688,413904.09375,Kano,False,Onitsha,Onitsha,winning,False,420.09,2.0,False
2026-10-01,132,TraderAgent,Kano,3,20.0,135.67021004012264,448953.5625,Kano,False,Onitsha,Onitsha,losing,False,399.09,1.0,False
2026-10-01,133,TraderAgent,Kano,4,-10.0,20.0,405992.375,Kano,False,,,losing,False,397.98,0.0,False
2026-10-01,134,TraderAgent,Kano,0,0.0,927.984375,381424.8125,Kano,False,Onitsha,Onitsha,winning,False,420.09,2.0,False
2026-10-01,135,TraderAgent,Kano,1,123.72166763634478,93.72166763634478,424355.3125,Onitsha,True,Onitsha,Onitsha,losing,False,397.98,0.0,True
2026-10-01,136,TraderAgent,Kano,0,864.3002319335938,1994.970458984375,450585.09375,Kano,False,Onitsha,Kano,winning,False,371.85,3.0,False
2026-10-01,137,TraderAgent,Kano,4,-10.0,841.4998168945312,428879.46875,Kano,False,,Kano,winning,False,371.85,1.0,False
2026-10-01,138,TraderAgent,Kano,3,20.0,827.5499877929688,450100.40625,Kano,False,,Kano,winning,False,338.94,1.0,False
2026-10-01,139,TraderAgent,Kano,4,-10.0,-73.0,449263.625,Kano,False,,,losing,False,397.98,0.0,False
2026-10-01,140,TraderAgent,Kano,1,123.72166763634478,887.3216552734375,428804.90625,Onitsha,True,Onitsha,Onitsha,winning,False,341.7,1.0,True
2026-10-01,141,TraderAgent,Kano,4,-10.0,-73.0,464444.125,Kano,False,,,losing,False,397.98,0.0,False
2026-10-01,142,TraderAgent,Kano,0,0.0,117.43437081007066,462407.03125,Kano,False,Onitsha,Onitsha,losing,False,420.09,1.0,False
2026-10-01,143,TraderAgent,Kano,2,-33.5225,112.14771004012263,451467.3125,Kano,False,Onitsha,Onitsha,losing,False,420.09,1.0,False
2026-10-01,144,TraderAgent,Kano,1,123.72166763634478,2319.646484375,410651.40625,Onitsha,True,Onitsha,Onitsha,winning,False,371.85,3.0,True
2026-10-01,145,TraderAgent,Kano,4,-10.0,20.0,405936.28125,Kano,False,,,losing,False,397.98,0.0,False
2026-10-01,146,TraderAgent,Kano,4,-10.0,887.9998168945312,429751.09375,Kano,False,,Kano,winning,False,371.85,1.0,False
2026-10-01,147,TraderAgent,Kano,0,994.9502563476562,1024.9501953125,407929.1875,Kano,False,,Kano,losing,False,397.98,1.0,False
2026-10-01,148,TraderAgent,Kano,3,20.0,1437.0997314453125,469298.71875,Kano,False,,Kano,winning,False,353.26,2.0,False
2026-10-01,149,BuyerAgent,Kano,2,0.0,592.9501342773438,,,,,,,,,,
2026-10-01,150,BuyerAgent,Kano,2,0.0,306.5252685546875,,,,,,,,,,
2026-10-01,151,BuyerAgent,Kano,2,0.0,291.44989013671875,,,,,,,,,,
2026-10-01,152,BuyerAgent,Kano,0,241.199951171875,432.14996337890625,,,,,,,,,,
2026-10-01,153,BuyerAgent,Kano,1,110.5499267578125,381.9000244140625,,,,,,,,,,
2026-10-01,154,BuyerAgent,Kano,1,0.0,0.0,,,,,,,,,,
2026-10-01,155,BuyerAgent,Kano,0,0.0,80.40008544921875,,,,,,,,,,
2026-10-01,156,BuyerAgent,Kano,0,0.0,0.0,,,,,,,,,,
2026-10-01,157,BuyerAgent,Kano,1,0.0,0.0,,,,,,,,,,
2026-10-01,158,BuyerAgent,Kano,0,0.0,0.0,,,,,,,,,,
2026-10-01,159,BuyerAgent,Kano,0,0.0,0.0,,,,,,,,,,
2026-10-01,160,BuyerAgent,Kano,1,0.0,0.0,,,,,,,,,,
2026-10-01,161,BuyerAgent,Kano,0,0.0,0.0,,,,,,,,,,
2026-10-01,162,BuyerAgent,Kano,2,0.0,0.0,,,,,,,,,,
2026-10-01,163,BuyerAgent,Kano,1,0.0,0.0,,,,,,,,,,
2026-10-01,164,BuyerAgent,Kano,1,0.0,0.0,,,,,,,,,,
2026-10-01,165,BuyerAgent,Kano,2,0.0,0.0,,,,,,,,,,
2026-10-01,166,BuyerAgent,Kano,1,0.0,0.0,,,,,,,,,,
2026-10-01,167,BuyerAgent,Kano,1,0.0,0.0,,,,,,,,,,
2026-10-01,168,BuyerAgent,Kano,0,0.0,0.0,,,,,,,,,,
2026-10-01,169,BuyerAgent,Kano,2,0.0,0.0,,,,,,,,,,
2026-10-01,170,BuyerAgent,Kano,2,0.0,0.0,,,,,,,,,,
2026-10-01,171,BuyerAgent,Kano,1,0.0,0.0,,,,,,,,,,
2026-10-01,172,BuyerAgent,Kano,0,0.0,0.0,,,,,,,,,,
2026-10-01,173,BuyerAgent,Kano,1,0.0,0.0,,,,,,,,,,
2026-10-01,174,BuyerAgent,Kano,1,0.0,0.0,,,,,,,,,,
2026-10-01,175,BuyerAgent,Kano,1,0.0,0.0,,,,,,,,,,
2026-10-01,176,BuyerAgent,Kano,0,0.0,0.0,,,,,,,,,,
2026-10-01,177,BuyerAgent,Kano,0,0.0,0.0,,,,,,,,,,
2026-10-01,178,BuyerAgent,Kano,2,0.0,0.0,,,,,,,,,,
2026-10-01,179,TransporterAgent,Kano,1,-200.0,50.0,,,,,,,,,,
2026-10-01,180,TransporterAgent,Kano,2,100.0,300.0,,,,,,,,,,
2026-10-01,181,TransporterAgent,Kano,1,-200.0,-100.0,,,,,,,,,,
2026-10-01,182,TransporterAgent,Kano,1,-200.0,-300.0,,,,,,,,,,
2026-10-01,183,TransporterAgent,Kano,0,0.0,250.0,,,,,,,,,,
2026-10-01,184,TransporterAgent,Kano,2,100.0,300.0,,,,,,,,,,
2026-10-01,185,TransporterAgent,Kano,3,50.0,-150.0,,,,,,,,,,
2026-10-01,186,TransporterAgent,Kano,3,50.0,350.0,,,,,,,,,,
2026-10-01,187,TransporterAgent,Kano,0,0.0,-400.0,,,,,,,,,,
2026-10-01,188,TransporterAgent,Kano,1,-200.0,-800.0,,,,,,,,,,
2026-10-01,189,BankingAgent,Kano,1,-2.6500000000000012,-10.600000000000005,,,,,,,,,,
2026-10-01,190,BankingAgent,Kano,0,-0.0,0.0,,,,,,,,,,
2026-10-01,191,BankingAgent,Kano,1,-2.6500000000000012,-5.3000000000000025,,,,,,,,,,
2026-10-01,193,TraderAgent,Lagos,2,-33.5225,-50.0225,503188.4375,Lagos,False,,,losing,False,1311.52,0.0,False
2026-10-01,194,TraderAgent,Lagos,0,2028.80859375,10311.5263671875,502761.75,Lagos,False,Onitsha,Lagos,winning,False,1061.52,3.0,False
2026-10-01,195,TraderAgent,Lagos,0,2908.2177734375,5970.904296875,505960.71875,Lagos,False,,Lagos,winning,False,1237.41,2.0,False
2026-10-01,196,TraderAgent,Lagos,1,165.62801529282356,2752.54248046875,476597.625,Onitsha,True,Onitsha,Onitsha,winning,False,1162.03,1.0,True
2026-10-01,197,TraderAgent,Lagos,2,-33.5225,4978.3369140625,441981.96875,Lagos,False,Onitsha,Onitsha,winning,False,1051.85,1.0,False
2026-10-01,198,TraderAgent,Lagos,1,165.62801529282356,129.11676529282357,475381.4375,Onitsha,True,Onitsha,Onitsha,losing,False,1311.52,0.0,True
2026-10-01,199,TraderAgent,Lagos,0,6261.1103515625,9015.00390625,503674.03125,Lagos,False,Onitsha,Onitsha,winning,False,1064.13,2.0,False
2026-10-01,200,TraderAgent,Lagos,0,6261.1103515625,11469.9482421875,497379.09375,Lagos,False,Onitsha,Onitsha,winning,False,1064.13,2.0,False
2026-10-01,201,TraderAgent,Lagos,1,165.62801529282356,5231.009765625,483354.71875,Onitsha,True,Onitsha,Onitsha,winning,False,1051.85,1.0,True
2026-10-01,202,TraderAgent,Lagos,1,165.62801529282356,2932.16796875,492027.03125,Onitsha,True,Onitsha,Onitsha,winning,False,1199.72,1.0,True
2026-10-01,203,TraderAgent,Lagos,4,-10.0,8272.7177734375,494853.75,Lagos,False,Onitsha,Onitsha,winning,False,1061.52,2.0,False
2026-10-01,204,TraderAgent,Lagos,1,165.62801529282356,5201.009765625,426432.8125,Onitsha,True,Onitsha,Onitsha,winning,False,1051.85,1.0,True
2026-10-01,205,TraderAgent,Lagos,0,6261.1103515625,9002.0146484375,479884.8125,Lagos,False,Onitsha,Onitsha,winning,False,1064.13,2.0,False
2026-10-01,206,TraderAgent,Lagos,0,6261.1103515625,6391.57763671875,490580.59375,Lagos,False,Onitsha,Onitsha,losing,False,1064.13,1.0,False
2026-10-01,207,TraderAgent,Lagos,3,20.0,7.011250000000004,429072.28125,Lagos,False,,,losing,False,1245.95,0.0,False
2026-10-01,208,TraderAgent,Lagos,0,6261.1103515625,6421.57763671875,488009.28125,Lagos,False,Onitsha,Onitsha,losing,False,1064.13,1.0,False
2026-10-01,209,TraderAgent,Lagos,3,20.0,8302.7177734375,501029.8125,Lagos,False,Onitsha,Onitsha,winning,False,1008.45,2.0,False
2026-10-01,210,TraderAgent,Lagos,2,-33.5225,-63.01125,497791.46875,Lagos,False,,,losing,False,1311.52,0.0,False
2026-10-01,211,TraderAgent,Lagos,4,-10.0,-76.51124999999999,500973.625,Lagos,False,,,losing,False,1311.52,0.0,False
2026-10-01,212,TraderAgent,Lagos,0,6261.1103515625,9241.12890625,496156.4375,Lagos,False,Onitsha,Onitsha,winning,False,1064.13,2.0,False
2026-10-01,213,BuyerAgent,Lagos,1,1614.31640625,2824.742431640625,,,,,,,,,,
2026-10-01,214,BuyerAgent,Lagos,1,1601.28662109375,4488.841796875,,,,,,,,,,
2026-10-01,215,BuyerAgent,Lagos,1,1601.28662109375,3100.650634765625,,,,,,,,,,
2026-10-01,216,BuyerAgent,Lagos,2,0.0,2887.554931640625,,,,,,,,,,
2026-10-01,217,BuyerAgent,Lagos,0,1601.28662109375,3303.5400390625,,,,,,,,,,
2026-10-01,218,BuyerAgent,Lagos,0,1601.28662109375,1890.224609375,,,,,,,,,,
2026-10-01,219,BuyerAgent,Lagos,0,1601.28662109375,2254.537353515625,,,,,,,,,,
2026-10-01,220,BuyerAgent,Lagos,2,0.0,288.93798828125,,,,,,,,,,
2026-10-01,221,BuyerAgent,Lagos,0,1601.28662109375,1890.224609375,,,,,,,,,,
2026-10-01,222,BuyerAgent,Lagos,2,0.0,0.0,,,,,,,,,,
2026-10-01,223,BuyerAgent,Lagos,1,734.9072265625,734.9072265625,,,,,,,,,,
2026-10-01,224,BuyerAgent,Lagos,2,0.0,0.0,,,,,,,,,,
2026-10-01,225,BuyerAgent,Lagos,2,0.0,0.0,,,,,,,,,,
2026-10-01,226,BuyerAgent,Lagos,2,0.0,0.0,,,,,,,,,,
2026-10-01,227,BuyerAgent,Lagos,1,0.0,0.0,,,,,,,,,,
2026-10-01,228,BuyerAgent,Lagos,1,0.0,0.0,,,,,,,,,,
2026-10-01,229,BuyerAgent,Lagos,2,0.0,0.0,,,,,,,,,,
2026-10-01,230,BuyerAgent,Lagos,2,0.0,0.0,,,,,,,,,,
2026-10-01,231,BuyerAgent,Lagos,1,0.0,0.0,,,,,,,,,,
2026-10-01,232,BuyerAgent,Lagos,1,0.0,0.0,,,,,,,,,,
2026-10-01,233,BuyerAgent,Lagos,2,0.0,0.0,,,,,,,,,,
2026-10-01,234,BuyerAgent,Lagos,0,0.0,0.0,,,,,,,,,,
2026-10-01,235,BuyerAgent,Lagos,2,0.0,0.0,,,,,,,,,,
2026-10-01,236,BuyerAgent,Lagos,0,0.0,0.0,,,,,,,,,,
2026-10-01,237,BuyerAgent,Lagos,0,0.0,0.0,,,,,,,,,,
2026-10-01,238,BuyerAgent,Lagos,1,0.0,0.0,,,,,,,,,,
2026-10-01,239,BuyerAgent,Lagos,1,0.0,0.0,,,,,,,,,,
2026-10-01,240,BuyerAgent,Lagos,0,0.0,0.0,,,,,,,,,,
2026-10-01,241,BuyerAgent,Lagos,1,0.0,0.0,,,,,,,,,,
2026-10-01,242,BuyerAgent,Lagos,1,0.0,0.0,,,,,,,,,,
2026-10-01,243,TransporterAgent,Lagos,2,100.0,300.0,,,,,,,,,,
2026-10-01,244,TransporterAgent,Lagos,1,-200.0,-500.0,,,,,,,,,,
2026-10-01,245,TransporterAgent,Lagos,2,100.0,50.0,,,,,,,,,,
2026-10-01,246,TransporterAgent,Lagos,3,50.0,257.6495185244225,,,,,,,,,,
2026-10-01,247,TransporterAgent,Lagos,2,100.0,164.87935985547125,,,,,,,,,,
2026-10-01,248,TransporterAgent,Lagos,1,-200.0,-385.1206401445287,,,,,,,,,,
2026-10-01,249,TransporterAgent,Lagos,0,7.090767624815621,-385.5624110330069,,,,,,,,,,
2026-10-01,250,TransporterAgent,Lagos,1,-200.0,-250.0,,,,,,,,,,
2026-10-01,251,TransporterAgent,Lagos,3,50.0,300.0,,,,,,,,,,
2026-10-01,252,TransporterAgent,Lagos,0,7.090767624815621,-85.56241103300694,,,,,,,,,,
2026-10-01,253,BankingAgent,Lagos,0,-0.0,-10.600000000000005,,,,,,,,,,
2026-10-01,254,BankingAgent,Lagos,2,-1.3250000000000006,-13.250000000000007,,,,,,,,,,
2026-10-01,255,BankingAgent,Lagos,1,-2.6500000000000012,-13.250000000000007,,,,,,,,,,
2026-10-01,257,TraderAgent,Onitsha,0,2235.73193359375,2341.25244140625,480110.96875,Onitsha,False,Port_Harcourt,Onitsha,losing,False,849.58,2.0,False
2026-10-01,258,TraderAgent,Onitsha,2,-33.5225,-20.0225,488839.25,Onitsha,False,,,losing,False,804.86,0.0,False
2026-10-01,259,TraderAgent,Onitsha,4,-10.0,149.0430086468556,458321.875,Onitsha,False,Port_Harcourt,Port_Harcourt,losing,False,849.58,1.0,False
2026-10-01,260,TraderAgent,Onitsha,2,-33.5225,95.5205086468556,454823.375,Onitsha,False,Port_Harcourt,Port_Harcourt,losing,False,849.58,1.0,False
2026-10-01,261,TraderAgent,Onitsha,3,20.0,2043.0316162109375,505486.84375,Onitsha,False,,Onitsha,winning,False,743.52,1.0,False
2026-10-01,262,TraderAgent,Onitsha,1,139.8708250634104,69.84832506341039,455257.1875,Port_Harcourt,True,Port_Harcourt,Port_Harcourt,losing,False,804.86,0.0,True
2026-10-01,263,TraderAgent,Onitsha,4,-10.0,1950.8956298828125,454655.375,Onitsha,False,,Onitsha,winning,False,780.05,1.0,False
2026-10-01,264,TraderAgent,Onitsha,2,-33.5225,5632.07666015625,487367.09375,Onitsha,False,,Onitsha,winning,False,782.65,3.0,False
2026-10-01,265,TraderAgent,Onitsha,4,-10.0,2363.89306640625,488468.46875,Onitsha,False,Port_Harcourt,Onitsha,winning,False,782.65,2.0,False
2026-10-01,266,TraderAgent,Onitsha,2,-33.5225,1945.8409423828125,509079.625,Onitsha,False,,Onitsha,winning,False,770.37,1.0,False
2026-10-01,267,TraderAgent,Onitsha,2,-33.5225,-46.511250000000004,496015.625,Onitsha,False,,,losing,False,804.86,0.0,False
2026-10-01,268,TraderAgent,Onitsha,3,20.0,149.0430086468556,477921.75,Onitsha,False,Port_Harcourt,Port_Harcourt,losing,False,807.1,1.0,False
2026-10-01,269,TraderAgent,Onitsha,4,-10.0,147.1917752571621,474825.125,Onitsha,False,Port_Harcourt,Port_Harcourt,losing,False,849.58,1.0,False
2026-10-01,270,TraderAgent,Onitsha,0,0.0,276.799754339408,426317.59375,Onitsha,False,Port_Harcourt,Port_Harcourt,winning,False,849.58,2.0,False
2026-10-01,271,TraderAgent,Onitsha,1,139.8708250634104,2162.90234375,482221.96875,Port_Harcourt,True,Port_Harcourt,Port_Harcourt,winning,False,782.65,1.0,True
2026-10-01,272,TraderAgent,Onitsha,4,-10.0,117.1917752571621,469756.15625,Onitsha,False,Port_Harcourt,Port_Harcourt,losing,False,849.58,1.0,False
2026-10-01,273,TraderAgent,Onitsha,1,139.8708250634104,2130.766357421875,481826.59375,Port_Harcourt,True,Port_Harcourt,Port_Harcourt,winning,False,780.05,1.0,True
2026-10-01,274,TraderAgent,Onitsha,4,-10.0,1922.8634033203125,471306.53125,Onitsha,False,,Onitsha,winning,False,770.37,1.0,False
2026-10-01,275,TraderAgent,Onitsha,0,2235.73193359375,2394.77490234375,442281.4375,Onitsha,False,Port_Harcourt,Onitsha,losing,False,849.58,2.0,False
2026-10-01,276,TraderAgent,Onitsha,4,-10.0,-10.0,429547.09375,Onitsha,False,,,losing,False,804.86,0.0,False
2026-10-01,277,BuyerAgent,Onitsha,0,0.0,729.7943115234375,,,,,,,,,,
2026-10-01,278,BuyerAgent,Onitsha,1,0.0,439.1546630859375,,,,,,,,,,
2026-10-01,279,BuyerAgent,Onitsha,1,0.0,439.1546630859375,,,,,,,,,,
2026-10-01,280,BuyerAgent,Onitsha,0,0.0,215.484619140625,,,,,,,,,,
2026-10-01,281,BuyerAgent,Onitsha,2,0.0,0.0,,,,,,,,,,
2026-10-01,282,BuyerAgent,Onitsha,2,0.0,0.0,,,,,,,,,,
2026-10-01,283,BuyerAgent,Onitsha,1,0.0,221.9329833984375,,,,,,,,,,
2026-10-01,284,BuyerAgent,Onitsha,0,0.0,0.0,,,,,,,,,,
2026-10-01,285,BuyerAgent,Onitsha,0,0.0,221.9329833984375,,,,,,,,,,
2026-10-01,286,BuyerAgent,Onitsha,1,0.0,0.0006103515625,,,,,,,,,,
2026-10-01,287,BuyerAgent,Onitsha,2,0.0,0.0006103515625,,,,,,,,,,
2026-10-01,288,BuyerAgent,Onitsha,1,0.0,0.0006103515625,,,,,,,,,,
2026-10-01,289,BuyerAgent,Onitsha,2,0.0,0.0006103515625,,,,,,,,,,
2026-10-01,290,BuyerAgent,Onitsha,2,0.0,0.0,,,,,,,,,,
2026-10-01,291,BuyerAgent,Onitsha,0,0.0,0.0006103515625,,,,,,,,,,
2026-10-01,292,BuyerAgent,Onitsha,2,0.0,0.0,,,,,,,,,,
2026-10-01,293,BuyerAgent,Onitsha,1,0.0,0.0006103515625,,,,,,,,,,
2026-10-01,294,BuyerAgent,Onitsha,0,0.0,0.0,,,,,,,,,,
2026-10-01,295,BuyerAgent,Onitsha,2,0.0,0.0,,,,,,,,,,
2026-10-01,296,BuyerAgent,Onitsha,2,0.0,0.0,,,,,,,,,,
2026-10-01,297,BuyerAgent,Onitsha,2,0.0,0.0,,,,,,,,,,
2026-10-01,298,BuyerAgent,Onitsha,1,0.0,0.0,,,,,,,,,,
2026-10-01,299,BuyerAgent,Onitsha,1,0.0,0.0,,,,,,,,,,
2026-10-01,300,BuyerAgent,Onitsha,0,0.0,0.0,,,,,,,,,,
2026-10-01,301,BuyerAgent,Onitsha,2,0.0,0.0,,,,,,,,,,
2026-10-01,302,BuyerAgent,Onitsha,1,0.0,0.0,,,,,,,,,,
2026-10-01,303,BuyerAgent,Onitsha,1,0.0,0.0,,,,,,,,,,
2026-10-01,304,BuyerAgent,Onitsha,0,0.0,0.0,,,,,,,,,,
2026-10-01,305,BuyerAgent,Onitsha,2,0.0,0.0,,,,,,,,,,
2026-10-01,306,BuyerAgent,Onitsha,0,0.0,0.0,,,,,,,,,,
2026-10-01,307,TransporterAgent,Onitsha,1,-200.0,-50.0,,,,,,,,,,
2026-10-01,308,TransporterAgent,Onitsha,3,50.0,-50.0,,,,,,,,,,
2026-10-01,309,TransporterAgent,Onitsha,0,0.0,-50.0,,,,,,,,,,
2026-10-01,310,TransporterAgent,Onitsha,3,50.0,150.0,,,,,,,,,,
2026-10-01,311,TransporterAgent,Onitsha,0,0.0,200.0,,,,,,,,,,
2026-10-01,312,TransporterAgent,Onitsha,1,-200.0,-150.0,,,,,,,,,,
2026-10-01,313,TransporterAgent,Onitsha,1,-200.0,-350.0,,,,,,,,,,
2026-10-01,314,TransporterAgent,Onitsha,0,0.0,0.0,,,,,,,,,,
2026-10-01,315,TransporterAgent,Onitsha,1,-200.0,-500.0,,,,,,,,,,
2026-10-01,316,TransporterAgent,Onitsha,2,100.0,150.0,,,,,,,,,,
2026-10-01,317,BankingAgent,Onitsha,2,-1.3250000000000006,-13.250000000000009,,,,,,,,,,
2026-10-01,318,BankingAgent,Onitsha,2,-1.3250000000000006,-13.250000000000007,,,,,,,,,,
2026-10-01,319,BankingAgent,Onitsha,1,-2.6500000000000012,-13.250000000000007,,,,,,,,,,
2026-10-01,321,TraderAgent,Port_Harcourt,0,5988.5029296875,9140.359375,545718.4375,Port_Harcourt,False,Onitsha,Onitsha,winning,False,1046.54,2.0,False
2026-10-01,322,TraderAgent,Port_Harcourt,4,-10.0,8915.4677734375,572008.0625,Port_Harcourt,False,Onitsha,Onitsha,winning,False,1043.94,2.0,False
2026-10-01,323,TraderAgent,Port_Harcourt,0,2852.314453125,5841.970703125,545330.0625,Port_Harcourt,False,,Port_Harcourt,winning,False,1210.4,2.0,False
2026-10-01,324,TraderAgent,Port_Harcourt,1,135.9198387053632,165.9198387053632,511581.625,Onitsha,True,Onitsha,Onitsha,losing,False,1279.87,0.0,True
2026-10-01,325,TraderAgent,Port_Harcourt,3,20.0,5881.08544921875,549626.8125,Port_Harcourt,False,Onitsha,Onitsha,winning,False,982.55,1.0,False
2026-10-01,326,TraderAgent,Port_Harcourt,2,-33.5225,-73.545,547490.4375,Port_Harcourt,False,,,losing,False,1279.87,0.0,False
2026-10-01,327,TraderAgent,Port_Harcourt,4,-10.0,3161.832275390625,541110.5625,Port_Harcourt,False,,Port_Harcourt,winning,False,1233.01,1.0,False
2026-10-01,328,TraderAgent,Port_Harcourt,1,135.9198387053632,3125.575927734375,554416.125,Onitsha,True,Onitsha,Onitsha,winning,False,1210.4,1.0,True
2026-10-01,329,TraderAgent,Port_Harcourt,0,5988.5029296875,11965.2890625,544179.8125,Port_Harcourt,False,Onitsha,Onitsha,winning,False,1046.54,2.0,False
2026-10-01,330,TraderAgent,Port_Harcourt,2,-33.5225,7771.6806640625,565526.9375,Port_Harcourt,False,Onitsha,Port_Harcourt,winning,False,1233.01,2.0,False
2026-10-01,331,TraderAgent,Port_Harcourt,4,-10.0,5797.41259765625,548308.125,Port_Harcourt,False,,Port_Harcourt,winning,False,1233.01,2.0,False
2026-10-01,332,TraderAgent,Port_Harcourt,2,-33.5225,2970.44970703125,495735.3125,Port_Harcourt,False,,Port_Harcourt,winning,False,1221.7,1.0,False
2026-10-01,333,TraderAgent,Port_Harcourt,4,-10.0,7795.203125,541399.5,Port_Harcourt,False,Onitsha,Port_Harcourt,winning,False,1233.01,2.0,False
2026-10-01,334,TraderAgent,Port_Harcourt,2,-33.5225,8891.9453125,559827.6875,Port_Harcourt,False,Onitsha,Onitsha,winning,False,1043.94,2.0,False
2026-10-01,335,TraderAgent,Port_Harcourt,2,-33.5225,-20.0225,525735.1875,Port_Harcourt,False,,,losing,False,1279.87,0.0,False
2026-10-01,336,TraderAgent,Port_Harcourt,1,135.9198387053632,6085.2314453125,549818.5,Onitsha,True,Onitsha,Onitsha,winning,False,1043.94,1.0,True
2026-10-01,337,TraderAgent,Port_Harcourt,3,20.0,3161.832275390625,550450.125,Port_Harcourt,False,,Port_Harcourt,winning,False,1171.36,1.0,False
2026-10-01,338,TraderAgent,Port_Harcourt,2,-33.5225,-20.0225,504431.8125,Port_Harcourt,False,,,losing,False,1279.87,0.0,False
2026-10-01,339,TraderAgent,Port_Harcourt,0,5988.5029296875,9178.1982421875,547630.4375,Port_Harcourt,False,Onitsha,Onitsha,winning,False,1046.54,2.0,False
2026-10-01,340,TraderAgent,Port_Harcourt,3,20.0,7825.203125,545131.0,Port_Harcourt,False,Onitsha,Port_Harcourt,winning,False,1171.36,2.0,False
2026-10-01,341,BuyerAgent,Port_Harcourt,2,0.0,332.906494140625,,,,,,,,,,
2026-10-01,342,BuyerAgent,Port_Harcourt,0,1522.1435546875,1855.050048828125,,,,,,,,,,
2026-10-01,343,BuyerAgent,Port_Harcourt,0,1522.1435546875,4818.603515625,,,,,,,,,,
2026-10-01,344,BuyerAgent,Port_Harcourt,2,0.0,332.906494140625,,,,,,,,,,
2026-10-01,345,BuyerAgent,Port_Harcourt,1,1522.1435546875,4818.603515625,,,,,,,,,,
2026-10-01,346,BuyerAgent,Port_Harcourt,2,0.0,3296.4599609375,,,,,,,,,,
2026-10-01,347,BuyerAgent,Port_Harcourt,0,702.872314453125,3618.065185546875,,,,,,,,,,
2026-10-01,348,BuyerAgent,Port_Harcourt,0,0.0,2915.19287109375,,,,,,,,,,
2026-10-01,349,BuyerAgent,Port_Harcourt,1,0.0,1807.7783203125,,,,,,,,,,
2026-10-01,350,BuyerAgent,Port_Harcourt,1,0.0,975.477294921875,,,,,,,,,,
2026-10-01,351,BuyerAgent,Port_Harcourt,0,0.0,347.98095703125,,,,,,,,,,
2026-10-01,352,BuyerAgent,Port_Harcourt,0,0.0,0.0,,,,,,,,,,
2026-10-01,353,BuyerAgent,Port_Harcourt,1,0.0,0.0,,,,,,,,,,
2026-10-01,354,BuyerAgent,Port_Harcourt,2,0.0,347.98095703125,,,,,,,,,,
2026-10-01,355,BuyerAgent,Port_Harcourt,1,0.0,0.0,,,,,,,,,,
2026-10-01,356,BuyerAgent,Port_Harcourt,0,0.0,0.0,,,,,,,,,,
2026-10-01,357,BuyerAgent,Port_Harcourt,0,0.0,0.0,,,,,,,,,,
2026-10-01,358,BuyerAgent,Port_Harcourt,2,0.0,0.0,,,,,,,,,,
2026-10-01,359,BuyerAgent,Port_Harcourt,2,0.0,0.0,,,,,,,,,,
2026-10-01,360,BuyerAgent,Port_Harcourt,0,0.0,0.0,,,,,,,,,,
2026-10-01,361,BuyerAgent,Port_Harcourt,1,0.0,0.0,,,,,,,,,,
2026-10-01,362,BuyerAgent,Port_Harcourt,0,0.0,0.0,,,,,,,,,,
2026-10-01,363,BuyerAgent,Port_Harcourt,0,0.0,0.0,,,,,,,,,,
2026-10-01,364,BuyerAgent,Port_Harcourt,0,0.0,0.0,,,,,,,,,,
2026-10-01,365,BuyerAgent,Port_Harcourt,0,0.0,0.0,,,,,,,,,,
2026-10-01,366,BuyerAgent,Port_Harcourt,2,0.0,0.0,,,,,,,,,,
2026-10-01,367,BuyerAgent,Port_Harcourt,0,0.0,0.0,,,,,,,,,,
2026-10-01,368,BuyerAgent,Port_Harcourt,0,0.0,0.0,,,,,,,,,,
2026-10-01,369,BuyerAgent,Port_Harcourt,2,0.0,0.0,,,,,,,,,,
2026-10-01,370,BuyerAgent,Port_Harcourt,1,0.0,0.0,,,,,,,,,,
2026-10-01,371,TransporterAgent,Port_Harcourt,1,-200.0,-300.0,,,,,,,,,,
2026-10-01,372,TransporterAgent,Port_Harcourt,3,50.0,0.0,,,,,,,,,,
2026-10-01,373,TransporterAgent,Port_Harcourt,2,100.0,0.0,,,,,,,,,,
2026-10-01,374,TransporterAgent,Port_Harcourt,0,0.0,100.0,,,,,,,,,,
2026-10-01,375,TransporterAgent,Port_Harcourt,3,50.0,-150.0,,,,,,,,,,
2026-10-01,376,TransporterAgent,Port_Harcourt,3,50.0,-150.0,,,,,,,,,,
2026-10-01,377,TransporterAgent,Port_Harcourt,0,0.0,-50.0,,,,,,,,,,
2026-10-01,378,TransporterAgent,Port_Harcourt,3,50.0,100.0,,,,,,,,,,
2026-10-01,379,TransporterAgent,Port_Harcourt,2,100.0,400.0,,,,,,,,,,
2026-10-01,380,TransporterAgent,Port_Harcourt,1,-200.0,-300.0,,,,,,,,,,
2026-10-01,381,BankingAgent,Port_Harcourt,1,-2.6500000000000012,-10.600000000000005,,,,,,,,,,
2026-10-01,382,BankingAgent,Port_Harcourt,2,-1.3250000000000006,-10.600000000000007,,,,,,,,,,
2026-10-01,383,BankingAgent,Port_Harcourt,1,-2.6500000000000012,-15.90000000000001,,,,,,,,,,
2026-11-01,1,TraderAgent,Abuja,2,-33.5225,228.9738079926971,464136.5625,Abuja,False,Onitsha,Onitsha,winning,False,285.0,2.0,False
2026-11-01,2,TraderAgent,Abuja,0,750.0,1012.496337890625,407296.4375,Abuja,False,Onitsha,Abuja,winning,False,285.0,3.0,False
2026-11-01,3,TraderAgent,Abuja,1,123.69730232723994,947.3204345703125,449320.25,Onitsha,True,Onitsha,Onitsha,winning,False,285.0,2.0,True
2026-11-01,4,TraderAgent,Abuja,0,750.0,923.8731689453125,451373.09375,Abuja,False,Onitsha,Abuja,winning,False,285.0,2.0,False
2026-11-01,5,TraderAgent,Abuja,3,20.0,282.4963079926971,457883.4375,Abuja,False,Onitsha,Onitsha,winning,False,270.75,2.0,False
2026-11-01,6,TraderAgent,Abuja,1,123.69730232723994,386.193610319937,428207.8125,Onitsha,True,Onitsha,Onitsha,winning,False,285.0,2.0,True
2026-11-01,7,TraderAgent,Abuja,0,637.5,1258.9775390625,402121.03125,Abuja,False,,Abuja,winning,False,262.5,2.0,False
2026-11-01,8,TraderAgent,Abuja,0,0.0,186.00991856443085,453343.09375,Abuja,False,Onitsha,Onitsha,winning,False,285.0,1.0,False
2026-11-01,9,TraderAgent,Abuja,3,20.0,891.297607421875,406568.25,Abuja,False,Onitsha,Abuja,winning,False,249.38,2.0,False
2026-11-01,10,TraderAgent,Abuja,4,-10.0,783.6231079101562,432047.75,Abuja,False,Onitsha,Onitsha,winning,False,285.0,2.0,False
2026-11-01,11,TraderAgent,Abuja,3,20.0,1490.9901123046875,482665.59375,Abuja,False,,Abuja,winning,False,249.38,2.0,False
2026-11-01,12,TraderAgent,Abuja,1,123.69730232723994,1422.6748046875,448871.28125,Onitsha,True,Onitsha,Onitsha,winning,False,262.5,2.0,True
2026-11-01,13,TraderAgent,Abuja,4,-10.0,1454.5126953125,495388.71875,Abuja,False,,Abuja,winning,False,262.5,2.0,False
2026-11-01,14,TraderAgent,Abuja,0,750.0,1613.9256591796875,472553.46875,Abuja,False,Onitsha,Abuja,winning,False,285.0,3.0,False
2026-11-01,15,TraderAgent,Abuja,1,123.69730232723994,2040.1748046875,464322.96875,Onitsha,True,Onitsha,Onitsha,winning,False,262.5,3.0,True
2026-11-01,16,TraderAgent,Abuja,1,123.69730232723994,805.1748046875,377969.53125,Onitsha,True,Onitsha,Onitsha,winning,False,262.5,1.0,True
2026-11-01,17,TraderAgent,Abuja,4,-10.0,725.0,444855.03125,Abuja,False,,Abuja,winning,False,262.5,1.0,False
2026-11-01,18,TraderAgent,Abuja,1,123.69730232723994,241.4723792009209,452329.125,Onitsha,True,Onitsha,Onitsha,winning,False,285.0,1.0,True
2026-11-01,19,TraderAgent,Abuja,1,123.69730232723994,758.6748046875,452690.71875,Onitsha,True,Onitsha,Onitsha,winning,False,262.5,1.0,True
2026-11-01,20,TraderAgent,Abuja,4,-10.0,863.6226806640625,478364.3125,Abuja,False,Onitsha,Onitsha,winning,False,285.0,2.0,False
2026-11-01,21,BuyerAgent,Abuja,0,112.5,385.42510986328125,,,,,,,,,,
2026-11-01,22,BuyerAgent,Abuja,2,0.0,225.0,,,,,,,,,,
2026-11-01,23,BuyerAgent,Abuja,0,0.0,269.737548828125,,,,,,,,,,
2026-11-01,24,BuyerAgent,Abuja,2,0.0,194.737548828125,,,,,,,,,,
2026-11-01,25,BuyerAgent,Abuja,0,0.0,75.0,,,,,,,,,,
2026-11-01,26,BuyerAgent,Abuja,2,0.0,160.42510986328125,,,,,,,,,,
2026-11-01,27,BuyerAgent,Abuja,0,0.0,0.0,,,,,,,,,,
2026-11-01,28,BuyerAgent,Abuja,2,0.0,75.0,,,,,,,,,,
2026-11-01,29,BuyerAgent,Abuja,1,0.0,0.0,,,,,,,,,,
2026-11-01,30,BuyerAgent,Abuja,0,0.0,75.0,,,,,,,,,,
2026-11-01,31,BuyerAgent,Abuja,2,0.0,0.0,,,,,,,,,,
2026-11-01,32,BuyerAgent,Abuja,2,0.0,0.0,,,,,,,,,,
2026-11-01,33,BuyerAgent,Abuja,2,0.0,0.0,,,,,,,,,,
2026-11-01,34,BuyerAgent,Abuja,0,0.0,0.0,,,,,,,,,,
2026-11-01,35,BuyerAgent,Abuja,0,0.0,0.0,,,,,,,,,,
2026-11-01,36,BuyerAgent,Abuja,1,0.0,0.0,,,,,,,,,,
2026-11-01,37,BuyerAgent,Abuja,1,0.0,0.0,,,,,,,,,,
2026-11-01,38,BuyerAgent,Abuja,0,0.0,0.0,,,,,,,,,,
2026-11-01,39,BuyerAgent,Abuja,1,0.0,0.0,,,,,,,,,,
2026-11-01,40,BuyerAgent,Abuja,0,0.0,0.0,,,,,,,,,,
2026-11-01,41,BuyerAgent,Abuja,1,0.0,0.0,,,,,,,,,,
2026-11-01,42,BuyerAgent,Abuja,0,0.0,0.0,,,,,,,,,,
2026-11-01,43,BuyerAgent,Abuja,2,0.0,0.0,,,,,,,,,,
2026-11-01,44,BuyerAgent,Abuja,2,0.0,0.0,,,,,,,,,,
2026-11-01,45,BuyerAgent,Abuja,2,0.0,0.0,,,,,,,,,,
2026-11-01,46,BuyerAgent,Abuja,0,0.0,0.0,,,,,,,,,,
2026-11-01,47,BuyerAgent,Abuja,1,0.0,0.0,,,,,,,,,,
2026-11-01,48,BuyerAgent,Abuja,0,0.0,0.0,,,,,,,,,,
2026-11-01,49,BuyerAgent,Abuja,0,0.0,0.0,,,,,,,,,,
2026-11-01,50,BuyerAgent,Abuja,0,0.0,0.0,,,,,,,,,,
2026-11-01,51,TransporterAgent,Abuja,0,5.049702691875027,10.302411054516938,,,,,,,,,,
2026-11-01,52,TransporterAgent,Abuja,2,100.0,5.252708362641897,,,,,,,,,,
2026-11-01,53,TransporterAgent,Abuja,3,50.0,-500.0,,,,,,,,,,
2026-11-01,54,TransporterAgent,Abuja,2,100.0,-244.76825639972049,,,,,,,,,,
2026-11-01,55,TransporterAgent,Abuja,2,100.0,10.629299999388877,,,,,,,,,,
2026-11-01,56,TransporterAgent,Abuja,0,5.049702691875027,-89.55274090901565,,,,,,,,,,
2026-11-01,57,TransporterAgent,Abuja,0,5.049702691875027,215.5341546547965,,,,,,,,,,
2026-11-01,58,TransporterAgent,Abuja,3,50.0,355.3975563991093,,,,,,,,,,
2026-11-01,59,TransporterAgent,Abuja,0,5.049702691875027,305.04970269187504,,,,,,,,,,
2026-11-01,60,TransporterAgent,Abuja,0,5.049702691875027,105.04970269187503,,,,,,,,,,
2026-11-01,61,BankingAgent,Abuja,2,-1.3250000000000006,-13.250000000000007,,,,,,,,,,
2026-11-01,62,BankingAgent,Abuja,2,-1.3250000000000006,-10.600000000000005,,,,,,,,,,
2026-11-01,63,BankingAgent,Abuja,1,-2.6500000000000012,-21.200000000000014,,,,,,,,,,
2026-11-01,65,TraderAgent,Bauchi,2,-26.5,630.8392333984375,479401.8125,Bauchi,False,Onitsha,Onitsha,winning,False,372.35,2.0,False
2026-11-01,66,TraderAgent,Bauchi,4,-10.0,80.73492070264135,312383.78125,Bauchi,False,Onitsha,Onitsha,losing,False,372.35,1.0,False
2026-11-01,67,TraderAgent,Bauchi,0,765.0564575195312,1572.01611328125,487478.90625,Bauchi,False,,Bauchi,winning,False,329.39,2.0,False
2026-11-01,68,TraderAgent,Bauchi,3,20.0,148.54770234571922,278593.40625,Bauchi,False,Onitsha,Onitsha,winning,False,353.73,1.0,False
2026-11-01,69,TraderAgent,Bauchi,4,-10.0,-36.5,249610.765625,Bauchi,False,,,losing,False,352.75,0.0,False
2026-11-01,70,TraderAgent,Bauchi,0,0.0,862.9437255859375,439216.125,Bauchi,False,Onitsha,Onitsha,winning,False,372.35,2.0,False
2026-11-01,71,TraderAgent,Bauchi,0,979.8751831054688,1249.1802978515625,359327.53125,Bauchi,False,Onitsha,Bauchi,winning,False,372.35,3.0,False
2026-11-01,72,TraderAgent,Bauchi,0,0.0,242.4139671636,300599.03125,Bauchi,False,Onitsha,Onitsha,winning,False,372.35,2.0,False
2026-11-01,73,TraderAgent,Bauchi,0,765.0564575195312,1913.822509765625,496908.53125,Bauchi,False,,Bauchi,winning,False,329.39,3.0,False
2026-11-01,74,TraderAgent,Bauchi,2,-26.5,1241.5087890625,269780.34375,Bauchi,False,,Bauchi,winning,False,329.39,2.0,False
2026-11-01,75,TraderAgent,Bauchi,1,133.92776684308427,853.0052490234375,501266.625,Onitsha,True,Onitsha,Onitsha,winning,False,315.82,1.0,True
2026-11-01,76,TraderAgent,Bauchi,4,-10.0,105.04770234571922,434312.28125,Bauchi,False,Onitsha,Onitsha,losing,False,372.35,1.0,False
2026-11-01,77,TraderAgent,Bauchi,0,765.0564575195312,2033.065185546875,409858.53125,Bauchi,False,,Bauchi,winning,False,329.39,3.0,False
2026-11-01,78,TraderAgent,Bauchi,2,-26.5,1553.7864990234375,489256.375,Bauchi,False,Onitsha,Bauchi,winning,False,329.39,3.0,False
2026-11-01,79,TraderAgent,Bauchi,0,979.8751831054688,1100.610107421875,473405.8125,Bauchi,False,Onitsha,Bauchi,winning,False,372.35,2.0,False
2026-11-01,80,TraderAgent,Bauchi,0,0.0,163.8662648178808,504923.4375,Bauchi,False,Onitsha,Onitsha,winning,False,372.35,1.0,False
2026-11-01,81,TraderAgent,Bauchi,3,20.0,289.30512304836054,303352.0625,Bauchi,False,Onitsha,Onitsha,winning,False,353.73,2.0,False
2026-11-01,82,TraderAgent,Bauchi,0,561.5438842773438,1117.8115234375,446083.46875,Bauchi,False,,Bauchi,winning,False,288.69,2.0,False
2026-11-01,83,TraderAgent,Bauchi,0,0.0,242.4139671636,492301.09375,Bauchi,False,Onitsha,Onitsha,winning,False,372.35,2.0,False
2026-11-01,84,TraderAgent,Bauchi,3,20.0,289.30512304836054,378460.09375,Bauchi,False,Onitsha,Onitsha,winning,False,353.73,2.0,False
2026-11-01,85,BuyerAgent,Bauchi,2,0.0,478.6311340332031,,,,,,,,,,
2026-11-01,86,BuyerAgent,Bauchi,2,0.0,481.6459655761719,,,,,,,,,,
2026-11-01,87,BuyerAgent,Bauchi,2,0.0,70.85235595703125,,,,,,,,,,
2026-11-01,88,BuyerAgent,Bauchi,0,418.331298828125,749.2274169921875,,,,,,,,,,
2026-11-01,89,BuyerAgent,Bauchi,0,214.8187255859375,365.5686950683594,,,,,,,,,,
2026-11-01,90,BuyerAgent,Bauchi,1,214.8187255859375,214.8187255859375,,,,,,,,,,
2026-11-01,91,BuyerAgent,Bauchi,1,214.8187255859375,214.8187255859375,,,,,,,,,,
2026-11-01,92,BuyerAgent,Bauchi,0,0.0,0.0,,,,,,,,,,
2026-11-01,93,BuyerAgent,Bauchi,1,0.0,0.0,,,,,,,,,,
2026-11-01,94,BuyerAgent,Bauchi,0,0.0,0.0,,,,,,,,,,
2026-11-01,95,BuyerAgent,Bauchi,0,0.0,0.0,,,,,,,,,,
2026-11-01,96,BuyerAgent,Bauchi,0,0.0,0.0,,,,,,,,,,
2026-11-01,97,BuyerAgent,Bauchi,2,0.0,0.0,,,,,,,,,,
2026-11-01,98,BuyerAgent,Bauchi,1,0.0,0.0,,,,,,,,,,
2026-11-01,99,BuyerAgent,Bauchi,0,0.0,0.0,,,,,,,,,,
2026-11-01,100,BuyerAgent,Bauchi,2,0.0,0.0,,,,,,,,,,
2026-11-01,101,BuyerAgent,Bauchi,2,0.0,0.0,,,,,,,,,,
2026-11-01,102,BuyerAgent,Bauchi,0,0.0,0.0,,,,,,,,,,
2026-11-01,103,BuyerAgent,Bauchi,0,0.0,0.0,,,,,,,,,,
2026-11-01,104,BuyerAgent,Bauchi,2,0.0,0.0,,,,,,,,,,
2026-11-01,105,BuyerAgent,Bauchi,2,0.0,0.0,,,,,,,,,,
2026-11-01,106,BuyerAgent,Bauchi,1,0.0,0.0,,,,,,,,,,
2026-11-01,107,BuyerAgent,Bauchi,1,0.0,0.0,,,,,,,,,,
2026-11-01,108,BuyerAgent,Bauchi,0,0.0,0.0,,,,,,,,,,
2026-11-01,109,BuyerAgent,Bauchi,1,0.0,0.0,,,,,,,,,,
2026-11-01,110,BuyerAgent,Bauchi,2,0.0,0.0,,,,,,,,,,
2026-11-01,111,BuyerAgent,Bauchi,1,0.0,0.0,,,,,,,,,,
2026-11-01,112,BuyerAgent,Bauchi,1,0.0,0.0,,,,,,,,,,
2026-11-01,113,BuyerAgent,Bauchi,2,0.0,0.0,,,,,,,,,,
2026-11-01,114,BuyerAgent,Bauchi,0,0.0,0.0,,,,,,,,,,
2026-11-01,115,TransporterAgent,Bauchi,2,100.0,0.0,,,,,,,,,,
2026-11-01,116,TransporterAgent,Bauchi,1,-200.0,-600.0,,,,,,,,,,
2026-11-01,117,TransporterAgent,Bauchi,2,100.0,100.0,,,,,,,,,,
2026-11-01,118,TransporterAgent,Bauchi,0,0.0,300.0,,,,,,,,,,
2026-11-01,119,TransporterAgent,Bauchi,0,0.0,-100.0,,,,,,,,,,
2026-11-01,120,TransporterAgent,Bauchi,2,100.0,-250.0,,,,,,,,,,
2026-11-01,121,TransporterAgent,Bauchi,2,100.0,100.0,,,,,,,,,,
2026-11-01,122,TransporterAgent,Bauchi,0,0.0,-200.0,,,,,,,,,,
2026-11-01,123,TransporterAgent,Bauchi,3,50.0,50.0,,,,,,,,,,
2026-11-01,124,TransporterAgent,Bauchi,1,-200.0,150.0,,,,,,,,,,
2026-11-01,125,BankingAgent,Bauchi,1,-2.6500000000000012,-21.200000000000014,,,,,,,,,,
2026-11-01,126,BankingAgent,Bauchi,1,-2.6500000000000012,-5.3000000000000025,,,,,,,,,,
2026-11-01,127,BankingAgent,Bauchi,0,-0.0,-13.250000000000007,,,,,,,,,,
2026-11-01,129,TraderAgent,Kano,3,20.0,1447.050048828125,433191.1875,Kano,False,,Kano,winning,False,358.03,2.0,False
2026-11-01,130,TraderAgent,Kano,2,-33.5225,1217.64794921875,437263.46875,Kano,False,Onitsha,Kano,winning,False,407.02,2.0,False
2026-11-01,131,TraderAgent,Kano,0,1205.999755859375,2073.5341796875,415076.5625,Kano,False,Onitsha,Kano,winning,False,458.28,3.0,False
2026-11-01,132,TraderAgent,Kano,1,123.81846061179722,259.48867065191985,430505.71875,Onitsha,True,Onitsha,Onitsha,winning,False,458.28,1.0,True
2026-11-01,133,TraderAgent,Kano,2,-33.5225,-13.5225,405958.8125,Kano,False,,,losing,False,434.16,0.0,False
2026-11-01,134,TraderAgent,Kano,0,1205.999755859375,2133.984130859375,382597.28125,Kano,False,Onitsha,Kano,winning,False,458.28,3.0,False
2026-11-01,135,TraderAgent,Kano,0,0.0,93.72166763634478,429179.3125,Kano,False,Onitsha,Onitsha,winning,False,458.28,1.0,False
2026-11-01,136,TraderAgent,Kano,3,20.0,2014.970458984375,450585.09375,Kano,False,Onitsha,Kano,winning,False,386.67,3.0,False
2026-11-01,137,TraderAgent,Kano,4,-10.0,831.4998168945312,428879.46875,Kano,False,,Kano,winning,False,391.95,1.0,False
2026-11-01,138,TraderAgent,Kano,2,-33.5225,794.0274658203125,450066.875,Kano,False,,Kano,winning,False,376.88,1.0,False
2026-11-01,139,TraderAgent,Kano,1,123.81846061179722,50.81846061179722,430815.8125,Onitsha,True,Onitsha,Onitsha,losing,False,434.16,0.0,True
2026-11-01,140,TraderAgent,Kano,0,0.0,887.3216552734375,433628.90625,Kano,False,Onitsha,Onitsha,winning,False,458.28,2.0,False
2026-11-01,141,TraderAgent,Kano,1,123.81846061179722,50.81846061179722,445996.28125,Onitsha,True,Onitsha,Onitsha,losing,False,434.16,0.0,True
2026-11-01,142,TraderAgent,Kano,3,20.0,137.43437081007067,462407.03125,Kano,False,Onitsha,Onitsha,winning,False,435.37,1.0,False
2026-11-01,143,TraderAgent,Kano,1,123.81846061179722,235.96617065191987,433019.46875,Onitsha,True,Onitsha,Onitsha,winning,False,458.28,1.0,True
2026-11-01,144,TraderAgent,Kano,0,0.0,2319.646484375,415475.40625,Kano,False,Onitsha,Onitsha,winning,False,458.28,4.0,False
2026-11-01,145,TraderAgent,Kano,0,1085.3997802734375,1105.3997802734375,406988.15625,Kano,False,,Kano,losing,False,434.16,1.0,False
2026-11-01,146,TraderAgent,Kano,0,874.3499755859375,1762.349853515625,430591.875,Kano,False,,Kano,winning,False,391.95,2.0,False
2026-11-01,147,TraderAgent,Kano,2,-33.5225,991.4276733398438,407895.625,Kano,False,,Kano,winning,False,407.02,1.0,False
2026-11-01,148,TraderAgent,Kano,1,123.81846061179722,1560.918212890625,450850.875,Onitsha,True,Onitsha,Onitsha,winning,False,391.95,2.0,True
2026-11-01,149,BuyerAgent,Kano,2,0.0,592.9501342773438,,,,,,,,,,
2026-11-01,150,BuyerAgent,Kano,2,0.0,306.5252685546875,,,,,,,,,,
2026-11-01,151,BuyerAgent,Kano,0,331.65008544921875,623.0999755859375,,,,,,,,,,
2026-11-01,152,BuyerAgent,Kano,0,120.60028076171875,552.750244140625,,,,,,,,,,
2026-11-01,153,BuyerAgent,Kano,1,0.00030517578125,381.90032958984375,,,,,,,,,,
2026-11-01,154,BuyerAgent,Kano,1,0.00030517578125,0.00030517578125,,,,,,,,,,
2026-11-01,155,BuyerAgent,Kano,0,0.00030517578125,80.400390625,,,,,,,,,,
2026-11-01,156,BuyerAgent,Kano,2,0.0,0.0,,,,,,,,,,
2026-11-01,157,BuyerAgent,Kano,2,0.0,0.0,,,,,,,,,,
2026-11-01,158,BuyerAgent,Kano,1,0.00030517578125,0.00030517578125,,,,,,,,,,
2026-11-01,159,BuyerAgent,Kano,1,0.00030517578125,0.00030517578125,,,,,,,,,,
2026-11-01,160,BuyerAgent,Kano,2,0.0,0.0,,,,,,,,,,
2026-11-01,161,BuyerAgent,Kano,1,0.0,0.0,,,,,,,,,,
2026-11-01,162,BuyerAgent,Kano,0,0.0,0.0,,,,,,,,,,
2026-11-01,163,BuyerAgent,Kano,2,0.0,0.0,,,,,,,,,,
2026-11-01,164,BuyerAgent,Kano,2,0.0,0.0,,,,,,,,,,
2026-11-01,165,BuyerAgent,Kano,2,0.0,0.0,,,,,,,,,,
2026-11-01,166,BuyerAgent,Kano,0,0.0,0.0,,,,,,,,,,
2026-11-01,167,BuyerAgent,Kano,1,0.0,0.0,,,,,,,,,,
2026-11-01,168,BuyerAgent,Kano,2,0.0,0.0,,,,,,,,,,
2026-11-01,169,BuyerAgent,Kano,2,0.0,0.0,,,,,,,,,,
2026-11-01,170,BuyerAgent,Kano,1,0.0,0.0,,,,,,,,,,
2026-11-01,171,BuyerAgent,Kano,0,0.0,0.0,,,,,,,,,,
2026-11-01,172,BuyerAgent,Kano,0,0.0,0.0,,,,,,,,,,
2026-11-01,173,BuyerAgent,Kano,0,0.0,0.0,,,,,,,,,,
2026-11-01,174,BuyerAgent,Kano,2,0.0,0.0,,,,,,,,,,
2026-11-01,175,BuyerAgent,Kano,2,0.0,0.0,,,,,,,,,,
2026-11-01,176,BuyerAgent,Kano,0,0.0,0.0,,,,,,,,,,
2026-11-01,177,BuyerAgent,Kano,2,0.0,0.0,,,,,,,,,,
2026-11-01,178,BuyerAgent,Kano,0,0.0,0.0,,,,,,,,,,
2026-11-01,179,TransporterAgent,Kano,0,0.0,50.0,,,,,,,,,,
2026-11-01,180,TransporterAgent,Kano,0,0.0,300.0,,,,,,,,,,
2026-11-01,181,TransporterAgent,Kano,3,50.0,-50.0,,,,,,,,,,
2026-11-01,182,TransporterAgent,Kano,0,0.0,-300.0,,,,,,,,,,
2026-11-01,183,TransporterAgent,Kano,3,50.0,300.0,,,,,,,,,,
2026-11-01,184,TransporterAgent,Kano,1,-200.0,100.0,,,,,,,,,,
2026-11-01,185,TransporterAgent,Kano,3,50.0,-100.0,,,,,,,,,,
2026-11-01,186,TransporterAgent,Kano,0,0.0,350.0,,,,,,,,,,
2026-11-01,187,TransporterAgent,Kano,2,100.0,-300.0,,,,,,,,,,
2026-11-01,188,TransporterAgent,Kano,0,0.0,-800.0,,,,,,,,,,
2026-11-01,189,BankingAgent,Kano,1,-2.6500000000000012,-15.90000000000001,,,,,,,,,,
2026-11-01,190,BankingAgent,Kano,1,-2.6500000000000012,-5.3000000000000025,,,,,,,,,,
2026-11-01,191,BankingAgent,Kano,1,-2.6500000000000012,-10.600000000000005,,,,,,,,,,
2026-11-01,193,TraderAgent,Lagos,3,20.0,-30.0225,503188.4375,Lagos,False,,,losing,False,1331.88,0.0,False
2026-11-01,194,TraderAgent,Lagos,2,-26.5,10285.0263671875,502735.25,Lagos,False,Onitsha,Lagos,winning,False,1325.34,3.0,False
2026-11-01,195,TraderAgent,Lagos,0,3121.781005859375,9092.685546875,509056.0,Lagos,False,,Lagos,winning,False,1325.34,3.0,False
2026-11-01,196,TraderAgent,Lagos,0,7042.16552734375,9794.7080078125,490347.03125,Lagos,False,Onitsha,Onitsha,winning,False,1114.23,2.0,False
2026-11-01,197,TraderAgent,Lagos,1,167.61156310752287,5145.9482421875,428568.4375,Onitsha,True,Onitsha,Onitsha,winning,False,1102.1,1.0,True
2026-11-01,198,TraderAgent,Lagos,0,7042.16552734375,7171.2822265625,489130.8125,Lagos,False,Onitsha,Onitsha,losing,False,1114.23,1.0,False
2026-11-01,199,TraderAgent,Lagos,4,-10.0,9005.00390625,503674.03125,Lagos,False,Onitsha,Onitsha,winning,False,1114.38,2.0,False
2026-11-01,200,TraderAgent,Lagos,4,-10.0,11459.9482421875,497379.09375,Lagos,False,Onitsha,Onitsha,winning,False,1114.38,2.0,False
2026-11-01,201,TraderAgent,Lagos,0,7042.16552734375,12273.17578125,497104.09375,Lagos,False,Onitsha,Onitsha,winning,False,1114.23,2.0,False
2026-11-01,202,TraderAgent,Lagos,0,7042.16552734375,9974.333984375,505776.40625,Lagos,False,Onitsha,Onitsha,winning,False,1114.23,2.0,False
2026-11-01,203,TraderAgent,Lagos,3,20.0,8292.7177734375,494853.75,Lagos,False,Onitsha,Onitsha,winning,False,1056.19,2.0,False
2026-11-01,204,TraderAgent,Lagos,0,7042.16552734375,12243.17578125,440182.15625,Lagos,False,Onitsha,Onitsha,winning,False,1114.23,2.0,False
2026-11-01,205,TraderAgent,Lagos,2,-26.5,8975.5146484375,479858.28125,Lagos,False,Onitsha,Onitsha,winning,False,1114.38,2.0,False
2026-11-01,206,TraderAgent,Lagos,1,167.61156310752287,6559.18896484375,477167.09375,Onitsha,True,Onitsha,Onitsha,winning,False,1114.38,1.0,True
2026-11-01,207,TraderAgent,Lagos,1,167.61156310752287,174.62281310752286,415658.75,Onitsha,True,Onitsha,Onitsha,losing,False,1401.97,0.0,True
2026-11-01,208,TraderAgent,Lagos,1,167.61156310752287,6589.18896484375,474595.75,Onitsha,True,Onitsha,Onitsha,winning,False,1114.38,1.0,True
2026-11-01,209,TraderAgent,Lagos,2,-26.5,8276.2177734375,501003.3125,Lagos,False,Onitsha,Onitsha,winning,False,1111.77,2.0,False
2026-11-01,210,TraderAgent,Lagos,1,167.61156310752287,104.60031310752288,484377.90625,Onitsha,True,Onitsha,Onitsha,losing,False,1401.97,0.0,True
2026-11-01,211,TraderAgent,Lagos,0,3504.9365234375,3428.42529296875,504452.09375,Lagos,False,,Lagos,losing,False,1401.97,1.0,False
2026-11-01,212,TraderAgent,Lagos,1,167.61156310752287,9408.740234375,482742.90625,Onitsha,True,Onitsha,Onitsha,winning,False,1114.38,2.0,True
2026-11-01,213,BuyerAgent,Lagos,1,1828.1396484375,4652.8818359375,,,,,,,,,,
2026-11-01,214,BuyerAgent,Lagos,1,1828.1396484375,6316.9814453125,,,,,,,,,,
2026-11-01,215,BuyerAgent,Lagos,2,0.0,3100.650634765625,,,,,,,,,,
2026-11-01,216,BuyerAgent,Lagos,0,1828.1396484375,4715.6943359375,,,,,,,,,,
2026-11-01,217,BuyerAgent,Lagos,1,1828.1396484375,5131.6796875,,,,,,,,,,
2026-11-01,218,BuyerAgent,Lagos,0,1828.1396484375,3718.3642578125,,,,,,,,,,
2026-11-01,219,BuyerAgent,Lagos,0,772.593994140625,3027.13134765625,,,,,,,,,,
2026-11-01,220,BuyerAgent,Lagos,1,389.4384765625,678.37646484375,,,,,,,,,,
2026-11-01,221,BuyerAgent,Lagos,1,0.0,1890.224609375,,,,,,,,,,
2026-11-01,222,BuyerAgent,Lagos,2,0.0,0.0,,,,,,,,,,
2026-11-01,223,BuyerAgent,Lagos,1,0.0,734.9072265625,,,,,,,,,,
2026-11-01,224,BuyerAgent,Lagos,1,0.0,0.0,,,,,,,,,,
2026-11-01,225,BuyerAgent,Lagos,2,0.0,0.0,,,,,,,,,,
2026-11-01,226,BuyerAgent,Lagos,2,0.0,0.0,,,,,,,,,,
2026-11-01,227,BuyerAgent,Lagos,2,0.0,0.0,,,,,,,,,,
2026-11-01,228,BuyerAgent,Lagos,1,0.0,0.0,,,,,,,,,,
2026-11-01,229,BuyerAgent,Lagos,2,0.0,0.0,,,,,,,,,,
2026-11-01,230,BuyerAgent,Lagos,2,0.0,0.0,,,,,,,,,,
2026-11-01,231,BuyerAgent,Lagos,2,0.0,0.0,,,,,,,,,,
2026-11-01,232,BuyerAgent,Lagos,2,0.0,0.0,,,,,,,,,,
2026-11-01,233,BuyerAgent,Lagos,1,0.0,0.0,,,,,,,,,,
2026-11-01,234,BuyerAgent,Lagos,0,0.0,0.0,,,,,,,,,,
2026-11-01,235,BuyerAgent,Lagos,1,0.0,0.0,,,,,,,,,,
2026-11-01,236,BuyerAgent,Lagos,1,0.0,0.0,,,,,,,,,,
2026-11-01,237,BuyerAgent,Lagos,1,0.0,0.0,,,,,,,,,,
2026-11-01,238,BuyerAgent,Lagos,2,0.0,0.0,,,,,,,,,,
2026-11-01,239,BuyerAgent,Lagos,0,0.0,0.0,,,,,,,,,,
2026-11-01,240,BuyerAgent,Lagos,0,0.0,0.0,,,,,,,,,,
2026-11-01,241,BuyerAgent,Lagos,1,0.0,0.0,,,,,,,,,,
2026-11-01,242,BuyerAgent,Lagos,1,0.0,0.0,,,,,,,,,,
2026-11-01,243,TransporterAgent,Lagos,1,-200.0,100.0,,,,,,,,,,
2026-11-01,244,TransporterAgent,Lagos,1,-200.0,-700.0,,,,,,,,,,
2026-11-01,245,TransporterAgent,Lagos,2,100.0,150.0,,,,,,,,,,
2026-11-01,246,TransporterAgent,Lagos,1,-200.0,57.64951852442249,,,,,,,,,,
2026-11-01,247,TransporterAgent,Lagos,1,-200.0,-35.12064014452875,,,,,,,,,,
2026-11-01,248,TransporterAgent,Lagos,3,50.0,-335.1206401445287,,,,,,,,,,
2026-11-01,249,TransporterAgent,Lagos,3,50.0,-335.5624110330069,,,,,,,,,,
2026-11-01,250,TransporterAgent,Lagos,2,100.0,-150.0,,,,,,,,,,
2026-11-01,251,TransporterAgent,Lagos,1,-200.0,100.0,,,,,,,,,,
2026-11-01,252,TransporterAgent,Lagos,0,6.8810808003081005,-78.68133023269884,,,,,,,,,,
2026-11-01,253,BankingAgent,Lagos,1,-2.6500000000000012,-15.90000000000001,,,,,,,,,,
2026-11-01,254,BankingAgent,Lagos,1,-2.6500000000000012,-18.55000000000001,,,,,,,,,,
2026-11-01,255,BankingAgent,Lagos,0,-0.0,-13.250000000000007,,,,,,,,,,
2026-11-01,257,TraderAgent,Onitsha,0,1901.455078125,4242.70751953125,481978.90625,Onitsha,False,Port_Harcourt,Onitsha,winning,False,784.67,3.0,False
2026-11-01,258,TraderAgent,Onitsha,0,2021.915283203125,2001.892822265625,490827.625,Onitsha,False,,Onitsha,losing,False,808.77,1.0,False
2026-11-01,259,TraderAgent,Onitsha,0,2246.572265625,2395.615234375,460534.90625,Onitsha,False,Port_Harcourt,Onitsha,winning,False,853.7,2.0,False
2026-11-01,260,TraderAgent,Onitsha,3,20.0,115.5205086468556,454823.375,Onitsha,False,Port_Harcourt,Port_Harcourt,winning,False,811.01,1.0,False
2026-11-01,261,TraderAgent,Onitsha,4,-10.0,2033.0316162109375,505486.84375,Onitsha,False,,Onitsha,winning,False,784.82,1.0,False
2026-11-01,262,TraderAgent,Onitsha,0,0.0,69.84832506341039,464243.53125,Onitsha,False,Port_Harcourt,Port_Harcourt,losing,False,853.7,1.0,False
2026-11-01,263,TraderAgent,Onitsha,3,20.0,1970.8956298828125,454655.375,Onitsha,False,,Onitsha,winning,False,743.1,1.0,False
2026-11-01,264,TraderAgent,Onitsha,4,-10.0,5622.07666015625,487367.09375,Onitsha,False,,Onitsha,winning,False,784.82,3.0,False
2026-11-01,265,TraderAgent,Onitsha,0,1902.1826171875,4266.07568359375,490337.125,Onitsha,False,Port_Harcourt,Onitsha,winning,False,784.82,3.0,False
2026-11-01,266,TraderAgent,Onitsha,0,1840.792236328125,3786.63330078125,510886.90625,Onitsha,False,,Onitsha,winning,False,772.54,2.0,False
2026-11-01,267,TraderAgent,Onitsha,3,20.0,-26.511250000000004,496015.625,Onitsha,False,,,losing,False,768.33,0.0,False
2026-11-01,268,TraderAgent,Onitsha,2,-33.5225,115.5205086468556,477888.1875,Onitsha,False,Port_Harcourt,Port_Harcourt,winning,False,853.7,1.0,False
2026-11-01,269,TraderAgent,Onitsha,3,20.0,167.1917752571621,474825.125,Onitsha,False,Port_Harcourt,Port_Harcourt,winning,False,811.01,1.0,False
2026-11-01,270,TraderAgent,Onitsha,2,-33.5225,243.27725433940802,426284.09375,Onitsha,False,Port_Harcourt,Port_Harcourt,winning,False,853.7,2.0,False
2026-11-01,271,TraderAgent,Onitsha,0,0.0,2162.90234375,491208.25,Onitsha,False,Port_Harcourt,Port_Harcourt,winning,False,853.7,2.0,False
2026-11-01,272,TraderAgent,Onitsha,1,139.97218022246406,257.16395547962617,456626.15625,Port_Harcourt,True,Port_Harcourt,Port_Harcourt,winning,False,853.7,1.0,True
2026-11-01,273,TraderAgent,Onitsha,0,0.0,2130.766357421875,490812.875,Onitsha,False,Port_Harcourt,Port_Harcourt,winning,False,853.7,2.0,False
2026-11-01,274,TraderAgent,Onitsha,0,1840.792236328125,3763.65576171875,473113.8125,Onitsha,False,,Onitsha,winning,False,772.54,2.0,False
2026-11-01,275,TraderAgent,Onitsha,3,20.0,2414.77490234375,442281.4375,Onitsha,False,Port_Harcourt,Onitsha,winning,False,745.44,2.0,False
2026-11-01,276,TraderAgent,Onitsha,1,139.97218022246406,129.97218022246406,416417.09375,Port_Harcourt,True,Port_Harcourt,Port_Harcourt,winning,False,808.77,0.0,True
2026-11-01,277,BuyerAgent,Onitsha,1,405.7806396484375,1135.574951171875,,,,,,,,,,
2026-11-01,278,BuyerAgent,Onitsha,2,0.0,439.1546630859375,,,,,,,,,,
2026-11-01,279,BuyerAgent,Onitsha,2,0.0,439.1546630859375,,,,,,,,,,
2026-11-01,280,BuyerAgent,Onitsha,0,405.7806396484375,621.2652587890625,,,,,,,,,,
2026-11-01,281,BuyerAgent,Onitsha,1,345.1177978515625,345.1177978515625,,,,,,,,,,
2026-11-01,282,BuyerAgent,Onitsha,1,344.3902587890625,344.3902587890625,,,,,,,,,,
2026-11-01,283,BuyerAgent,Onitsha,0,224.6575927734375,446.590576171875,,,,,,,,,,
2026-11-01,284,BuyerAgent,Onitsha,2,0.0,0.0,,,,,,,,,,
2026-11-01,285,BuyerAgent,Onitsha,0,0.0006103515625,221.93359375,,,,,,,,,,
2026-11-01,286,BuyerAgent,Onitsha,2,0.0,0.0006103515625,,,,,,,,,,
2026-11-01,287,BuyerAgent,Onitsha,0,0.0006103515625,0.001220703125,,,,,,,,,,
2026-11-01,288,BuyerAgent,Onitsha,2,0.0,0.0006103515625,,,,,,,,,,
2026-11-01,289,BuyerAgent,Onitsha,0,0.0006103515625,0.001220703125,,,,,,,,,,
2026-11-01,290,BuyerAgent,Onitsha,2,0.0,0.0,,,,,,,,,,
2026-11-01,291,BuyerAgent,Onitsha,1,0.0006103515625,0.001220703125,,,,,,,,,,
2026-11-01,292,BuyerAgent,Onitsha,2,0.0,0.0,,,,,,,,,,
2026-11-01,293,BuyerAgent,Onitsha,1,0.0,0.0006103515625,,,,,,,,,,
2026-11-01,294,BuyerAgent,Onitsha,2,0.0,0.0,,,,,,,,,,
2026-11-01,295,BuyerAgent,Onitsha,0,0.0,0.0,,,,,,,,,,
2026-11-01,296,BuyerAgent,Onitsha,2,0.0,0.0,,,,,,,,,,
2026-11-01,297,BuyerAgent,Onitsha,2,0.0,0.0,,,,,,,,,,
2026-11-01,298,BuyerAgent,Onitsha,2,0.0,0.0,,,,,,,,,,
2026-11-01,299,BuyerAgent,Onitsha,2,0.0,0.0,,,,,,,,,,
2026-11-01,300,BuyerAgent,Onitsha,0,0.0,0.0,,,,,,,,,,
2026-11-01,301,BuyerAgent,Onitsha,2,0.0,0.0,,,,,,,,,,
2026-11-01,302,BuyerAgent,Onitsha,2,0.0,0.0,,,,,,,,,,
2026-11-01,303,BuyerAgent,Onitsha,1,0.0,0.0,,,,,,,,,,
2026-11-01,304,BuyerAgent,Onitsha,0,0.0,0.0,,,,,,,,,,
2026-11-01,305,BuyerAgent,Onitsha,0,0.0,0.0,,,,,,,,,,
2026-11-01,306,BuyerAgent,Onitsha,0,0.0,0.0,,,,,,,,,,
2026-11-01,307,TransporterAgent,Onitsha,1,-200.0,-250.0,,,,,,,,,,
2026-11-01,308,TransporterAgent,Onitsha,2,100.0,50.0,,,,,,,,,,
2026-11-01,309,TransporterAgent,Onitsha,2,100.0,50.0,,,,,,,,,,
2026-11-01,310,TransporterAgent,Onitsha,0,0.0,150.0,,,,,,,,,,
2026-11-01,311,TransporterAgent,Onitsha,3,50.0,250.0,,,,,,,,,,
2026-11-01,312,TransporterAgent,Onitsha,1,-200.0,-350.0,,,,,,,,,,
2026-11-01,313,TransporterAgent,Onitsha,2,100.0,-250.0,,,,,,,,,,
2026-11-01,314,TransporterAgent,Onitsha,3,50.0,50.0,,,,,,,,,,
2026-11-01,315,TransporterAgent,Onitsha,0,0.0,-500.0,,,,,,,,,,
2026-11-01,316,TransporterAgent,Onitsha,3,50.0,200.0,,,,,,,,,,
2026-11-01,317,BankingAgent,Onitsha,1,-2.6500000000000012,-18.55000000000001,,,,,,,,,,
2026-11-01,318,BankingAgent,Onitsha,0,-0.0,-13.250000000000007,,,,,,,,,,
2026-11-01,319,BankingAgent,Onitsha,1,-2.6500000000000012,-18.55000000000001,,,,,,,,,,
2026-11-01,321,TraderAgent,Port_Harcourt,4,-10.0,9130.359375,545718.4375,Port_Harcourt,False,Onitsha,Onitsha,winning,False,1061.62,2.0,False
2026-11-01,322,TraderAgent,Port_Harcourt,2,-22.98875,8892.4794921875,571985.0625,Port_Harcourt,False,Onitsha,Onitsha,winning,False,1059.01,2.0,False
2026-11-01,323,TraderAgent,Port_Harcourt,4,-10.0,5831.970703125,545330.0625,Port_Harcourt,False,,Port_Harcourt,winning,False,1259.39,2.0,False
2026-11-01,324,TraderAgent,Port_Harcourt,0,6224.34814453125,6390.26806640625,524513.1875,Port_Harcourt,False,Onitsha,Onitsha,losing,False,1061.47,1.0,False
2026-11-01,325,TraderAgent,Port_Harcourt,4,-10.0,5871.08544921875,549626.8125,Port_Harcourt,False,Onitsha,Onitsha,winning,False,1049.34,1.0,False
2026-11-01,326,TraderAgent,Port_Harcourt,4,-10.0,-83.545,547490.4375,Port_Harcourt,False,,,losing,False,1307.0,0.0,False
2026-11-01,327,TraderAgent,Port_Harcourt,1,135.59138053674508,3297.423583984375,532003.125,Onitsha,True,Onitsha,Onitsha,winning,False,1248.08,1.0,True
2026-11-01,328,TraderAgent,Port_Harcourt,0,6224.34814453125,9349.923828125,567347.6875,Port_Harcourt,False,Onitsha,Onitsha,winning,False,1061.47,2.0,False
2026-11-01,329,TraderAgent,Port_Harcourt,2,-22.98875,11942.30078125,544156.8125,Port_Harcourt,False,Onitsha,Onitsha,winning,False,1061.62,2.0,False
2026-11-01,330,TraderAgent,Port_Harcourt,1,135.59138053674508,7907.27197265625,556419.5,Onitsha,True,Onitsha,Onitsha,winning,False,1248.08,2.0,True
2026-11-01,331,TraderAgent,Port_Harcourt,0,2972.9150390625,8770.328125,551258.0625,Port_Harcourt,False,,Port_Harcourt,winning,False,1248.08,3.0,False
2026-11-01,332,TraderAgent,Port_Harcourt,3,20.0,2990.44970703125,495735.3125,Port_Harcourt,False,,Port_Harcourt,winning,False,1174.94,1.0,False
2026-11-01,333,TraderAgent,Port_Harcourt,4,-10.0,7785.203125,541399.5,Port_Harcourt,False,Onitsha,Port_Harcourt,winning,False,1248.08,2.0,False
2026-11-01,334,TraderAgent,Port_Harcourt,1,135.59138053674508,9027.537109375,550720.25,Onitsha,True,Onitsha,Onitsha,winning,False,1059.01,2.0,True
2026-11-01,335,TraderAgent,Port_Harcourt,1,135.59138053674508,115.56888053674507,516627.75,Onitsha,True,Onitsha,Onitsha,losing,False,1307.0,0.0,True
2026-11-01,336,TraderAgent,Port_Harcourt,0,6224.34814453125,12309.580078125,562750.0625,Port_Harcourt,False,Onitsha,Onitsha,winning,False,1061.47,2.0,False
2026-11-01,337,TraderAgent,Port_Harcourt,2,-22.98875,3138.843505859375,550427.125,Port_Harcourt,False,,Port_Harcourt,winning,False,1248.08,1.0,False
2026-11-01,338,TraderAgent,Port_Harcourt,1,135.59138053674508,115.56888053674507,495324.375,Onitsha,True,Onitsha,Onitsha,losing,False,1307.0,0.0,True
2026-11-01,339,TraderAgent,Port_Harcourt,2,-22.98875,9155.2099609375,547607.4375,Port_Harcourt,False,Onitsha,Onitsha,winning,False,1061.62,2.0,False
2026-11-01,340,TraderAgent,Port_Harcourt,1,135.59138053674508,7960.79443359375,536023.5625,Onitsha,True,Onitsha,Onitsha,winning,False,1248.08,2.0,True
2026-11-01,341,BuyerAgent,Port_Harcourt,0,1590.706787109375,1923.61328125,,,,,,,,,,
2026-11-01,342,BuyerAgent,Port_Harcourt,0,1590.706787109375,3445.7568359375,,,,,,,,,,
2026-11-01,343,BuyerAgent,Port_Harcourt,0,1590.706787109375,6409.310546875,,,,,,,,,,
2026-11-01,344,BuyerAgent,Port_Harcourt,0,657.647705078125,990.55419921875,,,,,,,,,,
2026-11-01,345,BuyerAgent,Port_Harcourt,0,0.0,4818.603515625,,,,,,,,,,
2026-11-01,346,BuyerAgent,Port_Harcourt,1,0.0,3296.4599609375,,,,,,,,,,
2026-11-01,347,BuyerAgent,Port_Harcourt,2,0.0,3618.065185546875,,,,,,,,,,
2026-11-01,348,BuyerAgent,Port_Harcourt,0,0.0,2915.19287109375,,,,,,,,,,
2026-11-01,349,BuyerAgent,Port_Harcourt,0,0.0,1807.7783203125,,,,,,,,,,
2026-11-01,350,BuyerAgent,Port_Harcourt,2,0.0,975.477294921875,,,,,,,,,,
2026-11-01,351,BuyerAgent,Port_Harcourt,2,0.0,347.98095703125,,,,,,,,,,
2026-11-01,352,BuyerAgent,Port_Harcourt,1,0.0,0.0,,,,,,,,,,
2026-11-01,353,BuyerAgent,Port_Harcourt,0,0.0,0.0,,,,,,,,,,
2026-11-01,354,BuyerAgent,Port_Harcourt,0,0.0,347.98095703125,,,,,,,,,,
2026-11-01,355,BuyerAgent,Port_Harcourt,1,0.0,0.0,,,,,,,,,,
2026-11-01,356,BuyerAgent,Port_Harcourt,2,0.0,0.0,,,,,,,,,,
2026-11-01,357,BuyerAgent,Port_Harcourt,2,0.0,0.0,,,,,,,,,,
2026-11-01,358,BuyerAgent,Port_Harcourt,1,0.0,0.0,,,,,,,,,,
2026-11-01,359,BuyerAgent,Port_Harcourt,0,0.0,0.0,,,,,,,,,,
2026-11-01,360,BuyerAgent,Port_Harcourt,2,0.0,0.0,,,,,,,,,,
2026-11-01,361,BuyerAgent,Port_Harcourt,2,0.0,0.0,,,,,,,,,,
2026-11-01,362,BuyerAgent,Port_Harcourt,1,0.0,0.0,,,,,,,,,,
2026-11-01,363,BuyerAgent,Port_Harcourt,1,0.0,0.0,,,,,,,,,,
2026-11-01,364,BuyerAgent,Port_Harcourt,1,0.0,0.0,,,,,,,,,,
2026-11-01,365,BuyerAgent,Port_Harcourt,1,0.0,0.0,,,,,,,,,,
2026-11-01,366,BuyerAgent,Port_Harcourt,0,0.0,0.0,,,,,,,,,,
2026-11-01,367,BuyerAgent,Port_Harcourt,1,0.0,0.0,,,,,,,,,,
2026-11-01,368,BuyerAgent,Port_Harcourt,2,0.0,0.0,,,,,,,,,,
2026-11-01,369,BuyerAgent,Port_Harcourt,1,0.0,0.0,,,,,,,,,,
2026-11-01,370,BuyerAgent,Port_Harcourt,0,0.0,0.0,,,,,,,,,,
2026-11-01,371,TransporterAgent,Port_Harcourt,0,0.0,-300.0,,,,,,,,,,
2026-11-01,372,TransporterAgent,Port_Harcourt,2,100.0,100.0,,,,,,,,,,
2026-11-01,373,TransporterAgent,Port_Harcourt,2,100.0,100.0,,,,,,,,,,
2026-11-01,374,TransporterAgent,Port_Harcourt,3,50.0,150.0,,,,,,,,,,
2026-11-01,375,TransporterAgent,Port_Harcourt,2,100.0,-50.0,,,,,,,,,,
2026-11-01,376,TransporterAgent,Port_Harcourt,3,50.0,-100.0,,,,,,,,,,
2026-11-01,377,TransporterAgent,Port_Harcourt,0,0.0,-50.0,,,,,,,,,,
2026-11-01,378,TransporterAgent,Port_Harcourt,1,-200.0,-100.0,,,,,,,,,,
2026-11-01,379,TransporterAgent,Port_Harcourt,2,100.0,500.0,,,,,,,,,,
2026-11-01,380,TransporterAgent,Port_Harcourt,2,100.0,-200.0,,,,,,,,,,
2026-11-01,381,BankingAgent,Port_Harcourt,2,-1.3250000000000006,-13.250000000000007,,,,,,,,,,
2026-11-01,382,BankingAgent,Port_Harcourt,0,-0.0,-10.600000000000007,,,,,,,,,,
2026-11-01,383,BankingAgent,Port_Harcourt,2,-1.3250000000000006,-18.550000000000008,,,,,,,,,,
2026-12-01,1,TraderAgent,Abuja,1,121.05295403981793,350.026762032515,448780.53125,Onitsha,True,Onitsha,Onitsha,winning,False,285.0,2.0,True
2026-12-01,2,TraderAgent,Abuja,0,637.5,1649.996337890625,407907.4375,Abuja,False,Onitsha,Abuja,winning,False,262.5,4.0,False
2026-12-01,3,TraderAgent,Abuja,0,0.0,947.3204345703125,452320.25,Abuja,False,Onitsha,Onitsha,winning,False,285.0,3.0,False
2026-12-01,4,TraderAgent,Abuja,2,-26.5,897.3731689453125,451346.59375,Abuja,False,Onitsha,Abuja,winning,False,262.5,2.0,False
2026-12-01,5,TraderAgent,Abuja,4,-10.0,272.4963079926971,457883.4375,Abuja,False,Onitsha,Onitsha,winning,False,285.0,2.0,False
2026-12-01,6,TraderAgent,Abuja,0,0.0,386.193610319937,431207.8125,Abuja,False,Onitsha,Onitsha,winning,False,285.0,3.0,False
2026-12-01,7,TraderAgent,Abuja,0,637.5,1896.4775390625,402732.03125,Abuja,False,,Abuja,winning,False,262.5,3.0,False
2026-12-01,8,TraderAgent,Abuja,1,121.05295403981793,307.0628726042488,437987.09375,Onitsha,True,Onitsha,Onitsha,winning,False,285.0,1.0,True
2026-12-01,9,TraderAgent,Abuja,2,-26.5,864.797607421875,406541.75,Abuja,False,Onitsha,Abuja,winning,False,262.5,2.0,False
2026-12-01,10,TraderAgent,Abuja,0,750.0,1533.623046875,432771.25,Abuja,False,Onitsha,Abuja,winning,False,285.0,3.0,False
2026-12-01,11,TraderAgent,Abuja,3,20.0,1510.9901123046875,482665.59375,Abuja,False,,Abuja,winning,False,249.38,2.0,False
2026-12-01,12,TraderAgent,Abuja,0,0.0,1422.6748046875,451871.28125,Abuja,False,Onitsha,Onitsha,winning,False,285.0,3.0,False
2026-12-01,13,TraderAgent,Abuja,0,637.5,2092.0126953125,495999.71875,Abuja,False,,Abuja,winning,False,262.5,3.0,False
2026-12-01,14,TraderAgent,Abuja,4,-10.0,1603.9256591796875,472553.46875,Abuja,False,Onitsha,Abuja,winning,False,262.5,3.0,False
2026-12-01,15,TraderAgent,Abuja,0,0.0,2040.1748046875,467322.96875,Abuja,False,Onitsha,Onitsha,winning,False,285.0,4.0,False
2026-12-01,16,TraderAgent,Abuja,0,0.0,805.1748046875,380969.53125,Abuja,False,Onitsha,Onitsha,winning,False,285.0,2.0,False
2026-12-01,17,TraderAgent,Abuja,1,121.05295403981793,846.052978515625,429499.0,Onitsha,True,Onitsha,Onitsha,winning,False,262.5,1.0,True
2026-12-01,18,TraderAgent,Abuja,0,0.0,241.4723792009209,455329.125,Abuja,False,Onitsha,Onitsha,winning,False,285.0,2.0,False
2026-12-01,19,TraderAgent,Abuja,0,0.0,758.6748046875,455690.71875,Abuja,False,Onitsha,Onitsha,winning,False,285.0,2.0,False
2026-12-01,20,TraderAgent,Abuja,2,-26.5,837.1226806640625,478337.8125,Abuja,False,Onitsha,Onitsha,winning,False,285.0,2.0,False
2026-12-01,21,BuyerAgent,Abuja,0,112.5,497.92510986328125,,,,,,,,,,
2026-12-01,22,BuyerAgent,Abuja,1,112.5,337.5,,,,,,,,,,
2026-12-01,23,BuyerAgent,Abuja,2,0.0,269.737548828125,,,,,,,,,,
2026-12-01,24,BuyerAgent,Abuja,2,0.0,194.737548828125,,,,,,,,,,
2026-12-01,25,BuyerAgent,Abuja,0,112.5,187.5,,,,,,,,,,
2026-12-01,26,BuyerAgent,Abuja,2,0.0,160.42510986328125,,,,,,,,,,
2026-12-01,27,BuyerAgent,Abuja,0,0.0,0.0,,,,,,,,,,
2026-12-01,28,BuyerAgent,Abuja,0,0.0,75.0,,,,,,,,,,
2026-12-01,29,BuyerAgent,Abuja,2,0.0,0.0,,,,,,,,,,
2026-12-01,30,BuyerAgent,Abuja,1,0.0,75.0,,,,,,,,,,
2026-12-01,31,BuyerAgent,Abuja,1,0.0,0.0,,,,,,,,,,
2026-12-01,32,BuyerAgent,Abuja,0,0.0,0.0,,,,,,,,,,
2026-12-01,33,BuyerAgent,Abuja,1,0.0,0.0,,,,,,,,,,
2026-12-01,34,BuyerAgent,Abuja,2,0.0,0.0,,,,,,,,,,
2026-12-01,35,BuyerAgent,Abuja,0,0.0,0.0,,,,,,,,,,
2026-12-01,36,BuyerAgent,Abuja,0,0.0,0.0,,,,,,,,,,
2026-12-01,37,BuyerAgent,Abuja,2,0.0,0.0,,,,,,,,,,
2026-12-01,38,BuyerAgent,Abuja,0,0.0,0.0,,,,,,,,,,
2026-12-01,39,BuyerAgent,Abuja,1,0.0,0.0,,,,,,,,,,
2026-12-01,40,BuyerAgent,Abuja,0,0.0,0.0,,,,,,,,,,
2026-12-01,41,BuyerAgent,Abuja,2,0.0,0.0,,,,,,,,,,
2026-12-01,42,BuyerAgent,Abuja,0,0.0,0.0,,,,,,,,,,
2026-12-01,43,BuyerAgent,Abuja,2,0.0,0.0,,,,,,,,,,
2026-12-01,44,BuyerAgent,Abuja,0,0.0,0.0,,,,,,,,,,
2026-12-01,45,BuyerAgent,Abuja,0,0.0,0.0,,,,,,,,,,
2026-12-01,46,BuyerAgent,Abuja,1,0.0,0.0,,,,,,,,,,
2026-12-01,47,BuyerAgent,Abuja,0,0.0,0.0,,,,,,,,,,
2026-12-01,48,BuyerAgent,Abuja,1,0.0,0.0,,,,,,,,,,
2026-12-01,49,BuyerAgent,Abuja,1,0.0,0.0,,,,,,,,,,
2026-12-01,50,BuyerAgent,Abuja,2,0.0,0.0,,,,,,,,,,
2026-12-01,51,TransporterAgent,Abuja,3,50.0,60.30241105451694,,,,,,,,,,
2026-12-01,52,TransporterAgent,Abuja,3,50.0,55.2527083626419,,,,,,,,,,
2026-12-01,53,TransporterAgent,Abuja,3,50.0,-450.0,,,,,,,,,,
2026-12-01,54,TransporterAgent,Abuja,0,4.976919194692023,-239.79133720502847,,,,,,,,,,
2026-12-01,55,TransporterAgent,Abuja,0,4.976919194692023,15.6062191940809,,,,,,,,,,
2026-12-01,56,TransporterAgent,Abuja,0,4.976919194692023,-84.57582171432364,,,,,,,,,,
2026-12-01,57,TransporterAgent,Abuja,2,100.0,315.5341546547965,,,,,,,,,,
2026-12-01,58,TransporterAgent,Abuja,1,-200.0,155.3975563991093,,,,,,,,,,
2026-12-01,59,TransporterAgent,Abuja,0,4.976919194692023,310.02662188656706,,,,,,,,,,
2026-12-01,60,TransporterAgent,Abuja,1,-200.0,-94.95029730812497,,,,,,,,,,
2026-12-01,61,BankingAgent,Abuja,0,-0.0,-13.250000000000007,,,,,,,,,,
2026-12-01,62,BankingAgent,Abuja,2,-1.3250000000000006,-13.250000000000007,,,,,,,,,,
2026-12-01,63,BankingAgent,Abuja,0,-0.0,-21.200000000000014,,,,,,,,,,
2026-12-01,65,TraderAgent,Bauchi,2,-33.5225,597.3167114257812,479368.25,Bauchi,False,Onitsha,Onitsha,winning,False,406.72,2.0,False
2026-12-01,66,TraderAgent,Bauchi,1,134.08515095724968,214.82007165989103,296911.46875,Onitsha,True,Onitsha,Onitsha,winning,False,406.72,1.0,True
2026-12-01,67,TraderAgent,Bauchi,2,-33.5225,1538.49365234375,487445.40625,Bauchi,False,,Bauchi,winning,False,361.05,2.0,False
2026-12-01,68,TraderAgent,Bauchi,2,-33.5225,115.02520234571921,278559.875,Bauchi,False,Onitsha,Onitsha,losing,False,406.72,1.0,False
2026-12-01,69,TraderAgent,Bauchi,2,-33.5225,-70.02250000000001,249577.234375,Bauchi,False,,,losing,False,385.32,0.0,False
2026-12-01,70,TraderAgent,Bauchi,4,-10.0,852.9437255859375,439216.125,Bauchi,False,Onitsha,Onitsha,winning,False,406.72,2.0,False
2026-12-01,71,TraderAgent,Bauchi,1,134.08515095724968,1383.265380859375,343855.1875,Onitsha,True,Onitsha,Onitsha,winning,False,361.05,3.0,True
2026-12-01,72,TraderAgent,Bauchi,3,20.0,262.4139671636,300599.03125,Bauchi,False,Onitsha,Onitsha,winning,False,386.39,2.0,False
2026-12-01,73,TraderAgent,Bauchi,1,134.08515095724968,2047.90771484375,481436.1875,Onitsha,True,Onitsha,Onitsha,winning,False,361.05,3.0,True
2026-12-01,74,TraderAgent,Bauchi,3,20.0,1261.5087890625,269780.34375,Bauchi,False,,Bauchi,winning,False,330.1,2.0,False
2026-12-01,75,TraderAgent,Bauchi,0,0.0,853.0052490234375,505547.90625,Bauchi,False,Onitsha,Onitsha,winning,False,406.72,2.0,False
2026-12-01,76,TraderAgent,Bauchi,2,-33.5225,71.52520234571921,434278.75,Bauchi,False,Onitsha,Onitsha,losing,False,406.72,1.0,False
2026-12-01,77,TraderAgent,Bauchi,4,-10.0,2023.065185546875,409858.53125,Bauchi,False,,Bauchi,winning,False,361.05,3.0,False
2026-12-01,78,TraderAgent,Bauchi,0,774.1012573242188,2327.8876953125,489996.90625,Bauchi,False,Onitsha,Bauchi,winning,False,347.48,4.0,False
2026-12-01,79,TraderAgent,Bauchi,1,134.08515095724968,1234.6953125,457933.46875,Onitsha,True,Onitsha,Onitsha,winning,False,361.05,2.0,True
2026-12-01,80,TraderAgent,Bauchi,3,20.0,183.8662648178808,504923.4375,Bauchi,False,Onitsha,Onitsha,winning,False,386.39,1.0,False
2026-12-01,81,TraderAgent,Bauchi,2,-33.5225,255.78262304836053,303318.53125,Bauchi,False,Onitsha,Onitsha,winning,False,406.72,2.0,False
2026-12-01,82,TraderAgent,Bauchi,4,-10.0,1107.8115234375,446083.46875,Bauchi,False,,Bauchi,winning,False,361.05,2.0,False
2026-12-01,83,TraderAgent,Bauchi,0,1070.324951171875,1312.7388916015625,493337.875,Bauchi,False,Onitsha,Bauchi,winning,False,406.72,3.0,False
2026-12-01,84,TraderAgent,Bauchi,1,134.08515095724968,423.3902740056102,362987.8125,Onitsha,True,Onitsha,Onitsha,winning,False,406.72,2.0,True
2026-12-01,85,BuyerAgent,Bauchi,1,296.2237548828125,774.8548583984375,,,,,,,,,,
2026-12-01,86,BuyerAgent,Bauchi,1,0.0,481.6459655761719,,,,,,,,,,
2026-12-01,87,BuyerAgent,Bauchi,1,0.0,70.85235595703125,,,,,,,,,,
2026-12-01,88,BuyerAgent,Bauchi,2,0.0,749.2274169921875,,,,,,,,,,
2026-12-01,89,BuyerAgent,Bauchi,2,0.0,365.5686950683594,,,,,,,,,,
2026-12-01,90,BuyerAgent,Bauchi,1,0.0,214.8187255859375,,,,,,,,,,
2026-12-01,91,BuyerAgent,Bauchi,2,0.0,214.8187255859375,,,,,,,,,,
2026-12-01,92,BuyerAgent,Bauchi,2,0.0,0.0,,,,,,,,,,
2026-12-01,93,BuyerAgent,Bauchi,0,0.0,0.0,,,,,,,,,,
2026-12-01,94,BuyerAgent,Bauchi,0,0.0,0.0,,,,,,,,,,
2026-12-01,95,BuyerAgent,Bauchi,2,0.0,0.0,,,,,,,,,,
2026-12-01,96,BuyerAgent,Bauchi,0,0.0,0.0,,,,,,,,,,
2026-12-01,97,BuyerAgent,Bauchi,0,0.0,0.0,,,,,,,,,,
2026-12-01,98,BuyerAgent,Bauchi,1,0.0,0.0,,,,,,,,,,
2026-12-01,99,BuyerAgent,Bauchi,2,0.0,0.0,,,,,,,,,,
2026-12-01,100,BuyerAgent,Bauchi,1,0.0,0.0,,,,,,,,,,
2026-12-01,101,BuyerAgent,Bauchi,2,0.0,0.0,,,,,,,,,,
2026-12-01,102,BuyerAgent,Bauchi,2,0.0,0.0,,,,,,,,,,
2026-12-01,103,BuyerAgent,Bauchi,0,0.0,0.0,,,,,,,,,,
2026-12-01,104,BuyerAgent,Bauchi,0,0.0,0.0,,,,,,,,,,
2026-12-01,105,BuyerAgent,Bauchi,1,0.0,0.0,,,,,,,,,,
2026-12-01,106,BuyerAgent,Bauchi,2,0.0,0.0,,,,,,,,,,
2026-12-01,107,BuyerAgent,Bauchi,2,0.0,0.0,,,,,,,,,,
2026-12-01,108,BuyerAgent,Bauchi,0,0.0,0.0,,,,,,,,,,
2026-12-01,109,BuyerAgent,Bauchi,1,0.0,0.0,,,,,,,,,,
2026-12-01,110,BuyerAgent,Bauchi,2,0.0,0.0,,,,,,,,,,
2026-12-01,111,BuyerAgent,Bauchi,0,0.0,0.0,,,,,,,,,,
2026-12-01,112,BuyerAgent,Bauchi,0,0.0,0.0,,,,,,,,,,
2026-12-01,113,BuyerAgent,Bauchi,0,0.0,0.0,,,,,,,,,,
2026-12-01,114,BuyerAgent,Bauchi,1,0.0,0.0,,,,,,,,,,
2026-12-01,115,TransporterAgent,Bauchi,3,50.0,50.0,,,,,,,,,,
2026-12-01,116,TransporterAgent,Bauchi,2,100.0,-500.0,,,,,,,,,,
2026-12-01,117,TransporterAgent,Bauchi,1,-200.0,-100.0,,,,,,,,,,
2026-12-01,118,TransporterAgent,Bauchi,2,100.0,400.0,,,,,,,,,,
2026-12-01,119,TransporterAgent,Bauchi,2,100.0,0.0,,,,,,,,,,
2026-12-01,120,TransporterAgent,Bauchi,0,0.0,-250.0,,,,,,,,,,
2026-12-01,121,TransporterAgent,Bauchi,0,0.0,100.0,,,,,,,,,,
2026-12-01,122,TransporterAgent,Bauchi,3,50.0,-150.0,,,,,,,,,,
2026-12-01,123,TransporterAgent,Bauchi,3,50.0,100.0,,,,,,,,,,
2026-12-01,124,TransporterAgent,Bauchi,2,100.0,250.0,,,,,,,,,,
2026-12-01,125,BankingAgent,Bauchi,1,-2.6500000000000012,-26.500000000000018,,,,,,,,,,
2026-12-01,126,BankingAgent,Bauchi,1,-2.6500000000000012,-10.600000000000005,,,,,,,,,,
2026-12-01,127,BankingAgent,Bauchi,1,-2.6500000000000012,-18.55000000000001,,,,,,,,,,
2026-12-01,129,TraderAgent,Kano,0,809.024658203125,2256.07470703125,433966.6875,Kano,False,,Kano,winning,False,396.97,3.0,False
2026-12-01,130,TraderAgent,Kano,2,-33.5225,1184.12548828125,437229.90625,Kano,False,Onitsha,Kano,winning,False,427.12,2.0,False
2026-12-01,131,TraderAgent,Kano,0,1035.1495361328125,3108.68359375,416078.1875,Kano,False,Onitsha,Kano,winning,False,442.2,4.0,False
2026-12-01,132,TraderAgent,Kano,0,0.0,259.48867065191985,435731.71875,Kano,False,Onitsha,Onitsha,winning,False,496.47,2.0,False
2026-12-01,133,TraderAgent,Kano,2,-33.5225,-47.045,405925.28125,Kano,False,,,losing,False,470.34,0.0,False
2026-12-01,134,TraderAgent,Kano,2,-33.5225,2100.461669921875,382563.75,Kano,False,Onitsha,Kano,winning,False,442.2,3.0,False
2026-12-01,135,TraderAgent,Kano,3,20.0,113.72166763634478,429179.3125,Kano,False,Onitsha,Onitsha,losing,False,471.65,1.0,False
2026-12-01,136,TraderAgent,Kano,2,-33.5225,1981.447998046875,450551.53125,Kano,False,Onitsha,Kano,winning,False,427.12,3.0,False
2026-12-01,137,TraderAgent,Kano,3,20.0,851.4998168945312,428879.46875,Kano,False,,Kano,winning,False,391.45,1.0,False
2026-12-01,138,TraderAgent,Kano,4,-10.0,784.0274658203125,450066.875,Kano,False,,Kano,winning,False,396.97,1.0,False
2026-12-01,139,TraderAgent,Kano,0,0.0,50.81846061179722,436041.8125,Kano,False,Onitsha,Onitsha,losing,False,496.47,1.0,False
2026-12-01,140,TraderAgent,Kano,0,1306.4996337890625,2193.8212890625,434901.875,Kano,False,Onitsha,Kano,winning,False,496.47,3.0,False
2026-12-01,141,TraderAgent,Kano,0,0.0,50.81846061179722,451222.28125,Kano,False,Onitsha,Onitsha,losing,False,496.47,1.0,False
2026-12-01,142,TraderAgent,Kano,0,1306.4996337890625,1443.9339599609375,463680.0,Kano,False,Onitsha,Kano,winning,False,496.47,2.0,False
2026-12-01,143,TraderAgent,Kano,0,0.0,235.96617065191987,438245.46875,Kano,False,Onitsha,Onitsha,winning,False,496.47,2.0,False
2026-12-01,144,TraderAgent,Kano,4,-10.0,2309.646484375,415475.40625,Kano,False,Onitsha,Onitsha,winning,False,496.47,4.0,False
2026-12-01,145,TraderAgent,Kano,3,20.0,1125.3997802734375,406988.15625,Kano,False,,Kano,winning,False,420.09,1.0,False
2026-12-01,146,TraderAgent,Kano,2,-33.5225,1728.827392578125,430558.375,Kano,False,,Kano,winning,False,442.2,2.0,False
2026-12-01,147,TraderAgent,Kano,4,-10.0,981.4276733398438,407895.625,Kano,False,,Kano,winning,False,427.12,1.0,False
2026-12-01,148,TraderAgent,Kano,0,0.0,1560.918212890625,456076.875,Kano,False,Onitsha,Onitsha,winning,False,496.47,3.0,False
2026-12-01,149,BuyerAgent,Kano,1,497.4749755859375,1090.425048828125,,,,,,,,,,
2026-12-01,150,BuyerAgent,Kano,0,271.35009765625,577.8753662109375,,,,,,,,,,
2026-12-01,151,BuyerAgent,Kano,1,0.0,623.0999755859375,,,,,,,,,,
2026-12-01,152,BuyerAgent,Kano,1,0.0,552.750244140625,,,,,,,,,,
2026-12-01,153,BuyerAgent,Kano,0,0.0,381.90032958984375,,,,,,,,,,
2026-12-01,154,BuyerAgent,Kano,0,0.0,0.00030517578125,,,,,,,,,,
2026-12-01,155,BuyerAgent,Kano,1,0.0,80.400390625,,,,,,,,,,
2026-12-01,156,BuyerAgent,Kano,0,0.0,0.0,,,,,,,,,,
2026-12-01,157,BuyerAgent,Kano,0,0.0,0.0,,,,,,,,,,
2026-12-01,158,BuyerAgent,Kano,0,0.0,0.00030517578125,,,,,,,,,,
2026-12-01,159,BuyerAgent,Kano,0,0.0,0.00030517578125,,,,,,,,,,
2026-12-01,160,BuyerAgent,Kano,0,0.0,0.0,,,,,,,,,,
2026-12-01,161,BuyerAgent,Kano,2,0.0,0.0,,,,,,,,,,
2026-12-01,162,BuyerAgent,Kano,0,0.0,0.0,,,,,,,,,,
2026-12-01,163,BuyerAgent,Kano,0,0.0,0.0,,,,,,,,,,
2026-12-01,164,BuyerAgent,Kano,1,0.0,0.0,,,,,,,,,,
2026-12-01,165,BuyerAgent,Kano,2,0.0,0.0,,,,,,,,,,
2026-12-01,166,BuyerAgent,Kano,2,0.0,0.0,,,,,,,,,,
2026-12-01,167,BuyerAgent,Kano,1,0.0,0.0,,,,,,,,,,
2026-12-01,168,BuyerAgent,Kano,1,0.0,0.0,,,,,,,,,,
2026-12-01,169,BuyerAgent,Kano,0,0.0,0.0,,,,,,,,,,
2026-12-01,170,BuyerAgent,Kano,1,0.0,0.0,,,,,,,,,,
2026-12-01,171,BuyerAgent,Kano,0,0.0,0.0,,,,,,,,,,
2026-12-01,172,BuyerAgent,Kano,2,0.0,0.0,,,,,,,,,,
2026-12-01,173,BuyerAgent,Kano,0,0.0,0.0,,,,,,,,,,
2026-12-01,174,BuyerAgent,Kano,2,0.0,0.0,,,,,,,,,,
2026-12-01,175,BuyerAgent,Kano,2,0.0,0.0,,,,,,,,,,
2026-12-01,176,BuyerAgent,Kano,0,0.0,0.0,,,,,,,,,,
2026-12-01,177,BuyerAgent,Kano,1,0.0,0.0,,,,,,,,,,
2026-12-01,178,BuyerAgent,Kano,0,0.0,0.0,,,,,,,,,,
2026-12-01,179,TransporterAgent,Kano,2,100.0,150.0,,,,,,,,,,
2026-12-01,180,TransporterAgent,Kano,1,-200.0,100.0,,,,,,,,,,
2026-12-01,181,TransporterAgent,Kano,1,-200.0,-250.0,,,,,,,,,,
2026-12-01,182,TransporterAgent,Kano,0,0.0,-300.0,,,,,,,,,,
2026-12-01,183,TransporterAgent,Kano,2,100.0,400.0,,,,,,,,,,
2026-12-01,184,TransporterAgent,Kano,0,0.0,100.0,,,,,,,,,,
2026-12-01,185,TransporterAgent,Kano,2,100.0,0.0,,,,,,,,,,
2026-12-01,186,TransporterAgent,Kano,0,0.0,350.0,,,,,,,,,,
2026-12-01,187,TransporterAgent,Kano,3,50.0,-250.0,,,,,,,,,,
2026-12-01,188,TransporterAgent,Kano,0,0.0,-800.0,,,,,,,,,,
2026-12-01,189,BankingAgent,Kano,1,-2.6500000000000012,-21.200000000000014,,,,,,,,,,
2026-12-01,190,BankingAgent,Kano,0,-0.0,-5.3000000000000025,,,,,,,,,,
2026-12-01,191,BankingAgent,Kano,1,-2.6500000000000012,-15.90000000000001,,,,,,,,,,
2026-12-01,193,TraderAgent,Lagos,1,169.38100213684072,139.3585021368407,489750.15625,Onitsha,True,Onitsha,Onitsha,losing,False,1492.42,0.0,True
2026-12-01,194,TraderAgent,Lagos,1,169.38100213684072,10454.4072265625,489296.96875,Onitsha,True,Onitsha,Onitsha,winning,False,1375.59,3.0,True
2026-12-01,195,TraderAgent,Lagos,4,-10.0,9082.685546875,509056.0,Lagos,False,,Lagos,winning,False,1413.28,3.0,False
2026-12-01,196,TraderAgent,Lagos,3,20.0,9814.7080078125,490347.03125,Lagos,False,Onitsha,Onitsha,winning,False,1106.26,2.0,False
2026-12-01,197,TraderAgent,Lagos,0,7796.646484375,12942.5947265625,443104.8125,Lagos,False,Onitsha,Onitsha,winning,False,1166.11,2.0,False
2026-12-01,198,TraderAgent,Lagos,3,20.0,7191.2822265625,489130.8125,Lagos,False,Onitsha,Onitsha,winning,False,1106.26,1.0,False
2026-12-01,199,TraderAgent,Lagos,2,-22.98875,8982.015625,503651.03125,Lagos,False,Onitsha,Onitsha,winning,False,1164.63,2.0,False
2026-12-01,200,TraderAgent,Lagos,3,20.0,11479.9482421875,497379.09375,Lagos,False,Onitsha,Onitsha,winning,False,1106.4,2.0,False
2026-12-01,201,TraderAgent,Lagos,4,-10.0,12263.17578125,497104.09375,Lagos,False,Onitsha,Onitsha,winning,False,1164.48,2.0,False
2026-12-01,202,TraderAgent,Lagos,3,20.0,9994.333984375,505776.40625,Lagos,False,Onitsha,Onitsha,winning,False,1106.26,2.0,False
2026-12-01,203,TraderAgent,Lagos,0,2079.058837890625,10371.7763671875,496909.8125,Lagos,False,Onitsha,Lagos,winning,False,1162.02,3.0,False
2026-12-01,204,TraderAgent,Lagos,1,169.38100213684072,12412.556640625,426743.875,Onitsha,True,Onitsha,Onitsha,winning,False,1164.48,2.0,True
2026-12-01,205,TraderAgent,Lagos,4,-10.0,8965.5146484375,479858.28125,Lagos,False,Onitsha,Onitsha,winning,False,1164.63,2.0,False
2026-12-01,206,TraderAgent,Lagos,0,7796.646484375,14355.8359375,491703.4375,Lagos,False,Onitsha,Onitsha,winning,False,1166.11,2.0,False
2026-12-01,207,TraderAgent,Lagos,0,7796.646484375,7971.26953125,430195.125,Lagos,False,Onitsha,Onitsha,losing,False,1166.11,1.0,False
2026-12-01,208,TraderAgent,Lagos,0,7796.646484375,14385.8359375,489132.125,Lagos,False,Onitsha,Onitsha,winning,False,1166.11,2.0,False
2026-12-01,209,TraderAgent,Lagos,3,20.0,8296.2177734375,501003.3125,Lagos,False,Onitsha,Onitsha,winning,False,1103.92,2.0,False
2026-12-01,210,TraderAgent,Lagos,0,7796.646484375,7901.24658203125,498914.3125,Lagos,False,Onitsha,Onitsha,losing,False,1166.11,1.0,False
2026-12-01,211,TraderAgent,Lagos,4,-10.0,3418.42529296875,504452.09375,Lagos,False,,Lagos,winning,False,1413.28,1.0,False
2026-12-01,212,TraderAgent,Lagos,0,7796.646484375,17205.38671875,497279.28125,Lagos,False,Onitsha,Onitsha,winning,False,1166.11,3.0,False
2026-12-01,213,BuyerAgent,Lagos,0,2066.566162109375,6719.4482421875,,,,,,,,,,
2026-12-01,214,BuyerAgent,Lagos,1,2046.1328125,8363.1142578125,,,,,,,,,,
2026-12-01,215,BuyerAgent,Lagos,2,0.0,3100.650634765625,,,,,,,,,,
2026-12-01,216,BuyerAgent,Lagos,1,2046.1328125,6761.8271484375,,,,,,,,,,
2026-12-01,217,BuyerAgent,Lagos,2,0.0,5131.6796875,,,,,,,,,,
2026-12-01,218,BuyerAgent,Lagos,0,2046.1328125,5764.4970703125,,,,,,,,,,
2026-12-01,219,BuyerAgent,Lagos,0,2046.1328125,5073.26416015625,,,,,,,,,,
2026-12-01,220,BuyerAgent,Lagos,1,2046.1328125,2724.50927734375,,,,,,,,,,
2026-12-01,221,BuyerAgent,Lagos,2,0.0,1890.224609375,,,,,,,,,,
2026-12-01,222,BuyerAgent,Lagos,1,2046.1328125,2046.1328125,,,,,,,,,,
2026-12-01,223,BuyerAgent,Lagos,1,0.0,734.9072265625,,,,,,,,,,
2026-12-01,224,BuyerAgent,Lagos,2,0.0,0.0,,,,,,,,,,
2026-12-01,225,BuyerAgent,Lagos,2,0.0,0.0,,,,,,,,,,
2026-12-01,226,BuyerAgent,Lagos,2,0.0,0.0,,,,,,,,,,
2026-12-01,227,BuyerAgent,Lagos,1,0.0,0.0,,,,,,,,,,
2026-12-01,228,BuyerAgent,Lagos,0,0.0,0.0,,,,,,,,,,
2026-12-01,229,BuyerAgent,Lagos,2,0.0,0.0,,,,,,,,,,
2026-12-01,230,BuyerAgent,Lagos,1,0.0,0.0,,,,,,,,,,
2026-12-01,231,BuyerAgent,Lagos,0,0.0,0.0,,,,,,,,,,
2026-12-01,232,BuyerAgent,Lagos,1,0.0,0.0,,,,,,,,,,
2026-12-01,233,BuyerAgent,Lagos,1,0.0,0.0,,,,,,,,,,
2026-12-01,234,BuyerAgent,Lagos,2,0.0,0.0,,,,,,,,,,
2026-12-01,235,BuyerAgent,Lagos,2,0.0,0.0,,,,,,,,,,
2026-12-01,236,BuyerAgent,Lagos,0,0.0,0.0,,,,,,,,,,
2026-12-01,237,BuyerAgent,Lagos,2,0.0,0.0,,,,,,,,,,
2026-12-01,238,BuyerAgent,Lagos,2,0.0,0.0,,,,,,,,,,
2026-12-01,239,BuyerAgent,Lagos,1,0.0,0.0,,,,,,,,,,
2026-12-01,240,BuyerAgent,Lagos,2,0.0,0.0,,,,,,,,,,
2026-12-01,241,BuyerAgent,Lagos,2,0.0,0.0,,,,,,,,,,
2026-12-01,242,BuyerAgent,Lagos,1,0.0,0.0,,,,,,,,,,
2026-12-01,243,TransporterAgent,Lagos,2,100.0,200.0,,,,,,,,,,
2026-12-01,244,TransporterAgent,Lagos,1,-200.0,-900.0,,,,,,,,,,
2026-12-01,245,TransporterAgent,Lagos,0,6.6662298681206815,156.6662298681207,,,,,,,,,,
2026-12-01,246,TransporterAgent,Lagos,2,100.0,157.6495185244225,,,,,,,,,,
2026-12-01,247,TransporterAgent,Lagos,2,100.0,64.87935985547125,,,,,,,,,,
2026-12-01,248,TransporterAgent,Lagos,2,100.0,-235.1206401445287,,,,,,,,,,
2026-12-01,249,TransporterAgent,Lagos,3,50.0,-285.5624110330069,,,,,,,,,,
2026-12-01,250,TransporterAgent,Lagos,3,50.0,-100.0,,,,,,,,,,
2026-12-01,251,TransporterAgent,Lagos,3,50.0,150.0,,,,,,,,,,
2026-12-01,252,TransporterAgent,Lagos,2,100.0,21.31866976730116,,,,,,,,,,
2026-12-01,253,BankingAgent,Lagos,0,-0.0,-15.90000000000001,,,,,,,,,,
2026-12-01,254,BankingAgent,Lagos,1,-2.6500000000000012,-23.850000000000016,,,,,,,,,,
2026-12-01,255,BankingAgent,Lagos,2,-1.3250000000000006,-15.90000000000001,,,,,,,,,,
2026-12-01,257,TraderAgent,Onitsha,3,20.0,4262.70751953125,481978.90625,Onitsha,False,Port_Harcourt,Onitsha,winning,False,746.33,3.0,False
2026-12-01,258,TraderAgent,Onitsha,0,1909.239501953125,3911.13232421875,492703.375,Onitsha,False,,Onitsha,winning,False,785.61,2.0,False
2026-12-01,259,TraderAgent,Onitsha,2,-33.5225,2362.0927734375,460501.375,Onitsha,False,Port_Harcourt,Onitsha,winning,False,785.61,2.0,False
2026-12-01,260,TraderAgent,Onitsha,3,20.0,135.5205086468556,454823.375,Onitsha,False,Port_Harcourt,Port_Harcourt,losing,False,809.76,1.0,False
2026-12-01,261,TraderAgent,Onitsha,1,140.11858130420578,2173.150146484375,492124.1875,Port_Harcourt,True,Port_Harcourt,Port_Harcourt,winning,False,784.12,1.0,True
2026-12-01,262,TraderAgent,Onitsha,0,2243.095703125,2312.944091796875,466453.09375,Onitsha,False,Port_Harcourt,Onitsha,losing,False,852.38,2.0,False
2026-12-01,263,TraderAgent,Onitsha,2,-33.5225,1937.3731689453125,454621.8125,Onitsha,False,,Onitsha,winning,False,781.52,1.0,False
2026-12-01,264,TraderAgent,Onitsha,4,-10.0,5612.07666015625,487367.09375,Onitsha,False,,Onitsha,winning,False,784.12,3.0,False
2026-12-01,265,TraderAgent,Onitsha,2,-33.5225,4232.55322265625,490303.59375,Onitsha,False,Port_Harcourt,Onitsha,winning,False,785.61,3.0,False
2026-12-01,266,TraderAgent,Onitsha,4,-10.0,3776.63330078125,510886.90625,Onitsha,False,,Onitsha,winning,False,785.61,2.0,False
2026-12-01,267,TraderAgent,Onitsha,1,140.11858130420578,113.60733130420577,482652.96875,Port_Harcourt,True,Port_Harcourt,Port_Harcourt,losing,False,807.51,0.0,True
2026-12-01,268,TraderAgent,Onitsha,2,-33.5225,81.9980086468556,477854.6875,Onitsha,False,Port_Harcourt,Port_Harcourt,losing,False,852.38,1.0,False
2026-12-01,269,TraderAgent,Onitsha,0,2243.095703125,2410.28759765625,477034.6875,Onitsha,False,Port_Harcourt,Onitsha,losing,False,852.38,2.0,False
2026-12-01,270,TraderAgent,Onitsha,2,-33.5225,209.754754339408,426250.53125,Onitsha,False,Port_Harcourt,Port_Harcourt,losing,False,852.38,2.0,False
2026-12-01,271,TraderAgent,Onitsha,0,2243.095703125,4405.998046875,493417.8125,Onitsha,False,Port_Harcourt,Onitsha,winning,False,852.38,3.0,False
2026-12-01,272,TraderAgent,Onitsha,0,0.0,257.16395547962617,465598.53125,Onitsha,False,Port_Harcourt,Port_Harcourt,losing,False,852.38,2.0,False
2026-12-01,273,TraderAgent,Onitsha,4,-10.0,2120.766357421875,490812.875,Onitsha,False,Port_Harcourt,Port_Harcourt,winning,False,852.38,2.0,False
2026-12-01,274,TraderAgent,Onitsha,3,20.0,3783.65576171875,473113.8125,Onitsha,False,,Onitsha,winning,False,746.33,2.0,False
2026-12-01,275,TraderAgent,Onitsha,1,140.11858130420578,2554.8935546875,428918.8125,Port_Harcourt,True,Port_Harcourt,Port_Harcourt,winning,False,783.98,2.0,True
2026-12-01,276,TraderAgent,Onitsha,0,0.0,129.97218022246406,425389.4375,Onitsha,False,Port_Harcourt,Port_Harcourt,losing,False,852.38,1.0,False
2026-12-01,277,BuyerAgent,Onitsha,0,333.8568115234375,1469.4317626953125,,,,,,,,,,
2026-12-01,278,BuyerAgent,Onitsha,1,0.0006103515625,439.1552734375,,,,,,,,,,
2026-12-01,279,BuyerAgent,Onitsha,1,0.0006103515625,439.1552734375,,,,,,,,,,
2026-12-01,280,BuyerAgent,Onitsha,2,0.0,621.2652587890625,,,,,,,,,,
2026-12-01,281,BuyerAgent,Onitsha,0,0.0006103515625,345.118408203125,,,,,,,,,,
2026-12-01,282,BuyerAgent,Onitsha,0,0.0006103515625,344.390869140625,,,,,,,,,,
2026-12-01,283,BuyerAgent,Onitsha,0,0.0006103515625,446.5911865234375,,,,,,,,,,
2026-12-01,284,BuyerAgent,Onitsha,1,0.0,0.0,,,,,,,,,,
2026-12-01,285,BuyerAgent,Onitsha,1,0.0,221.93359375,,,,,,,,,,
2026-12-01,286,BuyerAgent,Onitsha,2,0.0,0.0006103515625,,,,,,,,,,
2026-12-01,287,BuyerAgent,Onitsha,2,0.0,0.001220703125,,,,,,,,,,
2026-12-01,288,BuyerAgent,Onitsha,0,0.0,0.0006103515625,,,,,,,,,,
2026-12-01,289,BuyerAgent,Onitsha,1,0.0,0.001220703125,,,,,,,,,,
2026-12-01,290,BuyerAgent,Onitsha,2,0.0,0.0,,,,,,,,,,
2026-12-01,291,BuyerAgent,Onitsha,1,0.0,0.001220703125,,,,,,,,,,
2026-12-01,292,BuyerAgent,Onitsha,0,0.0,0.0,,,,,,,,,,
2026-12-01,293,BuyerAgent,Onitsha,2,0.0,0.0006103515625,,,,,,,,,,
2026-12-01,294,BuyerAgent,Onitsha,2,0.0,0.0,,,,,,,,,,
2026-12-01,295,BuyerAgent,Onitsha,2,0.0,0.0,,,,,,,,,,
2026-12-01,296,BuyerAgent,Onitsha,0,0.0,0.0,,,,,,,,,,
2026-12-01,297,BuyerAgent,Onitsha,2,0.0,0.0,,,,,,,,,,
2026-12-01,298,BuyerAgent,Onitsha,0,0.0,0.0,,,,,,,,,,
2026-12-01,299,BuyerAgent,Onitsha,0,0.0,0.0,,,,,,,,,,
2026-12-01,300,BuyerAgent,Onitsha,0,0.0,0.0,,,,,,,,,,
2026-12-01,301,BuyerAgent,Onitsha,2,0.0,0.0,,,,,,,,,,
2026-12-01,302,BuyerAgent,Onitsha,2,0.0,0.0,,,,,,,,,,
2026-12-01,303,BuyerAgent,Onitsha,2,0.0,0.0,,,,,,,,,,
2026-12-01,304,BuyerAgent,Onitsha,2,0.0,0.0,,,,,,,,,,
2026-12-01,305,BuyerAgent,Onitsha,0,0.0,0.0,,,,,,,,,,
2026-12-01,306,BuyerAgent,Onitsha,0,0.0,0.0,,,,,,,,,,
2026-12-01,307,TransporterAgent,Onitsha,2,100.0,-150.0,,,,,,,,,,
2026-12-01,308,TransporterAgent,Onitsha,3,50.0,100.0,,,,,,,,,,
2026-12-01,309,TransporterAgent,Onitsha,1,-200.0,-150.0,,,,,,,,,,
2026-12-01,310,TransporterAgent,Onitsha,1,-200.0,-50.0,,,,,,,,,,
2026-12-01,311,TransporterAgent,Onitsha,3,50.0,300.0,,,,,,,,,,
2026-12-01,312,TransporterAgent,Onitsha,0,0.0,-350.0,,,,,,,,,,
2026-12-01,313,TransporterAgent,Onitsha,3,50.0,-200.0,,,,,,,,,,
2026-12-01,314,TransporterAgent,Onitsha,3,50.0,100.0,,,,,,,,,,
2026-12-01,315,TransporterAgent,Onitsha,3,50.0,-450.0,,,,,,,,,,
2026-12-01,316,TransporterAgent,Onitsha,1,-200.0,0.0,,,,,,,,,,
2026-12-01,317,BankingAgent,Onitsha,2,-1.3250000000000006,-21.20000000000001,,,,,,,,,,
2026-12-01,318,BankingAgent,Onitsha,2,-1.3250000000000006,-15.90000000000001,,,,,,,,,,
2026-12-01,319,BankingAgent,Onitsha,1,-2.6500000000000012,-23.850000000000016,,,,,,,,,,
2026-12-01,321,TraderAgent,Port_Harcourt,2,-26.5,9103.859375,545691.9375,Port_Harcourt,False,Onitsha,Onitsha,winning,False,1076.69,2.0,False
2026-12-01,322,TraderAgent,Port_Harcourt,3,20.0,8912.4794921875,571985.0625,Port_Harcourt,False,Onitsha,Onitsha,winning,False,1020.38,2.0,False
2026-12-01,323,TraderAgent,Port_Harcourt,0,3036.983642578125,8868.9541015625,548340.5625,Port_Harcourt,False,,Port_Harcourt,winning,False,1274.47,3.0,False
2026-12-01,324,TraderAgent,Port_Harcourt,0,2047.392578125,8437.66015625,526534.0625,Port_Harcourt,False,Onitsha,Port_Harcourt,winning,False,1076.55,2.0,False
2026-12-01,325,TraderAgent,Port_Harcourt,2,-26.5,5844.58544921875,549600.3125,Port_Harcourt,False,Onitsha,Onitsha,winning,False,1064.41,1.0,False
2026-12-01,326,TraderAgent,Port_Harcourt,3,20.0,-63.545,547490.4375,Port_Harcourt,False,,,losing,False,1267.43,0.0,False
2026-12-01,327,TraderAgent,Port_Harcourt,0,6433.6142578125,9731.0380859375,545176.4375,Port_Harcourt,False,Onitsha,Onitsha,winning,False,1078.17,2.0,False
2026-12-01,328,TraderAgent,Port_Harcourt,0,2047.392578125,11397.31640625,569368.5625,Port_Harcourt,False,Onitsha,Port_Harcourt,winning,False,1076.55,3.0,False
2026-12-01,329,TraderAgent,Port_Harcourt,0,2048.118896484375,13990.419921875,546178.4375,Port_Harcourt,False,Onitsha,Port_Harcourt,winning,False,1076.69,3.0,False
2026-12-01,330,TraderAgent,Port_Harcourt,0,6433.6142578125,14340.88671875,569592.8125,Port_Harcourt,False,Onitsha,Onitsha,winning,False,1078.17,3.0,False
2026-12-01,331,TraderAgent,Port_Harcourt,3,20.0,8790.328125,551258.0625,Port_Harcourt,False,,Port_Harcourt,winning,False,1221.48,3.0,False
2026-12-01,332,TraderAgent,Port_Harcourt,0,2923.9208984375,5914.37060546875,498632.71875,Port_Harcourt,False,,Port_Harcourt,winning,False,1251.85,2.0,False
2026-12-01,333,TraderAgent,Port_Harcourt,4,-10.0,7775.203125,541399.5,Port_Harcourt,False,Onitsha,Port_Harcourt,winning,False,1263.16,2.0,False
2026-12-01,334,TraderAgent,Port_Harcourt,0,6433.6142578125,15461.1513671875,563893.5625,Port_Harcourt,False,Onitsha,Onitsha,winning,False,1078.17,3.0,False
2026-12-01,335,TraderAgent,Port_Harcourt,0,6433.6142578125,6549.18310546875,529801.0625,Port_Harcourt,False,Onitsha,Onitsha,losing,False,1078.17,1.0,False
2026-12-01,336,TraderAgent,Port_Harcourt,3,20.0,12329.580078125,562750.0625,Port_Harcourt,False,Onitsha,Onitsha,winning,False,1022.72,2.0,False
2026-12-01,337,TraderAgent,Port_Harcourt,3,20.0,3158.843505859375,550427.125,Port_Harcourt,False,,Port_Harcourt,winning,False,1200.0,1.0,False
2026-12-01,338,TraderAgent,Port_Harcourt,0,6433.6142578125,6549.18310546875,508497.71875,Port_Harcourt,False,Onitsha,Onitsha,losing,False,1078.17,1.0,False
2026-12-01,339,TraderAgent,Port_Harcourt,0,2048.118896484375,11203.3291015625,549629.0625,Port_Harcourt,False,Onitsha,Port_Harcourt,winning,False,1076.69,3.0,False
2026-12-01,340,TraderAgent,Port_Harcourt,0,6433.6142578125,14394.408203125,549196.875,Port_Harcourt,False,Onitsha,Onitsha,winning,False,1078.17,3.0,False
2026-12-01,341,BuyerAgent,Port_Harcourt,1,1658.544921875,3582.158203125,,,,,,,,,,
2026-12-01,342,BuyerAgent,Port_Harcourt,2,0.0,3445.7568359375,,,,,,,,,,
2026-12-01,343,BuyerAgent,Port_Harcourt,0,1658.544921875,8067.85546875,,,,,,,,,,
2026-12-01,344,BuyerAgent,Port_Harcourt,0,1657.818603515625,2648.372802734375,,,,,,,,,,
2026-12-01,345,BuyerAgent,Port_Harcourt,1,1657.818603515625,6476.421875,,,,,,,,,,
2026-12-01,346,BuyerAgent,Port_Harcourt,1,1650.4150390625,4946.875,,,,,,,,,,
2026-12-01,347,BuyerAgent,Port_Harcourt,0,1650.4150390625,5268.48046875,,,,,,,,,,
2026-12-01,348,BuyerAgent,Port_Harcourt,2,0.0,2915.19287109375,,,,,,,,,,
2026-12-01,349,BuyerAgent,Port_Harcourt,0,1650.4150390625,3458.193359375,,,,,,,,,,
2026-12-01,350,BuyerAgent,Port_Harcourt,2,0.0,975.477294921875,,,,,,,,,,
2026-12-01,351,BuyerAgent,Port_Harcourt,1,1650.4150390625,1998.39599609375,,,,,,,,,,
2026-12-01,352,BuyerAgent,Port_Harcourt,1,1650.4150390625,1650.4150390625,,,,,,,,,,
2026-12-01,353,BuyerAgent,Port_Harcourt,1,1650.4150390625,1650.4150390625,,,,,,,,,,
2026-12-01,354,BuyerAgent,Port_Harcourt,2,0.0,347.98095703125,,,,,,,,,,
2026-12-01,355,BuyerAgent,Port_Harcourt,0,782.0166015625,782.0166015625,,,,,,,,,,
2026-12-01,356,BuyerAgent,Port_Harcourt,2,0.0,0.0,,,,,,,,,,
2026-12-01,357,BuyerAgent,Port_Harcourt,1,668.953857421875,668.953857421875,,,,,,,,,,
2026-12-01,358,BuyerAgent,Port_Harcourt,0,0.0,0.0,,,,,,,,,,
2026-12-01,359,BuyerAgent,Port_Harcourt,1,0.0,0.0,,,,,,,,,,
2026-12-01,360,BuyerAgent,Port_Harcourt,0,0.0,0.0,,,,,,,,,,
2026-12-01,361,BuyerAgent,Port_Harcourt,1,0.0,0.0,,,,,,,,,,
2026-12-01,362,BuyerAgent,Port_Harcourt,0,0.0,0.0,,,,,,,,,,
2026-12-01,363,BuyerAgent,Port_Harcourt,1,0.0,0.0,,,,,,,,,,
2026-12-01,364,BuyerAgent,Port_Harcourt,1,0.0,0.0,,,,,,,,,,
2026-12-01,365,BuyerAgent,Port_Harcourt,2,0.0,0.0,,,,,,,,,,
2026-12-01,366,BuyerAgent,Port_Harcourt,1,0.0,0.0,,,,,,,,,,
2026-12-01,367,BuyerAgent,Port_Harcourt,2,0.0,0.0,,,,,,,,,,
2026-12-01,368,BuyerAgent,Port_Harcourt,2,0.0,0.0,,,,,,,,,,
2026-12-01,369,BuyerAgent,Port_Harcourt,2,0.0,0.0,,,,,,,,,,
2026-12-01,370,BuyerAgent,Port_Harcourt,1,0.0,0.0,,,,,,,,,,
2026-12-01,371,TransporterAgent,Port_Harcourt,0,0.0,-300.0,,,,,,,,,,
2026-12-01,372,TransporterAgent,Port_Harcourt,0,0.0,100.0,,,,,,,,,,
2026-12-01,373,TransporterAgent,Port_Harcourt,2,100.0,200.0,,,,,,,,,,
2026-12-01,374,TransporterAgent,Port_Harcourt,0,0.0,150.0,,,,,,,,,,
2026-12-01,375,TransporterAgent,Port_Harcourt,3,50.0,0.0,,,,,,,,,,
2026-12-01,376,TransporterAgent,Port_Harcourt,1,-200.0,-300.0,,,,,,,,,,
2026-12-01,377,TransporterAgent,Port_Harcourt,1,-200.0,-250.0,,,,,,,,,,
2026-12-01,378,TransporterAgent,Port_Harcourt,1,-200.0,-300.0,,,,,,,,,,
2026-12-01,379,TransporterAgent,Port_Harcourt,1,-200.0,300.0,,,,,,,,,,
2026-12-01,380,TransporterAgent,Port_Harcourt,0,0.0,-200.0,,,,,,,,,,
2026-12-01,381,BankingAgent,Port_Harcourt,0,-0.0,-13.250000000000007,,,,,,,,,,
2026-12-01,382,BankingAgent,Port_Harcourt,1,-2.6500000000000012,-15.90000000000001,,,,,,,,,,
2026-12-01,383,BankingAgent,Port_Harcourt,0,-0.0,-18.550000000000008,,,,,,,,,,
